id,titre,description,prix,surface,type_immeuble,type_immeuble_code,type_transaction,type_vendeur,location_id,thumbnail_url,image_urls,images_detailed,sources,contacts,nb_sources,nb_sources_with_urls,nb_contacts,nb_contacts_actifs,nb_ads_total,nb_ads_actifs,flags,first_seen_at,created_at,modified_at,price_dropped_at,page,scraped_at
1237896,Soliman plage vnt immeuble,"#soliman plage, vente dun immeuble 

dans un quartier résidentiel, près de la plage,  ketata immo  vous propose à la vente  un petit immeuble.

immeuble,  édifié sur un terrain de 400 m2, couvert 540 m2 (170*3)

composé de trois  appartements, en s+3, et un studio de 50 m2.

les compteurs steg, sonede indépendants.
 
avec l'appartement du rdc on a un garage en dalle, et une entrée de deux voitures.

 titre individuel.

prix global : 600.000 dt (+2 % frais agence)

pour tout renseignement veillez contacter, l'agence, notre  conseiller en  immobilier mr ketata chafik au  tel/ whatsapp : <a type=""phone"">+21656XXXXXX</a>",600000.0,540.0,Immeuble résidentiel,residentialBuilding,sale,agency,3620,55229/27614901_a68fafa54d4c2dd9.jpg,"[""https://server.bigdatis.com/api/properties/image/294894001"", ""https://server.bigdatis.com/api/properties/image/294894002"", ""https://server.bigdatis.com/api/properties/image/294894003"", ""https://server.bigdatis.com/api/properties/image/294894004"", ""https://server.bigdatis.com/api/properties/image/294894005""]","[{""url"": ""https://server.bigdatis.com/api/properties/image/294894001"", ""sourceId"": 1, ""adUrl"": ""http://www.tunisie-annonce.com/DetailsAnnonceImmobilier.asp?cod_ann=3420971""}, {""url"": ""https://server.bigdatis.com/api/properties/image/294894002"", ""sourceId"": 1, ""adUrl"": ""http://www.tunisie-annonce.com/DetailsAnnonceImmobilier.asp?cod_ann=3420971""}, {""url"": ""https://server.bigdatis.com/api/properties/image/294894003"", ""sourceId"": 1, ""adUrl"": ""http://www.tunisie-annonce.com/DetailsAnnonceImmobilier.asp?cod_ann=3420971""}, {""url"": ""https://server.bigdatis.com/api/properties/image/294894004"", ""sourceId"": 1, ""adUrl"": ""http://www.tunisie-annonce.com/DetailsAnnonceImmobilier.asp?cod_ann=3420971""}, {""url"": ""https://server.bigdatis.com/api/properties/image/294894005"", ""sourceId"": 1, ""adUrl"": ""http://www.tunisie-annonce.com/DetailsAnnonceImmobilier.asp?cod_ann=3420971""}]","[{""sourceId"": 1, ""url"": ""http://www.tunisie-annonce.com/DetailsAnnonceImmobilier.asp?cod_ann=3420971"", ""price"": 600000, ""sellerType"": ""agency"", ""lastModified"": ""2026-01-20 00:00:00""}]","[{""sellerType"": ""agency"", ""contactName"": null, ""active"": true}]",1,1,1,1,1,1,[],2025-08-22 09:30:33,2025-08-22 09:30:33,2026-01-20 00:00:00,2025-10-18 19:50:48,1,2026-02-07 13:24:46
1200092,Immeuble Mixte avec Fort Potentiel d’Investissement,"Immeuble polyvalent comprenant deux garages, 2 appartements S+2 au 1er étage et au rez-de-chaussée une maison tunisienne traditionnelle de 4 chambres. Idéal pour investissement ou habitation familiale.

Immeuble Mixte avec Fort Potentiel d’Investissement en Tunisie

Situé au cœur de la Tunisie, cet immeuble polyvalent offre un potentiel d'investissement exceptionnel pour les investisseurs avertis ou une opportunité unique pour les familles cherchant un espace de vie généreux. Avec un prix de vente compétitif de 400.000 TND, cette propriété s'avère être une affaire à ne pas manquer.

L'immeuble se compose de deux garages pratiques pour un stationnement sécurisé, ainsi que de deux appartements S+2 situés au 1er étage, parfaits pour générer des revenus locatifs réguliers ou pour accueillir des membres de la famille éloignés. Chaque appartement est conçu pour offrir un espace de vie confortable et fonctionnel.

Au rez-de-chaussée, une maison tunisienne traditionnelle de 4 chambres attend les amateurs d'architecture locale et les familles nombreuses. Cette maison bénéficie d'un charme authentique et d'une superficie généreuse, idéale pour créer des souvenirs inoubliables avec les proches.

Que vous soyez un investisseur à la recherche d'un placement rentable ou une famille cherchant un espace de vie harmonieux, cet immeuble mixte répond à vos besoins. Son emplacement en Tunisie offre un accès facilité à toutes les commodités et attractions locales, rendant la vie quotidienne pratique et agréable.

N'attendez plus pour saisir cette occasion de posséder un immeuble polyvalent qui combine à la fois le charme traditionnel et les avantages modernes. C'est l'endroit idéal pour créer des liens familiaux forts ou pour générer des revenus supplémentaires grâce à la location. Investissez dans votre avenir avec cet immeuble mixte à fort potentiel en Tunisie.",400000.0,396.0,Immeuble résidentiel,residentialBuilding,sale,private,2,https://www.bnb.tn/wp-content/uploads/2025/11/WhatsApp-Image-2025-11-17-at-19.19.08_1d1430e5-1024x768.jpg,"[""https://www.bnb.tn/wp-content/uploads/2025/11/WhatsApp-Image-2025-11-17-at-19.19.08_1d1430e5-1024x768.jpg"", ""https://www.bnb.tn/wp-content/uploads/2025/11/WhatsApp-Image-2025-11-17-at-19.19.08_f58a361c-768x1024.jpg"", ""https://www.bnb.tn/wp-content/uploads/2025/11/WhatsApp-Image-2025-11-17-at-19.19.08_ce847723-1024x768.jpg"", ""https://www.bnb.tn/wp-content/uploads/2025/11/WhatsApp-Image-2025-11-17-at-19.19.08_6fdc4814-1-1024x768.jpg"", ""https://www.bnb.tn/wp-content/uploads/2025/11/WhatsApp-Image-2025-11-17-at-19.19.07_6012a647-1024x768.jpg"", ""https://www.bnb.tn/wp-content/uploads/2025/11/WhatsApp-Image-2025-11-17-at-19.19.07_223400f3-768x1024.jpg"", ""https://www.bnb.tn/wp-content/uploads/2025/11/WhatsApp-Image-2025-11-17-at-19.19.08_70294ade-1024x768.jpg"", ""https://www.bnb.tn/wp-content/uploads/2025/11/WhatsApp-Image-2025-11-17-at-19.19.08_6bb30ae6-1024x768.jpg""]","[{""url"": ""https://www.bnb.tn/wp-content/uploads/2025/11/WhatsApp-Image-2025-11-17-at-19.19.08_1d1430e5-1024x768.jpg"", ""sourceId"": 8, ""adUrl"": ""https://www.bnb.tn/properties/immeuble-mixte-avec-fort-potentiel-dinvestissement/""}, {""url"": ""https://www.bnb.tn/wp-content/uploads/2025/11/WhatsApp-Image-2025-11-17-at-19.19.08_f58a361c-768x1024.jpg"", ""sourceId"": 8, ""adUrl"": ""https://www.bnb.tn/properties/immeuble-mixte-avec-fort-potentiel-dinvestissement/""}, {""url"": ""https://www.bnb.tn/wp-content/uploads/2025/11/WhatsApp-Image-2025-11-17-at-19.19.08_ce847723-1024x768.jpg"", ""sourceId"": 8, ""adUrl"": ""https://www.bnb.tn/properties/immeuble-mixte-avec-fort-potentiel-dinvestissement/""}, {""url"": ""https://www.bnb.tn/wp-content/uploads/2025/11/WhatsApp-Image-2025-11-17-at-19.19.08_6fdc4814-1-1024x768.jpg"", ""sourceId"": 8, ""adUrl"": ""https://www.bnb.tn/properties/immeuble-mixte-avec-fort-potentiel-dinvestissement/""}, {""url"": ""https://www.bnb.tn/wp-content/uploads/2025/11/WhatsApp-Image-2025-11-17-at-19.19.07_6012a647-1024x768.jpg"", ""sourceId"": 8, ""adUrl"": ""https://www.bnb.tn/properties/immeuble-mixte-avec-fort-potentiel-dinvestissement/""}, {""url"": ""https://www.bnb.tn/wp-content/uploads/2025/11/WhatsApp-Image-2025-11-17-at-19.19.07_223400f3-768x1024.jpg"", ""sourceId"": 8, ""adUrl"": ""https://www.bnb.tn/properties/immeuble-mixte-avec-fort-potentiel-dinvestissement/""}, {""url"": ""https://www.bnb.tn/wp-content/uploads/2025/11/WhatsApp-Image-2025-11-17-at-19.19.08_70294ade-1024x768.jpg"", ""sourceId"": 8, ""adUrl"": ""https://www.bnb.tn/properties/immeuble-mixte-avec-fort-potentiel-dinvestissement/""}, {""url"": ""https://www.bnb.tn/wp-content/uploads/2025/11/WhatsApp-Image-2025-11-17-at-19.19.08_6bb30ae6-1024x768.jpg"", ""sourceId"": 8, ""adUrl"": ""https://www.bnb.tn/properties/immeuble-mixte-avec-fort-potentiel-dinvestissement/""}]","[{""sourceId"": 8, ""url"": ""https://www.bnb.tn/properties/immeuble-mixte-avec-fort-potentiel-dinvestissement/"", ""price"": 400000, ""sellerType"": ""private"", ""lastModified"": ""2025-11-24 11:45:09""}]","[{""sellerType"": ""private"", ""contactName"": ""propriétaire"", ""active"": true}]",1,1,1,1,1,1,[],2025-11-24 11:45:18,2025-11-24 11:45:09,2025-11-24 11:45:09,2025-11-24 11:45:09,1,2026-02-07 13:24:48
22014,Immeuble à Sahloul 4,"Les bonnes affaires sont toujours chez nous 📣 Un immeuble à vendre très haute standing de 670 m² couvert à sahloul 4 Bati sur 4 niveaux:
🟠Sous-sol
Un dépôt + Studio
🟠Au RDC:
Un salon + (03) chambres à coucher , salle d’eau et cuisine.
🟠Au 1ére étage :
À l’étage supérieur, très bel agencement comprenant 03 chambres à coucher sur mesures et salles de bain privatives .
🟠Au 2éme étage :
Un salon + (03) chambres à coucher , salle d’eau et cuisine.
Villa bien sécurisée par un système d’alarme, ainsi elle est équipée du climatisation et chauffage centrale
Garage avec porte électrique
✅Prix de vente : 950.000dt

Immeuble à Sahloul 4 : Un Investissement Idéal pour les Familles et les Investisseurs

Situé dans le quartier dynamique de Sahloul, cet immeuble est un véritable joyau immobilier qui offre une opportunité unique d'investissement ou de résidence principale. Avec un prix de vente compétitif de 950 000 TND, ce bien immobilier présente une valeur inestimable pour les acheteurs qui cherchent un espace généreux et confortable.

Caractéristiques Clés :

Pourquoi Choisir cet Immeuble ?

Que vous soyez à la recherche d’une résidence principale spacieuse pour votre famille ou d’une opportunité d’investissement immobilier lucratif, cet immeuble à Sahloul 4 répond à vos besoins. N’hésitez pas à explorer cette opportunité unique qui combine espace, confort et potentiel financier.",950000.0,670.0,Immeuble résidentiel,residentialBuilding,sale,agency,5310,https://www.bnb.tn/wp-content/uploads/2023/02/IMG_1824-1024x768.jpg,"[""https://www.bnb.tn/wp-content/uploads/2023/02/IMG_1824-1024x768.jpg"", ""https://www.bnb.tn/wp-content/uploads/2023/02/IMG_1827-1024x768.jpg"", ""https://www.bnb.tn/wp-content/uploads/2023/02/IMG_1830-1024x768.jpg"", ""https://www.bnb.tn/wp-content/uploads/2023/02/IMG_1831-768x1024.jpg"", ""https://www.bnb.tn/wp-content/uploads/2023/02/IMG_1832-768x1024.jpg"", ""https://www.bnb.tn/wp-content/uploads/2023/02/IMG_1833-768x1024.jpg""]","[{""url"": ""https://www.bnb.tn/wp-content/uploads/2023/02/IMG_1824-1024x768.jpg"", ""sourceId"": 8, ""adUrl"": ""https://www.bnb.tn/properties/immeuble-a-sahloul-4/""}, {""url"": ""https://www.bnb.tn/wp-content/uploads/2023/02/IMG_1827-1024x768.jpg"", ""sourceId"": 8, ""adUrl"": ""https://www.bnb.tn/properties/immeuble-a-sahloul-4/""}, {""url"": ""https://www.bnb.tn/wp-content/uploads/2023/02/IMG_1830-1024x768.jpg"", ""sourceId"": 8, ""adUrl"": ""https://www.bnb.tn/properties/immeuble-a-sahloul-4/""}, {""url"": ""https://www.bnb.tn/wp-content/uploads/2023/02/IMG_1831-768x1024.jpg"", ""sourceId"": 8, ""adUrl"": ""https://www.bnb.tn/properties/immeuble-a-sahloul-4/""}, {""url"": ""https://www.bnb.tn/wp-content/uploads/2023/02/IMG_1832-768x1024.jpg"", ""sourceId"": 8, ""adUrl"": ""https://www.bnb.tn/properties/immeuble-a-sahloul-4/""}, {""url"": ""https://www.bnb.tn/wp-content/uploads/2023/02/IMG_1833-768x1024.jpg"", ""sourceId"": 8, ""adUrl"": ""https://www.bnb.tn/properties/immeuble-a-sahloul-4/""}]","[{""sourceId"": 8, ""url"": ""https://www.bnb.tn/properties/immeuble-a-sahloul-4/"", ""price"": 950000, ""sellerType"": ""agency"", ""lastModified"": ""2025-10-26 02:16:38""}]","[{""sellerType"": ""agency"", ""contactName"": ""immo internationale"", ""active"": true}]",1,1,1,1,1,1,[],2023-02-13 13:02:10,2023-02-13 13:02:10,2025-10-26 02:16:38,2023-02-13 13:02:10,1,2026-02-07 13:24:50
935004,Ensemble Immobilier à à Bab El Assal,"L’agence immobilière Good Life vous propose un ensemble immobilier R+2 à louer à Bab el Assel à proximité immédiate du métro.

Le bien d’une surface utile d’environ 250 m2 est réparti en 3 niveaux relié par un escalier intérieur et aménageable de différentes manières : foyers étudiants, cabinet médical, espace commercial, etc.

Colocation étudiant(e)s possible sous certaines conditions.

Rendez-vous de visite gratuite tous les jours sauf dimanche sur rdv uniquement.

Ensemble immobilier à Bab El Assal : Un Investissement de Rêve à Tunis

Situé dans le cœur de Tunis, à Bab El Assal, nous vous proposons un ensemble immobilier exceptionnel à vendre, idéal pour les investisseurs à la recherche d'un placement lucratif. Ce bien immobilier, d'une surface utile d'environ 250 m², est réparti sur trois niveaux reliés par un escalier intérieur, offrant une grande flexibilité dans son aménagement.

L'emplacement de ce bien est particulièrement avantageux, bénéficiant de la proximité immédiate du métro, ce qui facilite considérablement les déplacements. Que vous soyez un investisseur immobilier expérimenté ou un nouveau venu sur le marché, cet ensemble immobilier présente des opportunités d'optimisation variées. Il peut être transformé en foyers pour étudiants, en cabinet médical, en espace commercial, ou adapté à d'autres usages, selon vos besoins et vos ambitions.

Ce qui distingue réellement cet ensemble immobilier, c'est son excellent placement pour un investissement locatif à fort rendement. Les locataires apprécient la commodité et la sécurité que procure un tel emplacement, ce qui garantit une occupation régulière et des revenus stables.

Le prix de vente de cet ensemble immobilier est de 395 000 TND, une offre compétitive considérant la localisation privilégiée et les possibilités de développement qu'il offre.

Si vous êtes à la recherche d'un investissement immobilier prometteur à Tunis, cet ensemble à Bab El Assal est définitivement un choix à considérer. N'hésitez pas à visiter ce bien pour découvrir en personne son potentiel et les opportunités qu'il vous offre.",2100.0,250.0,Immeuble résidentiel,residentialBuilding,sale,agency,4818,https://www.bnb.tn/wp-content/uploads/2025/01/Picture-85608952-2-1170x785-1-1024x687.jpg,"[""https://www.bnb.tn/wp-content/uploads/2025/01/Picture-85608952-2-1170x785-1-1024x687.jpg"", ""https://www.bnb.tn/wp-content/uploads/2025/01/Picture-85608952-3-1170x785-1-1024x687.jpg"", ""https://www.bnb.tn/wp-content/uploads/2025/01/Picture-85608952-4-1170x785-1-1024x687.jpg"", ""https://www.bnb.tn/wp-content/uploads/2025/01/Picture-85608952-5-1170x785-1-1024x687.jpg"", ""https://www.bnb.tn/wp-content/uploads/2025/01/Picture-85608952-6-1170x785-1-1024x687.jpg"", ""https://www.bnb.tn/wp-content/uploads/2025/01/Picture-85608952-7-1170x785-1-1024x687.jpg"", ""https://www.bnb.tn/wp-content/uploads/2025/01/Picture-85608952-8-1170x785-1-1024x687.jpg"", ""https://www.bnb.tn/wp-content/uploads/2025/01/Picture-85608952-9-1170x785-1-1024x687.jpg"", ""https://www.bnb.tn/wp-content/uploads/2025/01/Picture-85608952-10-1170x785-1-1024x687.jpg"", ""https://www.bnb.tn/wp-content/uploads/2025/01/Picture-85608952-12-1170x785-1-1024x687.jpg"", ""https://www.bnb.tn/wp-content/uploads/2025/01/Picture-85608952-13-1170x785-1-1024x687.jpg"", ""https://www.bnb.tn/wp-content/uploads/2025/01/Picture-85608952-14-1170x785-1-1024x687.jpg"", ""https://www.bnb.tn/wp-content/uploads/2025/01/Picture-85608952-15-866x785-1.jpg"", ""https://www.bnb.tn/wp-content/uploads/2025/01/Picture-85608952-16-866x785-1.jpg""]","[{""url"": ""https://www.bnb.tn/wp-content/uploads/2025/01/Picture-85608952-2-1170x785-1-1024x687.jpg"", ""sourceId"": 8, ""adUrl"": ""https://www.bnb.tn/properties/ensemble-immobilier-a-a-bab-el-assal/""}, {""url"": ""https://www.bnb.tn/wp-content/uploads/2025/01/Picture-85608952-3-1170x785-1-1024x687.jpg"", ""sourceId"": 8, ""adUrl"": ""https://www.bnb.tn/properties/ensemble-immobilier-a-a-bab-el-assal/""}, {""url"": ""https://www.bnb.tn/wp-content/uploads/2025/01/Picture-85608952-4-1170x785-1-1024x687.jpg"", ""sourceId"": 8, ""adUrl"": ""https://www.bnb.tn/properties/ensemble-immobilier-a-a-bab-el-assal/""}, {""url"": ""https://www.bnb.tn/wp-content/uploads/2025/01/Picture-85608952-5-1170x785-1-1024x687.jpg"", ""sourceId"": 8, ""adUrl"": ""https://www.bnb.tn/properties/ensemble-immobilier-a-a-bab-el-assal/""}, {""url"": ""https://www.bnb.tn/wp-content/uploads/2025/01/Picture-85608952-6-1170x785-1-1024x687.jpg"", ""sourceId"": 8, ""adUrl"": ""https://www.bnb.tn/properties/ensemble-immobilier-a-a-bab-el-assal/""}, {""url"": ""https://www.bnb.tn/wp-content/uploads/2025/01/Picture-85608952-7-1170x785-1-1024x687.jpg"", ""sourceId"": 8, ""adUrl"": ""https://www.bnb.tn/properties/ensemble-immobilier-a-a-bab-el-assal/""}, {""url"": ""https://www.bnb.tn/wp-content/uploads/2025/01/Picture-85608952-8-1170x785-1-1024x687.jpg"", ""sourceId"": 8, ""adUrl"": ""https://www.bnb.tn/properties/ensemble-immobilier-a-a-bab-el-assal/""}, {""url"": ""https://www.bnb.tn/wp-content/uploads/2025/01/Picture-85608952-9-1170x785-1-1024x687.jpg"", ""sourceId"": 8, ""adUrl"": ""https://www.bnb.tn/properties/ensemble-immobilier-a-a-bab-el-assal/""}, {""url"": ""https://www.bnb.tn/wp-content/uploads/2025/01/Picture-85608952-10-1170x785-1-1024x687.jpg"", ""sourceId"": 8, ""adUrl"": ""https://www.bnb.tn/properties/ensemble-immobilier-a-a-bab-el-assal/""}, {""url"": ""https://www.bnb.tn/wp-content/uploads/2025/01/Picture-85608952-12-1170x785-1-1024x687.jpg"", ""sourceId"": 8, ""adUrl"": ""https://www.bnb.tn/properties/ensemble-immobilier-a-a-bab-el-assal/""}, {""url"": ""https://www.bnb.tn/wp-content/uploads/2025/01/Picture-85608952-13-1170x785-1-1024x687.jpg"", ""sourceId"": 8, ""adUrl"": ""https://www.bnb.tn/properties/ensemble-immobilier-a-a-bab-el-assal/""}, {""url"": ""https://www.bnb.tn/wp-content/uploads/2025/01/Picture-85608952-14-1170x785-1-1024x687.jpg"", ""sourceId"": 8, ""adUrl"": ""https://www.bnb.tn/properties/ensemble-immobilier-a-a-bab-el-assal/""}, {""url"": ""https://www.bnb.tn/wp-content/uploads/2025/01/Picture-85608952-15-866x785-1.jpg"", ""sourceId"": 8, ""adUrl"": ""https://www.bnb.tn/properties/ensemble-immobilier-a-a-bab-el-assal/""}, {""url"": ""https://www.bnb.tn/wp-content/uploads/2025/01/Picture-85608952-16-866x785-1.jpg"", ""sourceId"": 8, ""adUrl"": ""https://www.bnb.tn/properties/ensemble-immobilier-a-a-bab-el-assal/""}]","[{""sourceId"": 8, ""url"": ""https://www.bnb.tn/properties/ensemble-immobilier-a-a-bab-el-assal/"", ""price"": 2100, ""sellerType"": ""agency"", ""lastModified"": null}]","[{""sellerType"": ""agency"", ""contactName"": ""Yacine El Mejri"", ""active"": true}]",1,1,1,1,2,1,[],2025-01-29 12:15:24,2025-01-29 12:15:24,2025-10-26 02:15:15,2025-11-12 19:30:38,1,2026-02-07 13:24:52
757567,Immeuble R+2 Inachevé sur La Route Principale à Mahdia,"À vendre chez notre
#AGENCE_EL_HANA_ORBI vous offre un #investissement #rentable , une occasion à ne pas rater, un #immeuble qui contient des s+1 s+2 dans un emplacement très idéal ; au premier lieu à proximité du #lycée mahdia et au deuxième lieu des minutes de la #mer?‍♂️. immeuble en cours de construction ;cette dernière se compose de
4appartement s+2
1 appartements s+1
3 locaux commerciaux
*métrage : 520 m²
*prix: 1000000 dinars
pour plus de renseignements merci de contacter l’agence

Immeuble R+2 Inachevé sur La Route Principale à Mahdia : Un Investissement Rentable

Situé dans la ville charmante de Mahdia, cet immeuble R+2 inachevé est une occasion unique pour les investisseurs et les propriétaires potentiels. Avec son emplacement idéal sur la route principale, cet immeuble offre une visibilité maximale et un accès facile à tous les services et commodités de la ville.

Ce projet immobilier en cours de construction comprend :

L'immeuble bénéficie d'un métrage généreux de 520 m², offrant un espace de vie confortable et fonctionnel. La proximité du lycée de Mahdia et de la mer rend cet emplacement encore plus attrayant pour les familles et les amoureux de la nature.

Le prix de vente est fixé à 1 000 000 de dinars tunisiens, ce qui représente une occasion à ne pas rater pour les investisseurs et les propriétaires potentiels.

Ne manquez pas l'occasion de réaliser un investissement rentable et de profiter d'un emplacement idéal dans la ville de Mahdia. Cet immeuble R+2 inachevé est prêt à être personnalisé et aménagé selon vos besoins et vos goûts.

Caractéristiques clés :

Un investissement rentable et une occasion unique à ne pas rater !",1000000.0,520.0,Immeuble résidentiel,residentialBuilding,sale,agency,2825,https://www.bnb.tn/wp-content/uploads/2024/06/immeuble-hiboune-1024x768.jpg,"[""https://www.bnb.tn/wp-content/uploads/2024/06/immeuble-hiboune-1024x768.jpg""]","[{""url"": ""https://www.bnb.tn/wp-content/uploads/2024/06/immeuble-hiboune-1024x768.jpg"", ""sourceId"": 8, ""adUrl"": ""https://www.bnb.tn/properties/immeuble-r2-inacheve-sur-la-route-principale-a-mahdia/""}]","[{""sourceId"": 8, ""url"": ""https://www.bnb.tn/properties/immeuble-r2-inacheve-sur-la-route-principale-a-mahdia/"", ""price"": 1000000, ""sellerType"": ""agency"", ""lastModified"": ""2025-10-19 08:15:13""}]","[{""sellerType"": ""agency"", ""contactName"": ""agence el hana orbi"", ""active"": true}]",1,1,1,1,1,1,"[""garage""]",2024-06-04 12:01:44,2024-06-04 12:01:44,2025-10-19 08:15:13,2024-06-04 12:01:44,1,2026-02-07 13:24:55
1133810,Immeuble R+3 à Omrane Supérieur,"À VENDRE – Immeuble R+3 à Omrane Supérieur
Emplacement : proche du foyer universitaire
Composition : 6 appartements
5 appartements S+3
1 appartement S+2
État : inachevé (reste uniquement les travaux de finition)
Idéal pour un projet résidentiel ou un foyer universitaire

Immeuble R+3 à Omrane Supérieur : Une Opportunité Exceptionnelle à Tunis

Situé dans le quartier dynamique d'Omrane Supérieur à Tunis, à proximité immédiate du foyer universitaire, cet immeuble R+3 offre une opportunité unique pour les investisseurs et les particuliers à la recherche d'un projet résidentiel ou d'un lieu idéal pour un foyer universitaire.

Composition et Caractéristiques

État et Potentiel

L'immeuble est actuellement inachevé, avec uniquement les travaux de finition restants. Cela vous offre la possibilité de personnaliser les espaces selon vos besoins et votre vision. Que vous souhaitiez créer un projet résidentiel diversifié ou un foyer universitaire accueillant, cet immeuble est l'idéal.

Informations Clés

Pourquoi est-ce une bonne affaire ?

Ne laissez pas passer cette opportunité exceptionnelle d'investir dans un immeuble prometteur à Tunis. Que vous soyez un investisseur immobilier ou quelqu'un cherchant à créer un lieu de vie unique, cet immeuble R+3 à Omrane Supérieur correspond à vos aspirations.",1150000.0,,Immeuble résidentiel,residentialBuilding,sale,agency,4901,https://www.bnb.tn/wp-content/uploads/2025/10/IMG-20250916-WA0014-768x1024.jpg,"[""https://www.bnb.tn/wp-content/uploads/2025/10/IMG-20250916-WA0014-768x1024.jpg"", ""https://www.bnb.tn/wp-content/uploads/2025/10/IMG-20250916-WA0020-1-861x1024.jpg"", ""https://www.bnb.tn/wp-content/uploads/2025/10/IMG-20250916-WA0024-768x1024.jpg"", ""https://www.bnb.tn/wp-content/uploads/2025/10/IMG-20250916-WA0031-768x1024.jpg"", ""https://www.bnb.tn/wp-content/uploads/2025/10/IMG-20250916-WA0033-768x1024.jpg"", ""https://www.bnb.tn/wp-content/uploads/2025/10/IMG-20250916-WA0034-768x1024.jpg"", ""https://www.bnb.tn/wp-content/uploads/2025/10/IMG-20250916-WA0037-768x1024.jpg"", ""https://www.bnb.tn/wp-content/uploads/2025/10/IMG-20250916-WA0040-768x1024.jpg"", ""https://www.bnb.tn/wp-content/uploads/2025/10/IMG-20250916-WA0041-768x1024.jpg""]","[{""url"": ""https://www.bnb.tn/wp-content/uploads/2025/10/IMG-20250916-WA0014-768x1024.jpg"", ""sourceId"": 8, ""adUrl"": ""https://www.bnb.tn/properties/immeuble-r3-a-omrane-superieur/""}, {""url"": ""https://www.bnb.tn/wp-content/uploads/2025/10/IMG-20250916-WA0020-1-861x1024.jpg"", ""sourceId"": 8, ""adUrl"": ""https://www.bnb.tn/properties/immeuble-r3-a-omrane-superieur/""}, {""url"": ""https://www.bnb.tn/wp-content/uploads/2025/10/IMG-20250916-WA0024-768x1024.jpg"", ""sourceId"": 8, ""adUrl"": ""https://www.bnb.tn/properties/immeuble-r3-a-omrane-superieur/""}, {""url"": ""https://www.bnb.tn/wp-content/uploads/2025/10/IMG-20250916-WA0031-768x1024.jpg"", ""sourceId"": 8, ""adUrl"": ""https://www.bnb.tn/properties/immeuble-r3-a-omrane-superieur/""}, {""url"": ""https://www.bnb.tn/wp-content/uploads/2025/10/IMG-20250916-WA0033-768x1024.jpg"", ""sourceId"": 8, ""adUrl"": ""https://www.bnb.tn/properties/immeuble-r3-a-omrane-superieur/""}, {""url"": ""https://www.bnb.tn/wp-content/uploads/2025/10/IMG-20250916-WA0034-768x1024.jpg"", ""sourceId"": 8, ""adUrl"": ""https://www.bnb.tn/properties/immeuble-r3-a-omrane-superieur/""}, {""url"": ""https://www.bnb.tn/wp-content/uploads/2025/10/IMG-20250916-WA0037-768x1024.jpg"", ""sourceId"": 8, ""adUrl"": ""https://www.bnb.tn/properties/immeuble-r3-a-omrane-superieur/""}, {""url"": ""https://www.bnb.tn/wp-content/uploads/2025/10/IMG-20250916-WA0040-768x1024.jpg"", ""sourceId"": 8, ""adUrl"": ""https://www.bnb.tn/properties/immeuble-r3-a-omrane-superieur/""}, {""url"": ""https://www.bnb.tn/wp-content/uploads/2025/10/IMG-20250916-WA0041-768x1024.jpg"", ""sourceId"": 8, ""adUrl"": ""https://www.bnb.tn/properties/immeuble-r3-a-omrane-superieur/""}]","[{""sourceId"": 8, ""url"": ""https://www.bnb.tn/properties/immeuble-r3-a-omrane-superieur/"", ""price"": 1150000, ""sellerType"": ""agency"", ""lastModified"": ""2025-10-01 19:00:26""}]","[{""sellerType"": ""agency"", ""contactName"": ""PRESTIGE IMMODAB"", ""active"": true}]",1,1,1,1,1,1,[],2025-10-01 19:00:42,2025-10-01 19:00:26,2025-10-01 19:00:26,2025-10-01 19:00:26,1,2026-02-07 13:24:57
1119213,Immeuble en cours de construction à el hajeb Mahdia,"HO23354
⚡À vendre

chez notre #AGENCE_EL_HANA_ORPI

vous offre un #investissement #rentable , une occasion à ne pas rater, un #immeuble qui contient des s+1 s+2 dans un emplacement très idéal;à deux minutes de la #mer à el hajeb mahdia . immeuble en cours de construction ;cette dernière se compose de

3 appartement s+2

1 appartements s+1

garage

*métrage : 519 m²

*prix: 720000 dinars

⭕pour plus de renseignements merci de contacter l’agence

Immeuble en Cours de Construction à El Hajeb, Mahdia : Une Opportunité d'Investissement Exceptionnelle

Vous cherchez un investissement rentable et une occasion unique ? Ne cherchez plus ! Notre agence vous présente un immeuble en cours de construction situé à El Hajeb, Mahdia, à seulement deux minutes de la mer. Cet emplacement idéal offre un cadre de vie paisible et proche de toutes les commodités.

Caractéristiques de l'Immeuble :

Informations Clés :

Pourquoi Investir dans cet Immeuble ?

Ne ratez pas cette opportunité d'investissement unique. Contactez notre agence pour obtenir plus de renseignements et saisir cette chance de devenir propriétaire d'un immeuble exceptionnel à Mahdia.",720000.0,519.0,Immeuble résidentiel,residentialBuilding,sale,agency,2831,https://www.bnb.tn/wp-content/uploads/2024/02/DSC_4301-Copier-1024x683.jpg,"[""https://www.bnb.tn/wp-content/uploads/2024/02/DSC_4301-Copier-1024x683.jpg"", ""https://www.bnb.tn/wp-content/uploads/2024/02/DSC_4302-Copier-1024x683.jpg"", ""https://www.bnb.tn/wp-content/uploads/2024/02/DSC_4303-Copier.jpg"", ""https://www.bnb.tn/wp-content/uploads/2024/02/DSC_4307-Copier-1024x683.jpg"", ""https://www.bnb.tn/wp-content/uploads/2024/02/DSC_4309-Copier.jpg"", ""https://www.bnb.tn/wp-content/uploads/2024/02/DSC_4311-Copier-1024x683.jpg""]","[{""url"": ""https://www.bnb.tn/wp-content/uploads/2024/02/DSC_4301-Copier-1024x683.jpg"", ""sourceId"": 8, ""adUrl"": ""https://www.bnb.tn/properties/immeuble-en-cours-de-construction-a-el-hajeb-mahdia/""}, {""url"": ""https://www.bnb.tn/wp-content/uploads/2024/02/DSC_4302-Copier-1024x683.jpg"", ""sourceId"": 8, ""adUrl"": ""https://www.bnb.tn/properties/immeuble-en-cours-de-construction-a-el-hajeb-mahdia/""}, {""url"": ""https://www.bnb.tn/wp-content/uploads/2024/02/DSC_4303-Copier.jpg"", ""sourceId"": 8, ""adUrl"": ""https://www.bnb.tn/properties/immeuble-en-cours-de-construction-a-el-hajeb-mahdia/""}, {""url"": ""https://www.bnb.tn/wp-content/uploads/2024/02/DSC_4307-Copier-1024x683.jpg"", ""sourceId"": 8, ""adUrl"": ""https://www.bnb.tn/properties/immeuble-en-cours-de-construction-a-el-hajeb-mahdia/""}, {""url"": ""https://www.bnb.tn/wp-content/uploads/2024/02/DSC_4309-Copier.jpg"", ""sourceId"": 8, ""adUrl"": ""https://www.bnb.tn/properties/immeuble-en-cours-de-construction-a-el-hajeb-mahdia/""}, {""url"": ""https://www.bnb.tn/wp-content/uploads/2024/02/DSC_4311-Copier-1024x683.jpg"", ""sourceId"": 8, ""adUrl"": ""https://www.bnb.tn/properties/immeuble-en-cours-de-construction-a-el-hajeb-mahdia/""}]","[{""sourceId"": 8, ""url"": ""https://www.bnb.tn/properties/immeuble-en-cours-de-construction-a-el-hajeb-mahdia/"", ""price"": 720000, ""sellerType"": ""agency"", ""lastModified"": ""2025-09-13 20:06:05""}]","[{""sellerType"": ""agency"", ""contactName"": ""agence el hana orpi"", ""active"": true}]",1,1,1,1,1,1,"[""garage""]",2024-02-22 12:20:12,2024-02-22 12:20:12,2025-09-13 20:06:05,2024-02-22 12:20:12,1,2026-02-07 13:24:59
556486,Immeuble AFH,"Immeuble à vendre à L’AFH Mrezga, il fait 208m² de surface dont 400m² couvert. L’immeuble se compose d’un S+4 au rez-de-chaussée, 2 salles de bains, une kitchenette et un salon donnant sur une terrasse. Quant à l’étage on trouve au 1er et au 2ème étage 2 appartements en S+3 inachevés. Et au 3ème étage un studio avec une grande terrasse. Prix 550.000dt.

Immeuble AFH : Une Opportunité Exceptionnelle à Hammamet

Vous êtes à la recherche d'un immeuble qui allie espace, confort et potentiel ? Ne cherchez plus ! L'Immeuble AFH, situé dans le quartier dynamique de Mrezga à Hammamet, vous offre une opportunité unique de propriété.

Une Situation Idéale

Avec une surface totale de 208m² et une surface couverte de 400m², cet immeuble en S+4 est parfaitement conçu pour répondre à vos besoins. Que vous soyez un investisseur, un entrepreneur ou simplement quelqu'un cherchant à réaliser son projet immobilier, l'Immeuble AFH est l'endroit idéal.

Un Agencement Pratique et Fonctionnel

Au rez-de-chaussée, vous trouverez un espace généreux comprenant :

Aux étages, l'immeuble se compose :

Des Atouts Indéniables

Investissez dans l'Immeuble AFH

Avec un prix de vente attractif de 550 000 TND, l'Immeuble AFH représente un investissement immobilier pertinent. Que ce soit pour une activité professionnelle, des locations saisonnières ou un projet personnel, cet immeuble offre un potentiel énorme.

Ne laissez pas passer cette opportunité ! L'Immeuble AFH est prêt à accueillir votre projet. Venez découvrir cet immeuble exceptionnel et imaginez-y votre avenir.",550000.0,400.0,Immeuble résidentiel,residentialBuilding,sale,agency,3442,https://www.bnb.tn/wp-content/uploads/2022/10/thumb_447444_property_xlarge-768x1024.jpeg,"[""https://www.bnb.tn/wp-content/uploads/2022/10/thumb_447444_property_xlarge-768x1024.jpeg"", ""https://www.bnb.tn/wp-content/uploads/2022/10/thumb_447438_property_xlarge-768x1024.jpeg"", ""https://www.bnb.tn/wp-content/uploads/2022/10/thumb_447440_property_xlarge-768x1024.jpeg"", ""https://www.bnb.tn/wp-content/uploads/2022/10/thumb_447434_property_xlarge-768x1024.jpeg"", ""https://www.bnb.tn/wp-content/uploads/2022/10/thumb_447431_property_xlarge-768x1024.jpeg"", ""https://www.bnb.tn/wp-content/uploads/2022/10/thumb_447443_property_xlarge-768x1024.jpeg"", ""https://www.bnb.tn/wp-content/uploads/2022/10/thumb_447442_property_xlarge-768x1024.jpeg"", ""https://www.bnb.tn/wp-content/uploads/2022/10/thumb_447433_property_xlarge-768x1024.jpeg"", ""https://www.bnb.tn/wp-content/uploads/2022/10/thumb_447441_property_xlarge-768x1024.jpeg"", ""https://www.bnb.tn/wp-content/uploads/2022/10/thumb_447437_property_xlarge-768x1024.jpeg"", ""https://www.bnb.tn/wp-content/uploads/2022/10/thumb_447435_property_xlarge-768x1024.jpeg"", ""https://www.bnb.tn/wp-content/uploads/2022/10/thumb_447445_property_xlarge-768x1024.jpeg""]","[{""url"": ""https://www.bnb.tn/wp-content/uploads/2022/10/thumb_447444_property_xlarge-768x1024.jpeg"", ""sourceId"": 8, ""adUrl"": ""https://www.bnb.tn/properties/immeuble-afh/""}, {""url"": ""https://www.bnb.tn/wp-content/uploads/2022/10/thumb_447438_property_xlarge-768x1024.jpeg"", ""sourceId"": 8, ""adUrl"": ""https://www.bnb.tn/properties/immeuble-afh/""}, {""url"": ""https://www.bnb.tn/wp-content/uploads/2022/10/thumb_447440_property_xlarge-768x1024.jpeg"", ""sourceId"": 8, ""adUrl"": ""https://www.bnb.tn/properties/immeuble-afh/""}, {""url"": ""https://www.bnb.tn/wp-content/uploads/2022/10/thumb_447434_property_xlarge-768x1024.jpeg"", ""sourceId"": 8, ""adUrl"": ""https://www.bnb.tn/properties/immeuble-afh/""}, {""url"": ""https://www.bnb.tn/wp-content/uploads/2022/10/thumb_447431_property_xlarge-768x1024.jpeg"", ""sourceId"": 8, ""adUrl"": ""https://www.bnb.tn/properties/immeuble-afh/""}, {""url"": ""https://www.bnb.tn/wp-content/uploads/2022/10/thumb_447443_property_xlarge-768x1024.jpeg"", ""sourceId"": 8, ""adUrl"": ""https://www.bnb.tn/properties/immeuble-afh/""}, {""url"": ""https://www.bnb.tn/wp-content/uploads/2022/10/thumb_447442_property_xlarge-768x1024.jpeg"", ""sourceId"": 8, ""adUrl"": ""https://www.bnb.tn/properties/immeuble-afh/""}, {""url"": ""https://www.bnb.tn/wp-content/uploads/2022/10/thumb_447433_property_xlarge-768x1024.jpeg"", ""sourceId"": 8, ""adUrl"": ""https://www.bnb.tn/properties/immeuble-afh/""}, {""url"": ""https://www.bnb.tn/wp-content/uploads/2022/10/thumb_447441_property_xlarge-768x1024.jpeg"", ""sourceId"": 8, ""adUrl"": ""https://www.bnb.tn/properties/immeuble-afh/""}, {""url"": ""https://www.bnb.tn/wp-content/uploads/2022/10/thumb_447437_property_xlarge-768x1024.jpeg"", ""sourceId"": 8, ""adUrl"": ""https://www.bnb.tn/properties/immeuble-afh/""}, {""url"": ""https://www.bnb.tn/wp-content/uploads/2022/10/thumb_447435_property_xlarge-768x1024.jpeg"", ""sourceId"": 8, ""adUrl"": ""https://www.bnb.tn/properties/immeuble-afh/""}, {""url"": ""https://www.bnb.tn/wp-content/uploads/2022/10/thumb_447445_property_xlarge-768x1024.jpeg"", ""sourceId"": 8, ""adUrl"": ""https://www.bnb.tn/properties/immeuble-afh/""}]","[{""sourceId"": 8, ""url"": ""https://www.bnb.tn/properties/immeuble-afh/"", ""price"": 550000, ""sellerType"": ""agency"", ""lastModified"": ""2025-09-13 00:22:30""}]","[{""sellerType"": ""agency"", ""contactName"": ""Ayoub"", ""active"": true}]",1,1,1,1,1,1,[],2022-10-11 11:48:05,2022-10-10 11:35:02,2025-09-13 00:22:30,2022-10-10 11:35:02,1,2026-02-07 13:25:02
680715,Immeuble R+2 inachevé à Mahdia,"HO20817

À vendre chez notre ?
agence el hana orpi vous offre un #investissement #rentable , une occasion à ne pas rater, un #immeuble qui contient des s+1 s+2 dans un emplacement très idéal;au premier lieu à proximité du #lycée Mahdia et au deuxième lieu des minutes de la #mer. immeuble en cours de construction ;cette dernière se compose de
5appartement s+2
1 appartements s+1
garage
*métrage : 1700 m²
*prix: 1200000 dinars?

Immeuble R+2 inachevé à Mahdia : Une Opportunité d'Investissement Exceptionnelle !

Vous êtes à la recherche d'un investissement rentable et d'une occasion unique ? Ne cherchez plus ! L'agence immobilière El Hana Orpi vous présente un immeuble inachevé situé à Mahdia, offrant des perspectives de rendement exceptionnelles.

Localisation idéale

Cet immeuble est stratégiquement situé à proximité du lycée de Mahdia et à quelques minutes seulement de la mer. Une situation géographique idéale qui facilite l'accès aux commodités et offre un cadre de vie agréable.

Caractéristiques de l'immeuble

Un investissement sûr et rentable

Avec un prix de vente attractif de 1 200 000 TND, cet immeuble inachevé représente une opportunité d'investissement exceptionnelle. Les travaux en cours de construction vous permettront de personnaliser vos espaces et de créer un bien immobilier répondant à vos besoins.

Ne tardez pas !

Ne laissez pas passer cette chance de réaliser un investissement rentable et de créer un patrimoine immobilier de qualité. L'immeuble R+2 inachevé à Mahdia est une occasion à ne pas rater.

Venez découvrir cet immeuble prometteur et saisir l'opportunité de faire l'acquisition d'un bien immobilier exceptionnel !",1200000.0,1700.0,Immeuble résidentiel,residentialBuilding,sale,agency,2825,https://www.bnb.tn/wp-content/uploads/2023/12/IMG-20230424-WA0038-Copier.jpg,"[""https://www.bnb.tn/wp-content/uploads/2023/12/IMG-20230424-WA0038-Copier.jpg"", ""https://www.bnb.tn/wp-content/uploads/2023/12/IMG-20230424-WA0039-Copier.jpg"", ""https://www.bnb.tn/wp-content/uploads/2023/12/IMG-20230424-WA0040-Copier.jpg"", ""https://www.bnb.tn/wp-content/uploads/2023/12/IMG-20230424-WA0041-Copier.jpg"", ""https://www.bnb.tn/wp-content/uploads/2023/12/IMG-20230424-WA0042-Copier.jpg"", ""https://www.bnb.tn/wp-content/uploads/2023/12/IMG-20230424-WA0043-Copier.jpg"", ""https://www.bnb.tn/wp-content/uploads/2023/12/IMG-20230424-WA0044-Copier.jpg""]","[{""url"": ""https://www.bnb.tn/wp-content/uploads/2023/12/IMG-20230424-WA0038-Copier.jpg"", ""sourceId"": 8, ""adUrl"": ""https://www.bnb.tn/properties/immeuble-r2-inacheve-a-mahdia/""}, {""url"": ""https://www.bnb.tn/wp-content/uploads/2023/12/IMG-20230424-WA0039-Copier.jpg"", ""sourceId"": 8, ""adUrl"": ""https://www.bnb.tn/properties/immeuble-r2-inacheve-a-mahdia/""}, {""url"": ""https://www.bnb.tn/wp-content/uploads/2023/12/IMG-20230424-WA0040-Copier.jpg"", ""sourceId"": 8, ""adUrl"": ""https://www.bnb.tn/properties/immeuble-r2-inacheve-a-mahdia/""}, {""url"": ""https://www.bnb.tn/wp-content/uploads/2023/12/IMG-20230424-WA0041-Copier.jpg"", ""sourceId"": 8, ""adUrl"": ""https://www.bnb.tn/properties/immeuble-r2-inacheve-a-mahdia/""}, {""url"": ""https://www.bnb.tn/wp-content/uploads/2023/12/IMG-20230424-WA0042-Copier.jpg"", ""sourceId"": 8, ""adUrl"": ""https://www.bnb.tn/properties/immeuble-r2-inacheve-a-mahdia/""}, {""url"": ""https://www.bnb.tn/wp-content/uploads/2023/12/IMG-20230424-WA0043-Copier.jpg"", ""sourceId"": 8, ""adUrl"": ""https://www.bnb.tn/properties/immeuble-r2-inacheve-a-mahdia/""}, {""url"": ""https://www.bnb.tn/wp-content/uploads/2023/12/IMG-20230424-WA0044-Copier.jpg"", ""sourceId"": 8, ""adUrl"": ""https://www.bnb.tn/properties/immeuble-r2-inacheve-a-mahdia/""}]","[{""sourceId"": 8, ""url"": ""https://www.bnb.tn/properties/immeuble-r2-inacheve-a-mahdia/"", ""price"": 1200000, ""sellerType"": ""agency"", ""lastModified"": ""2025-09-10 23:48:55""}, {""sourceId"": 4, ""url"": ""https://www.tunisiapromo.com/annonce/immeuble-r-2-inacheve-a-vendre-z140388.html"", ""price"": 1200000, ""sellerType"": ""agency"", ""lastModified"": ""2024-01-03 14:31:03""}]","[{""sellerType"": ""agency"", ""contactName"": ""agence el hana orpi"", ""active"": true}]",2,2,1,1,2,2,"[""elevator""]",2023-12-11 12:17:22,2023-12-11 12:17:22,2025-09-10 23:48:55,2023-12-11 12:17:22,1,2026-02-07 13:25:04
693842,Immeuble solam à nebeur kef,"un immeuble sur un terrain  de 500 m²  situé dans un bon quartier à nebeur, kef  . au rdc, on a un salon , une cuisine , 3 chambres à coucher , une salle d'eau et une salle de bain . au 1ére étage ,on a  un appartement en train de construction . a l'extérieur, on a un  jardin et une terrasse  .  pour plus de renseignements, veuillez contacter lagent sur le <a type=""phone"">+21658XXXXXX</a> .",350000.0,500.0,Immeuble résidentiel,residentialBuilding,sale,agency,2651,http://tunisie-annonce.com/upload2/202502/tunisie-annonce.com/photos/632246_20250226_094623.jpg,"[""https://server.bigdatis.com/api/properties/image/278914478"", ""https://server.bigdatis.com/api/properties/image/278914479"", ""https://server.bigdatis.com/api/properties/image/278914480"", ""https://server.bigdatis.com/api/properties/image/278914481"", ""https://server.bigdatis.com/api/properties/image/278914482""]","[{""url"": ""https://server.bigdatis.com/api/properties/image/278914478"", ""sourceId"": 1, ""adUrl"": ""http://www.tunisie-annonce.com/DetailsAnnonceImmobilier.asp?cod_ann=3386282""}, {""url"": ""https://server.bigdatis.com/api/properties/image/278914479"", ""sourceId"": 1, ""adUrl"": ""http://www.tunisie-annonce.com/DetailsAnnonceImmobilier.asp?cod_ann=3386282""}, {""url"": ""https://server.bigdatis.com/api/properties/image/278914480"", ""sourceId"": 1, ""adUrl"": ""http://www.tunisie-annonce.com/DetailsAnnonceImmobilier.asp?cod_ann=3386282""}, {""url"": ""https://server.bigdatis.com/api/properties/image/278914481"", ""sourceId"": 1, ""adUrl"": ""http://www.tunisie-annonce.com/DetailsAnnonceImmobilier.asp?cod_ann=3386282""}, {""url"": ""https://server.bigdatis.com/api/properties/image/278914482"", ""sourceId"": 1, ""adUrl"": ""http://www.tunisie-annonce.com/DetailsAnnonceImmobilier.asp?cod_ann=3386282""}]","[{""sourceId"": 1, ""url"": ""http://www.tunisie-annonce.com/DetailsAnnonceImmobilier.asp?cod_ann=3386282"", ""price"": 350000, ""sellerType"": ""agency"", ""lastModified"": ""2025-09-03 13:00:58""}]","[{""sellerType"": ""agency"", ""contactName"": ""HOME SWEET HOME"", ""active"": true}]",1,1,1,1,5,1,[],2024-01-12 11:16:12,2024-01-12 11:16:07,2025-09-03 13:00:58,2024-01-12 11:16:07,1,2026-02-07 13:25:06
81691,Immeuble velletri à mornaguia,"un immeuble sur un terrain de 100 m² situé dans un bon quartier à mornaguia. au rdc, on a un salon, une cuisine, 2 chambres et une salle de bain. a l'étage, on a de même un salon, une cuisine, 2 chambres, une salle de bain et une chambre de service au toit. pour tous les renseignements, contacter l'agent sur le <a type=""phone"">+21656XXXXXX</a>.",170000.0,100.0,Immeuble résidentiel,residentialBuilding,sale,agency,2396,http://tunisie-annonce.com/upload2/202412/tunisie-annonce.com/photos/632246_20241212_093624.jpg,"[""https://server.bigdatis.com/api/properties/image/276791213"", ""https://server.bigdatis.com/api/properties/image/276791214"", ""https://server.bigdatis.com/api/properties/image/276791215"", ""https://server.bigdatis.com/api/properties/image/276791216""]","[{""url"": ""https://server.bigdatis.com/api/properties/image/276791213"", ""sourceId"": 1, ""adUrl"": ""http://www.tunisie-annonce.com/DetailsAnnonceImmobilier.asp?cod_ann=3367701""}, {""url"": ""https://server.bigdatis.com/api/properties/image/276791214"", ""sourceId"": 1, ""adUrl"": ""http://www.tunisie-annonce.com/DetailsAnnonceImmobilier.asp?cod_ann=3367701""}, {""url"": ""https://server.bigdatis.com/api/properties/image/276791215"", ""sourceId"": 1, ""adUrl"": ""http://www.tunisie-annonce.com/DetailsAnnonceImmobilier.asp?cod_ann=3367701""}, {""url"": ""https://server.bigdatis.com/api/properties/image/276791216"", ""sourceId"": 1, ""adUrl"": ""http://www.tunisie-annonce.com/DetailsAnnonceImmobilier.asp?cod_ann=3367701""}]","[{""sourceId"": 1, ""url"": ""http://www.tunisie-annonce.com/DetailsAnnonceImmobilier.asp?cod_ann=3367701"", ""price"": 170000, ""sellerType"": ""agency"", ""lastModified"": ""2025-08-25 21:15:55""}]","[{""sellerType"": ""agency"", ""contactName"": ""HOME SWEET HOME"", ""active"": true}]",1,1,1,1,3,1,[],2023-01-16 11:25:22,2023-01-16 11:25:13,2025-08-25 21:15:55,2023-01-16 11:25:13,1,2026-02-07 13:25:08
1083157,Immeuble R+2,"a vendre un immeuble sur route principale ariana raoued a coté de kiosque agil sur un terrain de 540m
en rez de chaussée 350m couvert aménager tout types de commerces avec garage de chaque coté du bâtiment
et au premier et deuxième etages des appartements non achevés
titre bleu individuel

Immeuble R+2 à vendre à Ariana - Une opportunité exceptionnelle !

Situé sur la route principale d'Ariana, à proximité du kiosque Agil, cet immeuble R+2 offre une localisation idéale pour toute activité commerciale ou professionnelle. Implanté sur un terrain de 540m², il représente un investissement stratégique pour l'avenir.

Rez-de-chaussée : Un espace commercial aménagé de 350m²

Le rez-de-chaussée de l'immeuble est aménagé sur une surface de 350m², parfaitement adapté à divers types de commerces. Doté de garages de chaque côté du bâtiment, il offre une fonctionnalité optimale pour les professionnels souhaitant exercer leur activité dans un lieu central et facilement accessible.

Étages : Des appartements prêts à être finis

Les premier et deuxième étages de l'immeuble abritent des appartements actuellement non achevés, offrant ainsi une opportunité pour les acheteurs de personnaliser leur espace de vie selon leurs besoins et leurs goûts.

Informations clés :

Cet immeuble représente une opportunité exceptionnelle pour les investisseurs et les professionnels cherchant à établir leur présence dans une zone dynamique et centrale d'Ariana. Ne laissez pas passer cette chance d'acquérir un bien immobilier aussi prometteur !",1350000.0,540.0,Immeuble résidentiel,residentialBuilding,sale,private,455,,[],,"[{""sourceId"": 8, ""url"": ""https://www.bnb.tn/properties/immeuble-r2/"", ""price"": 1350000, ""sellerType"": ""private"", ""lastModified"": ""2025-08-06 13:31:00""}]","[{""sellerType"": ""private"", ""contactName"": ""deli rabii"", ""active"": true}]",1,1,1,1,1,1,"[""garage""]",2025-04-09 12:15:31,2025-04-09 12:15:20,2025-08-06 13:31:00,2025-04-09 12:15:20,1,2026-02-07 13:25:09
1055371,Immeuble à usage commercial et habitation sur GP1,"L’agence #immobilière THE #BRIDGE met en #vente un #immeuble R+1 à usage #commercial et #habitation idéalement placé dans une zone à fort achalandage, pleine de commerces situé à #Grombalia sur le GP1.
 
La surface #couverte totale:  483.35 m² construit sur un #terrain de 254 m².
Au rez-de-chaussée : 3 garages de 234.85m² .
Au 1er #étage : 2 appts : s+1 et s+2 de 248.5m².

Possibilité de construire 3 autres étages selon les termes de cahier de charge de la zone (UBa1 : (R+4) )
 
Prix demandé : 540 MD
Frais de visite : 20 DT
 
Pour plus de renseignements, merci de contacter le <a type=""phone"">+21698XXXXXX</a> ( disponible aussi sur #whatsapp : <a type=""phone"">+21698XXXXXX</a>)",540000.0,483.0,Immeuble résidentiel,residentialBuilding,sale,agency,3422,https://img.cava.tn/cava/items/cecb78c0-826c-412a-b189-770a0df54e5f/1751494264181.webp,"[""https://img.cava.tn/cava/items/cecb78c0-826c-412a-b189-770a0df54e5f/1751494264181.webp""]","[{""url"": ""https://img.cava.tn/cava/items/cecb78c0-826c-412a-b189-770a0df54e5f/1751494264181.webp"", ""sourceId"": 7, ""adUrl"": ""https://www.cava.tn/appartemen/immeuble-usage-commercial-et-habitation-sur-gp1-949960""}]","[{""sourceId"": 7, ""url"": ""https://www.cava.tn/appartemen/immeuble-usage-commercial-et-habitation-sur-gp1-949960"", ""price"": 540000, ""sellerType"": ""agency"", ""lastModified"": ""2025-07-02 23:17:26""}]","[{""sellerType"": ""agency"", ""contactName"": ""The Bridge Immo"", ""active"": true}]",1,1,1,1,1,1,[],2025-07-02 23:30:35,2025-07-02 23:17:26,2025-07-02 23:17:26,2025-07-02 23:17:26,1,2026-02-07 13:25:11
843096,Immeuble arij hammamet iii,"Immeuble Arij AV1828 
A vendre une propriété récemment construite, située à Hammamet dans un quartier bien accessible et proche de toutes les commodités de vie.
De type R+3, Le 1er, 2ème et 3ème étages sont identiques, on trouve 2 appartements de type S+2 (environ 80m2 bâtie) par étage, composés chacun d’un spacieux et lumineux salon, une cuisine moderne et bien équipée, deux chambres à coucher et une salle d’eau.
Le rez-de-chaussée offre un local commercial de 170m2 ouvert sur l'axe principal.
Les appartements sont équipés de chauffage central.
Prix : 2 500 000 DT
Pour toutes informations nécessaires et éventuelle visite, vous pouvez nous contacter sur le <a type=""phone"">+21650XXXXXX</a> / <a type=""phone"">+21622XXXXXX</a> ou par email à mouinimmobilier2016@gmail.com Agence Mouin Immobilier International
Vous trouverez toutes nos offres en visitant notre site web www.mouin-immobilier.com",2500000.0,170.0,Immeuble résidentiel,residentialBuilding,sale,agency,3479,https://www.tunisiapromo.com/gallery/photo-2-661085.jpg,"[""https://www.tunisiapromo.com/gallery/photo-2-661085.jpg"", ""https://www.tunisiapromo.com/gallery/photo-3-661086.jpg"", ""https://www.tunisiapromo.com/gallery/photo-4-661087.jpg"", ""https://www.tunisiapromo.com/gallery/photo-5-661088.jpg"", ""https://www.tunisiapromo.com/gallery/photo-6-661089.jpg"", ""https://www.tunisiapromo.com/gallery/photo-7-661090.jpg"", ""https://www.tunisiapromo.com/gallery/photo-8-661091.jpg""]","[{""url"": ""https://www.tunisiapromo.com/gallery/photo-2-661085.jpg"", ""sourceId"": 4, ""adUrl"": ""https://www.tunisiapromo.com/annonce/immeuble-arij-hammamet-iii-z146662.html""}, {""url"": ""https://www.tunisiapromo.com/gallery/photo-3-661086.jpg"", ""sourceId"": 4, ""adUrl"": ""https://www.tunisiapromo.com/annonce/immeuble-arij-hammamet-iii-z146662.html""}, {""url"": ""https://www.tunisiapromo.com/gallery/photo-4-661087.jpg"", ""sourceId"": 4, ""adUrl"": ""https://www.tunisiapromo.com/annonce/immeuble-arij-hammamet-iii-z146662.html""}, {""url"": ""https://www.tunisiapromo.com/gallery/photo-5-661088.jpg"", ""sourceId"": 4, ""adUrl"": ""https://www.tunisiapromo.com/annonce/immeuble-arij-hammamet-iii-z146662.html""}, {""url"": ""https://www.tunisiapromo.com/gallery/photo-6-661089.jpg"", ""sourceId"": 4, ""adUrl"": ""https://www.tunisiapromo.com/annonce/immeuble-arij-hammamet-iii-z146662.html""}, {""url"": ""https://www.tunisiapromo.com/gallery/photo-7-661090.jpg"", ""sourceId"": 4, ""adUrl"": ""https://www.tunisiapromo.com/annonce/immeuble-arij-hammamet-iii-z146662.html""}, {""url"": ""https://www.tunisiapromo.com/gallery/photo-8-661091.jpg"", ""sourceId"": 4, ""adUrl"": ""https://www.tunisiapromo.com/annonce/immeuble-arij-hammamet-iii-z146662.html""}]","[{""sourceId"": 4, ""url"": ""https://www.tunisiapromo.com/annonce/immeuble-arij-hammamet-iii-z146662.html"", ""price"": 2500000, ""sellerType"": ""agency"", ""lastModified"": ""2024-10-23 00:11:06""}]","[{""sellerType"": ""agency"", ""contactName"": ""Mouin Immobilier"", ""active"": true}]",1,1,1,1,1,1,"[""heating""]",2024-10-24 00:11:09,2024-10-23 00:11:06,2024-10-23 00:11:06,2024-10-23 00:11:06,1,2026-02-07 13:25:13
672053,Immeuble Narcisse à Vendre à Fouchena,"Un immeuble pour investissement avec 4 entrées indépendantes sur un terrain de 386 m² situé dans un bon quartier à Fouchena. Au RDC, On a deux appartemenst S+2 avec un abris pour 2 voitures et à L'étage, On a de même deux autres appartements S+2. Pour tous les renseignements, Contacter L'agent sur le <a type=""phone"">+21653XXXXXX</a>.",450000.0,386.0,Immeuble résidentiel,residentialBuilding,sale,agency,961,http://cdn2.ballouchi.com/800x600/390508-1.jpg,"[""https://server.bigdatis.com/api/properties/image/305448537"", ""https://server.bigdatis.com/api/properties/image/305448538"", ""https://server.bigdatis.com/api/properties/image/305448539"", ""https://server.bigdatis.com/api/properties/image/305448540"", ""https://server.bigdatis.com/api/properties/image/305448541"", ""https://server.bigdatis.com/api/properties/image/305448542"", ""https://server.bigdatis.com/api/properties/image/305448543"", ""https://server.bigdatis.com/api/properties/image/305448544"", ""https://server.bigdatis.com/api/properties/image/305448545"", ""https://server.bigdatis.com/api/properties/image/305448546"", ""https://server.bigdatis.com/api/properties/image/305448547"", ""https://server.bigdatis.com/api/properties/image/305448548"", ""https://server.bigdatis.com/api/properties/image/305448549"", ""https://server.bigdatis.com/api/properties/image/305448550"", ""https://server.bigdatis.com/api/properties/image/305448551"", ""https://server.bigdatis.com/api/properties/image/305448552"", ""https://server.bigdatis.com/api/properties/image/305448553"", ""https://server.bigdatis.com/api/properties/image/305448554"", ""https://server.bigdatis.com/api/properties/image/305448555"", ""https://server.bigdatis.com/api/properties/image/305448556"", ""https://server.bigdatis.com/api/properties/image/305455294"", ""https://server.bigdatis.com/api/properties/image/305455297"", ""https://server.bigdatis.com/api/properties/image/305455314""]","[{""url"": ""https://server.bigdatis.com/api/properties/image/305448537"", ""sourceId"": 3, ""adUrl"": ""https://www.ballouchi.com/annonces/immobilier/appartements/immeuble-narcisse-a-vendre-a-fouchena.html""}, {""url"": ""https://server.bigdatis.com/api/properties/image/305448538"", ""sourceId"": 3, ""adUrl"": ""https://www.ballouchi.com/annonces/immobilier/appartements/immeuble-narcisse-a-vendre-a-fouchena.html""}, {""url"": ""https://server.bigdatis.com/api/properties/image/305448539"", ""sourceId"": 3, ""adUrl"": ""https://www.ballouchi.com/annonces/immobilier/appartements/immeuble-narcisse-a-vendre-a-fouchena.html""}, {""url"": ""https://server.bigdatis.com/api/properties/image/305448540"", ""sourceId"": 3, ""adUrl"": ""https://www.ballouchi.com/annonces/immobilier/appartements/immeuble-narcisse-a-vendre-a-fouchena.html""}, {""url"": ""https://server.bigdatis.com/api/properties/image/305448541"", ""sourceId"": 3, ""adUrl"": ""https://www.ballouchi.com/annonces/immobilier/appartements/immeuble-narcisse-a-vendre-a-fouchena.html""}, {""url"": ""https://server.bigdatis.com/api/properties/image/305448542"", ""sourceId"": 3, ""adUrl"": ""https://www.ballouchi.com/annonces/immobilier/appartements/immeuble-narcisse-a-vendre-a-fouchena.html""}, {""url"": ""https://server.bigdatis.com/api/properties/image/305448543"", ""sourceId"": 3, ""adUrl"": ""https://www.ballouchi.com/annonces/immobilier/appartements/immeuble-narcisse-a-vendre-a-fouchena.html""}, {""url"": ""https://server.bigdatis.com/api/properties/image/305448544"", ""sourceId"": 3, ""adUrl"": ""https://www.ballouchi.com/annonces/immobilier/appartements/immeuble-narcisse-a-vendre-a-fouchena.html""}, {""url"": ""https://server.bigdatis.com/api/properties/image/305448545"", ""sourceId"": 3, ""adUrl"": ""https://www.ballouchi.com/annonces/immobilier/appartements/immeuble-narcisse-a-vendre-a-fouchena.html""}, {""url"": ""https://server.bigdatis.com/api/properties/image/305448546"", ""sourceId"": 3, ""adUrl"": ""https://www.ballouchi.com/annonces/immobilier/appartements/immeuble-narcisse-a-vendre-a-fouchena.html""}, {""url"": ""https://server.bigdatis.com/api/properties/image/305448547"", ""sourceId"": 3, ""adUrl"": ""https://www.ballouchi.com/annonces/immobilier/appartements/immeuble-narcisse-a-vendre-a-fouchena.html""}, {""url"": ""https://server.bigdatis.com/api/properties/image/305448548"", ""sourceId"": 3, ""adUrl"": ""https://www.ballouchi.com/annonces/immobilier/appartements/immeuble-narcisse-a-vendre-a-fouchena.html""}, {""url"": ""https://server.bigdatis.com/api/properties/image/305448549"", ""sourceId"": 3, ""adUrl"": ""https://www.ballouchi.com/annonces/immobilier/appartements/immeuble-narcisse-a-vendre-a-fouchena.html""}, {""url"": ""https://server.bigdatis.com/api/properties/image/305448550"", ""sourceId"": 3, ""adUrl"": ""https://www.ballouchi.com/annonces/immobilier/appartements/immeuble-narcisse-a-vendre-a-fouchena.html""}, {""url"": ""https://server.bigdatis.com/api/properties/image/305448551"", ""sourceId"": 3, ""adUrl"": ""https://www.ballouchi.com/annonces/immobilier/appartements/immeuble-narcisse-a-vendre-a-fouchena.html""}, {""url"": ""https://server.bigdatis.com/api/properties/image/305448552"", ""sourceId"": 3, ""adUrl"": ""https://www.ballouchi.com/annonces/immobilier/appartements/immeuble-narcisse-a-vendre-a-fouchena.html""}, {""url"": ""https://server.bigdatis.com/api/properties/image/305448553"", ""sourceId"": 3, ""adUrl"": ""https://www.ballouchi.com/annonces/immobilier/appartements/immeuble-narcisse-a-vendre-a-fouchena.html""}, {""url"": ""https://server.bigdatis.com/api/properties/image/305448554"", ""sourceId"": 3, ""adUrl"": ""https://www.ballouchi.com/annonces/immobilier/appartements/immeuble-narcisse-a-vendre-a-fouchena.html""}, {""url"": ""https://server.bigdatis.com/api/properties/image/305448555"", ""sourceId"": 3, ""adUrl"": ""https://www.ballouchi.com/annonces/immobilier/appartements/immeuble-narcisse-a-vendre-a-fouchena.html""}, {""url"": ""https://server.bigdatis.com/api/properties/image/305448556"", ""sourceId"": 3, ""adUrl"": ""https://www.ballouchi.com/annonces/immobilier/appartements/immeuble-narcisse-a-vendre-a-fouchena.html""}, {""url"": ""https://server.bigdatis.com/api/properties/image/305455294"", ""sourceId"": 3, ""adUrl"": ""https://www.ballouchi.com/annonces/immobilier/villas/immeuble-narcisse-a-vendre-a-fouchena.html""}, {""url"": ""https://server.bigdatis.com/api/properties/image/305455297"", ""sourceId"": 3, ""adUrl"": ""https://www.ballouchi.com/annonces/immobilier/villas/immeuble-narcisse-a-vendre-a-fouchena.html""}, {""url"": ""https://server.bigdatis.com/api/properties/image/305455314"", ""sourceId"": 3, ""adUrl"": ""https://www.ballouchi.com/annonces/immobilier/villas/immeuble-narcisse-a-vendre-a-fouchena.html""}]","[{""sourceId"": 3, ""url"": ""https://www.ballouchi.com/annonces/immobilier/appartements/immeuble-narcisse-a-vendre-a-fouchena.html"", ""price"": 450000, ""sellerType"": ""agency"", ""lastModified"": ""2024-01-24 21:32:48""}]","[{""sellerType"": ""agency"", ""contactName"": ""homesweethome"", ""active"": true}]",1,1,1,1,4,2,[],2023-11-23 09:43:03,2023-11-23 09:42:16,2024-09-28 12:31:11,2023-11-23 09:42:16,1,2026-02-07 13:25:15
55844,"Immeuble Silvestro à Vendre à Yassminette, Ben Arous","Un immeuble sur un terrain de 220 m² situé dans un bon quartier à Yassminette, Ben Arous. Au RDC, On a un appartement S3 qui se compose par un salon, une cuisine, 3 chambres et une salle de bain. De même à l'étage. A L'extérieur, On a une terrasse, un jardin et un garage. NB: Possibilité e bâtir un 2 éme étage. Pour tous les renseignements, contacter l'agent sur le <a type=""phone"">+21651XXXXXX</a>.",450000.0,220.0,Immeuble résidentiel,residentialBuilding,sale,agency,1090,http://cdn2.ballouchi.com/800x600/402667-1.jpg,"[""https://server.bigdatis.com/api/properties/image/305692496"", ""https://server.bigdatis.com/api/properties/image/305692497"", ""https://server.bigdatis.com/api/properties/image/305692498"", ""https://server.bigdatis.com/api/properties/image/305692499"", ""https://server.bigdatis.com/api/properties/image/305692501"", ""https://server.bigdatis.com/api/properties/image/305692502"", ""https://server.bigdatis.com/api/properties/image/305692503"", ""https://server.bigdatis.com/api/properties/image/305692504"", ""https://server.bigdatis.com/api/properties/image/305692505"", ""https://server.bigdatis.com/api/properties/image/305692506"", ""https://server.bigdatis.com/api/properties/image/305692507"", ""https://server.bigdatis.com/api/properties/image/305692508"", ""https://server.bigdatis.com/api/properties/image/305692509"", ""https://server.bigdatis.com/api/properties/image/305692510"", ""https://server.bigdatis.com/api/properties/image/305692511"", ""https://server.bigdatis.com/api/properties/image/305692512"", ""https://server.bigdatis.com/api/properties/image/305692513"", ""https://server.bigdatis.com/api/properties/image/305692514"", ""https://server.bigdatis.com/api/properties/image/305692515"", ""https://www.menzili.tn/upload/photos/2022/12/13/16/06/s9q649s9e6.jpg"", ""https://www.menzili.tn/upload/photos/2022/12/13/16/07/yj52pds847.jpg"", ""https://www.menzili.tn/upload/photos/2022/12/13/16/07/d2hzf7n249.jpg"", ""https://www.menzili.tn/upload/photos/2022/12/13/16/07/9ahe70069e.jpg"", ""https://www.menzili.tn/upload/photos/2022/12/13/16/07/ds9n3mdv6z.jpg""]","[{""url"": ""https://server.bigdatis.com/api/properties/image/305692496"", ""sourceId"": 3, ""adUrl"": ""https://www.ballouchi.com/annonces/immobilier/appartements/immeuble-silvestro-a-vendre-a-yassminette-ben-arous.html""}, {""url"": ""https://server.bigdatis.com/api/properties/image/305692497"", ""sourceId"": 3, ""adUrl"": ""https://www.ballouchi.com/annonces/immobilier/appartements/immeuble-silvestro-a-vendre-a-yassminette-ben-arous.html""}, {""url"": ""https://server.bigdatis.com/api/properties/image/305692498"", ""sourceId"": 3, ""adUrl"": ""https://www.ballouchi.com/annonces/immobilier/appartements/immeuble-silvestro-a-vendre-a-yassminette-ben-arous.html""}, {""url"": ""https://server.bigdatis.com/api/properties/image/305692499"", ""sourceId"": 3, ""adUrl"": ""https://www.ballouchi.com/annonces/immobilier/appartements/immeuble-silvestro-a-vendre-a-yassminette-ben-arous.html""}, {""url"": ""https://server.bigdatis.com/api/properties/image/305692501"", ""sourceId"": 3, ""adUrl"": ""https://www.ballouchi.com/annonces/immobilier/appartements/immeuble-silvestro-a-vendre-a-yassminette-ben-arous.html""}, {""url"": ""https://server.bigdatis.com/api/properties/image/305692502"", ""sourceId"": 3, ""adUrl"": ""https://www.ballouchi.com/annonces/immobilier/appartements/immeuble-silvestro-a-vendre-a-yassminette-ben-arous.html""}, {""url"": ""https://server.bigdatis.com/api/properties/image/305692503"", ""sourceId"": 3, ""adUrl"": ""https://www.ballouchi.com/annonces/immobilier/appartements/immeuble-silvestro-a-vendre-a-yassminette-ben-arous.html""}, {""url"": ""https://server.bigdatis.com/api/properties/image/305692504"", ""sourceId"": 3, ""adUrl"": ""https://www.ballouchi.com/annonces/immobilier/appartements/immeuble-silvestro-a-vendre-a-yassminette-ben-arous.html""}, {""url"": ""https://server.bigdatis.com/api/properties/image/305692505"", ""sourceId"": 3, ""adUrl"": ""https://www.ballouchi.com/annonces/immobilier/appartements/immeuble-silvestro-a-vendre-a-yassminette-ben-arous.html""}, {""url"": ""https://server.bigdatis.com/api/properties/image/305692506"", ""sourceId"": 3, ""adUrl"": ""https://www.ballouchi.com/annonces/immobilier/appartements/immeuble-silvestro-a-vendre-a-yassminette-ben-arous.html""}, {""url"": ""https://server.bigdatis.com/api/properties/image/305692507"", ""sourceId"": 3, ""adUrl"": ""https://www.ballouchi.com/annonces/immobilier/appartements/immeuble-silvestro-a-vendre-a-yassminette-ben-arous.html""}, {""url"": ""https://server.bigdatis.com/api/properties/image/305692508"", ""sourceId"": 3, ""adUrl"": ""https://www.ballouchi.com/annonces/immobilier/appartements/immeuble-silvestro-a-vendre-a-yassminette-ben-arous.html""}, {""url"": ""https://server.bigdatis.com/api/properties/image/305692509"", ""sourceId"": 3, ""adUrl"": ""https://www.ballouchi.com/annonces/immobilier/appartements/immeuble-silvestro-a-vendre-a-yassminette-ben-arous.html""}, {""url"": ""https://server.bigdatis.com/api/properties/image/305692510"", ""sourceId"": 3, ""adUrl"": ""https://www.ballouchi.com/annonces/immobilier/appartements/immeuble-silvestro-a-vendre-a-yassminette-ben-arous.html""}, {""url"": ""https://server.bigdatis.com/api/properties/image/305692511"", ""sourceId"": 3, ""adUrl"": ""https://www.ballouchi.com/annonces/immobilier/appartements/immeuble-silvestro-a-vendre-a-yassminette-ben-arous.html""}, {""url"": ""https://server.bigdatis.com/api/properties/image/305692512"", ""sourceId"": 3, ""adUrl"": ""https://www.ballouchi.com/annonces/immobilier/appartements/immeuble-silvestro-a-vendre-a-yassminette-ben-arous.html""}, {""url"": ""https://server.bigdatis.com/api/properties/image/305692513"", ""sourceId"": 3, ""adUrl"": ""https://www.ballouchi.com/annonces/immobilier/appartements/immeuble-silvestro-a-vendre-a-yassminette-ben-arous.html""}, {""url"": ""https://server.bigdatis.com/api/properties/image/305692514"", ""sourceId"": 3, ""adUrl"": ""https://www.ballouchi.com/annonces/immobilier/appartements/immeuble-silvestro-a-vendre-a-yassminette-ben-arous.html""}, {""url"": ""https://server.bigdatis.com/api/properties/image/305692515"", ""sourceId"": 3, ""adUrl"": ""https://www.ballouchi.com/annonces/immobilier/appartements/immeuble-silvestro-a-vendre-a-yassminette-ben-arous.html""}, {""url"": ""https://www.menzili.tn/upload/photos/2022/12/13/16/06/s9q649s9e6.jpg"", ""sourceId"": 13, ""adUrl"": ""https://www.menzili.tn/annonce/annonce-104231""}, {""url"": ""https://www.menzili.tn/upload/photos/2022/12/13/16/07/yj52pds847.jpg"", ""sourceId"": 13, ""adUrl"": ""https://www.menzili.tn/annonce/annonce-104231""}, {""url"": ""https://www.menzili.tn/upload/photos/2022/12/13/16/07/d2hzf7n249.jpg"", ""sourceId"": 13, ""adUrl"": ""https://www.menzili.tn/annonce/annonce-104231""}, {""url"": ""https://www.menzili.tn/upload/photos/2022/12/13/16/07/9ahe70069e.jpg"", ""sourceId"": 13, ""adUrl"": ""https://www.menzili.tn/annonce/annonce-104231""}, {""url"": ""https://www.menzili.tn/upload/photos/2022/12/13/16/07/ds9n3mdv6z.jpg"", ""sourceId"": 13, ""adUrl"": ""https://www.menzili.tn/annonce/annonce-104231""}]","[{""sourceId"": 3, ""url"": ""https://www.ballouchi.com/annonces/immobilier/appartements/immeuble-silvestro-a-vendre-a-yassminette-ben-arous.html"", ""price"": 450000, ""sellerType"": ""agency"", ""lastModified"": ""2024-09-25 00:36:11""}, {""sourceId"": 13, ""url"": ""https://www.menzili.tn/annonce/annonce-104231"", ""price"": 450000, ""sellerType"": ""agency"", ""lastModified"": ""2022-12-13 01:05:50""}]","[{""sellerType"": ""agency"", ""contactName"": ""hshrades"", ""active"": true}]",2,2,1,1,10,2,[],2022-12-13 15:50:06,2022-12-13 01:05:50,2024-09-25 12:24:08,2023-07-20 08:57:15,1,2026-02-07 13:25:21
77693,Immeuble Adam à Vendre à Rades,"Un immeuble situé dans un bon quartier d'EL Mourouj I. Au RDC, on a une chambre de service. Au 1 er étage, on a un salon, 3 chambres et une salle de bain. Au 2 éme étage, On a une cuisine et une grande terrasse avec sondage.  Pour tous les renseignements contacter l'agent sur le <a type=""phone"">+21651XXXXXX</a>.",320000.0,150.0,Immeuble résidentiel,residentialBuilding,sale,agency,1106,https://www.menzili.tn/upload/photos/2022/11/03/15/49/a4z3st29v8.jpg,"[""https://www.menzili.tn/upload/photos/2022/11/03/15/49/a4z3st29v8.jpg"", ""https://www.menzili.tn/upload/photos/2022/11/03/15/49/9adndvi9v9.jpg"", ""https://www.menzili.tn/upload/photos/2022/11/03/15/49/2624d6qqv2.jpg"", ""https://www.menzili.tn/upload/photos/2022/11/03/15/49/1q0i7m456v.jpg"", ""https://www.menzili.tn/upload/photos/2022/11/03/15/49/5rz6fndsi9.jpg"", ""https://www.menzili.tn/upload/photos/2022/11/03/15/50/99p13d3d57.jpg"", ""https://www.menzili.tn/upload/photos/2022/11/03/15/50/jdt712032g.jpg""]","[{""url"": ""https://www.menzili.tn/upload/photos/2022/11/03/15/49/a4z3st29v8.jpg"", ""sourceId"": 13, ""adUrl"": ""https://www.menzili.tn/annonce/annonce-101152""}, {""url"": ""https://www.menzili.tn/upload/photos/2022/11/03/15/49/9adndvi9v9.jpg"", ""sourceId"": 13, ""adUrl"": ""https://www.menzili.tn/annonce/annonce-101152""}, {""url"": ""https://www.menzili.tn/upload/photos/2022/11/03/15/49/2624d6qqv2.jpg"", ""sourceId"": 13, ""adUrl"": ""https://www.menzili.tn/annonce/annonce-101152""}, {""url"": ""https://www.menzili.tn/upload/photos/2022/11/03/15/49/1q0i7m456v.jpg"", ""sourceId"": 13, ""adUrl"": ""https://www.menzili.tn/annonce/annonce-101152""}, {""url"": ""https://www.menzili.tn/upload/photos/2022/11/03/15/49/5rz6fndsi9.jpg"", ""sourceId"": 13, ""adUrl"": ""https://www.menzili.tn/annonce/annonce-101152""}, {""url"": ""https://www.menzili.tn/upload/photos/2022/11/03/15/50/99p13d3d57.jpg"", ""sourceId"": 13, ""adUrl"": ""https://www.menzili.tn/annonce/annonce-101152""}, {""url"": ""https://www.menzili.tn/upload/photos/2022/11/03/15/50/jdt712032g.jpg"", ""sourceId"": 13, ""adUrl"": ""https://www.menzili.tn/annonce/annonce-101152""}]","[{""sourceId"": 13, ""url"": ""https://www.menzili.tn/annonce/annonce-101152"", ""price"": 320000, ""sellerType"": ""agency"", ""lastModified"": ""2022-11-03 23:37:43""}]","[{""sellerType"": ""agency"", ""contactName"": ""Home Sweet Home"", ""active"": true}]",1,1,1,1,3,1,[],2022-11-03 15:46:03,2022-11-03 15:45:36,2024-03-20 12:42:15,2022-11-03 15:45:36,1,2026-02-07 13:25:23
872624,Immeuble antonio proche de la mer,"IMMEUBLE ANTONIO (Réf: V2689)
Idéalement situé proche de la mer et de la route touristique d'Hammamet nord, on vous propose un magnifique immeuble à vendre chez TPS immobilière.
Cet immeuble comprend au rez de chaussée, ainsi qu’au premier étage et au deuxième étage des appartements de type s+2.
Par ailleurs ce bel immeuble se compose d’un quatrième appartement de type s+1, offrant un grand salon ouvert sur une belle cuisine américaine.
A partir du second niveau une sublime vue de mer vous éblouie.
L’immeuble est équipé de climatiseurs et de nombreux rangements ; l'immeuble se situe dans une zone très recherchée mais surtout au calme
Nos agents sont à votre disposition pour toutes informations et conseils nécessaires afin de disposer du bien.
Veuillez SVP contacter Mme HELA : <a type=""phone"">+21628XXXXXX</a> / <a type=""phone"">+21652XXXXXX</a>
# Mme HELA # WhatsApp# <a type=""phone"">+21628XXXXXX</a>#",850000.0,,Immeuble résidentiel,residentialBuilding,sale,agency,5182,https://www.tunisiapromo.com/images/139148.jpg,"[""https://www.tunisiapromo.com/images/139148.jpg"", ""https://www.tunisiapromo.com/plans/139148.jpg""]","[{""url"": ""https://www.tunisiapromo.com/images/139148.jpg"", ""sourceId"": 4, ""adUrl"": ""https://www.tunisiapromo.com/annonce/immeuble-antonio-proche-de-la-mer-z139148.html""}, {""url"": ""https://www.tunisiapromo.com/plans/139148.jpg"", ""sourceId"": 4, ""adUrl"": ""https://www.tunisiapromo.com/annonce/immeuble-antonio-proche-de-la-mer-z139148.html""}]","[{""sourceId"": 4, ""url"": ""https://www.tunisiapromo.com/annonce/immeuble-antonio-proche-de-la-mer-z139148.html"", ""price"": 850000, ""sellerType"": ""agency"", ""lastModified"": ""2023-11-20 13:41:35""}]","[{""sellerType"": ""agency"", ""contactName"": ""TPS Immobilière"", ""active"": true}]",1,1,1,1,1,1,"[""balcony"", ""heating"", ""airConditioning"", ""terrace""]",2024-12-26 13:41:50,2023-11-20 13:41:35,2023-11-20 13:41:35,2023-11-20 13:41:35,1,2026-02-07 13:25:25
71473,Opportunite vente immeuble,"A vendre immeuble situé au coin de deux rues,avec titre bleu (3x 325=975m2)
constitué de 6 appartements (3xS+2, 2xS+3, S+5, abri pour 3 voitures, 3 boutiques et un grand garage (terrain 450m2). Cet immeuble est situé à cité erriadh à quelques centaines de mètres de l'institut des beaux arts, institut supérieur d'informatique, faculté des sciences et lycée pilote de Gabès.--Titre bleu",850000.0,975.0,Immeuble résidentiel,residentialBuilding,sale,private,1471,https://www.tunisiapromo.com/images/130783.jpg,"[""https://www.tunisiapromo.com/images/130783.jpg""]","[{""url"": ""https://www.tunisiapromo.com/images/130783.jpg"", ""sourceId"": 4, ""adUrl"": ""https://www.tunisiapromo.com/annonce/opportunite-vente-immeuble-z130783.html""}]","[{""sourceId"": 4, ""url"": ""https://www.tunisiapromo.com/annonce/opportunite-vente-immeuble-z130783.html"", ""price"": 850000, ""sellerType"": ""private"", ""lastModified"": ""2023-06-22 18:42:08""}]","[{""sellerType"": ""private"", ""contactName"": ""mohamed"", ""active"": true}]",1,1,1,1,6,1,[],2022-01-07 00:52:21,2021-12-08 15:50:33,2023-11-04 20:27:05,2023-01-27 18:56:52,1,2026-02-07 13:25:27
608956,Immeuble khalaffff khala,"V397 Immeuble KHALAF
A vendre chez l’agence SMART OWNER immobilière Hammamet, une immeuble offre des appartements de type S+2 avec vue sur mer ,d’une superficie de 96 m² situés à Hammamet Zone Touristique près de l’hôtel Radisson blu.
L’immeuble compte quatre appartements chacun comporte un salon, deux chambre à coucher, une cuisine équipée et une salle d’eau.
Ils sont équipés des climatiseurs et de chauffage central.
Pour éventuelle visite ou plus d’informations voulez svp contacter madame khouloud sur 
<a type=""phone"">+21654XXXXXX</a>-<a type=""phone"">+21652XXXXXX</a>.",850000.0,96.0,Immeuble résidentiel,residentialBuilding,sale,agency,5182,https://www.tunisiapromo.com/images/135676.jpg,"[""https://www.tunisiapromo.com/images/135676.jpg"", ""https://www.tunisiapromo.com/gallery/photo-2-584217.jpg"", ""https://www.tunisiapromo.com/gallery/photo-3-584218.jpg"", ""https://www.tunisiapromo.com/gallery/photo-4-584219.jpg"", ""https://www.tunisiapromo.com/gallery/photo-5-584220.jpg"", ""https://www.tunisiapromo.com/gallery/photo-2-583793.jpg"", ""https://www.tunisiapromo.com/gallery/photo-3-583794.jpg"", ""https://www.tunisiapromo.com/gallery/photo-4-583795.jpg"", ""https://www.tunisiapromo.com/gallery/photo-5-583548.jpg""]","[{""url"": ""https://www.tunisiapromo.com/images/135676.jpg"", ""sourceId"": 4, ""adUrl"": ""https://www.tunisiapromo.com/annonce/immeuble-khalaffff-khala-z135676.html""}, {""url"": ""https://www.tunisiapromo.com/gallery/photo-2-584217.jpg"", ""sourceId"": 4, ""adUrl"": ""https://www.tunisiapromo.com/annonce/immeuble-khalaffffffffffffff-z135629.html""}, {""url"": ""https://www.tunisiapromo.com/gallery/photo-3-584218.jpg"", ""sourceId"": 4, ""adUrl"": ""https://www.tunisiapromo.com/annonce/immeuble-khalaffffffffffffff-z135629.html""}, {""url"": ""https://www.tunisiapromo.com/gallery/photo-4-584219.jpg"", ""sourceId"": 4, ""adUrl"": ""https://www.tunisiapromo.com/annonce/immeuble-khalaffffffffffffff-z135629.html""}, {""url"": ""https://www.tunisiapromo.com/gallery/photo-5-584220.jpg"", ""sourceId"": 4, ""adUrl"": ""https://www.tunisiapromo.com/annonce/immeuble-khalaffffffffffffff-z135629.html""}, {""url"": ""https://www.tunisiapromo.com/gallery/photo-2-583793.jpg"", ""sourceId"": 4, ""adUrl"": ""https://www.tunisiapromo.com/annonce/immeuble-khalaf-khalafffff-z135493.html""}, {""url"": ""https://www.tunisiapromo.com/gallery/photo-3-583794.jpg"", ""sourceId"": 4, ""adUrl"": ""https://www.tunisiapromo.com/annonce/immeuble-khalaf-khalafffff-z135493.html""}, {""url"": ""https://www.tunisiapromo.com/gallery/photo-4-583795.jpg"", ""sourceId"": 4, ""adUrl"": ""https://www.tunisiapromo.com/annonce/immeuble-khalaf-khalafffff-z135493.html""}, {""url"": ""https://www.tunisiapromo.com/gallery/photo-5-583548.jpg"", ""sourceId"": 4, ""adUrl"": ""https://www.tunisiapromo.com/annonce/immeuble-khalaf-khalaffffff-z135449.html""}]","[{""sourceId"": 4, ""url"": ""https://www.tunisiapromo.com/annonce/immeuble-khalaffff-khala-z135676.html"", ""price"": 850000, ""sellerType"": ""agency"", ""lastModified"": ""2023-07-28 19:54:09""}]","[{""sellerType"": ""agency"", ""contactName"": ""smart"", ""active"": true}]",1,1,1,1,4,4,"[""heating"", ""airConditioning""]",2023-07-19 19:51:10,2023-07-19 19:51:08,2023-07-28 19:54:09,2023-07-19 19:51:08,1,2026-02-07 13:25:28
609747,Immeuble saad immeuble saaddddd,"V392 Immeuble SAAD
A vendre chez l’agence SMART OWNER immobilière Hammamet, une immeuble offre des appartements de type S+1 d’une superficie de 75 m² situés à Hammamet Centre Ville.
L’immeuble compte quatre appartements chaqu’un comporte un salon, une chambre à coucher, une cuisine équipée et une salle d’eau.
Au rez de chaussée on trouve un S1 dont le prix est à 150 000 DT.
Au 1er et 2ème étage, on trouve deux S1 dont le prix est à 150 000 DT.
Quant au 3ème étage, on trouve un S0 avec une belle terrasse vue sur mer, dont le prix est à 170 000 DT.
Ils sont équipés des climatiseurs.
Pour éventuelle visite ou plus d’informations voulez svp contacter madame khouloud sur 
<a type=""phone"">+21654XXXXXX</a>-<a type=""phone"">+21652XXXXXX</a>.",150000.0,75.0,Immeuble résidentiel,residentialBuilding,sale,agency,3479,https://www.tunisiapromo.com/images/135503.jpg,"[""https://www.tunisiapromo.com/images/135503.jpg""]","[{""url"": ""https://www.tunisiapromo.com/images/135503.jpg"", ""sourceId"": 4, ""adUrl"": ""https://www.tunisiapromo.com/annonce/immeuble-saad-immeuble-saaddddd-z135503.html""}]","[{""sourceId"": 4, ""url"": ""https://www.tunisiapromo.com/annonce/immeuble-saad-immeuble-saaddddd-z135503.html"", ""price"": 150000, ""sellerType"": ""agency"", ""lastModified"": ""2023-07-21 14:10:07""}]","[{""sellerType"": ""agency"", ""contactName"": ""smart"", ""active"": true}]",1,1,1,1,1,1,"[""airConditioning""]",2023-07-21 14:10:07,2023-07-21 14:10:07,2023-07-21 14:10:07,2023-07-21 14:10:07,1,2026-02-07 13:25:30
79769,Belle résidence à la corniche sousse 200 m de la mer,"il s’agit d’une résidence de 932m2, de 3 niveaux avec un 4ème niveau constructible (permis de construction existant) avec titre foncier.
elle est composée de 24 pièces qui sont réparties comme suit:
10 double, 6 triple, 2 single, 2 suites (4 pièces double communicantes entre elles) une avec 4 lits et l’autre avec 5 lits.
elle est située dans une zone très animée à proximité des restaurants, de grandes surfaces et surtout à 200 m de la belle plage de boujâafar.",1700.0,932.0,Immeuble résidentiel,residentialBuilding,sale,private,4617,https://www.tunisiapromo.com/images/132515.jpg,"[""https://www.tunisiapromo.com/images/132515.jpg"", ""https://www.tunisiapromo.com/plans/132515.jpg"", ""https://www.tunisiapromo.com/gallery/photo-1-491918.jpg"", ""https://www.tunisiapromo.com/gallery/photo-2-491919.jpg"", ""https://www.tunisiapromo.com/plans/119817.jpg""]","[{""url"": ""https://www.tunisiapromo.com/images/132515.jpg"", ""sourceId"": 4, ""adUrl"": ""https://www.tunisiapromo.com/annonce/belle-residence-a-la-corniche-sousse-200-m-de-la-mer-z132515.html""}, {""url"": ""https://www.tunisiapromo.com/plans/132515.jpg"", ""sourceId"": 4, ""adUrl"": ""https://www.tunisiapromo.com/annonce/belle-residence-a-la-corniche-sousse-200-m-de-la-mer-z132515.html""}, {""url"": ""https://www.tunisiapromo.com/gallery/photo-1-491918.jpg"", ""sourceId"": 4, ""adUrl"": ""https://www.tunisiapromo.com/annonce/tres-belle-residence-a-200m-de-la-corniche-de-boujaafar-z119817.html""}, {""url"": ""https://www.tunisiapromo.com/gallery/photo-2-491919.jpg"", ""sourceId"": 4, ""adUrl"": ""https://www.tunisiapromo.com/annonce/tres-belle-residence-a-200m-de-la-corniche-de-boujaafar-z119817.html""}, {""url"": ""https://www.tunisiapromo.com/plans/119817.jpg"", ""sourceId"": 4, ""adUrl"": ""https://www.tunisiapromo.com/annonce/tres-belle-residence-a-200m-de-la-corniche-de-boujaafar-z119817.html""}]","[{""sourceId"": 4, ""url"": ""https://www.tunisiapromo.com/annonce/belle-residence-a-la-corniche-sousse-200-m-de-la-mer-z132515.html"", ""price"": 1700, ""sellerType"": ""private"", ""lastModified"": ""2023-04-26 22:58:13""}]","[{""sellerType"": ""private"", ""contactName"": ""nayssen"", ""active"": true}]",1,1,1,1,2,2,"[""heating"", ""airConditioning"", ""equippedKitchen""]",2022-05-12 16:17:10,2022-05-12 16:17:10,2023-04-26 22:58:13,2022-05-12 16:17:10,1,2026-02-07 13:25:32
584708,Immeuble BROMELIA BARAKET SAHEL,"Immeuble BROMELIA (Réf: V2645)
Chez TPS Immobilière Hammamet, un immeuble de type R+2 bien situé à Barraket Essahel dans un emplacement très calme avec un titre foncier individuel, destiné pour la vente.
La propriété est bâtie sur un terrain de 437m² et composée de 6 appartements et une grande terrasse au 3ème étage.
L’immeuble offre au RDC :
Un appartement de type S+3 qui comporte un vaste salon, une salle à manger, deux chambres à coucher, une suite parentale avec sa propre SDB, une SDD commune et une cuisine avec un séchoir. Cet appartement dispose d’une place de stationnement pour voiture.
Un studio de type S+1 qui dispose un salon, une chambre à coucher, une SDB et une cuisine.
Le 1er et 2éme étage sont identiques avec 2 appartements de type S+2 dans chaque niveau, composé chacun d’un spacieux et lumineux salon ouvrant sur un balcon, une salle à manger, deux chambres à coucher avec des placards, une SDB commune et une cuisine avec un séchoir.
Cet immeuble est fourni d’une pré-installation de chauffage central (alimenté de gaz de ville), des compteurs d'eau et d'électricité autonome pour chaque appartement ainsi que des places de parking devant l'immeuble.
Nos agents sont à votre disposition pour toutes informations et conseils nécessaires afin de disposer du bien.
Veuillez SVP contacter Mme HELA : <a type=""phone"">+21628XXXXXX</a> / <a type=""phone"">+21652XXXXXX</a>
# Mme HELA # WhatsApp# <a type=""phone"">+21628XXXXXX</a>#",1500000.0,437.0,Immeuble résidentiel,residentialBuilding,sale,agency,3440,http://cdn2.ballouchi.com/800x600/368611-1.jpg,"[""https://server.bigdatis.com/api/properties/image/305741589""]","[{""url"": ""https://server.bigdatis.com/api/properties/image/305741589"", ""sourceId"": 3, ""adUrl"": ""https://www.ballouchi.com/annonces/immobilier/appartements/immeuble-bromelia-baraket-sahel.html""}]","[{""sourceId"": 3, ""url"": ""https://www.ballouchi.com/annonces/immobilier/appartements/immeuble-bromelia-baraket-sahel.html"", ""price"": 1500000, ""sellerType"": ""agency"", ""lastModified"": ""2023-04-14 01:16:31""}]","[{""sellerType"": ""agency"", ""contactName"": ""hammamettps"", ""active"": true}]",1,1,1,1,2,1,"[""garden"", ""parking"", ""centralHeating""]",2023-04-14 10:28:12,2023-04-14 01:16:31,2023-04-14 11:27:47,2023-04-14 01:16:31,1,2026-02-07 13:25:34
160304,à vendre immeuble r+2 proche de la plage baghdedi,"À vendre 
chez notre
AGENCEELHANAORPI  vous offre un investissement rentable , une occasion à ne pas rater,
un immeuble R+2  dans un emplacement très idéal; à quelques minutes de la #mer",938000.0,,Immeuble résidentiel,residentialBuilding,sale,agency,3081,https://www.tunisiapromo.com/images/132130.jpg,"[""https://www.tunisiapromo.com/images/132130.jpg""]","[{""url"": ""https://www.tunisiapromo.com/images/132130.jpg"", ""sourceId"": 4, ""adUrl"": ""https://www.tunisiapromo.com/annonce/a-vendre-immeuble-r-2-proche-de-la-plage-baghdedi-z132130.html""}]","[{""sourceId"": 4, ""url"": ""https://www.tunisiapromo.com/annonce/a-vendre-immeuble-r-2-proche-de-la-plage-baghdedi-z132130.html"", ""price"": 938000, ""sellerType"": ""agency"", ""lastModified"": ""2023-03-23 23:43:15""}]","[{""sellerType"": ""agency"", ""contactName"": ""hana"", ""active"": true}]",1,1,1,1,1,1,[],2023-03-24 07:35:07,2023-03-23 07:35:05,2023-03-23 23:43:15,2023-03-23 07:35:05,1,2026-02-07 13:25:36
30832,Immeuble inachevé à vendre,"Je met en vente une immeuble à construction inachevé en vente se compose de :
- Permis de bâtir un RDC ( commercial )  + mezzanine + 5 étage
- Les plans d'architecture résulte 12 appartement et 45 m² de commerce au RDC
- Les travaux de structure sont achevé au 2ème étage comme indiqué au photo
- Les surface des planchers brut seront RDC 215 m² , mezzanine 215 m² , 1er au 4ème étage 254 m² chacun et le 5ème étage 169 m² 
- Total surface brut habitable 1570 m² et 45 m² commerciale
- L'immeuble est sous la propriété d'une promotion immobilière 
- Tout les dossiers sont disponible ( juridique, architecture , béton , autorisation concessionnaire )",410000.0,1570.0,Immeuble résidentiel,residentialBuilding,sale,private,3969,https://www.tunisiapromo.com/gallery/photo-1-539514.jpg,"[""https://www.tunisiapromo.com/gallery/photo-1-539514.jpg"", ""https://www.tunisiapromo.com/gallery/photo-2-539515.jpg"", ""https://www.tunisiapromo.com/gallery/photo-3-539516.jpg"", ""https://www.tunisiapromo.com/gallery/photo-4-539517.jpg""]","[{""url"": ""https://www.tunisiapromo.com/gallery/photo-1-539514.jpg"", ""sourceId"": 4, ""adUrl"": ""https://www.tunisiapromo.com/annonce/immeuble-inacheve-a-vendre-z128893.html""}, {""url"": ""https://www.tunisiapromo.com/gallery/photo-2-539515.jpg"", ""sourceId"": 4, ""adUrl"": ""https://www.tunisiapromo.com/annonce/immeuble-inacheve-a-vendre-z128893.html""}, {""url"": ""https://www.tunisiapromo.com/gallery/photo-3-539516.jpg"", ""sourceId"": 4, ""adUrl"": ""https://www.tunisiapromo.com/annonce/immeuble-inacheve-a-vendre-z128893.html""}, {""url"": ""https://www.tunisiapromo.com/gallery/photo-4-539517.jpg"", ""sourceId"": 4, ""adUrl"": ""https://www.tunisiapromo.com/annonce/immeuble-inacheve-a-vendre-z128893.html""}]","[{""sourceId"": 4, ""url"": ""https://www.tunisiapromo.com/annonce/immeuble-inacheve-a-vendre-z128893.html"", ""price"": 410000, ""sellerType"": ""private"", ""lastModified"": ""2022-12-02 16:17:04""}]","[{""sellerType"": ""private"", ""contactName"": ""mohamed"", ""active"": true}]",1,1,1,1,1,1,"[""heating"", ""parking""]",2022-12-02 23:52:05,2022-09-15 17:33:42,2022-12-02 16:17:04,2022-09-15 17:33:42,1,2026-02-07 13:25:38
59575,Réf 2413 : un immeuble 2 minute de la marina bizerte,"Réf 2413 : EDFImmobilière met à la vente un immeuble en cours de finition composé de :
RDC : locale de 76 m² + mezzanine 76 m² . 
1 er etage offre : 2 appartements s+2 + 2 SBD + cuisine + terrasse . 
2 etage offre : un appartement duplexe compsé de : 2 salon + 3 chambre + cuisine + grand terrasse .
  Superficie : 380 m²
 prix de vente : 530 md 
 Pour plus de renseignements,veuillez nous contacter sur le <a type=""phone"">+21629XXXXXX</a> / <a type=""phone"">+21672XXXXXX</a>",530000.0,380.0,Immeuble résidentiel,residentialBuilding,sale,agency,1129,https://www.tunisiapromo.com/gallery/photo-1-533856.jpg,"[""https://www.tunisiapromo.com/gallery/photo-1-533856.jpg"", ""https://www.tunisiapromo.com/gallery/photo-2-533857.jpg"", ""https://www.tunisiapromo.com/gallery/photo-3-533858.jpg"", ""https://www.tunisiapromo.com/gallery/photo-4-533859.jpg"", ""https://www.tunisiapromo.com/gallery/photo-5-533860.jpg"", ""https://www.tunisiapromo.com/gallery/photo-6-533861.jpg"", ""https://www.tunisiapromo.com/gallery/photo-7-533862.jpg"", ""https://www.tunisiapromo.com/gallery/photo-8-533863.jpg"", ""https://www.tunisiapromo.com/gallery/photo-9-533864.jpg"", ""https://www.tunisiapromo.com/gallery/photo-10-533865.jpg""]","[{""url"": ""https://www.tunisiapromo.com/gallery/photo-1-533856.jpg"", ""sourceId"": 4, ""adUrl"": ""https://www.tunisiapromo.com/annonce/ref-2413-un-immeuble-2-minute-de-la-marina-bizerte-z128037.html""}, {""url"": ""https://www.tunisiapromo.com/gallery/photo-2-533857.jpg"", ""sourceId"": 4, ""adUrl"": ""https://www.tunisiapromo.com/annonce/ref-2413-un-immeuble-2-minute-de-la-marina-bizerte-z128037.html""}, {""url"": ""https://www.tunisiapromo.com/gallery/photo-3-533858.jpg"", ""sourceId"": 4, ""adUrl"": ""https://www.tunisiapromo.com/annonce/ref-2413-un-immeuble-2-minute-de-la-marina-bizerte-z128037.html""}, {""url"": ""https://www.tunisiapromo.com/gallery/photo-4-533859.jpg"", ""sourceId"": 4, ""adUrl"": ""https://www.tunisiapromo.com/annonce/ref-2413-un-immeuble-2-minute-de-la-marina-bizerte-z128037.html""}, {""url"": ""https://www.tunisiapromo.com/gallery/photo-5-533860.jpg"", ""sourceId"": 4, ""adUrl"": ""https://www.tunisiapromo.com/annonce/ref-2413-un-immeuble-2-minute-de-la-marina-bizerte-z128037.html""}, {""url"": ""https://www.tunisiapromo.com/gallery/photo-6-533861.jpg"", ""sourceId"": 4, ""adUrl"": ""https://www.tunisiapromo.com/annonce/ref-2413-un-immeuble-2-minute-de-la-marina-bizerte-z128037.html""}, {""url"": ""https://www.tunisiapromo.com/gallery/photo-7-533862.jpg"", ""sourceId"": 4, ""adUrl"": ""https://www.tunisiapromo.com/annonce/ref-2413-un-immeuble-2-minute-de-la-marina-bizerte-z128037.html""}, {""url"": ""https://www.tunisiapromo.com/gallery/photo-8-533863.jpg"", ""sourceId"": 4, ""adUrl"": ""https://www.tunisiapromo.com/annonce/ref-2413-un-immeuble-2-minute-de-la-marina-bizerte-z128037.html""}, {""url"": ""https://www.tunisiapromo.com/gallery/photo-9-533864.jpg"", ""sourceId"": 4, ""adUrl"": ""https://www.tunisiapromo.com/annonce/ref-2413-un-immeuble-2-minute-de-la-marina-bizerte-z128037.html""}, {""url"": ""https://www.tunisiapromo.com/gallery/photo-10-533865.jpg"", ""sourceId"": 4, ""adUrl"": ""https://www.tunisiapromo.com/annonce/ref-2413-un-immeuble-2-minute-de-la-marina-bizerte-z128037.html""}]","[{""sourceId"": 4, ""url"": ""https://www.tunisiapromo.com/annonce/ref-2413-un-immeuble-2-minute-de-la-marina-bizerte-z128037.html"", ""price"": 530000, ""sellerType"": ""agency"", ""lastModified"": ""2022-11-16 20:25:14""}]","[{""sellerType"": ""agency"", ""contactName"": ""EDF IMMOBILIÈRE"", ""active"": true}]",1,1,1,1,1,1,"[""balcony"", ""terrace""]",2022-11-04 02:13:02,2022-11-03 02:13:02,2022-11-16 20:25:14,2022-11-03 02:13:02,1,2026-02-07 13:25:39
85815,Rdc et 1ere étage en plein centre ville prés de la poste,REFERENCE  V 1694,220000.0,130.0,Immeuble résidentiel,residentialBuilding,sale,agency,3496,https://www.tunisiapromo.com/gallery/photo-1-463565.jpg,"[""https://www.tunisiapromo.com/gallery/photo-1-463565.jpg"", ""https://www.tunisiapromo.com/gallery/photo-2-463566.jpg"", ""https://www.tunisiapromo.com/gallery/photo-3-463567.jpg"", ""https://www.tunisiapromo.com/gallery/photo-4-463568.jpg"", ""https://www.tunisiapromo.com/gallery/photo-5-463569.jpg"", ""https://www.tunisiapromo.com/gallery/photo-6-463570.jpg"", ""https://www.tunisiapromo.com/gallery/photo-7-463571.jpg"", ""https://www.tunisiapromo.com/gallery/photo-8-463572.jpg"", ""https://www.tunisiapromo.com/gallery/photo-9-463573.jpg"", ""https://www.tunisiapromo.com/gallery/photo-10-463574.jpg"", ""https://www.tunisiapromo.com/plans/114238.jpg""]","[{""url"": ""https://www.tunisiapromo.com/gallery/photo-1-463565.jpg"", ""sourceId"": 4, ""adUrl"": ""https://www.tunisiapromo.com/annonce/rdc-et-1ere-etage-en-plein-centre-ville-pres-de-la-poste-z114238.html""}, {""url"": ""https://www.tunisiapromo.com/gallery/photo-2-463566.jpg"", ""sourceId"": 4, ""adUrl"": ""https://www.tunisiapromo.com/annonce/rdc-et-1ere-etage-en-plein-centre-ville-pres-de-la-poste-z114238.html""}, {""url"": ""https://www.tunisiapromo.com/gallery/photo-3-463567.jpg"", ""sourceId"": 4, ""adUrl"": ""https://www.tunisiapromo.com/annonce/rdc-et-1ere-etage-en-plein-centre-ville-pres-de-la-poste-z114238.html""}, {""url"": ""https://www.tunisiapromo.com/gallery/photo-4-463568.jpg"", ""sourceId"": 4, ""adUrl"": ""https://www.tunisiapromo.com/annonce/rdc-et-1ere-etage-en-plein-centre-ville-pres-de-la-poste-z114238.html""}, {""url"": ""https://www.tunisiapromo.com/gallery/photo-5-463569.jpg"", ""sourceId"": 4, ""adUrl"": ""https://www.tunisiapromo.com/annonce/rdc-et-1ere-etage-en-plein-centre-ville-pres-de-la-poste-z114238.html""}, {""url"": ""https://www.tunisiapromo.com/gallery/photo-6-463570.jpg"", ""sourceId"": 4, ""adUrl"": ""https://www.tunisiapromo.com/annonce/rdc-et-1ere-etage-en-plein-centre-ville-pres-de-la-poste-z114238.html""}, {""url"": ""https://www.tunisiapromo.com/gallery/photo-7-463571.jpg"", ""sourceId"": 4, ""adUrl"": ""https://www.tunisiapromo.com/annonce/rdc-et-1ere-etage-en-plein-centre-ville-pres-de-la-poste-z114238.html""}, {""url"": ""https://www.tunisiapromo.com/gallery/photo-8-463572.jpg"", ""sourceId"": 4, ""adUrl"": ""https://www.tunisiapromo.com/annonce/rdc-et-1ere-etage-en-plein-centre-ville-pres-de-la-poste-z114238.html""}, {""url"": ""https://www.tunisiapromo.com/gallery/photo-9-463573.jpg"", ""sourceId"": 4, ""adUrl"": ""https://www.tunisiapromo.com/annonce/rdc-et-1ere-etage-en-plein-centre-ville-pres-de-la-poste-z114238.html""}, {""url"": ""https://www.tunisiapromo.com/gallery/photo-10-463574.jpg"", ""sourceId"": 4, ""adUrl"": ""https://www.tunisiapromo.com/annonce/rdc-et-1ere-etage-en-plein-centre-ville-pres-de-la-poste-z114238.html""}, {""url"": ""https://www.tunisiapromo.com/plans/114238.jpg"", ""sourceId"": 4, ""adUrl"": ""https://www.tunisiapromo.com/annonce/rdc-et-1ere-etage-en-plein-centre-ville-pres-de-la-poste-z114238.html""}]","[{""sourceId"": 4, ""url"": ""https://www.tunisiapromo.com/annonce/rdc-et-1ere-etage-en-plein-centre-ville-pres-de-la-poste-z114238.html"", ""price"": 220000, ""sellerType"": ""agency"", ""lastModified"": ""2021-10-26 13:55:04""}]","[{""sellerType"": ""agency"", ""contactName"": ""benarfi"", ""active"": true}]",1,1,1,1,1,1,[],2022-01-07 01:02:24,2021-10-26 01:02:13,2021-10-26 13:55:04,2021-10-26 01:02:13,1,2026-02-07 13:25:42
497430,Immeuble perla réf:  hammamet,"Immeuble PERLA (Réf: V1307)
A vendre chez l’agence TPS Immobilière, un immeuble de standing d’une superficie de 145 m² de terrain et de 300 m² de bâtie, bien situé à Hammamet sur la route principale et proche de toutes les commodités.
Cet immeuble est réparti comme suit :
Au RDC et au premier étage, vous bénéficiez d’un local commercial avec double hauteur.
Au deuxième étage, vous trouvez quatre appartements, un appartement de type S+2, deux appartements de type S+1 et un appartement de type S+0.
L’immeuble est équipé de chauffage central, climatisation et il dispose de trois compteurs d’électricité, trois compteurs de gaz et trois compteurs d’eau.
Veuillez SVP contacter Mme Nesrine: <a type=""phone"">+21628XXXXXX</a> / <a type=""phone"">+21652XXXXXX</a>
#Mme Nesrine # <a type=""phone"">+21628XXXXXX</a> #",1300000.0,300.0,Immeuble résidentiel,residentialBuilding,sale,agency,3479,https://www.tunisiapromo.com/images/107066.jpg,"[""https://www.tunisiapromo.com/images/107066.jpg""]","[{""url"": ""https://www.tunisiapromo.com/images/107066.jpg"", ""sourceId"": 4, ""adUrl"": ""https://www.tunisiapromo.com/annonce/immeuble-perla-ref-hammamet-z107066.html""}]","[{""sourceId"": 4, ""url"": ""https://www.tunisiapromo.com/annonce/immeuble-perla-ref-hammamet-z107066.html"", ""price"": 1300000, ""sellerType"": ""agency"", ""lastModified"": ""2020-12-18 23:09:03""}]","[{""sellerType"": ""agency"", ""contactName"": ""TPS Immobilière"", ""active"": true}]",1,1,1,1,1,1,[],2022-01-06 23:09:24,2020-12-18 23:09:03,2020-12-18 23:09:03,2020-12-18 23:09:03,1,2026-02-07 13:25:44
384212,R+1 pour commercial et habitation,"Exclusivement chez immobiliére maximum , un immeuble R+1 bâtit sur 249.5m2, situé sur l’avenue Farhat Hached en plein centre de Mornag. Au RDC, un dépôt de 120m2 et un commerce de 120m2, le premier étage compte deux appartements S+2 chacun . Le prix demandé est de 725.000 DT .Pour plus d'information veuillez contacter <a type=""phone"">+21695XXXXXX</a> ou <a type=""phone"">+21672XXXXXX</a>.",725000.0,250.0,Immeuble résidentiel,residentialBuilding,sale,agency,1080,https://www.tunisiapromo.com/gallery/photo-1-368285.jpg,"[""https://www.tunisiapromo.com/gallery/photo-1-368285.jpg"", ""https://www.tunisiapromo.com/gallery/photo-2-368286.jpg"", ""https://www.tunisiapromo.com/gallery/photo-3-368287.jpg"", ""https://www.tunisiapromo.com/gallery/photo-4-368288.jpg"", ""https://www.tunisiapromo.com/gallery/photo-5-368289.jpg"", ""https://www.tunisiapromo.com/gallery/photo-6-368290.jpg"", ""https://www.tunisiapromo.com/gallery/photo-8-368292.jpg"", ""https://www.tunisiapromo.com/gallery/photo-9-368293.jpg""]","[{""url"": ""https://www.tunisiapromo.com/gallery/photo-1-368285.jpg"", ""sourceId"": 4, ""adUrl"": ""https://www.tunisiapromo.com/annonce/r-1-pour-commercial-et-habitation-z79426.html""}, {""url"": ""https://www.tunisiapromo.com/gallery/photo-2-368286.jpg"", ""sourceId"": 4, ""adUrl"": ""https://www.tunisiapromo.com/annonce/r-1-pour-commercial-et-habitation-z79426.html""}, {""url"": ""https://www.tunisiapromo.com/gallery/photo-3-368287.jpg"", ""sourceId"": 4, ""adUrl"": ""https://www.tunisiapromo.com/annonce/r-1-pour-commercial-et-habitation-z79426.html""}, {""url"": ""https://www.tunisiapromo.com/gallery/photo-4-368288.jpg"", ""sourceId"": 4, ""adUrl"": ""https://www.tunisiapromo.com/annonce/r-1-pour-commercial-et-habitation-z79426.html""}, {""url"": ""https://www.tunisiapromo.com/gallery/photo-5-368289.jpg"", ""sourceId"": 4, ""adUrl"": ""https://www.tunisiapromo.com/annonce/r-1-pour-commercial-et-habitation-z79426.html""}, {""url"": ""https://www.tunisiapromo.com/gallery/photo-6-368290.jpg"", ""sourceId"": 4, ""adUrl"": ""https://www.tunisiapromo.com/annonce/r-1-pour-commercial-et-habitation-z79426.html""}, {""url"": ""https://www.tunisiapromo.com/gallery/photo-8-368292.jpg"", ""sourceId"": 4, ""adUrl"": ""https://www.tunisiapromo.com/annonce/r-1-pour-commercial-et-habitation-z79426.html""}, {""url"": ""https://www.tunisiapromo.com/gallery/photo-9-368293.jpg"", ""sourceId"": 4, ""adUrl"": ""https://www.tunisiapromo.com/annonce/r-1-pour-commercial-et-habitation-z79426.html""}]","[{""sourceId"": 4, ""url"": ""https://www.tunisiapromo.com/annonce/r-1-pour-commercial-et-habitation-z79426.html"", ""price"": 725000, ""sellerType"": ""agency"", ""lastModified"": ""2020-12-12 16:00:32""}]","[{""sellerType"": ""agency"", ""contactName"": ""Immobilière"", ""active"": true}]",1,1,1,1,1,1,[],2022-01-06 23:01:10,2018-11-21 23:01:08,2020-12-12 16:00:32,2018-11-21 23:01:08,1,2026-02-07 13:25:46
403693,Immeuble deux étages a hammamet,"A vendre un immeuble de R+2 proche de centre ville hammamet sur terrain de 430 m² , couvert  1000 m² . se compose de 12 appartemants .
Chaque appartement se compose de S+2  très biens airé avec parking.
Prix : 1 800 MD 
Pour plus d’onfo contacter : <a type=""phone"">+21625XXXXXX</a>  
00 216<a type=""phone"">+21695XXXXXX</a>",1800.0,1000.0,Immeuble résidentiel,residentialBuilding,sale,agency,3479,https://www.tunisiapromo.com/gallery/photo-1-415903.jpg,"[""https://www.tunisiapromo.com/gallery/photo-1-415903.jpg"", ""https://www.tunisiapromo.com/gallery/photo-2-415904.jpg""]","[{""url"": ""https://www.tunisiapromo.com/gallery/photo-1-415903.jpg"", ""sourceId"": 4, ""adUrl"": ""https://www.tunisiapromo.com/annonce/immeuble-deux-etages-a-hammamet-z100215.html""}, {""url"": ""https://www.tunisiapromo.com/gallery/photo-2-415904.jpg"", ""sourceId"": 4, ""adUrl"": ""https://www.tunisiapromo.com/annonce/immeuble-deux-etages-a-hammamet-z100215.html""}]","[{""sourceId"": 4, ""url"": ""https://www.tunisiapromo.com/annonce/immeuble-deux-etages-a-hammamet-z100215.html"", ""price"": 1800, ""sellerType"": ""agency"", ""lastModified"": ""2020-06-04 21:14:19""}]","[{""sellerType"": ""agency"", ""contactName"": ""best"", ""active"": true}]",1,1,1,1,1,1,[],2022-01-06 21:14:31,2020-06-04 21:14:19,2020-06-04 21:14:19,2020-06-04 21:14:19,1,2026-02-07 13:25:49
933264,Immeuble solaria la corniche a,"A vendre un petit immeuble de rapport situé dans un quartier calme à la corniche, proche commerces et plage. Il est composé de quatre appartements composé chacun d'un petit salon, une kitchenette, une chambre à coucher et une salle d'eau. 
Emplacement idéal et bonne rentabilité.
Prix: 210 000 DT
Nous Sommes à votre disposition pour Toutes informations complémentaires vous pouvez contacter madame Nada sur le <a type=""phone"">+21650XXXXXX</a>.
Agence Mouin Immobilier International email mouinimmobilier2016@gmail.com et notre site web www.mouin-immobilier.com",210000.0,130.0,Immeuble résidentiel,residentialBuilding,sale,agency,3479,https://www.tunisiapromo.com/gallery/photo-1-399575.jpg,"[""https://www.tunisiapromo.com/gallery/photo-1-399575.jpg"", ""https://www.tunisiapromo.com/gallery/photo-2-399576.jpg"", ""https://www.tunisiapromo.com/gallery/photo-3-399577.jpg""]","[{""url"": ""https://www.tunisiapromo.com/gallery/photo-1-399575.jpg"", ""sourceId"": 4, ""adUrl"": ""https://www.tunisiapromo.com/annonce/immeuble-solaria-la-corniche-a-z94838.html""}, {""url"": ""https://www.tunisiapromo.com/gallery/photo-2-399576.jpg"", ""sourceId"": 4, ""adUrl"": ""https://www.tunisiapromo.com/annonce/immeuble-solaria-la-corniche-a-z94838.html""}, {""url"": ""https://www.tunisiapromo.com/gallery/photo-3-399577.jpg"", ""sourceId"": 4, ""adUrl"": ""https://www.tunisiapromo.com/annonce/immeuble-solaria-la-corniche-a-z94838.html""}]","[{""sourceId"": 4, ""url"": ""https://www.tunisiapromo.com/annonce/immeuble-solaria-la-corniche-a-z94838.html"", ""price"": 210000, ""sellerType"": ""agency"", ""lastModified"": ""2019-11-11 15:43:46""}]","[{""sellerType"": ""agency"", ""contactName"": ""Mouin Immobilier"", ""active"": true}]",1,1,1,1,1,1,[],2025-01-28 15:43:53,2019-11-11 15:43:46,2019-11-11 15:43:46,2019-11-11 15:43:46,1,2026-02-07 13:25:51
876617,Immeuble meublé à hammamet,"Zone Résidentielle bien demandée à proximité de toutes commodités et loisirs nécessaires
Cet immeuble Se caractérise par un emplacement d'exception calme, luxueuse.
Elle se compose de 3 étages : 
RDC : il dispose d’un grand salon, deux chambres à coucher, cuisine bien équipée, salle d’eau bain, abri de voiture de superficie 50m²
1ére étage se compose d’un appartement qui dispose : salon, 2 chambres à couchers, salle de bain, cuisine bien équipée 
2éme étages possède aussi un appartement  S+2.
L’immeuble équipé d’un Climatisation+ chauffage central
Document : Titre bleu 
Réf : IM003",595.0,50.0,Immeuble résidentiel,residentialBuilding,sale,agency,3479,https://www.tunisiapromo.com/gallery/photo-1-388928.jpg,"[""https://www.tunisiapromo.com/gallery/photo-1-388928.jpg"", ""https://www.tunisiapromo.com/gallery/photo-2-388929.jpg"", ""https://www.tunisiapromo.com/gallery/photo-3-388930.jpg"", ""https://www.tunisiapromo.com/gallery/photo-4-388931.jpg"", ""https://www.tunisiapromo.com/plans/88970.jpg""]","[{""url"": ""https://www.tunisiapromo.com/gallery/photo-1-388928.jpg"", ""sourceId"": 4, ""adUrl"": ""https://www.tunisiapromo.com/annonce/immeuble-meuble-a-hammamet-z88970.html""}, {""url"": ""https://www.tunisiapromo.com/gallery/photo-2-388929.jpg"", ""sourceId"": 4, ""adUrl"": ""https://www.tunisiapromo.com/annonce/immeuble-meuble-a-hammamet-z88970.html""}, {""url"": ""https://www.tunisiapromo.com/gallery/photo-3-388930.jpg"", ""sourceId"": 4, ""adUrl"": ""https://www.tunisiapromo.com/annonce/immeuble-meuble-a-hammamet-z88970.html""}, {""url"": ""https://www.tunisiapromo.com/gallery/photo-4-388931.jpg"", ""sourceId"": 4, ""adUrl"": ""https://www.tunisiapromo.com/annonce/immeuble-meuble-a-hammamet-z88970.html""}, {""url"": ""https://www.tunisiapromo.com/plans/88970.jpg"", ""sourceId"": 4, ""adUrl"": ""https://www.tunisiapromo.com/annonce/immeuble-meuble-a-hammamet-z88970.html""}]","[{""sourceId"": 4, ""url"": ""https://www.tunisiapromo.com/annonce/immeuble-meuble-a-hammamet-z88970.html"", ""price"": 595, ""sellerType"": ""agency"", ""lastModified"": ""2019-06-22 17:00:32""}]","[{""sellerType"": ""agency"", ""contactName"": ""islem"", ""active"": true}]",1,1,1,1,1,1,[],2024-12-26 17:00:41,2019-06-22 17:00:32,2019-06-22 17:00:32,2019-06-22 17:00:32,1,2026-02-07 13:25:56
876728,Immeuble 1200 tunis sud,"L’Agence Immobilière Nour Ennasr met en vente à Tunis Sud un immeuble commercial et résidentiel de surface couverte 1200 M2 sur quatre niveaux construit sur un terrain de 300 M2 . L’immeuble se situe sur une rue principale commerçante et peut être extensible à un étage supplémentaire. L’immeuble comprends un salon de thé  et une agence bancaire en RDC , deux étages open sapce actuellement en usage de salle de sport par le propriétaire et un appartement d’habitation au dernier étage exploité par le propriétaire aussi . Le rendement locatif de l’immeuble peut atteindre 200 000 dinars par an en locations commerciales. Le local est situé dans une zone bien desservie par le transport public, bus , métro et minibus privés  pas loin du centre ville de Tunis aussi . Le local dispose d’un titre foncier libre de tut engagement et il est disponible à la vente immédiate.

Prix de vente : 2990 000 Dinars .

Pour information et visites contacter : l’Agence Immobilière Nour Ennasr 
La première agence spécialisée en immobilier industriel en Tunisie 
Avenue Hédi Nouira Résidence Les cèdres Cité Ennasr 1
Tél  :  <a type=""phone"">+21670XXXXXX</a>  / <a type=""phone"">+21620XXXXXX</a>  
www.Immobiliere-nour-ennasr.com
Email : contact@immobilière-nour-ennasr.com
Page facebook : agence immobilière nour ennasr  
Viber : agence immobilière nour ennasr Tél : <a type=""phone"">+21620XXXXXX</a> 
Twitter : AG NOUR ENNASR
WhatsApp <a type=""phone"">+21620XXXXXX</a>
Skype : AGENCE IMMOBILIERE NOUR ENNASR
Bureau de SFAX : tél <a type=""phone"">+21651XXXXXX</a>/<a type=""phone"">+21698XXXXXX</a> et <a type=""phone"">+21629XXXXXX</a>",2990000.0,1200.0,Immeuble résidentiel,residentialBuilding,sale,agency,804,,[],,"[{""sourceId"": 4, ""url"": ""https://www.tunisiapromo.com/annonce/immeuble-1200-tunis-sud-z88629.html"", ""price"": 2990000, ""sellerType"": ""agency"", ""lastModified"": ""2019-06-18 17:01:39""}]","[{""sellerType"": ""agency"", ""contactName"": ""AGENCE"", ""active"": true}]",1,1,1,1,1,1,[],2024-12-26 17:01:48,2019-06-18 17:01:39,2019-06-18 17:01:39,2019-06-18 17:01:39,1,2026-02-07 13:25:59
876862,Un immeuble de 5 appartements et 2 studios à bhair hammam sousse,"à Hammam Sousse- Bhair  , un immeuble de 3 étages  avec une possibilité d'ajouter  deux étages   de  5 appartements et deux studios à bhair Hammam sousse un immeuble de  5 appartements et 2 studios bâtie sur un terrain de  300  m²",1400000.0,300.0,Immeuble résidentiel,residentialBuilding,sale,agency,5312,https://www.tunisiapromo.com/images/85194.jpg,"[""https://www.tunisiapromo.com/images/85194.jpg""]","[{""url"": ""https://www.tunisiapromo.com/images/85194.jpg"", ""sourceId"": 4, ""adUrl"": ""https://www.tunisiapromo.com/annonce/un-immeuble-de-5-appartements-et-2-studios-a-bhair-hammam-sousse-z85194.html""}]","[{""sourceId"": 4, ""url"": ""https://www.tunisiapromo.com/annonce/un-immeuble-de-5-appartements-et-2-studios-a-bhair-hammam-sousse-z85194.html"", ""price"": 1400000, ""sellerType"": ""agency"", ""lastModified"": ""2019-06-16 17:03:42""}]","[{""sellerType"": ""agency"", ""contactName"": ""best"", ""active"": true}]",1,1,1,1,1,1,[],2024-12-26 17:03:54,2019-04-07 17:03:42,2019-06-16 17:03:42,2019-04-07 17:03:42,1,2026-02-07 13:26:01
880880,Av propriete cafe +5appartement,"AV  une propriété (R+2) se compose d’un café en plein production et  5 appartements  inachevés 
Chaque appt fait 135m².
Prix : 385MD
Pour plus d infos veuillez nous contactez sur les <a type=""phone"">+21622XXXXXX</a>  - <a type=""phone"">+21658XXXXXX</a> – <a type=""phone"">+21693XXXXXX</a>.",385000.0,135.0,Immeuble résidentiel,residentialBuilding,sale,agency,3479,https://www.tunisiapromo.com/gallery/photo-1-383643.jpg,"[""https://www.tunisiapromo.com/gallery/photo-1-383643.jpg""]","[{""url"": ""https://www.tunisiapromo.com/gallery/photo-1-383643.jpg"", ""sourceId"": 4, ""adUrl"": ""https://www.tunisiapromo.com/annonce/av-propriete-cafe-5appartement-z86502.html""}]","[{""sourceId"": 4, ""url"": ""https://www.tunisiapromo.com/annonce/av-propriete-cafe-5appartement-z86502.html"", ""price"": 385000, ""sellerType"": ""agency"", ""lastModified"": ""2019-05-15 18:12:47""}]","[{""sellerType"": ""agency"", ""contactName"": ""sameh"", ""active"": true}]",1,1,1,1,1,1,[],2024-12-26 18:12:51,2019-04-30 18:12:47,2019-05-15 18:12:47,2019-04-30 18:12:47,1,2026-02-07 13:26:03
879407,Immeuble a mrézga hammamet nord,"Agence immobilière l'espoir vous propose :
Un immeuble à vendre à mrezga Hammamet 200m de la route principal ayant une superficie de 270 m² de terrain et une superficie couvert de 419 m² 
Il se compose d'une villa inachevé au RDC(s+3+2 cuisine+garage+jardin), trois appartements (s+1 et de superficie couvert 90 m²) et un appartement au 2 éme étage ( s+1 et une grande terrasse vue de mer )
Prix de vente : 775 md
Pour plus de renseignements veuillez contacter nos agents aux <a type=""phone"">+21654XXXXXX</a> ou  <a type=""phone"">+21672XXXXXX</a>",775000.0,419.0,Immeuble résidentiel,residentialBuilding,sale,agency,3442,https://www.tunisiapromo.com/gallery/photo-1-360598.jpg,"[""https://www.tunisiapromo.com/gallery/photo-1-360598.jpg"", ""https://www.tunisiapromo.com/gallery/photo-2-360599.jpg"", ""https://www.tunisiapromo.com/gallery/photo-3-360600.jpg"", ""https://www.tunisiapromo.com/gallery/photo-4-360601.jpg""]","[{""url"": ""https://www.tunisiapromo.com/gallery/photo-1-360598.jpg"", ""sourceId"": 4, ""adUrl"": ""https://www.tunisiapromo.com/annonce/immeuble-a-mrezga-hammamet-nord-z76666.html""}, {""url"": ""https://www.tunisiapromo.com/gallery/photo-2-360599.jpg"", ""sourceId"": 4, ""adUrl"": ""https://www.tunisiapromo.com/annonce/immeuble-a-mrezga-hammamet-nord-z76666.html""}, {""url"": ""https://www.tunisiapromo.com/gallery/photo-3-360600.jpg"", ""sourceId"": 4, ""adUrl"": ""https://www.tunisiapromo.com/annonce/immeuble-a-mrezga-hammamet-nord-z76666.html""}, {""url"": ""https://www.tunisiapromo.com/gallery/photo-4-360601.jpg"", ""sourceId"": 4, ""adUrl"": ""https://www.tunisiapromo.com/annonce/immeuble-a-mrezga-hammamet-nord-z76666.html""}]","[{""sourceId"": 4, ""url"": ""https://www.tunisiapromo.com/annonce/immeuble-a-mrezga-hammamet-nord-z76666.html"", ""price"": 775000, ""sellerType"": ""agency"", ""lastModified"": ""2018-10-02 17:48:27""}]","[{""sellerType"": ""agency"", ""contactName"": ""espoir"", ""active"": true}]",1,1,1,1,1,1,[],2024-12-26 17:48:37,2018-10-02 17:48:27,2018-10-02 17:48:27,2018-10-02 17:48:27,1,2026-02-07 13:26:06
1158421,Immeuble à vendre,"Immeuble à cité hidhab lotissement Errafik contenant un local commercial qui fait le coin de 200 M2. + 5 appartement 3(S+2) et deux 02( S+3)

Le 5eme contient une terrasse de 120m2

Finition haut standing marbre Thala gris ; staff façonné réalisé avec une équipe marocaine+ finition 1choix parterre chambre et le reste marbre ...robinetterie 1choix douche à l'italienne en masaique ....",1000000.0,200.0,Immeuble résidentiel,residentialBuilding,sale,private,946,,[],,"[{""sourceId"": 13, ""url"": ""https://www.menzili.tn/annonce/annonce-7828"", ""price"": 1000000, ""sellerType"": ""private"", ""lastModified"": ""2018-08-05 00:37:23""}]",[],1,1,0,0,1,1,[],2025-10-19 00:37:26,2018-08-05 00:37:23,2018-08-05 00:37:23,2018-08-05 00:37:23,1,2026-02-07 13:26:08
881387,Immeuble pour investissement a saf saf,"on met  a la vente immeuble r+2 
au rdc deux magasin 
au 1er  étage 4 appartement",2400000.0,380.0,Immeuble résidentiel,residentialBuilding,sale,agency,4973,,[],,"[{""sourceId"": 4, ""url"": ""https://www.tunisiapromo.com/annonce/immeuble-pour-investissement-a-saf-saf-z73747.html"", ""price"": 2400000, ""sellerType"": ""agency"", ""lastModified"": ""2018-05-25 19:06:53""}]","[{""sellerType"": ""agency"", ""contactName"": ""carthaginois"", ""active"": true}]",1,1,1,1,1,1,[],2024-12-26 19:07:07,2018-05-25 19:06:53,2018-05-25 19:06:53,2018-05-25 19:06:53,1,2026-02-07 13:26:10
881535,A vendre bonne affaires,"A vendre à soliman  a 2km de la plage , immeuble R+3
Composé de deux appartements S+2, un appartements S+3, un rdc et etage louer comme usine.surface total couvert 1000m2.
Pour plus d’infos, merci de contacter  <a type=""phone"">+21652XXXXXX</a>",1200000.0,1000.0,Immeuble résidentiel,residentialBuilding,sale,private,3624,https://www.tunisiapromo.com/gallery/photo-2-321226.jpg,"[""https://www.tunisiapromo.com/gallery/photo-2-321226.jpg"", ""https://www.tunisiapromo.com/gallery/bonne-affaires-321227.jpg""]","[{""url"": ""https://www.tunisiapromo.com/gallery/photo-2-321226.jpg"", ""sourceId"": 4, ""adUrl"": ""https://www.tunisiapromo.com/annonce/a-vendre-bonne-affaires-z65844.html""}, {""url"": ""https://www.tunisiapromo.com/gallery/bonne-affaires-321227.jpg"", ""sourceId"": 4, ""adUrl"": ""https://www.tunisiapromo.com/annonce/a-vendre-bonne-affaires-z65844.html""}]","[{""sourceId"": 4, ""url"": ""https://www.tunisiapromo.com/annonce/a-vendre-bonne-affaires-z65844.html"", ""price"": 1200000, ""sellerType"": ""private"", ""lastModified"": ""2018-05-17 19:08:11""}]","[{""sellerType"": ""private"", ""contactName"": ""Ali"", ""active"": true}]",1,1,1,1,1,1,[],2024-12-26 19:08:17,2017-08-25 19:08:11,2018-05-17 19:08:11,2017-08-25 19:08:11,1,2026-02-07 13:26:12
883647,Un immeuble à grambalia 410 md,"a vendre trois locaux commerciaux avec étage inachevée 
prix 410md
superficie :600 md 
pour plus d’infrmation merci de nous contacter :<a type=""phone"">+21695XXXXXX</a>",410000.0,600.0,Immeuble résidentiel,residentialBuilding,sale,agency,3479,https://www.tunisiapromo.com/gallery/photo-1-349894.jpg,"[""https://www.tunisiapromo.com/gallery/photo-1-349894.jpg""]","[{""url"": ""https://www.tunisiapromo.com/gallery/photo-1-349894.jpg"", ""sourceId"": 4, ""adUrl"": ""https://www.tunisiapromo.com/annonce/un-immeuble-a-grambalia-410-md-z73376.html""}]","[{""sourceId"": 4, ""url"": ""https://www.tunisiapromo.com/annonce/un-immeuble-a-grambalia-410-md-z73376.html"", ""price"": 410000, ""sellerType"": ""agency"", ""lastModified"": ""2018-05-11 19:31:02""}]","[{""sellerType"": ""agency"", ""contactName"": ""agence"", ""active"": true}]",1,1,1,1,1,1,[],2024-12-26 19:31:06,2018-05-11 19:31:02,2018-05-11 19:31:02,2018-05-11 19:31:02,1,2026-02-07 13:26:14
882144,Immeuble à hammamet nord,"CASA IMED met à votre proposition un magnifique immeuble de deux étages au plein centre ville el mrezga-  nabeul 
Notre immeuble fait le coin s’ouvre sur deux rues (Rue principale Nabeul _Hammamet et un rue secondaire), sis à proximité de toutes commodités et loisirs nécessaire
Bien alimenté par : chauffage centrale, gaz de ville, climatisation.
RDC se compose de deux locaux commerciaux et une maison
1ére et 2éme étage se compose de 5 appartement 
Superficie Total : 254m²
Document : Titre Bleu
Prix : à partir de 1 300.000dt 
Réf : AM001",1300000.0,254.0,Immeuble résidentiel,residentialBuilding,sale,agency,3442,https://www.tunisiapromo.com/gallery/photo-1-344869.jpg,"[""https://www.tunisiapromo.com/gallery/photo-1-344869.jpg"", ""https://www.tunisiapromo.com/gallery/photo-2-344870.jpg"", ""https://www.tunisiapromo.com/gallery/photo-3-344871.jpg"", ""https://www.tunisiapromo.com/gallery/photo-4-344872.jpg""]","[{""url"": ""https://www.tunisiapromo.com/gallery/photo-1-344869.jpg"", ""sourceId"": 4, ""adUrl"": ""https://www.tunisiapromo.com/annonce/immeuble-a-hammamet-nord-z71839.html""}, {""url"": ""https://www.tunisiapromo.com/gallery/photo-2-344870.jpg"", ""sourceId"": 4, ""adUrl"": ""https://www.tunisiapromo.com/annonce/immeuble-a-hammamet-nord-z71839.html""}, {""url"": ""https://www.tunisiapromo.com/gallery/photo-3-344871.jpg"", ""sourceId"": 4, ""adUrl"": ""https://www.tunisiapromo.com/annonce/immeuble-a-hammamet-nord-z71839.html""}, {""url"": ""https://www.tunisiapromo.com/gallery/photo-4-344872.jpg"", ""sourceId"": 4, ""adUrl"": ""https://www.tunisiapromo.com/annonce/immeuble-a-hammamet-nord-z71839.html""}]","[{""sourceId"": 4, ""url"": ""https://www.tunisiapromo.com/annonce/immeuble-a-hammamet-nord-z71839.html"", ""price"": 1300000, ""sellerType"": ""agency"", ""lastModified"": ""2018-03-25 19:13:54""}]","[{""sellerType"": ""agency"", ""contactName"": ""Casa"", ""active"": true}]",1,1,1,1,1,1,[],2024-12-26 19:13:58,2018-03-23 19:13:54,2018-03-25 19:13:54,2018-03-23 19:13:54,1,2026-02-07 13:26:15
882192,Une immeuble à grambalia,"propriété grombalia
a vendre trois locaux commerciaux avec étage inachevée sur la route principale.
prix 410md
pour plus d'information merci de nous contacter:<a type=""phone"">+21695XXXXXX</a>",410000.0,,Immeuble résidentiel,residentialBuilding,sale,agency,3422,https://www.tunisiapromo.com/images/71495.jpg,"[""https://www.tunisiapromo.com/images/71495.jpg""]","[{""url"": ""https://www.tunisiapromo.com/images/71495.jpg"", ""sourceId"": 4, ""adUrl"": ""https://www.tunisiapromo.com/annonce/a-grambalia-un-immeuble-a-vos-disposition-oo-z71495.html""}]","[{""sourceId"": 4, ""url"": ""https://www.tunisiapromo.com/annonce/une-immeuble-a-grambalia-z71997.html"", ""price"": 410000, ""sellerType"": ""agency"", ""lastModified"": ""2018-03-23 19:14:17""}]","[{""sellerType"": ""agency"", ""contactName"": ""agence"", ""active"": true}]",1,1,1,1,2,2,[],2024-12-26 19:14:21,2018-03-17 19:16:02,2018-03-23 19:14:17,2018-03-17 19:16:02,1,2026-02-07 13:26:17
882148,Immeuble sur route principale a bir bouregba,A VENDRE UN IMMEUBLE SUR ROUTE PRINCIPALE A BIR BOUREGBA COMPOSE DE PLUSIEURS APPARTEMENTS ET LOCAUX COMMERCIAUX,,,Immeuble résidentiel,residentialBuilding,sale,private,3441,,[],,"[{""sourceId"": 4, ""url"": ""https://www.tunisiapromo.com/annonce/immeuble-sur-route-principale-a-bir-bouregba-z71968.html"", ""price"": null, ""sellerType"": ""private"", ""lastModified"": ""2018-03-23 19:13:59""}]","[{""sellerType"": ""private"", ""contactName"": ""siheme"", ""active"": true}]",1,1,1,1,1,1,[],2024-12-26 19:14:14,2018-03-23 19:13:59,2018-03-23 19:13:59,2018-03-23 19:13:59,1,2026-02-07 13:26:21
884313,Immeuble 720 rte bizerte,"L’Agence Immobiliere Nour ennasr met en vente à La route de Bizerte un immeuble à Tunis un immeuble surface 720 M2 comprenant 6 appartements de 120 M2 chacun y compris les espaces communs d’escaliers et entrée principale commune . chaque apart comprend un salon et deux pièces ,balcon ,  séchoir , cuisine, salle de bain , eau chaude, gaz de ville  et préinstallassions pour machine à laver . les fenetres sont protége-ées avec du fer forgé , avec interpphone et acces à commun à la terrasse pour tout besoin parabole , lessive , clim ou autre .

Prix de vente : 795 000 Dinars 	

Pour visite et information contacter : L'agence Immobilière Nour Ennasr 
La première agence spécialisée en immobilier industriel en Tunisie 
Avenue Hédi Nouira Résidence Assafa Cité Ennasr 1
Tél  :  <a type=""phone"">+21670XXXXXX</a>  / <a type=""phone"">+21620XXXXXX</a> / <a type=""phone"">+21654XXXXXX</a>
Immobiliere-nour-ennasr   com
Email : agence.nour.ennasr@gmail.com
Page facebook : agence immobilière nour ennasr 5
Viber : agence immobilière nour ennasr Tél : <a type=""phone"">+21620XXXXXX</a> 
Twitter : AG NOUR ENNASR",795000.0,720.0,Immeuble résidentiel,residentialBuilding,sale,agency,1120,https://www.tunisiapromo.com/images/67070.jpg,"[""https://www.tunisiapromo.com/images/67070.jpg""]","[{""url"": ""https://www.tunisiapromo.com/images/67070.jpg"", ""sourceId"": 4, ""adUrl"": ""https://www.tunisiapromo.com/annonce/immeuble-720-rte-bizerte-z67070.html""}]","[{""sourceId"": 4, ""url"": ""https://www.tunisiapromo.com/annonce/immeuble-720-rte-bizerte-z67070.html"", ""price"": 795000, ""sellerType"": ""agency"", ""lastModified"": ""2017-10-09 19:39:09""}]","[{""sellerType"": ""agency"", ""contactName"": ""AGENCE"", ""active"": true}]",1,1,1,1,1,1,[],2024-12-26 19:39:21,2017-10-09 19:39:09,2017-10-09 19:39:09,2017-10-09 19:39:09,1,2026-02-07 13:26:23
885866,Immeuble a ain zaghouan a prix interessant,a vendre un immeuble a ain zaghouan sur route principale et stratégique,,,Immeuble résidentiel,residentialBuilding,sale,private,5187,,[],,"[{""sourceId"": 4, ""url"": ""https://www.tunisiapromo.com/annonce/immeuble-a-ain-zaghouan-a-prix-interessant-z63171.html"", ""price"": null, ""sellerType"": ""private"", ""lastModified"": ""2017-04-13 19:54:01""}]","[{""sellerType"": ""private"", ""contactName"": ""halouma"", ""active"": true}]",1,1,1,1,1,1,[],2024-12-26 19:54:06,2017-04-13 19:54:01,2017-04-13 19:54:01,2017-04-13 19:54:01,1,2026-02-07 13:26:25
886096,Magnifique immeuble sur la route de hammamet yasmine,"A vendre un petit immeuble sur la route de Hammamet Yesmine, composé de 3 appartements (S+1) au RDC et une maison (S+3) avec entrée indépendante au 1ér étage.
Le RDC loge les 3 appartements et une terrasse commune.
Ces appartements s'étenduent sur une superficie totale de 155 m² et chacun se compose d'un salon, une kitchenette, une chambre à coucher avec dressing et une petite terrasse, et une salle d'eau avec cabine de douche.
La maison se prolonge sur 150 m² et elle bénéficie d'une vaste terrasse au RDC et une chambre de débarras.
Elle se compose d'un très vaste salon bien lumineux avec une salle à manger, trois vastes chambres à coucher, une cuisine très bien aménagée, et une salle bain.",,155.0,Immeuble résidentiel,residentialBuilding,sale,agency,3479,https://www.tunisiapromo.com/gallery/photo-1-308275.jpg,"[""https://www.tunisiapromo.com/gallery/photo-1-308275.jpg"", ""https://www.tunisiapromo.com/gallery/photo-2-308276.jpg"", ""https://www.tunisiapromo.com/gallery/photo-3-308277.jpg"", ""https://www.tunisiapromo.com/gallery/photo-1-308278.jpg"", ""https://www.tunisiapromo.com/gallery/photo-2-308279.jpg"", ""https://www.tunisiapromo.com/gallery/photo-3-308280.jpg"", ""https://www.tunisiapromo.com/gallery/photo-1-308281.jpg"", ""https://www.tunisiapromo.com/gallery/photo-2-308282.jpg"", ""https://www.tunisiapromo.com/gallery/photo-3-308283.jpg"", ""https://www.tunisiapromo.com/gallery/photo-1-308284.jpg"", ""https://www.tunisiapromo.com/gallery/photo-3-308286.jpg""]","[{""url"": ""https://www.tunisiapromo.com/gallery/photo-1-308275.jpg"", ""sourceId"": 4, ""adUrl"": ""https://www.tunisiapromo.com/annonce/magnifique-immeuble-sur-la-route-de-hammamet-yasmine-z62394.html""}, {""url"": ""https://www.tunisiapromo.com/gallery/photo-2-308276.jpg"", ""sourceId"": 4, ""adUrl"": ""https://www.tunisiapromo.com/annonce/magnifique-immeuble-sur-la-route-de-hammamet-yasmine-z62394.html""}, {""url"": ""https://www.tunisiapromo.com/gallery/photo-3-308277.jpg"", ""sourceId"": 4, ""adUrl"": ""https://www.tunisiapromo.com/annonce/magnifique-immeuble-sur-la-route-de-hammamet-yasmine-z62394.html""}, {""url"": ""https://www.tunisiapromo.com/gallery/photo-1-308278.jpg"", ""sourceId"": 4, ""adUrl"": ""https://www.tunisiapromo.com/annonce/magnifique-immeuble-sur-la-route-de-hammamet-yasmine-z62394.html""}, {""url"": ""https://www.tunisiapromo.com/gallery/photo-2-308279.jpg"", ""sourceId"": 4, ""adUrl"": ""https://www.tunisiapromo.com/annonce/magnifique-immeuble-sur-la-route-de-hammamet-yasmine-z62394.html""}, {""url"": ""https://www.tunisiapromo.com/gallery/photo-3-308280.jpg"", ""sourceId"": 4, ""adUrl"": ""https://www.tunisiapromo.com/annonce/magnifique-immeuble-sur-la-route-de-hammamet-yasmine-z62394.html""}, {""url"": ""https://www.tunisiapromo.com/gallery/photo-1-308281.jpg"", ""sourceId"": 4, ""adUrl"": ""https://www.tunisiapromo.com/annonce/magnifique-immeuble-sur-la-route-de-hammamet-yasmine-z62394.html""}, {""url"": ""https://www.tunisiapromo.com/gallery/photo-2-308282.jpg"", ""sourceId"": 4, ""adUrl"": ""https://www.tunisiapromo.com/annonce/magnifique-immeuble-sur-la-route-de-hammamet-yasmine-z62394.html""}, {""url"": ""https://www.tunisiapromo.com/gallery/photo-3-308283.jpg"", ""sourceId"": 4, ""adUrl"": ""https://www.tunisiapromo.com/annonce/magnifique-immeuble-sur-la-route-de-hammamet-yasmine-z62394.html""}, {""url"": ""https://www.tunisiapromo.com/gallery/photo-1-308284.jpg"", ""sourceId"": 4, ""adUrl"": ""https://www.tunisiapromo.com/annonce/magnifique-immeuble-sur-la-route-de-hammamet-yasmine-z62394.html""}, {""url"": ""https://www.tunisiapromo.com/gallery/photo-3-308286.jpg"", ""sourceId"": 4, ""adUrl"": ""https://www.tunisiapromo.com/annonce/magnifique-immeuble-sur-la-route-de-hammamet-yasmine-z62394.html""}]","[{""sourceId"": 4, ""url"": ""https://www.tunisiapromo.com/annonce/magnifique-immeuble-sur-la-route-de-hammamet-yasmine-z62394.html"", ""price"": null, ""sellerType"": ""agency"", ""lastModified"": ""2017-03-18 19:56:45""}]","[{""sellerType"": ""agency"", ""contactName"": ""Primacasa Hammamet"", ""active"": true}]",1,1,1,1,1,1,[],2024-12-26 19:56:49,2017-03-18 19:56:45,2017-03-18 19:56:45,2017-03-18 19:56:45,1,2026-02-07 13:26:30
886061,Immeuble en face faculté mahdia,"vous cherchez un investissement rentable voilà l'occasion à ne pas rater,un immeuble de 16 appartements de 1200m² couvert sur un terrain de 561m² fin 2007 à 1100000 dinars s+2 et s+3 dans un emplacement très idéal;au premier lieu en face fac mahdia et au deuxième lieu des minutes de la mer. c'est un prix imaginaire pour un immeuble à mahdia et sur tout dans un emplacement comme celui là. donc ne ratez pas l'occasion et voici notre numéro <a type=""phone"">+21653XXXXXX</a> pour fixer un rendez vous pour la visite.",1100000.0,1200.0,Immeuble résidentiel,residentialBuilding,sale,agency,2819,https://www.tunisiapromo.com/gallery/photo-1-308145.jpg,"[""https://www.tunisiapromo.com/gallery/photo-1-308145.jpg"", ""https://www.tunisiapromo.com/gallery/photo-2-308146.jpg"", ""https://www.tunisiapromo.com/gallery/photo-3-308147.jpg"", ""https://www.tunisiapromo.com/gallery/photo-4-308148.jpg"", ""https://www.tunisiapromo.com/gallery/photo-5-308149.jpg""]","[{""url"": ""https://www.tunisiapromo.com/gallery/photo-1-308145.jpg"", ""sourceId"": 4, ""adUrl"": ""https://www.tunisiapromo.com/annonce/immeuble-en-face-faculte-mahdia-z62371.html""}, {""url"": ""https://www.tunisiapromo.com/gallery/photo-2-308146.jpg"", ""sourceId"": 4, ""adUrl"": ""https://www.tunisiapromo.com/annonce/immeuble-en-face-faculte-mahdia-z62371.html""}, {""url"": ""https://www.tunisiapromo.com/gallery/photo-3-308147.jpg"", ""sourceId"": 4, ""adUrl"": ""https://www.tunisiapromo.com/annonce/immeuble-en-face-faculte-mahdia-z62371.html""}, {""url"": ""https://www.tunisiapromo.com/gallery/photo-4-308148.jpg"", ""sourceId"": 4, ""adUrl"": ""https://www.tunisiapromo.com/annonce/immeuble-en-face-faculte-mahdia-z62371.html""}, {""url"": ""https://www.tunisiapromo.com/gallery/photo-5-308149.jpg"", ""sourceId"": 4, ""adUrl"": ""https://www.tunisiapromo.com/annonce/immeuble-en-face-faculte-mahdia-z62371.html""}]","[{""sourceId"": 4, ""url"": ""https://www.tunisiapromo.com/annonce/immeuble-en-face-faculte-mahdia-z62371.html"", ""price"": 1100000, ""sellerType"": ""agency"", ""lastModified"": ""2017-03-17 19:56:32""}]","[{""sellerType"": ""agency"", ""contactName"": ""agence Hana"", ""active"": true}]",1,1,1,1,2,2,[],2024-12-26 19:56:38,2015-12-09 20:53:51,2017-03-17 19:56:32,2017-03-17 19:56:32,1,2026-02-07 13:26:33
886419,Immeuble yasmin agence mrad,"À vendre. Un immeuble de rapport bien situé à Yasmin Hammamet 
Proche de toutes commodités nécessaires en plein station touristique Yasmin Hammamet, a 5 minutes de la plage, édifié sur 3 niveaux 
En REZ de Chaussé composé d'un vaste appartement d'une surface habitable de 160 m2 couvert,  comprenant 
3 chambres a couchers un grand salon, salle à Manger, 2 salle de bains et une cuisine bien aménagée et équipée 
1er Étage se compose de 2 Appartements de 70 m2 couvert  chacun comprenant 2 chambres a couchers, un salon, cuisine et une salle de bain. 
2emne Etage comprend 2 Appartements de 80 M2 couvert chacun,  comprenant 2 chambres a couchers, un salon, cuisine et une salle de bain
L'immeuble est équipé de chauffage central avec gaz de ville et entièrement climatisé, compteurs eau, gaz et électricité individuels, grande terrasse aménagée sur le toi, 
Parking pour 5 places de voitures, logement gardiens. 
À voir absolument.",995.0,160.0,Immeuble résidentiel,residentialBuilding,sale,agency,5184,https://www.tunisiapromo.com/gallery/photo-1-306678.jpg,"[""https://www.tunisiapromo.com/gallery/photo-1-306678.jpg"", ""https://www.tunisiapromo.com/gallery/photo-2-306679.jpg"", ""https://www.tunisiapromo.com/gallery/photo-3-306680.jpg"", ""https://www.tunisiapromo.com/gallery/photo-4-306681.jpg"", ""https://www.tunisiapromo.com/gallery/photo-5-306682.jpg"", ""https://www.tunisiapromo.com/gallery/photo-6-306683.jpg"", ""https://www.tunisiapromo.com/gallery/photo-7-306684.jpg"", ""https://www.tunisiapromo.com/gallery/photo-8-306685.jpg"", ""https://www.tunisiapromo.com/gallery/photo-9-306686.jpg"", ""https://www.tunisiapromo.com/gallery/photo-10-306687.jpg""]","[{""url"": ""https://www.tunisiapromo.com/gallery/photo-1-306678.jpg"", ""sourceId"": 4, ""adUrl"": ""https://www.tunisiapromo.com/annonce/immeuble-yasmin-agence-mrad-z61931.html""}, {""url"": ""https://www.tunisiapromo.com/gallery/photo-2-306679.jpg"", ""sourceId"": 4, ""adUrl"": ""https://www.tunisiapromo.com/annonce/immeuble-yasmin-agence-mrad-z61931.html""}, {""url"": ""https://www.tunisiapromo.com/gallery/photo-3-306680.jpg"", ""sourceId"": 4, ""adUrl"": ""https://www.tunisiapromo.com/annonce/immeuble-yasmin-agence-mrad-z61931.html""}, {""url"": ""https://www.tunisiapromo.com/gallery/photo-4-306681.jpg"", ""sourceId"": 4, ""adUrl"": ""https://www.tunisiapromo.com/annonce/immeuble-yasmin-agence-mrad-z61931.html""}, {""url"": ""https://www.tunisiapromo.com/gallery/photo-5-306682.jpg"", ""sourceId"": 4, ""adUrl"": ""https://www.tunisiapromo.com/annonce/immeuble-yasmin-agence-mrad-z61931.html""}, {""url"": ""https://www.tunisiapromo.com/gallery/photo-6-306683.jpg"", ""sourceId"": 4, ""adUrl"": ""https://www.tunisiapromo.com/annonce/immeuble-yasmin-agence-mrad-z61931.html""}, {""url"": ""https://www.tunisiapromo.com/gallery/photo-7-306684.jpg"", ""sourceId"": 4, ""adUrl"": ""https://www.tunisiapromo.com/annonce/immeuble-yasmin-agence-mrad-z61931.html""}, {""url"": ""https://www.tunisiapromo.com/gallery/photo-8-306685.jpg"", ""sourceId"": 4, ""adUrl"": ""https://www.tunisiapromo.com/annonce/immeuble-yasmin-agence-mrad-z61931.html""}, {""url"": ""https://www.tunisiapromo.com/gallery/photo-9-306686.jpg"", ""sourceId"": 4, ""adUrl"": ""https://www.tunisiapromo.com/annonce/immeuble-yasmin-agence-mrad-z61931.html""}, {""url"": ""https://www.tunisiapromo.com/gallery/photo-10-306687.jpg"", ""sourceId"": 4, ""adUrl"": ""https://www.tunisiapromo.com/annonce/immeuble-yasmin-agence-mrad-z61931.html""}]","[{""sourceId"": 4, ""url"": ""https://www.tunisiapromo.com/annonce/immeuble-yasmin-agence-mrad-z61931.html"", ""price"": 995, ""sellerType"": ""agency"", ""lastModified"": ""2017-02-23 19:59:40""}]","[{""sellerType"": ""agency"", ""contactName"": ""AGENCE IMMOBILIÈRE MRAD"", ""active"": true}]",1,1,1,1,1,1,"[""balcony"", ""heating"", ""airConditioning"", ""equippedKitchen"", ""parking"", ""terrace""]",2024-12-26 19:59:46,2017-02-23 19:59:40,2017-02-23 19:59:40,2017-02-23 19:59:40,1,2026-02-07 13:26:35
888491,Immeuble a hammamet sm,"a vendre a hamammet sud sur la route de bir bouragba un immeuble sur terrain  de 200m² pour local commercial ou industrielle avec un etage inachvé  de maison se compose de 4 chambre . avec un belle vu .
prix:120MD  
pour plus d'infos contacter 00 216 <a type=""phone"">+21627XXXXXX</a>",120000.0,200.0,Immeuble résidentiel,residentialBuilding,sale,agency,5183,https://www.tunisiapromo.com/images/60847.jpg,"[""https://www.tunisiapromo.com/images/60847.jpg""]","[{""url"": ""https://www.tunisiapromo.com/images/60847.jpg"", ""sourceId"": 4, ""adUrl"": ""https://www.tunisiapromo.com/annonce/immeuble-a-hammamet-sm-z60847.html""}]","[{""sourceId"": 4, ""url"": ""https://www.tunisiapromo.com/annonce/immeuble-a-hammamet-sm-z60847.html"", ""price"": 120000, ""sellerType"": ""agency"", ""lastModified"": ""2017-01-19 20:24:55""}]","[{""sellerType"": ""agency"", ""contactName"": ""agence immobilière ghalleb"", ""active"": true}]",1,1,1,1,1,1,[],2024-12-26 20:25:07,2017-01-19 20:24:55,2017-01-19 20:24:55,2017-01-19 20:24:55,1,2026-02-07 13:26:38
887742,Occasion immeuble ahammamet nord,"av immeuble innachevée R+2 ,avec magnifique vue sur mer et montagne , situé à hammamet nord .
prix: 145MD 
pour plus d'infos contacter 00 216 <a type=""phone"">+21627XXXXXX</a>",145000.0,,Immeuble résidentiel,residentialBuilding,sale,agency,5182,https://www.tunisiapromo.com/images/59009.jpg,"[""https://www.tunisiapromo.com/images/59009.jpg""]","[{""url"": ""https://www.tunisiapromo.com/images/59009.jpg"", ""sourceId"": 4, ""adUrl"": ""https://www.tunisiapromo.com/annonce/occasion-immeuble-ahammamet-nord-z59009.html""}]","[{""sourceId"": 4, ""url"": ""https://www.tunisiapromo.com/annonce/occasion-immeuble-ahammamet-nord-z59009.html"", ""price"": 145000, ""sellerType"": ""agency"", ""lastModified"": ""2016-12-05 20:15:47""}]","[{""sellerType"": ""agency"", ""contactName"": ""agence immobilière ghalleb"", ""active"": true}]",1,1,1,1,1,1,[],2024-12-26 20:16:00,2016-12-05 20:15:47,2016-12-05 20:15:47,2016-12-05 20:15:47,1,2026-02-07 13:26:41
887513,Batiment a plein centre ville djerba,"a vendre une batiment a djerba houmt souk ..5minutes a pied pour etre au centre . située dans un cartier tres calme .
_cette batiment est en cours de construction a l’état sa coute 650 000 000 
_ree de chausse presque fini et le 1er etage est divisé 
_cette batiment va etre divise en des appertements a chaque etage il y a 4 apprtement (ree de chausse / 1er etage / 2eme etage n'est pas encore fais 
_vu de stade municipale de houmt souk
pour plus d'informations veuillez m'appeler sur mon numero <a type=""phone"">+21693XXXXXX</a>",600000.0,,Immeuble résidentiel,residentialBuilding,sale,private,2970,,[],,"[{""sourceId"": 4, ""url"": ""https://www.tunisiapromo.com/annonce/batiment-a-plein-centre-ville-djerba-z58754.html"", ""price"": 600000, ""sellerType"": ""private"", ""lastModified"": ""2016-11-28 20:13:06""}]","[{""sellerType"": ""private"", ""contactName"": ""Adem"", ""active"": true}]",1,1,1,1,1,1,[],2024-12-26 20:13:11,2016-11-28 20:13:06,2016-11-28 20:13:06,2016-11-28 20:13:06,1,2026-02-07 13:26:43
889331,Immeuble bonne emplacement au cv,"au alentours de place Barcelone - par la rue d'Algérie 
immeuble année 2012 composé de 
rez de chaussez : 4 studio + petit bureau d'acceuille 
3 étage : chaque étage 2 appartement de 3 chambres
4iém étage : 3 studios + terrasse
total 13 clés
surface du sol 160m² couvert 147m²
rentabilité actuel 4900dt /mois 
offre actuel 420000dt
<a type=""phone"">+21624XXXXXX</a> ou <a type=""phone"">+21628XXXXXX</a>",420000.0,147.0,Immeuble résidentiel,residentialBuilding,sale,agency,5201,https://www.tunisiapromo.com/gallery/photo-1-269917.jpg,"[""https://www.tunisiapromo.com/gallery/photo-1-269917.jpg""]","[{""url"": ""https://www.tunisiapromo.com/gallery/photo-1-269917.jpg"", ""sourceId"": 4, ""adUrl"": ""https://www.tunisiapromo.com/annonce/immeuble-bonne-emplacement-au-cv-z53322.html""}]","[{""sourceId"": 4, ""url"": ""https://www.tunisiapromo.com/annonce/immeuble-bonne-emplacement-au-cv-z53322.html"", ""price"": 420000, ""sellerType"": ""agency"", ""lastModified"": ""2016-07-30 20:39:14""}]","[{""sellerType"": ""agency"", ""contactName"": ""mounira"", ""active"": true}]",1,1,1,1,1,1,[],2024-12-26 20:39:27,2016-07-22 20:39:14,2016-07-30 20:39:14,2016-07-22 20:39:14,1,2026-02-07 13:26:46
889804,Immeuble mahdia nouvellement construit et haut standing,"un immeuble haut standing nouvellement construit 850 m² sur un terrain de 495 m² à avenue 2 mars mahdia.
cet immeuble est composé de:
*sous sol de 245 m² contient 2 appartements s+2;
*étage 1 de 245 m² contient 2 appartements s+2 ou s+3;
*étage 2 de 245 m² contient aussi 2 appartements s+2 ou s+3;
*fin étage;comme étant une suite de 130 m² avec un terrasse de 110 m²,une vue panoramique et qualité de très haute standing avec un jacuzzi,un visiophone et des stores électriques.
veuillez contactez nous pour faire une visite gratuite sur <a type=""phone"">+21653XXXXXX</a>
Prix:1000 milles dinars",1000.0,850.0,Immeuble résidentiel,residentialBuilding,sale,agency,2828,https://www.tunisiapromo.com/gallery/photo-1-262478.jpg,"[""https://www.tunisiapromo.com/gallery/photo-1-262478.jpg"", ""https://www.tunisiapromo.com/gallery/photo-2-262479.jpg"", ""https://www.tunisiapromo.com/gallery/photo-3-262480.jpg"", ""https://www.tunisiapromo.com/gallery/photo-4-262481.jpg"", ""https://www.tunisiapromo.com/gallery/photo-5-262482.jpg"", ""https://www.tunisiapromo.com/gallery/photo-6-262483.jpg"", ""https://www.tunisiapromo.com/gallery/photo-7-262484.jpg"", ""https://www.tunisiapromo.com/gallery/photo-8-262485.jpg"", ""https://www.tunisiapromo.com/gallery/photo-9-262486.jpg"", ""https://www.tunisiapromo.com/gallery/photo-10-262487.jpg""]","[{""url"": ""https://www.tunisiapromo.com/gallery/photo-1-262478.jpg"", ""sourceId"": 4, ""adUrl"": ""https://www.tunisiapromo.com/annonce/immeuble-mahdia-nouvellement-construit-et-haut-standing-z51722.html""}, {""url"": ""https://www.tunisiapromo.com/gallery/photo-2-262479.jpg"", ""sourceId"": 4, ""adUrl"": ""https://www.tunisiapromo.com/annonce/immeuble-mahdia-nouvellement-construit-et-haut-standing-z51722.html""}, {""url"": ""https://www.tunisiapromo.com/gallery/photo-3-262480.jpg"", ""sourceId"": 4, ""adUrl"": ""https://www.tunisiapromo.com/annonce/immeuble-mahdia-nouvellement-construit-et-haut-standing-z51722.html""}, {""url"": ""https://www.tunisiapromo.com/gallery/photo-4-262481.jpg"", ""sourceId"": 4, ""adUrl"": ""https://www.tunisiapromo.com/annonce/immeuble-mahdia-nouvellement-construit-et-haut-standing-z51722.html""}, {""url"": ""https://www.tunisiapromo.com/gallery/photo-5-262482.jpg"", ""sourceId"": 4, ""adUrl"": ""https://www.tunisiapromo.com/annonce/immeuble-mahdia-nouvellement-construit-et-haut-standing-z51722.html""}, {""url"": ""https://www.tunisiapromo.com/gallery/photo-6-262483.jpg"", ""sourceId"": 4, ""adUrl"": ""https://www.tunisiapromo.com/annonce/immeuble-mahdia-nouvellement-construit-et-haut-standing-z51722.html""}, {""url"": ""https://www.tunisiapromo.com/gallery/photo-7-262484.jpg"", ""sourceId"": 4, ""adUrl"": ""https://www.tunisiapromo.com/annonce/immeuble-mahdia-nouvellement-construit-et-haut-standing-z51722.html""}, {""url"": ""https://www.tunisiapromo.com/gallery/photo-8-262485.jpg"", ""sourceId"": 4, ""adUrl"": ""https://www.tunisiapromo.com/annonce/immeuble-mahdia-nouvellement-construit-et-haut-standing-z51722.html""}, {""url"": ""https://www.tunisiapromo.com/gallery/photo-9-262486.jpg"", ""sourceId"": 4, ""adUrl"": ""https://www.tunisiapromo.com/annonce/immeuble-mahdia-nouvellement-construit-et-haut-standing-z51722.html""}, {""url"": ""https://www.tunisiapromo.com/gallery/photo-10-262487.jpg"", ""sourceId"": 4, ""adUrl"": ""https://www.tunisiapromo.com/annonce/immeuble-mahdia-nouvellement-construit-et-haut-standing-z51722.html""}]","[{""sourceId"": 4, ""url"": ""https://www.tunisiapromo.com/annonce/immeuble-mahdia-nouvellement-construit-et-haut-standing-z51722.html"", ""price"": 1000, ""sellerType"": ""agency"", ""lastModified"": ""2016-05-19 20:43:37""}]","[{""sellerType"": ""agency"", ""contactName"": ""agence Hana"", ""active"": true}]",1,1,1,1,1,1,[],2024-12-26 20:43:51,2016-05-19 20:43:37,2016-05-19 20:43:37,2016-05-19 20:43:37,1,2026-02-07 13:26:48
889914,Nouvelle immeuble et 7 appartements,"un immeuble haut standing nouvellement construit 850 m² sur un terrain de 495 m² à avenue 2 mars mahdia.

cet immeuble est composé de:

*sous sol de 245 m² contient 2 appartements s+2;

*étage 1 de 245 m² contient 2 appartements s+2 ou s+3;

*étage 2 de 245 m² contient aussi 2 appartements s+2 ou s+3;

*fin étage;comme étant une suite de 130 m² avec un terrasse de 110 m²,une vue panoramique et qualité de très haute standing avec un jacuzzi,un visiophone et des stores électriques.

veuillez contactez nous pour faire une visite gratuite sur <a type=""phone"">+21653XXXXXX</a>

Prix:1000 milles dinars",1000.0,850.0,Immeuble résidentiel,residentialBuilding,sale,agency,2825,https://www.tunisiapromo.com/gallery/photo-1-259915.jpg,"[""https://www.tunisiapromo.com/gallery/photo-1-259915.jpg"", ""https://www.tunisiapromo.com/gallery/photo-2-259916.jpg"", ""https://www.tunisiapromo.com/gallery/photo-3-259917.jpg"", ""https://www.tunisiapromo.com/gallery/photo-4-259918.jpg"", ""https://www.tunisiapromo.com/gallery/photo-5-259919.jpg"", ""https://www.tunisiapromo.com/gallery/photo-6-259920.jpg"", ""https://www.tunisiapromo.com/gallery/photo-7-259921.jpg"", ""https://www.tunisiapromo.com/gallery/photo-8-259922.jpg"", ""https://www.tunisiapromo.com/gallery/photo-9-259923.jpg""]","[{""url"": ""https://www.tunisiapromo.com/gallery/photo-1-259915.jpg"", ""sourceId"": 4, ""adUrl"": ""https://www.tunisiapromo.com/annonce/nouvelle-immeuble-et-7-appartements-z51206.html""}, {""url"": ""https://www.tunisiapromo.com/gallery/photo-2-259916.jpg"", ""sourceId"": 4, ""adUrl"": ""https://www.tunisiapromo.com/annonce/nouvelle-immeuble-et-7-appartements-z51206.html""}, {""url"": ""https://www.tunisiapromo.com/gallery/photo-3-259917.jpg"", ""sourceId"": 4, ""adUrl"": ""https://www.tunisiapromo.com/annonce/nouvelle-immeuble-et-7-appartements-z51206.html""}, {""url"": ""https://www.tunisiapromo.com/gallery/photo-4-259918.jpg"", ""sourceId"": 4, ""adUrl"": ""https://www.tunisiapromo.com/annonce/nouvelle-immeuble-et-7-appartements-z51206.html""}, {""url"": ""https://www.tunisiapromo.com/gallery/photo-5-259919.jpg"", ""sourceId"": 4, ""adUrl"": ""https://www.tunisiapromo.com/annonce/nouvelle-immeuble-et-7-appartements-z51206.html""}, {""url"": ""https://www.tunisiapromo.com/gallery/photo-6-259920.jpg"", ""sourceId"": 4, ""adUrl"": ""https://www.tunisiapromo.com/annonce/nouvelle-immeuble-et-7-appartements-z51206.html""}, {""url"": ""https://www.tunisiapromo.com/gallery/photo-7-259921.jpg"", ""sourceId"": 4, ""adUrl"": ""https://www.tunisiapromo.com/annonce/nouvelle-immeuble-et-7-appartements-z51206.html""}, {""url"": ""https://www.tunisiapromo.com/gallery/photo-8-259922.jpg"", ""sourceId"": 4, ""adUrl"": ""https://www.tunisiapromo.com/annonce/nouvelle-immeuble-et-7-appartements-z51206.html""}, {""url"": ""https://www.tunisiapromo.com/gallery/photo-9-259923.jpg"", ""sourceId"": 4, ""adUrl"": ""https://www.tunisiapromo.com/annonce/nouvelle-immeuble-et-7-appartements-z51206.html""}]","[{""sourceId"": 4, ""url"": ""https://www.tunisiapromo.com/annonce/nouvelle-immeuble-et-7-appartements-z51206.html"", ""price"": 1000, ""sellerType"": ""agency"", ""lastModified"": ""2016-04-20 20:44:23""}]","[{""sellerType"": ""agency"", ""contactName"": ""agence Hana"", ""active"": true}]",1,1,1,1,1,1,[],2024-12-26 20:44:34,2016-04-20 20:44:23,2016-04-20 20:44:23,2016-04-20 20:44:23,1,2026-02-07 13:26:51
909162,Immeuble a ain zaghouan,a vendre un immeuble de 2000 mètre carrée à ain zaghouan sur route principale,9000000.0,2000.0,Immeuble résidentiel,residentialBuilding,sale,private,5187,,[],,"[{""sourceId"": 4, ""url"": ""https://www.tunisiapromo.com/annonce/immeuble-a-ain-zaghouan-z50998.html"", ""price"": 9000000, ""sellerType"": ""private"", ""lastModified"": ""2016-04-09 10:57:32""}]","[{""sellerType"": ""private"", ""contactName"": ""nouha"", ""active"": true}]",1,1,1,1,1,1,[],2024-12-27 10:57:33,2016-04-09 10:57:32,2016-04-09 10:57:32,2016-04-09 10:57:32,1,2026-02-07 13:26:53
891865,Immeuble sousse riadh,"A vendre et ne pas rater sur un terrain de 173 m² un très bel immeuble de 450 m² à 350000 d mis à cité riadh soussa sur trois façades et un emplacement très stratégique.
cet immeuble est composé de:
*une maison composant de 2 pièces,un salon,une cuisine et une salle de bain avec grand terrasse et garage
*un 1er étage se compose de 2 appartements s+2
*un 2ème étage ayant un bel appartement spacieux avec terrasse.
le prix est légèrement négociable
pour plus d'informations contactez nous sur <a type=""phone"">+21653XXXXXX</a>  et visitez notre page Facebook  Agence Hana 1 pour voir d'autres articles à vendre,et même si vous avez un bien à vendre n’hésitez pas à le confier aux professionnels; Notre agence vous offre un remise sur frais d'agence.",350000.0,450.0,Immeuble résidentiel,residentialBuilding,sale,agency,245,https://www.tunisiapromo.com/gallery/photo-1-247641.jpg,"[""https://www.tunisiapromo.com/gallery/photo-1-247641.jpg"", ""https://www.tunisiapromo.com/gallery/photo-2-247642.jpg"", ""https://www.tunisiapromo.com/gallery/photo-3-247643.jpg"", ""https://www.tunisiapromo.com/gallery/photo-4-247644.jpg"", ""https://www.tunisiapromo.com/gallery/photo-5-247645.jpg"", ""https://www.tunisiapromo.com/gallery/photo-6-247646.jpg"", ""https://www.tunisiapromo.com/gallery/photo-7-247647.jpg"", ""https://www.tunisiapromo.com/gallery/photo-8-247648.jpg"", ""https://www.tunisiapromo.com/gallery/photo-9-247649.jpg""]","[{""url"": ""https://www.tunisiapromo.com/gallery/photo-1-247641.jpg"", ""sourceId"": 4, ""adUrl"": ""https://www.tunisiapromo.com/annonce/immeuble-sousse-riadh-z48960.html""}, {""url"": ""https://www.tunisiapromo.com/gallery/photo-2-247642.jpg"", ""sourceId"": 4, ""adUrl"": ""https://www.tunisiapromo.com/annonce/immeuble-sousse-riadh-z48960.html""}, {""url"": ""https://www.tunisiapromo.com/gallery/photo-3-247643.jpg"", ""sourceId"": 4, ""adUrl"": ""https://www.tunisiapromo.com/annonce/immeuble-sousse-riadh-z48960.html""}, {""url"": ""https://www.tunisiapromo.com/gallery/photo-4-247644.jpg"", ""sourceId"": 4, ""adUrl"": ""https://www.tunisiapromo.com/annonce/immeuble-sousse-riadh-z48960.html""}, {""url"": ""https://www.tunisiapromo.com/gallery/photo-5-247645.jpg"", ""sourceId"": 4, ""adUrl"": ""https://www.tunisiapromo.com/annonce/immeuble-sousse-riadh-z48960.html""}, {""url"": ""https://www.tunisiapromo.com/gallery/photo-6-247646.jpg"", ""sourceId"": 4, ""adUrl"": ""https://www.tunisiapromo.com/annonce/immeuble-sousse-riadh-z48960.html""}, {""url"": ""https://www.tunisiapromo.com/gallery/photo-7-247647.jpg"", ""sourceId"": 4, ""adUrl"": ""https://www.tunisiapromo.com/annonce/immeuble-sousse-riadh-z48960.html""}, {""url"": ""https://www.tunisiapromo.com/gallery/photo-8-247648.jpg"", ""sourceId"": 4, ""adUrl"": ""https://www.tunisiapromo.com/annonce/immeuble-sousse-riadh-z48960.html""}, {""url"": ""https://www.tunisiapromo.com/gallery/photo-9-247649.jpg"", ""sourceId"": 4, ""adUrl"": ""https://www.tunisiapromo.com/annonce/immeuble-sousse-riadh-z48960.html""}]","[{""sourceId"": 4, ""url"": ""https://www.tunisiapromo.com/annonce/immeuble-sousse-riadh-z48960.html"", ""price"": 350000, ""sellerType"": ""agency"", ""lastModified"": ""2016-01-14 21:03:43""}]","[{""sellerType"": ""agency"", ""contactName"": ""agence Hana"", ""active"": true}]",1,1,1,1,1,1,[],2024-12-26 21:03:51,2016-01-14 21:03:43,2016-01-14 21:03:43,2016-01-14 21:03:43,1,2026-02-07 13:26:55
891211,Immeuble sahline non achevé,"A vendre un immeuble non achevé R+4 mis à sahline monastir de 2180 m²sur un terrain de 532 m².
cet immeuble contient:
*un grand espace commercial au rdc
*3 étages à 4 appartements chaque étage(12 app)
*un s+4 au 4 ème étage 
un emplacement très stratégique près BNA
PRIX:650 d le m² 
pour plus d'informations contactez nous sur <a type=""phone"">+21653XXXXXX</a>  et visitez notre page Facebook  Agence Hana 1 pour voir d'autres articles à vendre,et même si vous avez un bien à vendre n’hésitez pas à le confier aux professionnels; Notre agence vous offre un remise sur frais d'agence.",1417000.0,2180.0,Immeuble résidentiel,residentialBuilding,sale,agency,3244,https://www.tunisiapromo.com/gallery/photo-1-247639.jpg,"[""https://www.tunisiapromo.com/gallery/photo-1-247639.jpg"", ""https://www.tunisiapromo.com/gallery/photo-2-247640.jpg"", ""https://www.tunisiapromo.com/gallery/photo-1-237659.jpg""]","[{""url"": ""https://www.tunisiapromo.com/gallery/photo-1-247639.jpg"", ""sourceId"": 4, ""adUrl"": ""https://www.tunisiapromo.com/annonce/immeuble-sahline-non-acheve-z48959.html""}, {""url"": ""https://www.tunisiapromo.com/gallery/photo-2-247640.jpg"", ""sourceId"": 4, ""adUrl"": ""https://www.tunisiapromo.com/annonce/immeuble-sahline-non-acheve-z48959.html""}, {""url"": ""https://www.tunisiapromo.com/gallery/photo-1-237659.jpg"", ""sourceId"": 4, ""adUrl"": ""https://www.tunisiapromo.com/annonce/immeuble-inacheve-sahline-monastir-z47084.html""}]","[{""sourceId"": 4, ""url"": ""https://www.tunisiapromo.com/annonce/immeuble-sahline-non-acheve-z48959.html"", ""price"": 1417000, ""sellerType"": ""agency"", ""lastModified"": ""2016-01-14 21:03:18""}]","[{""sellerType"": ""agency"", ""contactName"": ""agence Hana"", ""active"": true}]",1,1,1,1,2,2,[],2024-12-26 20:57:36,2015-10-16 20:57:29,2016-01-14 21:03:18,2015-10-16 20:57:29,1,2026-02-07 13:26:58
891518,Un immeuble bien situé à cité riadh,"belle affaire pour ceux qui cherchent un projet rentable : A vendre à cité riadh 5 -Sousse tout prés de commerces ,lycées et les faculté,un immeuble comportant  au rez de chaussée un café moderne et bien agencé ,un local commercial et quatre appartements de type s+2 qui peuvent être facilement loués ,au dessus .",570000.0,,Immeuble résidentiel,residentialBuilding,sale,agency,5305,https://www.tunisiapromo.com/gallery/photo-1-240591.jpg,"[""https://www.tunisiapromo.com/gallery/photo-1-240591.jpg"", ""https://www.tunisiapromo.com/gallery/photo-2-240592.jpg"", ""https://www.tunisiapromo.com/gallery/photo-3-240593.jpg"", ""https://www.tunisiapromo.com/gallery/photo-4-240594.jpg"", ""https://www.tunisiapromo.com/gallery/photo-5-240595.jpg"", ""https://www.tunisiapromo.com/gallery/photo-6-240596.jpg"", ""https://www.tunisiapromo.com/gallery/photo-7-240597.jpg"", ""https://www.tunisiapromo.com/gallery/photo-8-240598.jpg""]","[{""url"": ""https://www.tunisiapromo.com/gallery/photo-1-240591.jpg"", ""sourceId"": 4, ""adUrl"": ""https://www.tunisiapromo.com/annonce/un-immeuble-bien-situe-a-cite-riadh-z47633.html""}, {""url"": ""https://www.tunisiapromo.com/gallery/photo-2-240592.jpg"", ""sourceId"": 4, ""adUrl"": ""https://www.tunisiapromo.com/annonce/un-immeuble-bien-situe-a-cite-riadh-z47633.html""}, {""url"": ""https://www.tunisiapromo.com/gallery/photo-3-240593.jpg"", ""sourceId"": 4, ""adUrl"": ""https://www.tunisiapromo.com/annonce/un-immeuble-bien-situe-a-cite-riadh-z47633.html""}, {""url"": ""https://www.tunisiapromo.com/gallery/photo-4-240594.jpg"", ""sourceId"": 4, ""adUrl"": ""https://www.tunisiapromo.com/annonce/un-immeuble-bien-situe-a-cite-riadh-z47633.html""}, {""url"": ""https://www.tunisiapromo.com/gallery/photo-5-240595.jpg"", ""sourceId"": 4, ""adUrl"": ""https://www.tunisiapromo.com/annonce/un-immeuble-bien-situe-a-cite-riadh-z47633.html""}, {""url"": ""https://www.tunisiapromo.com/gallery/photo-6-240596.jpg"", ""sourceId"": 4, ""adUrl"": ""https://www.tunisiapromo.com/annonce/un-immeuble-bien-situe-a-cite-riadh-z47633.html""}, {""url"": ""https://www.tunisiapromo.com/gallery/photo-7-240597.jpg"", ""sourceId"": 4, ""adUrl"": ""https://www.tunisiapromo.com/annonce/un-immeuble-bien-situe-a-cite-riadh-z47633.html""}, {""url"": ""https://www.tunisiapromo.com/gallery/photo-8-240598.jpg"", ""sourceId"": 4, ""adUrl"": ""https://www.tunisiapromo.com/annonce/un-immeuble-bien-situe-a-cite-riadh-z47633.html""}]","[{""sourceId"": 4, ""url"": ""https://www.tunisiapromo.com/annonce/un-immeuble-bien-situe-a-cite-riadh-z47633.html"", ""price"": 570000, ""sellerType"": ""agency"", ""lastModified"": ""2015-11-11 21:00:18""}]","[{""sellerType"": ""agency"", ""contactName"": ""Topimmo International"", ""active"": true}]",1,1,1,1,1,1,[],2024-12-26 21:00:24,2015-11-11 21:00:18,2015-11-11 21:00:18,2015-11-11 21:00:18,1,2026-02-07 13:27:00
891594,A vendre immeuble de haut standard,"a vendre un beau immeuble de haut standard sur route principal 42 rue iben khrial coter la mosqué el orfran sidi amor raoud l'immeuble R+2 de 580m2 composant de 4 local commercial 300m2 rdc neuf.

Eau+Steg+Gaz disponible cette immeuble est fais part un architecte le RDC se fais pour une boulangerie pâtisserie + super carrefour,ou pour autre commerce l'emplacement est ideal, son avenir et 100/100 réussi.

Pour tout commerce il y a 4 appartement,l’appartement est de 3 chambre + salon + sm avec balcon de haut standard +cuisine avec un balcon + sale de bain + 2 wc surface 140m2 l'appartement reste a finir parterre + faïence + aluminium et peinture,parking sur la façade pour 6 voiture + derrière l'immeuble pour 8 voiture la façade est tres bien décorer de haut standard prix a battre. tunis:<a type=""phone"">+21698XXXXXX</a>",700.0,580.0,Immeuble résidentiel,residentialBuilding,sale,private,434,,[],,"[{""sourceId"": 4, ""url"": ""https://www.tunisiapromo.com/annonce/a-vendre-immeuble-de-haut-standard-z47110.html"", ""price"": 700, ""sellerType"": ""private"", ""lastModified"": ""2015-10-26 21:00:44""}]","[{""sellerType"": ""private"", ""contactName"": ""abdelhamid"", ""active"": true}]",1,1,1,1,1,1,[],2024-12-26 21:00:52,2015-10-18 21:00:44,2015-10-26 21:00:44,2015-10-18 21:00:44,1,2026-02-07 13:27:05
908150,Immeuble avec vue sur à hammamet,"Av immeuble inachevée à Hammamet avec belle vue sur mer composée de RDC et étages 
Elle est surgit sur un terrain de superficie 200m² dont 150 m² couvert à chaque étage 
Prix : 180 MD
pour plus d'information contacter le : <a type=""phone"">+21624XXXXXX</a> ou <a type=""phone"">+21626XXXXXX</a>",180000.0,200.0,Immeuble résidentiel,residentialBuilding,sale,agency,3479,https://www.tunisiapromo.com/gallery/photo-1-222109.jpg,"[""https://www.tunisiapromo.com/gallery/photo-1-222109.jpg"", ""https://www.tunisiapromo.com/gallery/photo-2-222110.jpg"", ""https://www.tunisiapromo.com/gallery/photo-3-222111.jpg"", ""https://www.tunisiapromo.com/gallery/photo-4-222112.jpg"", ""https://www.tunisiapromo.com/gallery/photo-5-222113.jpg""]","[{""url"": ""https://www.tunisiapromo.com/gallery/photo-1-222109.jpg"", ""sourceId"": 4, ""adUrl"": ""https://www.tunisiapromo.com/annonce/immeuble-avec-vue-sur-a-hammamet-z44258.html""}, {""url"": ""https://www.tunisiapromo.com/gallery/photo-2-222110.jpg"", ""sourceId"": 4, ""adUrl"": ""https://www.tunisiapromo.com/annonce/immeuble-avec-vue-sur-a-hammamet-z44258.html""}, {""url"": ""https://www.tunisiapromo.com/gallery/photo-3-222111.jpg"", ""sourceId"": 4, ""adUrl"": ""https://www.tunisiapromo.com/annonce/immeuble-avec-vue-sur-a-hammamet-z44258.html""}, {""url"": ""https://www.tunisiapromo.com/gallery/photo-4-222112.jpg"", ""sourceId"": 4, ""adUrl"": ""https://www.tunisiapromo.com/annonce/immeuble-avec-vue-sur-a-hammamet-z44258.html""}, {""url"": ""https://www.tunisiapromo.com/gallery/photo-5-222113.jpg"", ""sourceId"": 4, ""adUrl"": ""https://www.tunisiapromo.com/annonce/immeuble-avec-vue-sur-a-hammamet-z44258.html""}]","[{""sourceId"": 4, ""url"": ""https://www.tunisiapromo.com/annonce/immeuble-avec-vue-sur-a-hammamet-z44258.html"", ""price"": 180000, ""sellerType"": ""agency"", ""lastModified"": ""2015-07-16 02:04:04""}]","[{""sellerType"": ""agency"", ""contactName"": ""agence immobilière ghalleb"", ""active"": true}]",1,1,1,1,1,1,[],2024-12-27 02:04:08,2015-07-16 02:04:04,2015-07-16 02:04:04,2015-07-16 02:04:04,1,2026-02-07 13:27:07
893735,Immeuble nouvellement construite,"près la gare de tunis - place barcelone
par la rue d'algérie
une immeuble de 3 étages et un RDC et terrasse 
année 2012
6 appartements (de 3 chambres)+7 studios(une seul chambres)
<a type=""phone"">+21629XXXXXX</a> ou +216 54 175 18 49",550000.0,160.0,Immeuble résidentiel,residentialBuilding,sale,agency,5201,https://www.tunisiapromo.com/images/13228.jpg,"[""https://www.tunisiapromo.com/images/13228.jpg""]","[{""url"": ""https://www.tunisiapromo.com/images/13228.jpg"", ""sourceId"": 4, ""adUrl"": ""https://www.tunisiapromo.com/annonce/immeuble-nouvellement-construite-z13228.html""}]","[{""sourceId"": 4, ""url"": ""https://www.tunisiapromo.com/annonce/immeuble-nouvellement-construite-z13228.html"", ""price"": 550000, ""sellerType"": ""agency"", ""lastModified"": ""2015-06-09 22:18:50""}]","[{""sellerType"": ""agency"", ""contactName"": ""mounira"", ""active"": true}]",1,1,1,1,1,1,"[""terrace""]",2024-12-26 22:19:00,2013-05-27 22:18:50,2015-06-09 22:18:50,2013-05-27 22:18:50,1,2026-02-07 13:27:09
893833,Immeuble de 5 apaprtements av à nabeul kt,"A vendre immeuble à Nabeul
 Av dans un quartier calme  proche de l'hôtel Lido a deux  pas de la mer, un immeuble de 5 appartements dédiés à la location estival et période scolaire. Ce bien peut avoir une rentabilité entre 35 MD et 40 MD par an.
Superficie terrain : 222 m²
Prix très encourageant : 399 MD
Pour plus d’information contacter le : <a type=""phone"">+21622XXXXXX</a> ou bien <a type=""phone"">+21626XXXXXX</a>",399000.0,222.0,Immeuble résidentiel,residentialBuilding,sale,agency,3345,https://www.tunisiapromo.com/gallery/photo-1-208653.jpg,"[""https://www.tunisiapromo.com/gallery/photo-1-208653.jpg"", ""https://www.tunisiapromo.com/gallery/photo-2-208654.jpg"", ""https://www.tunisiapromo.com/gallery/photo-3-208655.jpg"", ""https://www.tunisiapromo.com/gallery/photo-4-208656.jpg"", ""https://www.tunisiapromo.com/gallery/photo-5-208657.jpg"", ""https://www.tunisiapromo.com/gallery/photo-6-208658.jpg"", ""https://www.tunisiapromo.com/gallery/photo-7-208659.jpg"", ""https://www.tunisiapromo.com/gallery/photo-5-204572.jpg""]","[{""url"": ""https://www.tunisiapromo.com/gallery/photo-1-208653.jpg"", ""sourceId"": 4, ""adUrl"": ""https://www.tunisiapromo.com/annonce/immeuble-de-5-apaprtements-av-a-nabeul-kt-z41968.html""}, {""url"": ""https://www.tunisiapromo.com/gallery/photo-2-208654.jpg"", ""sourceId"": 4, ""adUrl"": ""https://www.tunisiapromo.com/annonce/immeuble-de-5-apaprtements-av-a-nabeul-kt-z41968.html""}, {""url"": ""https://www.tunisiapromo.com/gallery/photo-3-208655.jpg"", ""sourceId"": 4, ""adUrl"": ""https://www.tunisiapromo.com/annonce/immeuble-de-5-apaprtements-av-a-nabeul-kt-z41968.html""}, {""url"": ""https://www.tunisiapromo.com/gallery/photo-4-208656.jpg"", ""sourceId"": 4, ""adUrl"": ""https://www.tunisiapromo.com/annonce/immeuble-de-5-apaprtements-av-a-nabeul-kt-z41968.html""}, {""url"": ""https://www.tunisiapromo.com/gallery/photo-5-208657.jpg"", ""sourceId"": 4, ""adUrl"": ""https://www.tunisiapromo.com/annonce/immeuble-de-5-apaprtements-av-a-nabeul-kt-z41968.html""}, {""url"": ""https://www.tunisiapromo.com/gallery/photo-6-208658.jpg"", ""sourceId"": 4, ""adUrl"": ""https://www.tunisiapromo.com/annonce/immeuble-de-5-apaprtements-av-a-nabeul-kt-z41968.html""}, {""url"": ""https://www.tunisiapromo.com/gallery/photo-7-208659.jpg"", ""sourceId"": 4, ""adUrl"": ""https://www.tunisiapromo.com/annonce/immeuble-de-5-apaprtements-av-a-nabeul-kt-z41968.html""}, {""url"": ""https://www.tunisiapromo.com/gallery/photo-5-204572.jpg"", ""sourceId"": 4, ""adUrl"": ""https://www.tunisiapromo.com/annonce/immeuble-de-5-appartements-av-a-nabeul-kt-z41220.html""}]","[{""sourceId"": 4, ""url"": ""https://www.tunisiapromo.com/annonce/immeuble-de-5-apaprtements-av-a-nabeul-kt-z41968.html"", ""price"": 399000, ""sellerType"": ""agency"", ""lastModified"": ""2015-06-02 22:19:36""}]","[{""sellerType"": ""agency"", ""contactName"": ""aaaa"", ""active"": true}]",1,1,1,1,9,9,"[""furnished""]",2024-12-26 22:19:50,2015-03-02 22:33:59,2015-06-02 22:19:36,2015-06-02 22:19:36,1,2026-02-07 13:27:10
894175,Projet d’un immeuble r+45 au cœur de hammamlif,"Réf : MV117

Un immeuble situé à 100 m de la plage au cœur du centre-ville de Hammam-Lif à côté du « Casino », est en vente à l’agence immobilière IMMO CASA.

L’emplacement stratégique et très recherché de cet immeuble de 293 m² ouvrant sur 02 façades est le lieu idéal pour tous types d’activités commerciales. Ce bâtiment à reconstruire, comprend 11 appartements de type S+1 dont 3 au RDC et 8 au 1er étage.

Prix : 600.000 MDT

Situation foncière : Titre bleu.

 Si vous cherchez à investir n’hésiter pas à choisir ce bien en appelant notre agence aux numéros suivants : <a type=""phone"">+21672XXXXXX</a>, <a type=""phone"">+21698XXXXXX</a> ou le <a type=""phone"">+21698XXXXXX</a> ou pour plus de propositions consulter notre site web sur le lien suivant : http://www.immocasa-tn.com/.",600000.0,293.0,Immeuble résidentiel,residentialBuilding,sale,agency,987,https://www.tunisiapromo.com/gallery/photo-1-209478.jpg,"[""https://www.tunisiapromo.com/gallery/photo-1-209478.jpg"", ""https://www.tunisiapromo.com/gallery/photo-2-209479.jpg"", ""https://www.tunisiapromo.com/gallery/photo-3-209480.jpg""]","[{""url"": ""https://www.tunisiapromo.com/gallery/photo-1-209478.jpg"", ""sourceId"": 4, ""adUrl"": ""https://www.tunisiapromo.com/annonce/projet-d-un-immeuble-r-45-au-coeur-de-hammamlif-z42104.html""}, {""url"": ""https://www.tunisiapromo.com/gallery/photo-2-209479.jpg"", ""sourceId"": 4, ""adUrl"": ""https://www.tunisiapromo.com/annonce/projet-d-un-immeuble-r-45-au-coeur-de-hammamlif-z42104.html""}, {""url"": ""https://www.tunisiapromo.com/gallery/photo-3-209480.jpg"", ""sourceId"": 4, ""adUrl"": ""https://www.tunisiapromo.com/annonce/projet-d-un-immeuble-r-45-au-coeur-de-hammamlif-z42104.html""}]","[{""sourceId"": 4, ""url"": ""https://www.tunisiapromo.com/annonce/projet-d-un-immeuble-r-45-au-coeur-de-hammamlif-z42104.html"", ""price"": 600000, ""sellerType"": ""agency"", ""lastModified"": ""2015-04-16 22:22:29""}]","[{""sellerType"": ""agency"", ""contactName"": ""Immo Casa immobilière"", ""active"": true}]",1,1,1,1,1,1,[],2024-12-26 22:22:34,2015-04-16 22:22:29,2015-04-16 22:22:29,2015-04-16 22:22:29,1,2026-02-07 13:27:12
894832,A vendre un immeuble à nabeul,"A vendre immeuble à Nabeul
 Av dans un quartier calme  proche de l'hôtel Lido a deux  pas de la mer, une immeuble de 5 appartements dédiés à la location estival et période scolaire. Ce bien peut avoir une rentabilité entre 35 MD et 40 MD par an.
Prix très encourageant : 450 MD
Pour plus d’information contacter le : <a type=""phone"">+21626XXXXXX</a> ou bien <a type=""phone"">+21622XXXXXX</a>ou bien <a type=""phone"">+21622XXXXXX</a>",450000.0,,Immeuble résidentiel,residentialBuilding,sale,agency,3345,https://www.tunisiapromo.com/images/38587.jpg,"[""https://www.tunisiapromo.com/images/38587.jpg""]","[{""url"": ""https://www.tunisiapromo.com/images/38587.jpg"", ""sourceId"": 4, ""adUrl"": ""https://www.tunisiapromo.com/annonce/a-vendre-un-immeuble-a-nabeul-z38587.html""}]","[{""sourceId"": 4, ""url"": ""https://www.tunisiapromo.com/annonce/a-vendre-un-immeuble-a-nabeul-z38587.html"", ""price"": 450000, ""sellerType"": ""agency"", ""lastModified"": ""2015-03-01 02:06:13""}]","[{""sellerType"": ""agency"", ""contactName"": ""aaaa"", ""active"": true}]",1,1,1,1,2,2,"[""furnished""]",2024-12-26 22:32:20,2015-02-11 02:06:13,2015-03-01 02:06:13,2015-02-11 02:06:13,1,2026-02-07 13:27:15
896097,Immeuble haut standing tout neuf vue de mer a nabeul,"On met en vente un  immeuble haut standing tout neuf (vue de mer)  dans un lieu stratégique à 200 mètre de la  nouvelle municipalité de Nabeul et a 600 mètre de la plage sidi slimen. 
Cet immeuble de 2 étages est composé de 6 appartements s+2 .chaque appartement (de superficie 140 ou 150 m²) est composé de:
- salon vue sur mer avec un balcon.
-2 chambres à coucher avec placard 
- cuisine agencée 
- salle de bain 
- chauffage central opérationnel. 
- climatiseurs opérationnel. 
-faux plafond pour tous les espaces. 
-terre en marbre
Cet immeuble est situé dans une zone animée prés de tous moyens de loisir (salle de sport, plage, les salons de thé, manège etc.) 
SVP curieux s'abstenir. Merci ! 
Sérieux voila contact:
<a type=""phone"">+21694XXXXXX</a>",450000.0,150.0,Immeuble résidentiel,residentialBuilding,sale,private,3604,,[],,"[{""sourceId"": 4, ""url"": ""https://www.tunisiapromo.com/annonce/immeuble-haut-standing-tout-neuf-vue-de-mer-a-nabeul-z34792.html"", ""price"": 450000, ""sellerType"": ""private"", ""lastModified"": ""2014-11-25 22:55:37""}]","[{""sellerType"": ""private"", ""contactName"": ""chokri"", ""active"": true}]",1,1,1,1,1,1,"[""balcony"", ""heating"", ""airConditioning"", ""garden"", ""parking"", ""terrace""]",2024-12-26 22:55:37,2014-11-25 22:55:37,2014-11-25 22:55:37,2014-11-25 22:55:37,1,2026-02-07 13:27:18
908942,Immeuble de 600 metre a menzel bourguiba,a vendre un immeuble de 600 metre a menzel bourguiba sur route principale,600000.0,600.0,Immeuble résidentiel,residentialBuilding,sale,private,1263,,[],,"[{""sourceId"": 4, ""url"": ""https://www.tunisiapromo.com/annonce/immeuble-de-600-metre-a-menzel-bourguiba-z33442.html"", ""price"": 600000, ""sellerType"": ""private"", ""lastModified"": ""2014-11-03 02:15:29""}]","[{""sellerType"": ""private"", ""contactName"": ""ikbal"", ""active"": true}]",1,1,1,1,1,1,[],2024-12-27 02:15:36,2014-11-03 02:15:29,2014-11-03 02:15:29,2014-11-03 02:15:29,1,2026-02-07 13:27:21
896523,Av immeuble proche des facultés à mrezga hammamet,"Immeuble proche des facultés Elle se compose de:
RC: (S+2) + garage
1er étage: S + 2
2éme étage: S + 2
3éme étage: (S+1) + terrasse
Superficie terrain: 240 m²
superficie couverte: 440 m²
PRIX: 290 MD
pour plus d'informations, veuillez nous contacter sur :
<a type=""phone"">+21626XXXXXX</a> ou <a type=""phone"">+21652XXXXXX</a>",290000.0,440.0,Immeuble résidentiel,residentialBuilding,sale,agency,3442,https://www.tunisiapromo.com/gallery/photo-1-147134.jpg,"[""https://www.tunisiapromo.com/gallery/photo-1-147134.jpg"", ""https://www.tunisiapromo.com/gallery/photo-2-147135.jpg"", ""https://www.tunisiapromo.com/gallery/photo-3-147136.jpg"", ""https://www.tunisiapromo.com/gallery/photo-4-147137.jpg"", ""https://www.tunisiapromo.com/gallery/photo-5-147138.jpg"", ""https://www.tunisiapromo.com/gallery/photo-1-104867.jpg"", ""https://www.tunisiapromo.com/gallery/photo-1-105202.jpg""]","[{""url"": ""https://www.tunisiapromo.com/gallery/photo-1-147134.jpg"", ""sourceId"": 4, ""adUrl"": ""https://www.tunisiapromo.com/annonce/av-immeuble-proche-des-facultes-a-mrezga-hammamet-z31405.html""}, {""url"": ""https://www.tunisiapromo.com/gallery/photo-2-147135.jpg"", ""sourceId"": 4, ""adUrl"": ""https://www.tunisiapromo.com/annonce/av-immeuble-proche-des-facultes-a-mrezga-hammamet-z31405.html""}, {""url"": ""https://www.tunisiapromo.com/gallery/photo-3-147136.jpg"", ""sourceId"": 4, ""adUrl"": ""https://www.tunisiapromo.com/annonce/av-immeuble-proche-des-facultes-a-mrezga-hammamet-z31405.html""}, {""url"": ""https://www.tunisiapromo.com/gallery/photo-4-147137.jpg"", ""sourceId"": 4, ""adUrl"": ""https://www.tunisiapromo.com/annonce/av-immeuble-proche-des-facultes-a-mrezga-hammamet-z31405.html""}, {""url"": ""https://www.tunisiapromo.com/gallery/photo-5-147138.jpg"", ""sourceId"": 4, ""adUrl"": ""https://www.tunisiapromo.com/annonce/av-immeuble-proche-des-facultes-a-mrezga-hammamet-z31405.html""}, {""url"": ""https://www.tunisiapromo.com/gallery/photo-1-104867.jpg"", ""sourceId"": 4, ""adUrl"": ""https://www.tunisiapromo.com/annonce/av-immeuble-inacheve-a-hammamet-nord-z23383.html""}, {""url"": ""https://www.tunisiapromo.com/gallery/photo-1-105202.jpg"", ""sourceId"": 4, ""adUrl"": ""https://www.tunisiapromo.com/annonce/av-immeuble-inachevee-a-mrezga-hammamet-proche-des-facultes-z23444.html""}]","[{""sourceId"": 4, ""url"": ""https://www.tunisiapromo.com/annonce/av-immeuble-proche-des-facultes-a-mrezga-hammamet-z31405.html"", ""price"": 290000, ""sellerType"": ""agency"", ""lastModified"": ""2014-09-22 23:05:56""}]","[{""sellerType"": ""agency"", ""contactName"": ""aaaa"", ""active"": true}]",1,1,1,1,10,10,[],2024-12-26 23:06:01,2013-11-14 00:12:28,2014-09-22 23:05:56,2013-11-14 00:12:28,1,2026-02-07 13:27:23
896514,Av immeuble proche des facultés à hammamet,"Immeuble proche des facultés Elle se compose de:
RC: (S+2) + garage
1er étage: S + 2
2éme étage: S + 2
3éme étage: (S+1) + terrasse
Superficie terrain: 240 m²
superficie couverte: 440 m²
PRIX: 290 MD
pour plus d'informations, veuillez nous contacter sur :
<a type=""phone"">+21626XXXXXX</a> ou <a type=""phone"">+21652XXXXXX</a>",290000.0,440.0,Immeuble résidentiel,residentialBuilding,sale,agency,3479,https://www.tunisiapromo.com/gallery/photo-1-147110.jpg,"[""https://www.tunisiapromo.com/gallery/photo-1-147110.jpg"", ""https://www.tunisiapromo.com/gallery/photo-2-147111.jpg"", ""https://www.tunisiapromo.com/gallery/photo-3-147112.jpg"", ""https://www.tunisiapromo.com/gallery/photo-4-147113.jpg"", ""https://www.tunisiapromo.com/gallery/photo-1-71421.jpg"", ""https://www.tunisiapromo.com/gallery/photo-2-71422.jpg""]","[{""url"": ""https://www.tunisiapromo.com/gallery/photo-1-147110.jpg"", ""sourceId"": 4, ""adUrl"": ""https://www.tunisiapromo.com/annonce/av-immeuble-proche-des-facultes-a-hammamet-z31402.html""}, {""url"": ""https://www.tunisiapromo.com/gallery/photo-2-147111.jpg"", ""sourceId"": 4, ""adUrl"": ""https://www.tunisiapromo.com/annonce/av-immeuble-proche-des-facultes-a-hammamet-z31402.html""}, {""url"": ""https://www.tunisiapromo.com/gallery/photo-3-147112.jpg"", ""sourceId"": 4, ""adUrl"": ""https://www.tunisiapromo.com/annonce/av-immeuble-proche-des-facultes-a-hammamet-z31402.html""}, {""url"": ""https://www.tunisiapromo.com/gallery/photo-4-147113.jpg"", ""sourceId"": 4, ""adUrl"": ""https://www.tunisiapromo.com/annonce/av-immeuble-proche-des-facultes-a-hammamet-z31402.html""}, {""url"": ""https://www.tunisiapromo.com/gallery/photo-1-71421.jpg"", ""sourceId"": 4, ""adUrl"": ""https://www.tunisiapromo.com/annonce/petit-immeubles-inacheve-avec-trois-apparts-a-hammamet-z18207.html""}, {""url"": ""https://www.tunisiapromo.com/gallery/photo-2-71422.jpg"", ""sourceId"": 4, ""adUrl"": ""https://www.tunisiapromo.com/annonce/petit-immeubles-inacheve-avec-trois-apparts-a-hammamet-z18207.html""}]","[{""sourceId"": 4, ""url"": ""https://www.tunisiapromo.com/annonce/av-immeuble-proche-des-facultes-a-hammamet-z31402.html"", ""price"": 290000, ""sellerType"": ""agency"", ""lastModified"": ""2014-09-22 23:05:52""}]","[{""sellerType"": ""agency"", ""contactName"": ""aaaa"", ""active"": true}, {""sellerType"": ""agency"", ""contactName"": ""Agence Immobilière Ghalleb"", ""active"": true}]",1,1,2,2,2,2,"[""garage""]",2024-12-26 23:06:01,2013-12-14 00:11:41,2014-09-22 23:05:52,2013-12-14 00:11:41,1,2026-02-07 13:27:24
896892,Av un petit immeuble magnififique a hammamet,"Av un petit immeuble compauser d'un grand étage s+4 cuisine salle à manger salle de bain 
Avec 3 studios au RC
Et un local commercial
Qui fait 80 m2
Superficie totale 400 m2
Prix 420 Md
contactez nous sur :
00216 52 52 22 ou bien sur viber <a type=""phone"">+21622XXXXXX</a>
<a type=""phone"">+21624XXXXXX</a> 
<a type=""phone"">+21654XXXXXX</a> 
<a type=""phone"">+21624XXXXXX</a>",420000.0,400.0,Immeuble résidentiel,residentialBuilding,sale,agency,3440,https://www.tunisiapromo.com/gallery/photo-1-135159.jpg,"[""https://www.tunisiapromo.com/gallery/photo-1-135159.jpg"", ""https://www.tunisiapromo.com/gallery/photo-2-135160.jpg"", ""https://www.tunisiapromo.com/gallery/photo-3-135161.jpg"", ""https://www.tunisiapromo.com/gallery/photo-4-135162.jpg"", ""https://www.tunisiapromo.com/gallery/photo-5-135163.jpg"", ""https://www.tunisiapromo.com/gallery/photo-6-135164.jpg"", ""https://www.tunisiapromo.com/gallery/photo-7-135165.jpg"", ""https://www.tunisiapromo.com/gallery/photo-9-135167.jpg"", ""https://www.tunisiapromo.com/gallery/photo-10-135168.jpg"", ""https://www.tunisiapromo.com/gallery/photo-1-134534.jpg"", ""https://www.tunisiapromo.com/gallery/photo-3-134536.jpg"", ""https://www.tunisiapromo.com/gallery/photo-8-134541.jpg"", ""https://www.tunisiapromo.com/gallery/photo-9-134542.jpg""]","[{""url"": ""https://www.tunisiapromo.com/gallery/photo-1-135159.jpg"", ""sourceId"": 4, ""adUrl"": ""https://www.tunisiapromo.com/annonce/av-un-petit-immeuble-magnififique-a-hammamet-z29174.html""}, {""url"": ""https://www.tunisiapromo.com/gallery/photo-2-135160.jpg"", ""sourceId"": 4, ""adUrl"": ""https://www.tunisiapromo.com/annonce/av-un-petit-immeuble-magnififique-a-hammamet-z29174.html""}, {""url"": ""https://www.tunisiapromo.com/gallery/photo-3-135161.jpg"", ""sourceId"": 4, ""adUrl"": ""https://www.tunisiapromo.com/annonce/av-un-petit-immeuble-magnififique-a-hammamet-z29174.html""}, {""url"": ""https://www.tunisiapromo.com/gallery/photo-4-135162.jpg"", ""sourceId"": 4, ""adUrl"": ""https://www.tunisiapromo.com/annonce/av-un-petit-immeuble-magnififique-a-hammamet-z29174.html""}, {""url"": ""https://www.tunisiapromo.com/gallery/photo-5-135163.jpg"", ""sourceId"": 4, ""adUrl"": ""https://www.tunisiapromo.com/annonce/av-un-petit-immeuble-magnififique-a-hammamet-z29174.html""}, {""url"": ""https://www.tunisiapromo.com/gallery/photo-6-135164.jpg"", ""sourceId"": 4, ""adUrl"": ""https://www.tunisiapromo.com/annonce/av-un-petit-immeuble-magnififique-a-hammamet-z29174.html""}, {""url"": ""https://www.tunisiapromo.com/gallery/photo-7-135165.jpg"", ""sourceId"": 4, ""adUrl"": ""https://www.tunisiapromo.com/annonce/av-un-petit-immeuble-magnififique-a-hammamet-z29174.html""}, {""url"": ""https://www.tunisiapromo.com/gallery/photo-9-135167.jpg"", ""sourceId"": 4, ""adUrl"": ""https://www.tunisiapromo.com/annonce/av-un-petit-immeuble-magnififique-a-hammamet-z29174.html""}, {""url"": ""https://www.tunisiapromo.com/gallery/photo-10-135168.jpg"", ""sourceId"": 4, ""adUrl"": ""https://www.tunisiapromo.com/annonce/av-un-petit-immeuble-magnififique-a-hammamet-z29174.html""}, {""url"": ""https://www.tunisiapromo.com/gallery/photo-1-134534.jpg"", ""sourceId"": 4, ""adUrl"": ""https://www.tunisiapromo.com/annonce/av-un-petit-et-bel-immeuble-proche-de-hamammet-z29058.html""}, {""url"": ""https://www.tunisiapromo.com/gallery/photo-3-134536.jpg"", ""sourceId"": 4, ""adUrl"": ""https://www.tunisiapromo.com/annonce/av-un-petit-et-bel-immeuble-proche-de-hamammet-z29058.html""}, {""url"": ""https://www.tunisiapromo.com/gallery/photo-8-134541.jpg"", ""sourceId"": 4, ""adUrl"": ""https://www.tunisiapromo.com/annonce/av-un-petit-et-bel-immeuble-proche-de-hamammet-z29058.html""}, {""url"": ""https://www.tunisiapromo.com/gallery/photo-9-134542.jpg"", ""sourceId"": 4, ""adUrl"": ""https://www.tunisiapromo.com/annonce/av-un-petit-et-bel-immeuble-proche-de-hamammet-z29058.html""}]","[{""sourceId"": 4, ""url"": ""https://www.tunisiapromo.com/annonce/av-un-petit-immeuble-magnififique-a-hammamet-z29174.html"", ""price"": 420000, ""sellerType"": ""agency"", ""lastModified"": ""2014-08-12 23:16:35""}]","[{""sellerType"": ""agency"", ""contactName"": ""aaaa"", ""active"": true}]",1,1,1,1,2,2,[],2024-12-26 23:16:41,2014-08-09 02:31:05,2014-08-12 23:16:35,2014-08-09 02:31:05,1,2026-02-07 13:27:26
897199,Av une immeuble à hammamet nord avec un prix intéressant,"av petite immeuble inachevée à  hammamet nord
immeuble proche des facultés
elle se compose de:
RC: (S+2) + garage
1er étage: S + 2
2éme étage: S + 2
3éme étage: (S+1) + terrasse
Superficie terrain: 240 m²
superficie couverte: 440 m²

PRIX: 290 MD
pour plus d'informations, veuillez nous contacter sur :
<a type=""phone"">+21626XXXXXX</a> / <a type=""phone"">+21654XXXXXX</a> / <a type=""phone"">+21655XXXXXX</a>",290000.0,440.0,Immeuble résidentiel,residentialBuilding,sale,agency,5182,https://www.tunisiapromo.com/gallery/photo-1-124432.jpg,"[""https://www.tunisiapromo.com/gallery/photo-1-124432.jpg"", ""https://www.tunisiapromo.com/gallery/photo-1-105325.jpg"", ""https://www.tunisiapromo.com/gallery/photo-3-105327.jpg"", ""https://www.tunisiapromo.com/gallery/photo-4-105328.jpg"", ""https://www.tunisiapromo.com/gallery/photo-5-105329.jpg"", ""https://www.tunisiapromo.com/gallery/photo-6-105330.jpg""]","[{""url"": ""https://www.tunisiapromo.com/gallery/photo-1-124432.jpg"", ""sourceId"": 4, ""adUrl"": ""https://www.tunisiapromo.com/annonce/av-une-immeuble-a-hammamet-nord-avec-un-prix-interessant-z26889.html""}, {""url"": ""https://www.tunisiapromo.com/gallery/photo-1-105325.jpg"", ""sourceId"": 4, ""adUrl"": ""https://www.tunisiapromo.com/annonce/av-petite-immeuble-inachevee-a-hammamet-z23468.html""}, {""url"": ""https://www.tunisiapromo.com/gallery/photo-3-105327.jpg"", ""sourceId"": 4, ""adUrl"": ""https://www.tunisiapromo.com/annonce/av-petite-immeuble-inachevee-a-hammamet-z23468.html""}, {""url"": ""https://www.tunisiapromo.com/gallery/photo-4-105328.jpg"", ""sourceId"": 4, ""adUrl"": ""https://www.tunisiapromo.com/annonce/av-petite-immeuble-inachevee-a-hammamet-z23468.html""}, {""url"": ""https://www.tunisiapromo.com/gallery/photo-5-105329.jpg"", ""sourceId"": 4, ""adUrl"": ""https://www.tunisiapromo.com/annonce/av-petite-immeuble-inachevee-a-hammamet-z23468.html""}, {""url"": ""https://www.tunisiapromo.com/gallery/photo-6-105330.jpg"", ""sourceId"": 4, ""adUrl"": ""https://www.tunisiapromo.com/annonce/av-petite-immeuble-inachevee-a-hammamet-z23468.html""}]","[{""sourceId"": 4, ""url"": ""https://www.tunisiapromo.com/annonce/av-une-immeuble-a-hammamet-nord-avec-un-prix-interessant-z26889.html"", ""price"": 290000, ""sellerType"": ""agency"", ""lastModified"": ""2014-07-26 23:24:15""}]","[{""sellerType"": ""agency"", ""contactName"": ""aaaa"", ""active"": true}, {""sellerType"": ""agency"", ""contactName"": ""aaaa"", ""active"": true}]",1,1,2,2,3,3,[],2024-12-26 23:24:23,2014-01-08 01:39:52,2014-07-26 23:24:15,2014-01-08 01:39:52,1,2026-02-07 13:27:28
897794,Immeuble à kharrouba à 5min de hammamet,"Immeuble R+2 à Kharrouba à 5min de Hammamet
Immeuble proche du carrefour Kharrouba environ  5min de la mer
A 10 min du centre ville Hammamet et Nabeul proche de commerces et toute commodité
Dans une impasse, immeuble composée de 3 appartements sur 300 m ² du terrain
Avec  une entrée indépendante
Au RDC appartement composé d’un salon, 2 chambres, salle de bain,  cuisine avec coin de jardin et espace pour garage
Au premier étage, appartement contient d’un salon, 2 chambres, salle de bain et cuisine
A 2eme étage, appartement dispose  un salon, une chambre, salle de bain et kitchenette avec terrasse vue  de mer
Possibilité du construire un autre studio au RDC
Chaque appartement dispose d’un compteur de SONEDE et de STEG
Superficie : 300m²
Prix : 370MD
- Pour plus d’information veuillez  contactez Latifa Chaâbani :
 00 216 <a type=""phone"">+21626XXXXXX</a>  / 00 216 <a type=""phone"">+21698XXXXXX</a>
-Pour plus d’information veuillez contactez Med Hedi :
 00 216 <a type=""phone"">+21629XXXXXX</a>  / 00 216 <a type=""phone"">+21622XXXXXX</a>
AGENCE IMMOBILIERE LES ARCADES 
*E-mail : lesarcadesimmob@hotmail.fr
*E-mail : m.ghachem@hotmail.fr
Ag s’abstenir 	
Merci Cordialement",370000.0,300.0,Immeuble résidentiel,residentialBuilding,sale,agency,3331,https://www.tunisiapromo.com/gallery/photo-1-123408.jpg,"[""https://www.tunisiapromo.com/gallery/photo-1-123408.jpg"", ""https://www.tunisiapromo.com/gallery/photo-2-123409.jpg"", ""https://www.tunisiapromo.com/gallery/photo-3-123410.jpg"", ""https://www.tunisiapromo.com/gallery/photo-4-123411.jpg"", ""https://www.tunisiapromo.com/gallery/photo-5-123412.jpg"", ""https://www.tunisiapromo.com/gallery/photo-6-123413.jpg"", ""https://www.tunisiapromo.com/gallery/photo-1-65406.jpg"", ""https://www.tunisiapromo.com/gallery/photo-2-65407.jpg"", ""https://www.tunisiapromo.com/gallery/photo-5-65410.jpg"", ""https://www.tunisiapromo.com/gallery/photo-7-65412.jpg""]","[{""url"": ""https://www.tunisiapromo.com/gallery/photo-1-123408.jpg"", ""sourceId"": 4, ""adUrl"": ""https://www.tunisiapromo.com/annonce/immeuble-a-kharrouba-a-5min-de-hammamet-z26721.html""}, {""url"": ""https://www.tunisiapromo.com/gallery/photo-2-123409.jpg"", ""sourceId"": 4, ""adUrl"": ""https://www.tunisiapromo.com/annonce/immeuble-a-kharrouba-a-5min-de-hammamet-z26721.html""}, {""url"": ""https://www.tunisiapromo.com/gallery/photo-3-123410.jpg"", ""sourceId"": 4, ""adUrl"": ""https://www.tunisiapromo.com/annonce/immeuble-a-kharrouba-a-5min-de-hammamet-z26721.html""}, {""url"": ""https://www.tunisiapromo.com/gallery/photo-4-123411.jpg"", ""sourceId"": 4, ""adUrl"": ""https://www.tunisiapromo.com/annonce/immeuble-a-kharrouba-a-5min-de-hammamet-z26721.html""}, {""url"": ""https://www.tunisiapromo.com/gallery/photo-5-123412.jpg"", ""sourceId"": 4, ""adUrl"": ""https://www.tunisiapromo.com/annonce/immeuble-a-kharrouba-a-5min-de-hammamet-z26721.html""}, {""url"": ""https://www.tunisiapromo.com/gallery/photo-6-123413.jpg"", ""sourceId"": 4, ""adUrl"": ""https://www.tunisiapromo.com/annonce/immeuble-a-kharrouba-a-5min-de-hammamet-z26721.html""}, {""url"": ""https://www.tunisiapromo.com/gallery/photo-1-65406.jpg"", ""sourceId"": 4, ""adUrl"": ""https://www.tunisiapromo.com/annonce/immeuble-r-2-a-kharrouba-z17244.html""}, {""url"": ""https://www.tunisiapromo.com/gallery/photo-2-65407.jpg"", ""sourceId"": 4, ""adUrl"": ""https://www.tunisiapromo.com/annonce/immeuble-r-2-a-kharrouba-z17244.html""}, {""url"": ""https://www.tunisiapromo.com/gallery/photo-5-65410.jpg"", ""sourceId"": 4, ""adUrl"": ""https://www.tunisiapromo.com/annonce/immeuble-r-2-a-kharrouba-z17244.html""}, {""url"": ""https://www.tunisiapromo.com/gallery/photo-7-65412.jpg"", ""sourceId"": 4, ""adUrl"": ""https://www.tunisiapromo.com/annonce/immeuble-r-2-a-kharrouba-z17244.html""}]","[{""sourceId"": 4, ""url"": ""https://www.tunisiapromo.com/annonce/immeuble-a-kharrouba-a-5min-de-hammamet-z26721.html"", ""price"": 370000, ""sellerType"": ""agency"", ""lastModified"": ""2014-06-19 23:35:39""}]","[{""sellerType"": ""agency"", ""contactName"": ""LES ARCADES"", ""active"": true}]",1,1,1,1,2,2,[],2024-12-26 23:35:52,2013-11-13 00:15:42,2014-06-19 23:35:39,2013-11-13 00:15:42,1,2026-02-07 13:27:30
898110,Un affaire av immeuble r+2 à mnaret hammamet,"Immeuble r+2 à Mnaret Hammamet 
Dans un quartier calme et un emplacement stratégique, à 5 min de Hammamet sud  et de Hammamet centre ville et 30 min de Tunis.
 Proche de commerce et de toute commodité en face un lotissement approuvé entourée par des belles villas a l’entoure.
Bénéficient de 2 locaux au RDC et un studio composé d’un salon, cuisine, une chambre avec coin de jardin.
A l’étage un duplexe récemment construit contient un grand salon, une chambre, sale de bain et cuisine avec séchoir au deuxième étage 2 chambres et sale d’eau.
Au deuxième étage un appartement avec un terrasse dispose d’un salon, 2 chambres cuisine et sale d’eau.
Sup couvert : 360m²
Prix : 450 MD 
- Pour plus d’information veuillez  contactez Latifa Chaâbani :
 00 216 <a type=""phone"">+21626XXXXXX</a>  / 00 216 <a type=""phone"">+21698XXXXXX</a>
-Pour plus d’information veuillez contactez Med Hedi :
 00 216 <a type=""phone"">+21629XXXXXX</a>  / 00 216 <a type=""phone"">+21622XXXXXX</a>
AGENCE  IMMOBILIÈRE LES ARCADES 
*E-mail : lesarcadesimmob@hotmail.fr
*E-mail : m.ghachem@hotmail.fr
Site Web : www.lesarcades-immobiliere.com
Facebook : les arcades.
Ag s’abstenir 	
Merci Cordialement",450000.0,360.0,Immeuble résidentiel,residentialBuilding,sale,agency,3440,https://www.tunisiapromo.com/gallery/photo-1-117905.jpg,"[""https://www.tunisiapromo.com/gallery/photo-1-117905.jpg"", ""https://www.tunisiapromo.com/gallery/photo-2-117906.jpg"", ""https://www.tunisiapromo.com/gallery/photo-3-117907.jpg"", ""https://www.tunisiapromo.com/gallery/photo-4-117908.jpg"", ""https://www.tunisiapromo.com/gallery/photo-5-117909.jpg"", ""https://www.tunisiapromo.com/gallery/photo-6-117910.jpg"", ""https://www.tunisiapromo.com/gallery/photo-7-117911.jpg"", ""https://www.tunisiapromo.com/gallery/photo-1-114153.jpg"", ""https://www.tunisiapromo.com/gallery/photo-4-114156.jpg"", ""https://www.tunisiapromo.com/gallery/photo-5-114157.jpg"", ""https://www.tunisiapromo.com/gallery/photo-9-114161.jpg"", ""https://www.tunisiapromo.com/gallery/photo-7-113781.jpg"", ""https://www.tunisiapromo.com/gallery/photo-8-113782.jpg""]","[{""url"": ""https://www.tunisiapromo.com/gallery/photo-1-117905.jpg"", ""sourceId"": 4, ""adUrl"": ""https://www.tunisiapromo.com/annonce/un-affaire-av-immeuble-r-2-a-mnaret-hammamet-z25764.html""}, {""url"": ""https://www.tunisiapromo.com/gallery/photo-2-117906.jpg"", ""sourceId"": 4, ""adUrl"": ""https://www.tunisiapromo.com/annonce/un-affaire-av-immeuble-r-2-a-mnaret-hammamet-z25764.html""}, {""url"": ""https://www.tunisiapromo.com/gallery/photo-3-117907.jpg"", ""sourceId"": 4, ""adUrl"": ""https://www.tunisiapromo.com/annonce/un-affaire-av-immeuble-r-2-a-mnaret-hammamet-z25764.html""}, {""url"": ""https://www.tunisiapromo.com/gallery/photo-4-117908.jpg"", ""sourceId"": 4, ""adUrl"": ""https://www.tunisiapromo.com/annonce/un-affaire-av-immeuble-r-2-a-mnaret-hammamet-z25764.html""}, {""url"": ""https://www.tunisiapromo.com/gallery/photo-5-117909.jpg"", ""sourceId"": 4, ""adUrl"": ""https://www.tunisiapromo.com/annonce/un-affaire-av-immeuble-r-2-a-mnaret-hammamet-z25764.html""}, {""url"": ""https://www.tunisiapromo.com/gallery/photo-6-117910.jpg"", ""sourceId"": 4, ""adUrl"": ""https://www.tunisiapromo.com/annonce/un-affaire-av-immeuble-r-2-a-mnaret-hammamet-z25764.html""}, {""url"": ""https://www.tunisiapromo.com/gallery/photo-7-117911.jpg"", ""sourceId"": 4, ""adUrl"": ""https://www.tunisiapromo.com/annonce/un-affaire-av-immeuble-r-2-a-mnaret-hammamet-z25764.html""}, {""url"": ""https://www.tunisiapromo.com/gallery/photo-1-114153.jpg"", ""sourceId"": 4, ""adUrl"": ""https://www.tunisiapromo.com/annonce/av-immeuble-r-2-a-mnaret-hammamet-z25030.html""}, {""url"": ""https://www.tunisiapromo.com/gallery/photo-4-114156.jpg"", ""sourceId"": 4, ""adUrl"": ""https://www.tunisiapromo.com/annonce/av-immeuble-r-2-a-mnaret-hammamet-z25030.html""}, {""url"": ""https://www.tunisiapromo.com/gallery/photo-5-114157.jpg"", ""sourceId"": 4, ""adUrl"": ""https://www.tunisiapromo.com/annonce/av-immeuble-r-2-a-mnaret-hammamet-z25030.html""}, {""url"": ""https://www.tunisiapromo.com/gallery/photo-9-114161.jpg"", ""sourceId"": 4, ""adUrl"": ""https://www.tunisiapromo.com/annonce/av-immeuble-r-2-a-mnaret-hammamet-z25030.html""}, {""url"": ""https://www.tunisiapromo.com/gallery/photo-7-113781.jpg"", ""sourceId"": 4, ""adUrl"": ""https://www.tunisiapromo.com/annonce/immeuble-r-2-a-mnaret-hammamet-z24973.html""}, {""url"": ""https://www.tunisiapromo.com/gallery/photo-8-113782.jpg"", ""sourceId"": 4, ""adUrl"": ""https://www.tunisiapromo.com/annonce/immeuble-r-2-a-mnaret-hammamet-z24973.html""}]","[{""sourceId"": 4, ""url"": ""https://www.tunisiapromo.com/annonce/un-affaire-av-immeuble-r-2-a-mnaret-hammamet-z25764.html"", ""price"": 450000, ""sellerType"": ""agency"", ""lastModified"": ""2014-05-29 00:52:57""}]","[{""sellerType"": ""agency"", ""contactName"": ""LES ARCADES"", ""active"": true}]",1,1,1,1,3,3,[],2024-12-26 23:41:54,2014-05-14 23:47:27,2014-05-29 00:52:57,2014-05-14 23:47:27,1,2026-02-07 13:27:34
908241,Immeuble toute neuve à cité erriadh,"Agence immobilière Elkantaoui  met en vente une immeuble R+3 toute neuve a cité erriadh bâtie sur un terrain d'une superficie de 413 m2. 
l'immeuble est composé d'un studio et 7 appartements s+2 chacune est d une superficie de 115 m2.
cette immeuble muni par le gaz de ville
prix 950000 dinars.
pour plus de détails merci de nous contacter sur les numéros +216 817 551/ <a type=""phone"">+21673XXXXXX</a>",950000.0,413.0,Immeuble résidentiel,residentialBuilding,sale,agency,245,https://www.tunisiapromo.com/images/18395.jpg,"[""https://www.tunisiapromo.com/images/18395.jpg""]","[{""url"": ""https://www.tunisiapromo.com/images/18395.jpg"", ""sourceId"": 4, ""adUrl"": ""https://www.tunisiapromo.com/annonce/immeuble-toute-neuve-a-cite-erriadh-z18395.html""}]","[{""sourceId"": 4, ""url"": ""https://www.tunisiapromo.com/annonce/immeuble-toute-neuve-a-cite-erriadh-z18395.html"", ""price"": 950000, ""sellerType"": ""agency"", ""lastModified"": ""2014-05-24 02:05:09""}]","[{""sellerType"": ""agency"", ""contactName"": ""Immobiliére El Kantaoui"", ""active"": true}]",1,1,1,1,1,1,[],2024-12-27 02:05:18,2013-12-23 02:05:09,2014-05-24 02:05:09,2013-12-23 02:05:09,1,2026-02-07 13:27:40
907442,Immeuble au coeur de tunis,a vendre un immeuble au coeur de tunis composé d un salon de thé et restaurant,3000000.0,,Immeuble résidentiel,residentialBuilding,sale,private,5201,,[],,"[{""sourceId"": 4, ""url"": ""https://www.tunisiapromo.com/annonce/immeuble-au-coeur-de-tunis-z24504.html"", ""price"": 3000000, ""sellerType"": ""private"", ""lastModified"": ""2014-05-02 01:40:06""}]","[{""sellerType"": ""private"", ""contactName"": ""ikbal"", ""active"": true}]",1,1,1,1,1,1,[],2024-12-27 01:40:13,2014-05-02 01:40:06,2014-05-02 01:40:06,2014-05-02 01:40:06,1,2026-02-07 13:27:43
898171,Av immeuble sur 3 étages à hammamet nord,"Av immeuble sur 3 étages à hammamet nord
L’immeuble se compose de Rdc et 3 étages 
Rdc : 2 locaux commerciaux
3 étages : 7 appartements
         6 appt * (S+2) et 1 appt * (S+3)
Prix : 1 milliard 500 millions
Pour plus d’info, contacter
<a type=""phone"">+21624XXXXXX</a> ou <a type=""phone"">+21624XXXXXX</a>ou <a type=""phone"">+21620XXXXXX</a>",1500000.0,,Immeuble résidentiel,residentialBuilding,sale,agency,5182,https://www.tunisiapromo.com/gallery/photo-1-108201.jpg,"[""https://www.tunisiapromo.com/gallery/photo-1-108201.jpg"", ""https://www.tunisiapromo.com/gallery/photo-2-108202.jpg""]","[{""url"": ""https://www.tunisiapromo.com/gallery/photo-1-108201.jpg"", ""sourceId"": 4, ""adUrl"": ""https://www.tunisiapromo.com/annonce/av-immeuble-sur-3-etages-a-hammamet-nord-z23979.html""}, {""url"": ""https://www.tunisiapromo.com/gallery/photo-2-108202.jpg"", ""sourceId"": 4, ""adUrl"": ""https://www.tunisiapromo.com/annonce/av-immeuble-sur-3-etages-a-hammamet-nord-z23979.html""}]","[{""sourceId"": 4, ""url"": ""https://www.tunisiapromo.com/annonce/av-immeuble-sur-3-etages-a-hammamet-nord-z23979.html"", ""price"": 1500000, ""sellerType"": ""agency"", ""lastModified"": ""2014-04-28 23:42:54""}]","[{""sellerType"": ""agency"", ""contactName"": ""aaaa"", ""active"": true}]",1,1,1,1,1,1,[],2024-12-26 23:43:06,2014-04-21 23:42:54,2014-04-28 23:42:54,2014-04-21 23:42:54,1,2026-02-07 13:27:45
898978,A vendre route de la soukra,"Prix:
    -
    Secteur:

on met en vente: RUE DE LA SOUKRA

 2 Magasins au rdc.74m2/64m2

locaux à l'étage 260m2

+ un terrasse 100m2

et un Bureau 150m2

pour plus de renseignements contacter Monsieur Mohamed sur le Numéro <a type=""phone"">+21625XXXXXX</a>.",,260.0,Immeuble résidentiel,residentialBuilding,sale,private,391,,[],,"[{""sourceId"": 4, ""url"": ""https://www.tunisiapromo.com/annonce/a-vendre-route-de-la-soukra-z20337.html"", ""price"": null, ""sellerType"": ""private"", ""lastModified"": ""2014-02-15 00:01:50""}]","[{""sellerType"": ""private"", ""contactName"": ""Mohamed"", ""active"": true}]",1,1,1,1,1,1,[],2024-12-27 00:02:06,2014-02-15 00:01:50,2014-02-15 00:01:50,2014-02-15 00:01:50,1,2026-02-07 13:27:47
898983,Une bonne occasion à menzel temime,"L'agence R.Majdoub vous offre une occasion exceptionnelle :

Il s’agit de la vente immédiate d’une pâtisserie et boulangerie avec un matériel, un laboratoire neuf et un magasin.

Le dessus est composé d’une luxueuse propriété sur 1565 m2 avec quatre Appartements pour 500m2 couvert pour chaque étage.

Chaque appartement est composé d’une surface de 250m2 avec hall +une grand salon +un chambre pour suite parentale et trois chambres avec dressing, salle de bain et toilette séparée. les entrées sont indépendantes, en plus elle est équipée d’un puits qui circule L'eau dans toute la propriété
Le prix demandé pour la vente est un milliard 500 millions négociable.
prix de la boulangerie séparée: 800 000 DT
pour plus des d'étails Tel / <a type=""phone"">+21672XXXXXX</a>/ <a type=""phone"">+21655XXXXXX</a>",500000.0,1565.0,Immeuble résidentiel,residentialBuilding,sale,agency,3578,https://www.tunisiapromo.com/gallery/photo-1-84390.jpg,"[""https://www.tunisiapromo.com/gallery/photo-1-84390.jpg"", ""https://www.tunisiapromo.com/gallery/photo-2-84391.jpg"", ""https://www.tunisiapromo.com/gallery/photo-3-84392.jpg"", ""https://www.tunisiapromo.com/gallery/photo-4-84393.jpg"", ""https://www.tunisiapromo.com/gallery/photo-5-84394.jpg"", ""https://www.tunisiapromo.com/plans/20264.jpg""]","[{""url"": ""https://www.tunisiapromo.com/gallery/photo-1-84390.jpg"", ""sourceId"": 4, ""adUrl"": ""https://www.tunisiapromo.com/annonce/une-bonne-occasion-a-menzel-temime-z20264.html""}, {""url"": ""https://www.tunisiapromo.com/gallery/photo-2-84391.jpg"", ""sourceId"": 4, ""adUrl"": ""https://www.tunisiapromo.com/annonce/une-bonne-occasion-a-menzel-temime-z20264.html""}, {""url"": ""https://www.tunisiapromo.com/gallery/photo-3-84392.jpg"", ""sourceId"": 4, ""adUrl"": ""https://www.tunisiapromo.com/annonce/une-bonne-occasion-a-menzel-temime-z20264.html""}, {""url"": ""https://www.tunisiapromo.com/gallery/photo-4-84393.jpg"", ""sourceId"": 4, ""adUrl"": ""https://www.tunisiapromo.com/annonce/une-bonne-occasion-a-menzel-temime-z20264.html""}, {""url"": ""https://www.tunisiapromo.com/gallery/photo-5-84394.jpg"", ""sourceId"": 4, ""adUrl"": ""https://www.tunisiapromo.com/annonce/une-bonne-occasion-a-menzel-temime-z20264.html""}, {""url"": ""https://www.tunisiapromo.com/plans/20264.jpg"", ""sourceId"": 4, ""adUrl"": ""https://www.tunisiapromo.com/annonce/une-bonne-occasion-a-menzel-temime-z20264.html""}]","[{""sourceId"": 4, ""url"": ""https://www.tunisiapromo.com/annonce/une-bonne-occasion-a-menzel-temime-z20264.html"", ""price"": 500000, ""sellerType"": ""agency"", ""lastModified"": ""2014-02-13 00:02:00""}]","[{""sellerType"": ""agency"", ""contactName"": ""Ideal Home"", ""active"": true}]",1,1,1,1,1,1,[],2024-12-27 00:02:06,2014-02-13 00:02:00,2014-02-13 00:02:00,2014-02-13 00:02:00,1,2026-02-07 13:27:49
899367,Av petit immeuble à deux pas de la mer à beni khiar,"AV à Beni Khiar à deux pas de la mer, une construction à finir composée au rez-de-chaussée d’un appartement fini et composé d’un salon-kitchenette, deux chambres à coucher et une salle d’eau. Le premier et le deuxième sont inachevés.
Prix : 155 MD
Pour plus d’infos veuillez nous contacter sur le 
<a type=""phone"">+21620XXXXXX</a> / <a type=""phone"">+21622XXXXXX</a>",155000.0,,Immeuble résidentiel,residentialBuilding,sale,agency,3293,https://www.tunisiapromo.com/gallery/photo-1-69214.jpg,"[""https://www.tunisiapromo.com/gallery/photo-1-69214.jpg"", ""https://www.tunisiapromo.com/gallery/photo-2-69215.jpg"", ""https://www.tunisiapromo.com/gallery/photo-3-69216.jpg"", ""https://www.tunisiapromo.com/gallery/photo-4-69217.jpg"", ""https://www.tunisiapromo.com/gallery/photo-5-69218.jpg"", ""https://www.tunisiapromo.com/gallery/photo-6-69219.jpg"", ""https://www.tunisiapromo.com/gallery/photo-7-69220.jpg"", ""https://www.tunisiapromo.com/gallery/photo-8-69221.jpg"", ""https://www.tunisiapromo.com/gallery/photo-9-69222.jpg"", ""https://www.tunisiapromo.com/gallery/photo-10-69223.jpg"", ""https://www.tunisiapromo.com/gallery/photo-2-69225.jpg"", ""https://www.tunisiapromo.com/gallery/photo-6-64757.jpg""]","[{""url"": ""https://www.tunisiapromo.com/gallery/photo-1-69214.jpg"", ""sourceId"": 4, ""adUrl"": ""https://www.tunisiapromo.com/annonce/av-petit-immeuble-a-deux-pas-de-la-mer-a-beni-khiar-z17835.html""}, {""url"": ""https://www.tunisiapromo.com/gallery/photo-2-69215.jpg"", ""sourceId"": 4, ""adUrl"": ""https://www.tunisiapromo.com/annonce/av-petit-immeuble-a-deux-pas-de-la-mer-a-beni-khiar-z17835.html""}, {""url"": ""https://www.tunisiapromo.com/gallery/photo-3-69216.jpg"", ""sourceId"": 4, ""adUrl"": ""https://www.tunisiapromo.com/annonce/av-petit-immeuble-a-deux-pas-de-la-mer-a-beni-khiar-z17835.html""}, {""url"": ""https://www.tunisiapromo.com/gallery/photo-4-69217.jpg"", ""sourceId"": 4, ""adUrl"": ""https://www.tunisiapromo.com/annonce/av-petit-immeuble-a-deux-pas-de-la-mer-a-beni-khiar-z17835.html""}, {""url"": ""https://www.tunisiapromo.com/gallery/photo-5-69218.jpg"", ""sourceId"": 4, ""adUrl"": ""https://www.tunisiapromo.com/annonce/av-petit-immeuble-a-deux-pas-de-la-mer-a-beni-khiar-z17835.html""}, {""url"": ""https://www.tunisiapromo.com/gallery/photo-6-69219.jpg"", ""sourceId"": 4, ""adUrl"": ""https://www.tunisiapromo.com/annonce/av-petit-immeuble-a-deux-pas-de-la-mer-a-beni-khiar-z17835.html""}, {""url"": ""https://www.tunisiapromo.com/gallery/photo-7-69220.jpg"", ""sourceId"": 4, ""adUrl"": ""https://www.tunisiapromo.com/annonce/av-petit-immeuble-a-deux-pas-de-la-mer-a-beni-khiar-z17835.html""}, {""url"": ""https://www.tunisiapromo.com/gallery/photo-8-69221.jpg"", ""sourceId"": 4, ""adUrl"": ""https://www.tunisiapromo.com/annonce/av-petit-immeuble-a-deux-pas-de-la-mer-a-beni-khiar-z17835.html""}, {""url"": ""https://www.tunisiapromo.com/gallery/photo-9-69222.jpg"", ""sourceId"": 4, ""adUrl"": ""https://www.tunisiapromo.com/annonce/av-petit-immeuble-a-deux-pas-de-la-mer-a-beni-khiar-z17835.html""}, {""url"": ""https://www.tunisiapromo.com/gallery/photo-10-69223.jpg"", ""sourceId"": 4, ""adUrl"": ""https://www.tunisiapromo.com/annonce/av-petit-immeuble-a-deux-pas-de-la-mer-a-beni-khiar-z17835.html""}, {""url"": ""https://www.tunisiapromo.com/gallery/photo-2-69225.jpg"", ""sourceId"": 4, ""adUrl"": ""https://www.tunisiapromo.com/annonce/av-petit-immeuble-a-deux-pas-de-la-mer-a-beni-khiar-z17835.html""}, {""url"": ""https://www.tunisiapromo.com/gallery/photo-6-64757.jpg"", ""sourceId"": 4, ""adUrl"": ""https://www.tunisiapromo.com/annonce/petit-immeuble-a-finir-a-beni-khiar-z17123.html""}]","[{""sourceId"": 4, ""url"": ""https://www.tunisiapromo.com/annonce/av-petit-immeuble-a-deux-pas-de-la-mer-a-beni-khiar-z17835.html"", ""price"": 155000, ""sellerType"": ""agency"", ""lastModified"": ""2014-01-02 00:08:53""}]","[{""sellerType"": ""agency"", ""contactName"": ""Agence Immobilière Ghalleb"", ""active"": true}]",1,1,1,1,2,2,"[""equippedKitchen""]",2024-12-27 00:09:01,2013-11-08 00:16:21,2014-01-02 00:08:53,2013-11-08 00:16:21,1,2026-02-07 13:27:50
900128,Av immeuble a karouba emplacement stratégique hammamet,"Immeuble a Karouba
Projet Rentable Immeuble constitue de 5 appartements nécessite quelques améliorations 
Emplacement stratégique à 2 min de carrefour et des autres commerces.
Titre individuel 
Terrain : 300 m²
Prix : 320 Md négociable 
- Pour plus d’information veuillez  contactez Latifa Chaâbeni : 00 216 <a type=""phone"">+21626XXXXXX</a>  / 00 216 <a type=""phone"">+21698XXXXXX</a>
-Pour plus d’information veuillez contactez Med Hedi : 00 216 <a type=""phone"">+21629XXXXXX</a>  / 00 216 <a type=""phone"">+21622XXXXXX</a> 
-E-mail : m.ghachem@hotmail.fr
Ag s’abstenir 
Merci Cordialement",320000.0,300.0,Immeuble résidentiel,residentialBuilding,sale,agency,3331,https://www.tunisiapromo.com/gallery/photo-1-60292.jpg,"[""https://www.tunisiapromo.com/gallery/photo-1-60292.jpg"", ""https://www.tunisiapromo.com/gallery/photo-2-60293.jpg"", ""https://www.tunisiapromo.com/gallery/photo-3-60294.jpg"", ""https://www.tunisiapromo.com/gallery/photo-2-44122.jpg""]","[{""url"": ""https://www.tunisiapromo.com/gallery/photo-1-60292.jpg"", ""sourceId"": 4, ""adUrl"": ""https://www.tunisiapromo.com/annonce/av-immeuble-a-karouba-emplacement-strategique-hammamet-z16413.html""}, {""url"": ""https://www.tunisiapromo.com/gallery/photo-2-60293.jpg"", ""sourceId"": 4, ""adUrl"": ""https://www.tunisiapromo.com/annonce/av-immeuble-a-karouba-emplacement-strategique-hammamet-z16413.html""}, {""url"": ""https://www.tunisiapromo.com/gallery/photo-3-60294.jpg"", ""sourceId"": 4, ""adUrl"": ""https://www.tunisiapromo.com/annonce/av-immeuble-a-karouba-emplacement-strategique-hammamet-z16413.html""}, {""url"": ""https://www.tunisiapromo.com/gallery/photo-2-44122.jpg"", ""sourceId"": 4, ""adUrl"": ""https://www.tunisiapromo.com/annonce/immeuble-a-karouba-emplacement-strategique-z13844.html""}]","[{""sourceId"": 4, ""url"": ""https://www.tunisiapromo.com/annonce/av-immeuble-a-karouba-emplacement-strategique-hammamet-z16413.html"", ""price"": 320000, ""sellerType"": ""agency"", ""lastModified"": ""2013-10-08 00:21:41""}]","[{""sellerType"": ""agency"", ""contactName"": ""LES ARCADES"", ""active"": true}]",1,1,1,1,2,2,[],2024-12-27 00:21:50,2013-07-05 00:30:10,2013-10-08 00:21:41,2013-07-05 00:30:10,1,2026-02-07 13:27:52
908483,Immeuble neuf au centre ville,"-prés place Barcelone. rue d’Algérie
 immeuble de 3 étages , un rez de chaussez et une terrasse.
un totale de  6 appartements (de 3 pièces) et 7 studios (de 1 pièce)
rentabilité actuel 4100d/mois
sur une surface de base de 165 m²
papiers en règles
<a type=""phone"">+21655XXXXXX</a> ou <a type=""phone"">+21629XXXXXX</a>
prix légèrement négociable selon mode de payement.",550000.0,165.0,Immeuble résidentiel,residentialBuilding,sale,agency,5201,https://www.tunisiapromo.com/images/16385.jpg,"[""https://www.tunisiapromo.com/images/16385.jpg"", ""https://www.tunisiapromo.com/plans/16385.jpg""]","[{""url"": ""https://www.tunisiapromo.com/images/16385.jpg"", ""sourceId"": 4, ""adUrl"": ""https://www.tunisiapromo.com/annonce/immeuble-neuf-au-centre-ville-z16385.html""}, {""url"": ""https://www.tunisiapromo.com/plans/16385.jpg"", ""sourceId"": 4, ""adUrl"": ""https://www.tunisiapromo.com/annonce/immeuble-neuf-au-centre-ville-z16385.html""}]","[{""sourceId"": 4, ""url"": ""https://www.tunisiapromo.com/annonce/immeuble-neuf-au-centre-ville-z16385.html"", ""price"": 550000, ""sellerType"": ""agency"", ""lastModified"": ""2013-10-07 02:08:36""}]","[{""sellerType"": ""agency"", ""contactName"": ""agence"", ""active"": true}]",1,1,1,1,1,1,[],2024-12-27 02:08:45,2013-10-07 02:08:36,2013-10-07 02:08:36,2013-10-07 02:08:36,1,2026-02-07 13:27:54
900681,Projet rentable immeuble constitue de 5 appartements,"Immeuble a Karouba
Projet Rentable Immeuble constitue de 5 appartements nécessite quelques améliorations 
Emplacement stratégique à 2 min de carrefour et des autres commerces.
Titre individuel 
Terrain : 300 m²
Prix : 295 Md négociable 
- Pour plus d’information veuillez  contactez Latifa Chaâbeni : 00 216 <a type=""phone"">+21626XXXXXX</a>  / 00 216 <a type=""phone"">+21698XXXXXX</a>
-Pour plus d’information veuillez contactez Med Hedi : 00 216 <a type=""phone"">+21629XXXXXX</a>  / 00 216 <a type=""phone"">+21622XXXXXX</a> 
-E-mail : m.ghachem@hotmail.fr
Ag s’abstenir 
Merci Cordialement",295000.0,300.0,Immeuble résidentiel,residentialBuilding,sale,agency,5182,https://www.tunisiapromo.com/gallery/photo-1-49216.jpg,"[""https://www.tunisiapromo.com/gallery/photo-1-49216.jpg"", ""https://www.tunisiapromo.com/gallery/photo-2-49217.jpg""]","[{""url"": ""https://www.tunisiapromo.com/gallery/photo-1-49216.jpg"", ""sourceId"": 4, ""adUrl"": ""https://www.tunisiapromo.com/annonce/projet-rentable-immeuble-constitue-de-5-appartements-z14629.html""}, {""url"": ""https://www.tunisiapromo.com/gallery/photo-2-49217.jpg"", ""sourceId"": 4, ""adUrl"": ""https://www.tunisiapromo.com/annonce/projet-rentable-immeuble-constitue-de-5-appartements-z14629.html""}]","[{""sourceId"": 4, ""url"": ""https://www.tunisiapromo.com/annonce/projet-rentable-immeuble-constitue-de-5-appartements-z14629.html"", ""price"": 295000, ""sellerType"": ""agency"", ""lastModified"": ""2013-08-16 00:29:19""}]","[{""sellerType"": ""agency"", ""contactName"": ""LES ARCADES"", ""active"": true}]",1,1,1,1,1,1,[],2024-12-27 00:29:27,2013-08-16 00:29:19,2013-08-16 00:29:19,2013-08-16 00:29:19,1,2026-02-07 13:27:56
908897,A vendre immeuble de 4 étages,"A vendre un immeuble de 4 étages, a 80 m de la plage et 150 m de la route touristique 14 janvier 2011 à Elkantaoui, pas loin du pont. L'immeuble est construit sur un terrain de près de 570m2, il est constitué de 3(S+1) en RDC, et 2(S+2) au 1er, 2eme, et 3eme étage. L’immeuble est jumelé avec un terrain vierge Possibilité de rajouter 100m2 couvert par étage.",1000000.0,570.0,Immeuble résidentiel,residentialBuilding,sale,private,4495,,[],,"[{""sourceId"": 4, ""url"": ""https://www.tunisiapromo.com/annonce/a-vendre-immeuble-de-4-etages-z14528.html"", ""price"": 1000000, ""sellerType"": ""private"", ""lastModified"": ""2013-08-12 02:14:40""}]","[{""sellerType"": ""private"", ""contactName"": ""slah"", ""active"": true}]",1,1,1,1,1,1,[],2024-12-27 02:14:45,2013-08-12 02:14:40,2013-08-12 02:14:40,2013-08-12 02:14:40,1,2026-02-07 13:27:57
908457,Nouveau équipement d'un atelier de tournage,constituant d'un atelier de tournage; -tour parallèle (2 m ) -presse hydraulique (20 T)- poste de soudure semi automatique(déca)- poste de soudure a l'arc (deçà) - perceuse a colonne - tronçonneuse - compresseur  -un bon caisse d'outillage,40000.0,,Immeuble résidentiel,residentialBuilding,sale,private,2182,https://www.tunisiapromo.com/gallery/photo-1-42288.jpg,"[""https://www.tunisiapromo.com/gallery/photo-1-42288.jpg"", ""https://www.tunisiapromo.com/gallery/photo-2-42289.jpg"", ""https://www.tunisiapromo.com/gallery/photo-3-42290.jpg"", ""https://www.tunisiapromo.com/gallery/photo-4-42291.jpg"", ""https://www.tunisiapromo.com/gallery/photo-5-42292.jpg"", ""https://www.tunisiapromo.com/gallery/photo-6-42293.jpg"", ""https://www.tunisiapromo.com/gallery/photo-7-42294.jpg"", ""https://www.tunisiapromo.com/gallery/photo-8-42295.jpg"", ""https://www.tunisiapromo.com/gallery/photo-9-42296.jpg"", ""https://www.tunisiapromo.com/gallery/photo-10-42297.jpg""]","[{""url"": ""https://www.tunisiapromo.com/gallery/photo-1-42288.jpg"", ""sourceId"": 4, ""adUrl"": ""https://www.tunisiapromo.com/annonce/nouveau-equipement-d-un-atelier-de-tournage-z13357.html""}, {""url"": ""https://www.tunisiapromo.com/gallery/photo-2-42289.jpg"", ""sourceId"": 4, ""adUrl"": ""https://www.tunisiapromo.com/annonce/nouveau-equipement-d-un-atelier-de-tournage-z13357.html""}, {""url"": ""https://www.tunisiapromo.com/gallery/photo-3-42290.jpg"", ""sourceId"": 4, ""adUrl"": ""https://www.tunisiapromo.com/annonce/nouveau-equipement-d-un-atelier-de-tournage-z13357.html""}, {""url"": ""https://www.tunisiapromo.com/gallery/photo-4-42291.jpg"", ""sourceId"": 4, ""adUrl"": ""https://www.tunisiapromo.com/annonce/nouveau-equipement-d-un-atelier-de-tournage-z13357.html""}, {""url"": ""https://www.tunisiapromo.com/gallery/photo-5-42292.jpg"", ""sourceId"": 4, ""adUrl"": ""https://www.tunisiapromo.com/annonce/nouveau-equipement-d-un-atelier-de-tournage-z13357.html""}, {""url"": ""https://www.tunisiapromo.com/gallery/photo-6-42293.jpg"", ""sourceId"": 4, ""adUrl"": ""https://www.tunisiapromo.com/annonce/nouveau-equipement-d-un-atelier-de-tournage-z13357.html""}, {""url"": ""https://www.tunisiapromo.com/gallery/photo-7-42294.jpg"", ""sourceId"": 4, ""adUrl"": ""https://www.tunisiapromo.com/annonce/nouveau-equipement-d-un-atelier-de-tournage-z13357.html""}, {""url"": ""https://www.tunisiapromo.com/gallery/photo-8-42295.jpg"", ""sourceId"": 4, ""adUrl"": ""https://www.tunisiapromo.com/annonce/nouveau-equipement-d-un-atelier-de-tournage-z13357.html""}, {""url"": ""https://www.tunisiapromo.com/gallery/photo-9-42296.jpg"", ""sourceId"": 4, ""adUrl"": ""https://www.tunisiapromo.com/annonce/nouveau-equipement-d-un-atelier-de-tournage-z13357.html""}, {""url"": ""https://www.tunisiapromo.com/gallery/photo-10-42297.jpg"", ""sourceId"": 4, ""adUrl"": ""https://www.tunisiapromo.com/annonce/nouveau-equipement-d-un-atelier-de-tournage-z13357.html""}]","[{""sourceId"": 4, ""url"": ""https://www.tunisiapromo.com/annonce/nouveau-equipement-d-un-atelier-de-tournage-z13357.html"", ""price"": 40000, ""sellerType"": ""private"", ""lastModified"": ""2013-06-05 02:08:24""}]","[{""sellerType"": ""private"", ""contactName"": ""HABLANI"", ""active"": true}]",1,1,1,1,1,1,[],2024-12-27 02:08:33,2013-06-05 02:08:24,2013-06-05 02:08:24,2013-06-05 02:08:24,1,2026-02-07 13:27:59
901025,Vente immeuble r+3 manaret el hammamet tunisie,"IMMEUBLE NEUF R+3  HAMMAMET( BARRAKT ESSAHEL)
A 800m de la plage
Vend immeuble au centre ville  composés de 7 apprts   haut standing   composés de 3,4,5 pieces,  27 pieces ; double cloisons , staff  en platre , menuiserie alumnium, portes blindeé,  dressings, cuisines alum,bonne orientation, entree  pour 10 voitues au rdc ,2  portails   automtiques . jardin , compteurs indpts, chauffage central,terrasse accessible amenagée vue mer. Titre foncier independant  
Contact proprietaire 00 216 <a type=""phone"">+21698XXXXXX</a>",1600000.0,1200.0,Immeuble résidentiel,residentialBuilding,sale,private,3440,https://www.tunisiapromo.com/gallery/photo-1-40119.jpg,"[""https://www.tunisiapromo.com/gallery/photo-1-40119.jpg"", ""https://www.tunisiapromo.com/gallery/photo-2-40120.jpg"", ""https://www.tunisiapromo.com/gallery/photo-3-40121.jpg"", ""https://www.tunisiapromo.com/gallery/photo-4-40122.jpg"", ""https://www.tunisiapromo.com/gallery/photo-5-40123.jpg"", ""https://www.tunisiapromo.com/gallery/photo-6-40124.jpg"", ""https://www.tunisiapromo.com/gallery/photo-1-40126.jpg"", ""https://www.tunisiapromo.com/gallery/vue-de-l-extremite-de-la-rue-40127.jpg"", ""https://www.tunisiapromo.com/plans/12826.jpg""]","[{""url"": ""https://www.tunisiapromo.com/gallery/photo-1-40119.jpg"", ""sourceId"": 4, ""adUrl"": ""https://www.tunisiapromo.com/annonce/vente-immeuble-r-3-manaret-el-hammamet-tunisie-z12826.html""}, {""url"": ""https://www.tunisiapromo.com/gallery/photo-2-40120.jpg"", ""sourceId"": 4, ""adUrl"": ""https://www.tunisiapromo.com/annonce/vente-immeuble-r-3-manaret-el-hammamet-tunisie-z12826.html""}, {""url"": ""https://www.tunisiapromo.com/gallery/photo-3-40121.jpg"", ""sourceId"": 4, ""adUrl"": ""https://www.tunisiapromo.com/annonce/vente-immeuble-r-3-manaret-el-hammamet-tunisie-z12826.html""}, {""url"": ""https://www.tunisiapromo.com/gallery/photo-4-40122.jpg"", ""sourceId"": 4, ""adUrl"": ""https://www.tunisiapromo.com/annonce/vente-immeuble-r-3-manaret-el-hammamet-tunisie-z12826.html""}, {""url"": ""https://www.tunisiapromo.com/gallery/photo-5-40123.jpg"", ""sourceId"": 4, ""adUrl"": ""https://www.tunisiapromo.com/annonce/vente-immeuble-r-3-manaret-el-hammamet-tunisie-z12826.html""}, {""url"": ""https://www.tunisiapromo.com/gallery/photo-6-40124.jpg"", ""sourceId"": 4, ""adUrl"": ""https://www.tunisiapromo.com/annonce/vente-immeuble-r-3-manaret-el-hammamet-tunisie-z12826.html""}, {""url"": ""https://www.tunisiapromo.com/gallery/photo-1-40126.jpg"", ""sourceId"": 4, ""adUrl"": ""https://www.tunisiapromo.com/annonce/vente-immeuble-r-3-manaret-el-hammamet-tunisie-z12826.html""}, {""url"": ""https://www.tunisiapromo.com/gallery/vue-de-l-extremite-de-la-rue-40127.jpg"", ""sourceId"": 4, ""adUrl"": ""https://www.tunisiapromo.com/annonce/vente-immeuble-r-3-manaret-el-hammamet-tunisie-z12826.html""}, {""url"": ""https://www.tunisiapromo.com/plans/12826.jpg"", ""sourceId"": 4, ""adUrl"": ""https://www.tunisiapromo.com/annonce/vente-immeuble-r-3-manaret-el-hammamet-tunisie-z12826.html""}]","[{""sourceId"": 4, ""url"": ""https://www.tunisiapromo.com/annonce/vente-immeuble-r-3-manaret-el-hammamet-tunisie-z12826.html"", ""price"": 1600000, ""sellerType"": ""private"", ""lastModified"": ""2013-04-27 00:32:35""}]","[{""sellerType"": ""private"", ""contactName"": ""echikh"", ""active"": true}]",1,1,1,1,1,1,"[""heating"", ""airConditioning"", ""equippedKitchen"", ""garden"", ""parking"", ""terrace""]",2024-12-27 00:32:41,2013-04-27 00:32:35,2013-04-27 00:32:35,2013-04-27 00:32:35,1,2026-02-07 13:28:01
901349,Immeuble composé de quatre appartements et r.c. commercial,"immeuble sur terrain de 500m² a la mannouba centre près de steg/telecom :
couvert : 
- r.c. 400m² commercial ou dépôt;
- 1ére étage : deux appartements avec grande terrasse;
- 2éme étage : deux appartements.
tél : <a type=""phone"">+21698XXXXXX</a>",1000000.0,500.0,Immeuble résidentiel,residentialBuilding,sale,private,2386,,[],,"[{""sourceId"": 4, ""url"": ""https://www.tunisiapromo.com/annonce/immeuble-compose-de-quatre-appartements-et-r-c-commercial-z12609.html"", ""price"": 1000000, ""sellerType"": ""private"", ""lastModified"": ""2013-04-17 00:35:20""}]","[{""sellerType"": ""private"", ""contactName"": ""Khaled"", ""active"": true}]",1,1,1,1,1,1,"[""heating"", ""garage"", ""parking"", ""terrace""]",2024-12-27 00:35:22,2013-04-17 00:35:20,2013-04-17 00:35:20,2013-04-17 00:35:20,1,2026-02-07 13:28:03
901301,Joli immeuble r+5  a sahloul,"En vente un joli immeuble dans une zone calme à sahloul , composé d’un Rdc et 5 étages ( 7 appartements ) sur un terrain de 200 m2 dont 1080m2 couvert.
Le prix est de 1200Milles dinars 
Pour plus d’informations veuillez nous contactez : <a type=""phone"">+21673XXXXXX</a> / <a type=""phone"">+21698XXXXXX</a>",1200.0,1080.0,Immeuble résidentiel,residentialBuilding,sale,agency,4590,,[],,"[{""sourceId"": 4, ""url"": ""https://www.tunisiapromo.com/annonce/joli-immeuble-r-5-a-sahloul-z12426.html"", ""price"": 1200, ""sellerType"": ""agency"", ""lastModified"": ""2013-04-05 00:35:05""}]","[{""sellerType"": ""agency"", ""contactName"": ""AGENCE BARGOU"", ""active"": true}]",1,1,1,1,1,1,[],2024-12-27 00:35:13,2013-04-05 00:35:05,2013-04-05 00:35:05,2013-04-05 00:35:05,1,2026-02-07 13:28:05
901561,Vente immeuble à sousse corniche,للبيع بسوسة شط مريم قرب نزل سوفيفا شقق بعمارة حديثة البناء تفتح على شارع أمامي و شارع خلفي بالطابق الأرضي و الطابق الأول و الثاني و الثالث مساحات مختلفة و أسعار مختلفة من 100 مليون إلى 160 مليون و كل شقة بها شهادة ملكية انفرادي,160000.0,,Immeuble résidentiel,residentialBuilding,sale,agency,4617,https://www.tunisiapromo.com/gallery/photo-1-37815.jpg,"[""https://www.tunisiapromo.com/gallery/photo-1-37815.jpg"", ""https://www.tunisiapromo.com/gallery/photo-2-37816.jpg"", ""https://www.tunisiapromo.com/gallery/photo-3-37817.jpg"", ""https://www.tunisiapromo.com/gallery/photo-4-37818.jpg"", ""https://www.tunisiapromo.com/gallery/photo-5-37819.jpg"", ""https://www.tunisiapromo.com/gallery/photo-6-37820.jpg"", ""https://www.tunisiapromo.com/gallery/photo-7-37821.jpg"", ""https://www.tunisiapromo.com/gallery/photo-9-37823.jpg"", ""https://www.tunisiapromo.com/gallery/photo-10-37824.jpg""]","[{""url"": ""https://www.tunisiapromo.com/gallery/photo-1-37815.jpg"", ""sourceId"": 4, ""adUrl"": ""https://www.tunisiapromo.com/annonce/vente-immeuble-a-sousse-corniche-z12165.html""}, {""url"": ""https://www.tunisiapromo.com/gallery/photo-2-37816.jpg"", ""sourceId"": 4, ""adUrl"": ""https://www.tunisiapromo.com/annonce/vente-immeuble-a-sousse-corniche-z12165.html""}, {""url"": ""https://www.tunisiapromo.com/gallery/photo-3-37817.jpg"", ""sourceId"": 4, ""adUrl"": ""https://www.tunisiapromo.com/annonce/vente-immeuble-a-sousse-corniche-z12165.html""}, {""url"": ""https://www.tunisiapromo.com/gallery/photo-4-37818.jpg"", ""sourceId"": 4, ""adUrl"": ""https://www.tunisiapromo.com/annonce/vente-immeuble-a-sousse-corniche-z12165.html""}, {""url"": ""https://www.tunisiapromo.com/gallery/photo-5-37819.jpg"", ""sourceId"": 4, ""adUrl"": ""https://www.tunisiapromo.com/annonce/vente-immeuble-a-sousse-corniche-z12165.html""}, {""url"": ""https://www.tunisiapromo.com/gallery/photo-6-37820.jpg"", ""sourceId"": 4, ""adUrl"": ""https://www.tunisiapromo.com/annonce/vente-immeuble-a-sousse-corniche-z12165.html""}, {""url"": ""https://www.tunisiapromo.com/gallery/photo-7-37821.jpg"", ""sourceId"": 4, ""adUrl"": ""https://www.tunisiapromo.com/annonce/vente-immeuble-a-sousse-corniche-z12165.html""}, {""url"": ""https://www.tunisiapromo.com/gallery/photo-9-37823.jpg"", ""sourceId"": 4, ""adUrl"": ""https://www.tunisiapromo.com/annonce/vente-immeuble-a-sousse-corniche-z12165.html""}, {""url"": ""https://www.tunisiapromo.com/gallery/photo-10-37824.jpg"", ""sourceId"": 4, ""adUrl"": ""https://www.tunisiapromo.com/annonce/vente-immeuble-a-sousse-corniche-z12165.html""}]","[{""sourceId"": 4, ""url"": ""https://www.tunisiapromo.com/annonce/vente-immeuble-a-sousse-corniche-z12165.html"", ""price"": 160000, ""sellerType"": ""agency"", ""lastModified"": ""2013-03-19 00:36:59""}]","[{""sellerType"": ""agency"", ""contactName"": ""Agence Alistikrar"", ""active"": true}]",1,1,1,1,1,1,"[""balcony"", ""equippedKitchen"", ""terrace""]",2024-12-27 00:37:04,2013-03-19 00:36:59,2013-03-19 00:36:59,2013-03-19 00:36:59,1,2026-02-07 13:28:07
901872,Papier arabe numero 26,immeuble de 10 studios meublés sur la route sidi mansour bon emplacement et rendement,350000.0,,Immeuble résidentiel,residentialBuilding,sale,private,3950,,[],,"[{""sourceId"": 4, ""url"": ""https://www.tunisiapromo.com/annonce/papier-arabe-numero-26-z11715.html"", ""price"": 350000, ""sellerType"": ""private"", ""lastModified"": ""2013-02-12 00:40:55""}]","[{""sellerType"": ""private"", ""contactName"": ""Ayadi"", ""active"": true}]",1,1,1,1,1,1,[],2024-12-27 00:41:04,2013-02-12 00:40:55,2013-02-12 00:40:55,2013-02-12 00:40:55,1,2026-02-07 13:28:09
902387,Spaciaux immeuble au bardo,"Agence immobilière Dossenheim met en vente un immeuble  au BARDO (R+2) chaque étage composé de quatre appartement et un café , deux restaurant et boutique qui ont une rentabilité dépasser 20 MDT /mois  au RDC d’un prix négociable de  3MDT avec titre foncier individuel
Pour tout contact :(00216)-<a type=""phone"">+21628XXXXXX</a>/<a type=""phone"">+21624XXXXXX</a>/<a type=""phone"">+21631XXXXXX</a>
Adresse agence : 33 Avenue Habib Bourguiba Immeuble Hassine Center Appt N°11-2000 Bardo",3000.0,,Immeuble résidentiel,residentialBuilding,sale,agency,4995,,[],,"[{""sourceId"": 4, ""url"": ""https://www.tunisiapromo.com/annonce/spaciaux-immeuble-au-bardo-z10491.html"", ""price"": 3000, ""sellerType"": ""agency"", ""lastModified"": ""2012-12-04 00:46:28""}]","[{""sellerType"": ""agency"", ""contactName"": ""dossenheim"", ""active"": true}]",1,1,1,1,1,1,[],2024-12-27 00:46:36,2012-12-04 00:46:28,2012-12-04 00:46:28,2012-12-04 00:46:28,1,2026-02-07 13:28:11
902960,Immeuble à sousse ville,"En vente un joli immeuble R+4 avec ascenseur à Sousse ville d’une surface couverte de 900m2, un  investissement rentable, il est composé de  9appartements  et deux locaux de commerce.
Le prix est de 1400Milles dinars. 
Pour plus d'informations veuillez nous contactez: <a type=""phone"">+21698XXXXXX</a>/ <a type=""phone"">+21673XXXXXX</a>",1400.0,900.0,Immeuble résidentiel,residentialBuilding,sale,agency,4616,,[],,"[{""sourceId"": 4, ""url"": ""https://www.tunisiapromo.com/annonce/immeuble-a-sousse-ville-z8971.html"", ""price"": 1400, ""sellerType"": ""agency"", ""lastModified"": ""2012-09-04 00:51:36""}]","[{""sellerType"": ""agency"", ""contactName"": ""AGENCE BARGOU"", ""active"": true}]",1,1,1,1,1,1,[],2024-12-27 00:51:43,2012-09-04 00:51:36,2012-09-04 00:51:36,2012-09-04 00:51:36,1,2026-02-07 13:28:17
903274,A vendre immeuble r+4 à sousse centre ville,Immeuble plein centre ville a Sousse avec appartements et commerces en plein rendement et très agréable.,,1200.0,Immeuble résidentiel,residentialBuilding,sale,private,4616,,[],,"[{""sourceId"": 4, ""url"": ""https://www.tunisiapromo.com/annonce/a-vendre-immeuble-r-4-a-sousse-centre-ville-z8448.html"", ""price"": null, ""sellerType"": ""private"", ""lastModified"": ""2012-08-03 00:54:01""}]","[{""sellerType"": ""private"", ""contactName"": ""ahmed"", ""active"": true}]",1,1,1,1,1,1,[],2024-12-27 00:54:09,2012-08-03 00:54:01,2012-08-03 00:54:01,2012-08-03 00:54:01,1,2026-02-07 13:28:18
904366,Immeuble au coeur de la marsa pour des investisseurs ou promoteurs immobiliers,"Agence Bat’Immo propose à des investisseurs ou promoteurs immobiliers : Un Immeuble à Marsa ville occupe une surface couverte globale d’environ 520m² composé de 3 niveaux (RDC, et 2 étages), conviendrait Banque, show room, bureau à vocation médicale ou autre....         
Disponibilité : De suite
Foncier : TF Bleu

Prix de Vente : 1 800 MDT

Agence Immobilière « Bat’Immo »   
Contact HB : <a type=""phone"">+21621XXXXXX</a>",1800.0,520.0,Immeuble résidentiel,residentialBuilding,sale,agency,4973,https://www.tunisiapromo.com/images/7180.jpg,"[""https://www.tunisiapromo.com/images/7180.jpg""]","[{""url"": ""https://www.tunisiapromo.com/images/7180.jpg"", ""sourceId"": 4, ""adUrl"": ""https://www.tunisiapromo.com/annonce/immeuble-au-coeur-de-la-marsa-pour-des-investisseurs-ou-promoteurs-immobiliers-z7180.html""}]","[{""sourceId"": 4, ""url"": ""https://www.tunisiapromo.com/annonce/immeuble-au-coeur-de-la-marsa-pour-des-investisseurs-ou-promoteurs-immobiliers-z7180.html"", ""price"": 1800, ""sellerType"": ""agency"", ""lastModified"": ""2012-04-26 01:03:10""}]","[{""sellerType"": ""agency"", ""contactName"": ""BATIMMO"", ""active"": true}]",1,1,1,1,1,1,[],2024-12-27 01:03:24,2012-04-26 01:03:10,2012-04-26 01:03:10,2012-04-26 01:03:10,1,2026-02-07 13:28:22
907250,Une bonne affaire,"grand surface prés de la mer ,  l'hospital , le train ........( peupler)..... 
c'est une officiel affair et serieuse 
prix :1 miliar et 300 milion....
  prix  a discuter ....
contacter le N° : <a type=""phone"">+21698XXXXXX</a>   .....
                            <a type=""phone"">+21698XXXXXX</a>   ...
                                                                                  _merci_",300000.0,800.0,Immeuble résidentiel,residentialBuilding,sale,private,4813,,[],,"[{""sourceId"": 4, ""url"": ""https://www.tunisiapromo.com/annonce/une-bonne-affaire-z3268.html"", ""price"": 300000, ""sellerType"": ""private"", ""lastModified"": ""2011-05-31 01:38:44""}]","[{""sellerType"": ""private"", ""contactName"": ""chouaieb"", ""active"": true}]",1,1,1,1,1,1,[],2024-12-27 01:38:52,2011-04-24 01:38:44,2011-05-31 01:38:44,2011-04-24 01:38:44,1,2026-02-07 13:28:24
907064,Immeuble  a hammam sousse,"Immeuble de 3 étages (rez de chaussez et 2 etages ) avec 6 appartements de 120m² dont 2 sont équipés  de 2 garages très spacieux et tous ceci sur un terrain de 400m² avec 2 faces 
bhaier hammam sousse)",800000.0,400.0,Immeuble résidentiel,residentialBuilding,sale,private,5312,,[],,"[{""sourceId"": 4, ""url"": ""https://www.tunisiapromo.com/annonce/immeuble-a-hammam-sousse-z3251.html"", ""price"": 800000, ""sellerType"": ""private"", ""lastModified"": ""2011-04-21 01:37:39""}]","[{""sellerType"": ""private"", ""contactName"": ""gabsi"", ""active"": true}]",1,1,1,1,1,1,"[""garage"", ""terrace""]",2024-12-27 01:37:46,2011-04-21 01:37:39,2011-04-21 01:37:39,2011-04-21 01:37:39,1,2026-02-07 13:28:26
906735,Immeuble r+2 sahloul,"Immeuble de R+2

- RDC de 180 m2: 3 ch. + SDB + Cui + Hall 
+ SSAM + Cour + Garage.
- R+1 a 2 app de 86 m2 de chacune: 2 
Ch. + Salon + Cui + SDB.
- R+2 de 115 m2: 3 ch. + Salon + Cui + 
SDB.
Pour plus d'information contacter nous 
par email: 
nouha.spie@gmail.com               
 ou GSM: +216223505460 ou <a type=""phone"">+21697XXXXXX</a>",400000.0,180.0,Immeuble résidentiel,residentialBuilding,sale,promoter,4590,https://www.tunisiapromo.com/images/263.jpg,"[""https://www.tunisiapromo.com/images/263.jpg""]","[{""url"": ""https://www.tunisiapromo.com/images/263.jpg"", ""sourceId"": 4, ""adUrl"": ""https://www.tunisiapromo.com/annonce/immeuble-r-2-sahloul-z263.html""}]","[{""sourceId"": 4, ""url"": ""https://www.tunisiapromo.com/annonce/immeuble-r-2-sahloul-z263.html"", ""price"": 400000, ""sellerType"": ""promoter"", ""lastModified"": ""2009-10-27 01:35:32""}]","[{""sellerType"": ""promoter"", ""contactName"": ""Societe de promotion immobiliere Elesteklel"", ""active"": true}]",1,1,1,1,1,1,[],2024-12-27 01:35:39,2009-02-05 01:35:32,2009-10-27 01:35:32,2009-02-05 01:35:32,1,2026-02-07 13:28:27
906285,Vend immeuble a guengla ml bourguiba,"Je vend cause départ immeuble à guengla menzel bourguiba 
vue sur mer à 100m de la plage,nouvelle construction 
constitué de 7 appartements 32 chambres, et 4 grands 
magasins ouvrant sur une route principale, coure commune 
servant pour abris de voiture.Avec un revenu stable de 350 
DT/mois (antenne tunisie telecom)",700.0,500.0,Immeuble résidentiel,residentialBuilding,sale,private,1263,https://www.tunisiapromo.com/images/755.jpg,"[""https://www.tunisiapromo.com/images/755.jpg""]","[{""url"": ""https://www.tunisiapromo.com/images/755.jpg"", ""sourceId"": 4, ""adUrl"": ""https://www.tunisiapromo.com/annonce/vend-immeuble-a-guengla-ml-bourguiba-z755.html""}]","[{""sourceId"": 4, ""url"": ""https://www.tunisiapromo.com/annonce/vend-immeuble-a-guengla-ml-bourguiba-z755.html"", ""price"": 700, ""sellerType"": ""private"", ""lastModified"": ""2009-10-04 01:32:59""}]","[{""sellerType"": ""private"", ""contactName"": ""mohssen"", ""active"": true}]",1,1,1,1,1,1,"[""garage""]",2024-12-27 01:33:05,2009-10-04 01:32:59,2009-10-04 01:32:59,2009-10-04 01:32:59,1,2026-02-07 13:28:29
906251,Société alkaouthar de promotion immobiliére,"A vendre des appartements et des locaux 
commercial à l'immeuble Alkaouthar situé 
au route de 
Tunis à 10 km de centre ville lotissement 
el ons4 devant le pole technologique.",,,Immeuble résidentiel,residentialBuilding,sale,promoter,23,https://www.tunisiapromo.com/images/454.jpg,"[""https://www.tunisiapromo.com/images/454.jpg""]","[{""url"": ""https://www.tunisiapromo.com/images/454.jpg"", ""sourceId"": 4, ""adUrl"": ""https://www.tunisiapromo.com/annonce/societe-alkaouthar-de-promotion-immobiliere-z454.html""}]","[{""sourceId"": 4, ""url"": ""https://www.tunisiapromo.com/annonce/societe-alkaouthar-de-promotion-immobiliere-z454.html"", ""price"": null, ""sellerType"": ""promoter"", ""lastModified"": ""2009-06-29 01:32:46""}]","[{""sellerType"": ""promoter"", ""contactName"": ""zghal"", ""active"": true}]",1,1,1,1,1,1,[],2024-12-27 01:32:53,2009-06-25 01:32:46,2009-06-29 01:32:46,2009-06-25 01:32:46,1,2026-02-07 13:28:31
906908,Super petit immeuble,"super petit immeuble à vendre construit de 486m2 rez jardin grand appartement de 180m2 qui peut servi comme bureau ou salle de sport +un studéo 1 chambre et ssa+cuisine se sb.
façade 3 locaux de commerce loué à plus que 1000dt jardin et garage pour 2 voiture .1er étage: grand appt luxe à l'européene 3 ch une suite paentale-cuisine americaine grand salon SA.possibilité d'jouter meme 3 ou 4 étage zone touristique sur la route de la plage (voir photo) perix:750.000dt négociable",750000.0,486.0,Immeuble résidentiel,residentialBuilding,sale,agency,5186,,[],,"[{""sourceId"": 4, ""url"": ""https://www.tunisiapromo.com/annonce/super-petit-immeuble-z428.html"", ""price"": 750000, ""sellerType"": ""agency"", ""lastModified"": ""2009-06-11 01:36:37""}]","[{""sellerType"": ""agency"", ""contactName"": ""AGENCE BARGOU"", ""active"": true}]",1,1,1,1,1,1,"[""garage"", ""garden""]",2024-12-27 01:36:43,2009-06-11 01:36:37,2009-06-11 01:36:37,2009-06-11 01:36:37,1,2026-02-07 13:28:33
1244752,Immeuble R3 de 2750m² aux Lac 3,"Il s’agit d’un immeuble R3 à vocation bureautique / administrative, développant une surface totale d’environ 2 750 m².

Le bâtiment se distingue par une conception moderne et fonctionnelle, pensée pour répondre aux besoins des entreprises, sièges sociaux ou centres de services.

Chaque niveau offre une surface d’environ 900 m², entièrement aménagée en open space, permettant une grande flexibilité d’aménagement (bureaux cloisonnés, espaces collaboratifs, salles de réunion, zones de réception, etc.). Cette configuration favorise une optimisation des espaces et une adaptation facile selon les exigences des utilisateurs.

L’immeuble bénéficie d’une structure rationnelle, avec une bonne circulation verticale, des plateaux lumineux et facilement exploitables, offrant un cadre de travail confortable et professionnel.

Un sous-sol est dédié au stationnement et peut accueillir jusqu’à 11 véhicules, assurant un réel avantage en termes de confort et d’accessibilité pour les occupants et les visiteurs.

Grâce à ses volumes généreux, sa configuration en open space et son parking en sous-sol, cet immeuble représente une opportunité idéale pour un investissement immobilier, un usage en bureaux haut standing, ou l’implantation d’une grande entreprise recherchant un espace modulable et performant.",6500000.0,2750.0,Immeuble de bureaux,officeBuilding,sale,agency,5202,56149/28074631_303022e3f18180e0.jpg,"[""https://www.mubawab-media.com/ad/8/296/565F/h/5b2cf74f-f2ab-46e0-ac57-b87f7e6c53be_5_81894659.avif"", ""https://www.mubawab-media.com/ad/8/296/565F/h/3d3c8eae-e4cc-46e4-8495-ef785687c3dd_10_81894660.avif"", ""https://www.mubawab-media.com/ad/8/296/565F/h/5f67e72f-0c5d-4ef8-aa61-8a76c189f3f7_8_81894661.avif"", ""https://www.mubawab-media.com/ad/8/296/565F/h/9d9b6169-9ee8-464a-9a08-b4b3c55d821e_11_81894662.avif"", ""https://www.mubawab-media.com/ad/8/296/565F/h/9f09fe47-d235-40e4-9ece-dfeeff83dd1f_13_81894663.avif"", ""https://www.mubawab-media.com/ad/8/296/565F/h/29fc8536-a0df-4673-88fd-5b1e967374a5_6_81894664.avif"", ""https://www.mubawab-media.com/ad/8/296/565F/h/537b31e5-0b38-478c-9452-b2ca9bf25822_1_81894665.avif"", ""https://www.mubawab-media.com/ad/8/296/565F/h/31395296-7695-40f1-8c32-db582a958cac_7_81894666.avif"", ""https://www.mubawab-media.com/ad/8/296/565F/h/31523520-74fa-4184-ba97-6f40bbe359c6_15_81894667.avif"", ""https://www.mubawab-media.com/ad/8/296/565F/h/b789f081-a5b9-4c37-90b7-e22b86f5a9a9_4_81894668.avif"", ""https://www.mubawab-media.com/ad/8/296/565F/h/b798b482-e333-4330-a08c-244c0ee87a52_9_81894669.avif"", ""https://www.mubawab-media.com/ad/8/296/565F/h/f5b8cfcf-5a1b-4b07-9285-9d9f804194fc_14_81894670.avif"", ""https://www.mubawab-media.com/ad/8/296/565F/h/f734064d-e7b8-4c9e-bfec-6b2418355bb1_12_81894671.avif""]","[{""url"": ""https://www.mubawab-media.com/ad/8/296/565F/h/5b2cf74f-f2ab-46e0-ac57-b87f7e6c53be_5_81894659.avif"", ""sourceId"": 5, ""adUrl"": ""https://www.mubawab.tn/fr/a/8296565/immeuble-r3-de-2750m%C2%B2-aux-lac-3""}, {""url"": ""https://www.mubawab-media.com/ad/8/296/565F/h/3d3c8eae-e4cc-46e4-8495-ef785687c3dd_10_81894660.avif"", ""sourceId"": 5, ""adUrl"": ""https://www.mubawab.tn/fr/a/8296565/immeuble-r3-de-2750m%C2%B2-aux-lac-3""}, {""url"": ""https://www.mubawab-media.com/ad/8/296/565F/h/5f67e72f-0c5d-4ef8-aa61-8a76c189f3f7_8_81894661.avif"", ""sourceId"": 5, ""adUrl"": ""https://www.mubawab.tn/fr/a/8296565/immeuble-r3-de-2750m%C2%B2-aux-lac-3""}, {""url"": ""https://www.mubawab-media.com/ad/8/296/565F/h/9d9b6169-9ee8-464a-9a08-b4b3c55d821e_11_81894662.avif"", ""sourceId"": 5, ""adUrl"": ""https://www.mubawab.tn/fr/a/8296565/immeuble-r3-de-2750m%C2%B2-aux-lac-3""}, {""url"": ""https://www.mubawab-media.com/ad/8/296/565F/h/9f09fe47-d235-40e4-9ece-dfeeff83dd1f_13_81894663.avif"", ""sourceId"": 5, ""adUrl"": ""https://www.mubawab.tn/fr/a/8296565/immeuble-r3-de-2750m%C2%B2-aux-lac-3""}, {""url"": ""https://www.mubawab-media.com/ad/8/296/565F/h/29fc8536-a0df-4673-88fd-5b1e967374a5_6_81894664.avif"", ""sourceId"": 5, ""adUrl"": ""https://www.mubawab.tn/fr/a/8296565/immeuble-r3-de-2750m%C2%B2-aux-lac-3""}, {""url"": ""https://www.mubawab-media.com/ad/8/296/565F/h/537b31e5-0b38-478c-9452-b2ca9bf25822_1_81894665.avif"", ""sourceId"": 5, ""adUrl"": ""https://www.mubawab.tn/fr/a/8296565/immeuble-r3-de-2750m%C2%B2-aux-lac-3""}, {""url"": ""https://www.mubawab-media.com/ad/8/296/565F/h/31395296-7695-40f1-8c32-db582a958cac_7_81894666.avif"", ""sourceId"": 5, ""adUrl"": ""https://www.mubawab.tn/fr/a/8296565/immeuble-r3-de-2750m%C2%B2-aux-lac-3""}, {""url"": ""https://www.mubawab-media.com/ad/8/296/565F/h/31523520-74fa-4184-ba97-6f40bbe359c6_15_81894667.avif"", ""sourceId"": 5, ""adUrl"": ""https://www.mubawab.tn/fr/a/8296565/immeuble-r3-de-2750m%C2%B2-aux-lac-3""}, {""url"": ""https://www.mubawab-media.com/ad/8/296/565F/h/b789f081-a5b9-4c37-90b7-e22b86f5a9a9_4_81894668.avif"", ""sourceId"": 5, ""adUrl"": ""https://www.mubawab.tn/fr/a/8296565/immeuble-r3-de-2750m%C2%B2-aux-lac-3""}, {""url"": ""https://www.mubawab-media.com/ad/8/296/565F/h/b798b482-e333-4330-a08c-244c0ee87a52_9_81894669.avif"", ""sourceId"": 5, ""adUrl"": ""https://www.mubawab.tn/fr/a/8296565/immeuble-r3-de-2750m%C2%B2-aux-lac-3""}, {""url"": ""https://www.mubawab-media.com/ad/8/296/565F/h/f5b8cfcf-5a1b-4b07-9285-9d9f804194fc_14_81894670.avif"", ""sourceId"": 5, ""adUrl"": ""https://www.mubawab.tn/fr/a/8296565/immeuble-r3-de-2750m%C2%B2-aux-lac-3""}, {""url"": ""https://www.mubawab-media.com/ad/8/296/565F/h/f734064d-e7b8-4c9e-bfec-6b2418355bb1_12_81894671.avif"", ""sourceId"": 5, ""adUrl"": ""https://www.mubawab.tn/fr/a/8296565/immeuble-r3-de-2750m%C2%B2-aux-lac-3""}]","[{""sourceId"": 5, ""url"": ""https://www.mubawab.tn/fr/a/8296565/immeuble-r3-de-2750m%C2%B2-aux-lac-3"", ""price"": 6500000, ""sellerType"": ""agency"", ""lastModified"": ""2026-02-06 23:02:53""}]","[{""sellerType"": ""agency"", ""contactName"": ""La Méditerranée Immobilière les Berges du Lac2"", ""active"": true}]",1,1,1,1,1,1,[],2026-02-03 10:30:30,2026-02-03 10:30:15,2026-02-06 23:02:53,2026-02-03 10:30:15,1,2026-02-07 13:28:39
1246018,À VENDRE – Immeuble R3 – Sousse Trocadéro,"Nous proposons à la vente un petit immeuble R3, avec possibilité d’extension d’un étage supplémentaire, idéalement situé au cœur de Sousse, dans le quartier très recherché de Trocadéro. L’immeuble se trouve à proximité immédiate des commerces, services et commodités, dans un environnement animé et à forte demande locative.

Ce bien constitue une excellente opportunité d’investissement grâce à sa rentabilité actuelle et à son fort potentiel de valorisation.

Description du bien

Rez-de-chaussée (rénové) :

Salon

Kitchenette

Salle d’eau rénovée avec WC

Grande chambre à coucher

Étages R1, R2 et R3 (un appartement par niveau) :

Deux chambres à coucher

Salon

Cuisine avec balcon

Chambre avec balcon

Salle de bain (en cours de rénovation avec douche à l’italienne)

Chaque appartement dispose d’une superficie d’environ 61 m².

Équipements et caractéristiques

Gaz de ville

Compteurs d’eau et d’électricité individuels

Parabole Nilsat

Immeuble titré

Construction R3  rez-de-chaussée

Possibilité d’extension d’un étage supplémentaire

Rentabilité locative

Actuellement loué jusqu’à fin mai à des étudiantes des Beaux-Arts

Loyer : 800 DT par mois et par appartement

À partir de juin :

Location courte durée possible

Tarif estimé à partir de 130 DT par nuitée

Fort potentiel en location saisonnière

Points forts

Emplacement stratégique

Quartier très demandé

Revenus locatifs immédiats

Possibilité d’augmentation de valeur grâce à l’extension

Idéal pour investissement locatif, location courte durée (type Airbnb) ou résidence étudiante

Très bonne opportunité d’investissement à saisir.

Pour plus d’informations ou pour organiser une visite, merci de nous contacter.

Réf. 86722562",420000.0,61.0,Immeuble de bureaux,officeBuilding,sale,agency,4611,56157/28078978_d07824d085f0f0f0.jpg,"[""https://www.mubawab-media.com/ad/8/298/252F/h/Picture-86722562-2-watermark_81912633.avif"", ""https://www.mubawab-media.com/ad/8/298/252F/h/Picture-86722562-5-watermark_81912634.avif"", ""https://www.mubawab-media.com/ad/8/298/252F/h/Picture-86722562-11-watermark_81912635.avif"", ""https://www.mubawab-media.com/ad/8/298/252F/h/Picture-86722562-10-watermark_81912636.avif"", ""https://www.mubawab-media.com/ad/8/298/252F/h/Picture-86722562-13-watermark_81912637.avif"", ""https://www.mubawab-media.com/ad/8/298/252F/h/Picture-86722562-8-watermark_81912638.avif"", ""https://www.mubawab-media.com/ad/8/298/252F/h/Picture-86722562-15-watermark_81912639.avif"", ""https://www.mubawab-media.com/ad/8/298/252F/h/Picture-86722562-17-watermark_81912640.avif"", ""https://www.mubawab-media.com/ad/8/298/252F/h/Picture-86722562-20-watermark_81912641.avif"", ""https://www.mubawab-media.com/ad/8/298/252F/h/Picture-86722562-21-watermark_81912642.avif"", ""https://www.mubawab-media.com/ad/8/298/252F/h/Picture-86722562-22-watermark_81912643.avif"", ""https://www.mubawab-media.com/ad/8/298/252F/h/Picture-86722562-24-watermark_81912644.avif""]","[{""url"": ""https://www.mubawab-media.com/ad/8/298/252F/h/Picture-86722562-2-watermark_81912633.avif"", ""sourceId"": 5, ""adUrl"": ""https://www.mubawab.tn/fr/a/8298252/%C3%A0-vendre-%E2%80%93-immeuble-r3-%E2%80%93-sousse-trocad%C3%A9ro""}, {""url"": ""https://www.mubawab-media.com/ad/8/298/252F/h/Picture-86722562-5-watermark_81912634.avif"", ""sourceId"": 5, ""adUrl"": ""https://www.mubawab.tn/fr/a/8298252/%C3%A0-vendre-%E2%80%93-immeuble-r3-%E2%80%93-sousse-trocad%C3%A9ro""}, {""url"": ""https://www.mubawab-media.com/ad/8/298/252F/h/Picture-86722562-11-watermark_81912635.avif"", ""sourceId"": 5, ""adUrl"": ""https://www.mubawab.tn/fr/a/8298252/%C3%A0-vendre-%E2%80%93-immeuble-r3-%E2%80%93-sousse-trocad%C3%A9ro""}, {""url"": ""https://www.mubawab-media.com/ad/8/298/252F/h/Picture-86722562-10-watermark_81912636.avif"", ""sourceId"": 5, ""adUrl"": ""https://www.mubawab.tn/fr/a/8298252/%C3%A0-vendre-%E2%80%93-immeuble-r3-%E2%80%93-sousse-trocad%C3%A9ro""}, {""url"": ""https://www.mubawab-media.com/ad/8/298/252F/h/Picture-86722562-13-watermark_81912637.avif"", ""sourceId"": 5, ""adUrl"": ""https://www.mubawab.tn/fr/a/8298252/%C3%A0-vendre-%E2%80%93-immeuble-r3-%E2%80%93-sousse-trocad%C3%A9ro""}, {""url"": ""https://www.mubawab-media.com/ad/8/298/252F/h/Picture-86722562-8-watermark_81912638.avif"", ""sourceId"": 5, ""adUrl"": ""https://www.mubawab.tn/fr/a/8298252/%C3%A0-vendre-%E2%80%93-immeuble-r3-%E2%80%93-sousse-trocad%C3%A9ro""}, {""url"": ""https://www.mubawab-media.com/ad/8/298/252F/h/Picture-86722562-15-watermark_81912639.avif"", ""sourceId"": 5, ""adUrl"": ""https://www.mubawab.tn/fr/a/8298252/%C3%A0-vendre-%E2%80%93-immeuble-r3-%E2%80%93-sousse-trocad%C3%A9ro""}, {""url"": ""https://www.mubawab-media.com/ad/8/298/252F/h/Picture-86722562-17-watermark_81912640.avif"", ""sourceId"": 5, ""adUrl"": ""https://www.mubawab.tn/fr/a/8298252/%C3%A0-vendre-%E2%80%93-immeuble-r3-%E2%80%93-sousse-trocad%C3%A9ro""}, {""url"": ""https://www.mubawab-media.com/ad/8/298/252F/h/Picture-86722562-20-watermark_81912641.avif"", ""sourceId"": 5, ""adUrl"": ""https://www.mubawab.tn/fr/a/8298252/%C3%A0-vendre-%E2%80%93-immeuble-r3-%E2%80%93-sousse-trocad%C3%A9ro""}, {""url"": ""https://www.mubawab-media.com/ad/8/298/252F/h/Picture-86722562-21-watermark_81912642.avif"", ""sourceId"": 5, ""adUrl"": ""https://www.mubawab.tn/fr/a/8298252/%C3%A0-vendre-%E2%80%93-immeuble-r3-%E2%80%93-sousse-trocad%C3%A9ro""}, {""url"": ""https://www.mubawab-media.com/ad/8/298/252F/h/Picture-86722562-22-watermark_81912643.avif"", ""sourceId"": 5, ""adUrl"": ""https://www.mubawab.tn/fr/a/8298252/%C3%A0-vendre-%E2%80%93-immeuble-r3-%E2%80%93-sousse-trocad%C3%A9ro""}, {""url"": ""https://www.mubawab-media.com/ad/8/298/252F/h/Picture-86722562-24-watermark_81912644.avif"", ""sourceId"": 5, ""adUrl"": ""https://www.mubawab.tn/fr/a/8298252/%C3%A0-vendre-%E2%80%93-immeuble-r3-%E2%80%93-sousse-trocad%C3%A9ro""}]","[{""sourceId"": 5, ""url"": ""https://www.mubawab.tn/fr/a/8298252/%C3%A0-vendre-%E2%80%93-immeuble-r3-%E2%80%93-sousse-trocad%C3%A9ro"", ""price"": 420000, ""sellerType"": ""agency"", ""lastModified"": ""2026-02-05 15:45:13""}]","[{""sellerType"": ""agency"", ""contactName"": ""Home in Tunisia"", ""active"": true}]",1,1,1,1,1,1,[],2026-02-05 15:45:41,2026-02-05 15:45:13,2026-02-05 15:45:13,2026-02-05 15:45:13,1,2026-02-07 13:28:41
946883,Un immeuble bureautique au lac,"agence immobilière le carré 9 vous propose à la vente un immeuble bureautique d'une superficie totale de 3925m² située au plein cur de la zone administrative du lac 3.
il est érigé sur 3 niveaux aménagés avec un sous-sol d'une superficie de 960m².
rdc est d'une superficie de 1030m² 
1er étage est de 1030m² le 2ème et dernier étage de 1030m².
l'immeuble possède une meilleure visibilité et peut convenir à plusieurs activités bureautiques telle que siège d'une société siège d'une banque une école une université privée..
pour plus d'informations veuillez nous contacter au <a type=""phone"">+21628XXXXXX</a> ou bien <a type=""phone"">+21623XXXXXX</a>. 
ref55a",10000000.0,3925.0,Immeuble de bureaux,officeBuilding,sale,agency,5202,http://tunisie-annonce.com/upload2/202502/tunisie-annonce.com/photos/376570_20250226_112016.jpg,"[""https://www.mubawab-media.com/ad/8/100/655F/h/thumb_1026845_property_large_79852143.avif""]","[{""url"": ""https://www.mubawab-media.com/ad/8/100/655F/h/thumb_1026845_property_large_79852143.avif"", ""sourceId"": 5, ""adUrl"": ""https://www.mubawab.tn/fr/a/8100655/a-vendre-un-immeuble-bureautique-au-lac-3""}]","[{""sourceId"": 5, ""url"": ""https://www.mubawab.tn/fr/a/8100655/a-vendre-un-immeuble-bureautique-au-lac-3"", ""price"": null, ""sellerType"": ""agency"", ""lastModified"": ""2026-02-05 03:34:42""}, {""sourceId"": 1, ""url"": ""http://www.tunisie-annonce.com/DetailsAnnonceImmobilier.asp?cod_ann=3386312"", ""price"": 10000000, ""sellerType"": ""agency"", ""lastModified"": ""2026-01-26 00:00:00""}]","[{""sellerType"": ""agency"", ""contactName"": ""Le carre9"", ""active"": true}]",2,2,1,1,3,2,[],2025-02-26 11:00:29,2025-02-26 11:00:28,2026-02-05 03:34:42,2025-02-26 11:00:28,1,2026-02-07 13:28:42
976060,À louer immeuble à usage commercial à Charguia 1,"Mine D’or immobilière vous propose à la location  un immeuble à usage commercial ou bureautique d’une superficie totale 630 m2 situé à Charguia_1
Il est composé comme suit ;

-RDC: une belle réception plus un bureau équipé d'un douche et une kitchenette plus espace vert de 250m2 découvert avec une entrée indépendante pour le Dépôt  

-Mezzanine: 2 bureaux et deux blocs sanitaires.

-1er étage: un open space de 200 m2 plus deux bureaux.

-2ème étage: 2 bureaux plus un espace découvert de 200 m2 

-L'immeuble est équipé d'un local ascenseur ou monte charge près à installer.

         PRIX DE LOCATION :  6 300 DT HTVA  
         PRIX DE VENTE   :   1 575 000 DT 

  Contactez-nous sur le  216 <a type=""phone"">+21629XXXXXX</a> ou 216 <a type=""phone"">+21629XXXXXX</a> pour avoir plus d’informations ou pour planifier une visite .",1575000.0,630.0,Immeuble de bureaux,officeBuilding,sale,agency,347,https://www.mubawab-media.com/ad/8/129/112F/h/photo_00_80138460.avif,"[""https://www.mubawab-media.com/ad/8/129/112F/h/photo_00_80138460.avif"", ""https://www.mubawab-media.com/ad/8/129/112F/h/photo_01_80138461.avif""]","[{""url"": ""https://www.mubawab-media.com/ad/8/129/112F/h/photo_00_80138460.avif"", ""sourceId"": 5, ""adUrl"": ""https://www.mubawab.tn/fr/a/8129112/%C3%A0-louer-immeuble-%C3%A0-usage-commercial-%C3%A0-charguia-1""}, {""url"": ""https://www.mubawab-media.com/ad/8/129/112F/h/photo_01_80138461.avif"", ""sourceId"": 5, ""adUrl"": ""https://www.mubawab.tn/fr/a/8129112/%C3%A0-louer-immeuble-%C3%A0-usage-commercial-%C3%A0-charguia-1""}]","[{""sourceId"": 5, ""url"": ""https://www.mubawab.tn/fr/a/8129112/%C3%A0-louer-immeuble-%C3%A0-usage-commercial-%C3%A0-charguia-1"", ""price"": 1575000, ""sellerType"": ""agency"", ""lastModified"": ""2026-02-05 02:51:55""}, {""sourceId"": 1, ""url"": ""http://www.tunisie-annonce.com/DetailsAnnonceImmobilier.asp?cod_ann=3441561"", ""price"": 1575000, ""sellerType"": ""agency"", ""lastModified"": ""2025-12-17 00:00:00""}]","[{""sellerType"": ""agency"", ""contactName"": ""MINE D'OR Real Estate"", ""active"": true}]",2,2,1,1,2,2,[],2025-04-22 22:30:26,2025-04-22 22:30:22,2026-02-05 02:51:55,2025-04-22 22:30:22,1,2026-02-07 13:28:44
1245674,Avendre Immeuble à khezema,"🏢 À VENDRE – IMMEUBLE R+4
📍 Khzema – Sousse
Immeuble à usage mixte
✔️ Appartements
✔️ Locaux commerciaux
💰 Bon chiffre d’affaires mensuel
📄 Titre individuel
📍 Proche de toutes commodités

♨️NB : dispo autre Immeuble à hammam sousse et sahloul 4 
🔍Contactez- pour le visiter détails "":⏰  
<a type=""phone"">+21655XXXXXX</a> // <a type=""phone"">+21628XXXXXX</a> // <a type=""phone"">+21650XXXXXX</a>
WhatsApp <a type=""phone"">+21655XXXXXX</a>",,,Immeuble de bureaux,officeBuilding,sale,agency,4596,56155/28077838_e0e8361a1b0fa694.jpg,"[""https://www.affare.tn/image/02_2026_a63e87b7.JPG""]","[{""url"": ""https://www.affare.tn/image/02_2026_a63e87b7.JPG"", ""sourceId"": 6, ""adUrl"": ""https://www.affare.tn/annonce/avendre-immeuble-a-khezema-257726""}]","[{""sourceId"": 6, ""url"": ""https://www.affare.tn/annonce/avendre-immeuble-a-khezema-257726"", ""price"": null, ""sellerType"": ""agency"", ""lastModified"": ""2026-02-04 22:05:39""}]","[{""sellerType"": ""agency"", ""contactName"": ""Agence Immobiliere"", ""active"": true}]",1,1,1,1,1,1,[],2026-02-04 23:16:12,2026-02-04 22:05:39,2026-02-04 22:05:39,2026-02-04 22:05:39,1,2026-02-07 13:28:46
1000998,A vendre immeuble moderne 640 m² à Mutuelle ville,"La Maison de l’Immobilier vous propose à la location un immeuble moderne, récemment construit, à usage exclusif de bureaux, situé à Mutuelle ville.

Érigé sur trois niveaux et complété par un rez-de-jardin, cet immeuble développe une superficie couverte totale de 640 m² sur un terrain de 373 m².

Au rez-de-chaussée, un hall de réception dessert un open space divisé en six départements grâce à des séparations vitrées, ainsi que quatre points d’eau.

Le premier étage comprend trois espaces de travail, un local technique et quatre points d’eau.

Le deuxième étage, réservé à la direction, se compose d’un hall, d’un bureau de direction avec pièce polyvalente et salle de douche privative. S’y ajoutent deux bureaux supplémentaires, une salle de réunion, une kitchenette et une salle d’eau.

À l’extérieur, vous trouverez un espace de détente, une place de parking, ainsi qu’une loge gardien avec salle d’eau privative.

L’immeuble est équipé de : Ascenseur, Chauffage central, Climatisation, Infrastructure réseau adaptée à un usage professionnel

Ce bien offre un cadre de travail optimal dans un quartier calme et central, idéal pour toute activité tertiaire.",2600000.0,640.0,Immeuble de bureaux,officeBuilding,sale,agency,4885,https://www.mubawab-media.com/ad/8/138/975F/h/The-Black-and-White-building-facade-ossature-en-bois-%C2%A9-Ed-Reeve-660x330_80238644.avif,"[""https://www.mubawab-media.com/ad/8/138/975F/h/The-Black-and-White-building-facade-ossature-en-bois-%C2%A9-Ed-Reeve-660x330_80238644.avif""]","[{""url"": ""https://www.mubawab-media.com/ad/8/138/975F/h/The-Black-and-White-building-facade-ossature-en-bois-%C2%A9-Ed-Reeve-660x330_80238644.avif"", ""sourceId"": 5, ""adUrl"": ""https://www.mubawab.tn/fr/a/8138975/a-vendre-immeuble-moderne-640-m%C2%B2-%C3%A0-mutuelle-ville""}]","[{""sourceId"": 5, ""url"": ""https://www.mubawab.tn/fr/a/8138975/a-vendre-immeuble-moderne-640-m%C2%B2-%C3%A0-mutuelle-ville"", ""price"": 2600000, ""sellerType"": ""agency"", ""lastModified"": ""2026-02-04 12:44:07""}]","[{""sellerType"": ""agency"", ""contactName"": ""Maison de l'immobilier 2"", ""active"": true}]",1,1,1,1,1,1,[],2025-05-08 22:00:12,2025-05-08 22:00:07,2026-02-04 12:44:07,2025-05-08 22:00:07,1,2026-02-07 13:28:51
1196163,Vente d'un immeuble au Bardo,"Ketata immo, vous propose à la vente au Bardo un immeuble en R3 bureautique

terrain : 377 m2, couvert : 1300 m2

au RDC on deux grand espaces commerciaux

et les trois étages sont des bureaux loués.

tout l'immeble est loué avec un très bon apport locatif de 247.000 dt/an

pour visite veuillez contacter l'agence au <a type=""phone"">+21656XXXXXX</a>",,1300.0,Immeuble de bureaux,officeBuilding,sale,agency,4988,https://www.mubawab-media.com/ad/8/254/710F/h/Vente%20immeuble%20Bardo%20%284%29_81433701.avif,"[""https://www.mubawab-media.com/ad/8/254/710F/h/Vente%20immeuble%20Bardo%20%284%29_81433701.avif""]","[{""url"": ""https://www.mubawab-media.com/ad/8/254/710F/h/Vente%20immeuble%20Bardo%20%284%29_81433701.avif"", ""sourceId"": 5, ""adUrl"": ""https://www.mubawab.tn/fr/a/8254710/vente-d-un-immeuble-au-bardo""}]","[{""sourceId"": 5, ""url"": ""https://www.mubawab.tn/fr/a/8254710/vente-d-un-immeuble-au-bardo"", ""price"": null, ""sellerType"": ""agency"", ""lastModified"": ""2026-02-03 20:34:00""}]","[{""sellerType"": ""agency"", ""contactName"": ""KETATA immobilière"", ""active"": true}]",1,1,1,1,1,1,[],2025-11-18 19:15:08,2025-11-18 19:15:05,2026-02-03 20:34:00,2025-11-18 19:15:05,1,2026-02-07 13:28:53
1186948,A Vendre — Immeuble R8 Zone Touristique,"A VENDRE — Immeuble R8 avec 18 Appartements  Sous-sol et RDC Exploitables – Zone Touristique

Opportunité d’investissement exceptionnelle : Immeuble moderne à vendre, situé en Zone Touristique, composé de 8 étages et 18 appartements, avec sous-sol couvert et rez-de-chaussée aménageable. Convient parfaitement à un projet résidentiel ou commercial à forte valeur ajoutée.

Caractéristiques du bien :

Type : Immeuble entier

Nombre d’étages : R8

Composition : 18 appartements (différentes typologies)

Superficie totale couverte : 5 500 m²

Sous-sol : Surface exploitable (parking ou stockage)

Rez-de-chaussée : Adapté pour commerce, bureaux ou services

Construction solide, architecture moderne

Possibilité de revenu locatif immédiat ou développement promotionnel

Dossier juridique complet et prêt à la vente

Points forts :

Emplacement stratégique en Zone Touristique

Excellent potentiel de rentabilité

Proximité de la plage, hôtels et axes principaux

Accès facile et visibilité idéale pour des activités commerciales

Prix : Sur demande

Visites et informations : Sur rendez-vous uniquement

Contact : <a type=""phone"">+21655XXXXXX</a> / <a type=""phone"">+21655XXXXXX</a>

Agence Immobilière Ezzayatine – Mnchiya",13000000.0,500.0,Immeuble de bureaux,officeBuilding,sale,agency,5186,https://www.mubawab-media.com/ad/8/247/895F/h/APPARTEMENT%201111111_81364159.avif,"[""https://www.mubawab-media.com/ad/8/247/895F/h/APPARTEMENT%201111111_81364159.avif""]","[{""url"": ""https://www.mubawab-media.com/ad/8/247/895F/h/APPARTEMENT%201111111_81364159.avif"", ""sourceId"": 5, ""adUrl"": ""https://www.mubawab.tn/fr/a/8247895/a-vendre-%E2%80%94-immeuble-r8-zone-touristique""}]","[{""sourceId"": 5, ""url"": ""https://www.mubawab.tn/fr/a/8247895/a-vendre-%E2%80%94-immeuble-r8-zone-touristique"", ""price"": 13000000, ""sellerType"": ""agency"", ""lastModified"": ""2026-02-03 18:41:24""}]","[{""sellerType"": ""agency"", ""contactName"": ""immobiliere ezzayatine"", ""active"": true}]",1,1,1,1,1,1,[],2025-11-06 12:30:38,2025-11-06 12:30:34,2026-02-03 18:41:24,2025-11-06 12:30:34,1,2026-02-07 13:28:55
1078158,Batiment a vendre,"BATIMENT A VENDRE  POUR PROJETs

Excellente Situation:

Batiment sur 1000m2 protégés  d'un mure de 4m d'hauteur
Sur la Route de Bizerte a 50m   d'autoroute X20 et a ( 15mn de l'airport Carthage Tunis)  
3  Etages
 1800m2  Couvert
 600m2 chaque  étage 
Chaque étage a 15 chambres de (5x4m2) et 5 autres  chambres utilitaires,   
Bureau administrative et autres chambres utilitaires  

Objectives Et Avantages
 
Le bâtiment Facile a transformé avec minimum d'investissement pour:
Clinique privée  
Ecole privée  
Bureaux: affaires,    administratives, locations, Etc..",16007500.0,1800.0,Immeuble de bureaux,officeBuilding,sale,private,412,https://www.mubawab-media.com/ad/8/189/364F/h/6DC7A6EB-C615-4B70-9D52-D18427821B26_80756453.avif,"[""https://www.mubawab-media.com/ad/8/189/364F/h/6DC7A6EB-C615-4B70-9D52-D18427821B26_80756453.avif"", ""https://www.mubawab-media.com/ad/8/189/364F/h/B2F04F68-1431-4B69-B514-F9998726FC1D_80756454.avif"", ""https://www.mubawab-media.com/ad/8/189/364F/h/A825921D-DEDC-4932-8050-2E7C7EDE8609_1_201_a_80756455.avif"", ""https://www.mubawab-media.com/ad/8/189/364F/h/67CE2594-2E35-48F1-A8D6-E60BF560CF11_1_201_a_80756456.avif"", ""https://www.mubawab-media.com/ad/8/189/364F/h/F8BC5F61-BC37-499D-91E9-082F6F2EAC38_80756457.avif"", ""https://www.mubawab-media.com/ad/8/189/364F/h/0B21F7CE-7ADE-475C-B3B5-40A6E210D7D7_80756458.avif"", ""https://www.mubawab-media.com/ad/8/189/364F/h/566BE82B-3DAC-4DA3-9003-611F75E6AF50_80756459.avif""]","[{""url"": ""https://www.mubawab-media.com/ad/8/189/364F/h/6DC7A6EB-C615-4B70-9D52-D18427821B26_80756453.avif"", ""sourceId"": 5, ""adUrl"": ""https://www.mubawab.tn/fr/a/8189364/batiment-a-vendre""}, {""url"": ""https://www.mubawab-media.com/ad/8/189/364F/h/B2F04F68-1431-4B69-B514-F9998726FC1D_80756454.avif"", ""sourceId"": 5, ""adUrl"": ""https://www.mubawab.tn/fr/a/8189364/batiment-a-vendre""}, {""url"": ""https://www.mubawab-media.com/ad/8/189/364F/h/A825921D-DEDC-4932-8050-2E7C7EDE8609_1_201_a_80756455.avif"", ""sourceId"": 5, ""adUrl"": ""https://www.mubawab.tn/fr/a/8189364/batiment-a-vendre""}, {""url"": ""https://www.mubawab-media.com/ad/8/189/364F/h/67CE2594-2E35-48F1-A8D6-E60BF560CF11_1_201_a_80756456.avif"", ""sourceId"": 5, ""adUrl"": ""https://www.mubawab.tn/fr/a/8189364/batiment-a-vendre""}, {""url"": ""https://www.mubawab-media.com/ad/8/189/364F/h/F8BC5F61-BC37-499D-91E9-082F6F2EAC38_80756457.avif"", ""sourceId"": 5, ""adUrl"": ""https://www.mubawab.tn/fr/a/8189364/batiment-a-vendre""}, {""url"": ""https://www.mubawab-media.com/ad/8/189/364F/h/0B21F7CE-7ADE-475C-B3B5-40A6E210D7D7_80756458.avif"", ""sourceId"": 5, ""adUrl"": ""https://www.mubawab.tn/fr/a/8189364/batiment-a-vendre""}, {""url"": ""https://www.mubawab-media.com/ad/8/189/364F/h/566BE82B-3DAC-4DA3-9003-611F75E6AF50_80756459.avif"", ""sourceId"": 5, ""adUrl"": ""https://www.mubawab.tn/fr/a/8189364/batiment-a-vendre""}]","[{""sourceId"": 5, ""url"": ""https://www.mubawab.tn/fr/a/8189364/batiment-a-vendre"", ""price"": 16007500, ""sellerType"": ""private"", ""lastModified"": ""2026-02-03 17:02:32""}]","[{""sellerType"": ""private"", ""contactName"": ""ali kouki Particulier"", ""active"": true}]",1,1,1,1,1,1,[],2025-07-28 01:00:36,2025-07-28 01:00:31,2026-02-03 17:02:32,2025-07-28 01:00:31,1,2026-02-07 13:28:57
1064143,A vendre showroom trois niveaux à Charguia 2,"REMAX  Consultants vous propose à la vente un immeuble de type R2, bâti sur un terrain de 450 m², avec une surface totale de 1 200 m², idéalement situé sur la route principale, directement sur l'AutoRoute, en face du kiosque Ola au Niveau Charguia 2 

Bâti sur un terrain de 450 m²

 Superficie totale de 1 200 m²

 Trois niveaux offrant chacun 400 m² en open space

 Espaces modulables, adaptés pour un showroom ou des bureaux

 Emplacement stratégique, facilement accessible et très visible

Pour plus d'informations veuillez contacter votre conseillère en immobilier Maaouia Ons:

00 216 <a type=""phone"">+21629XXXXXX</a>

WhatsApp 216<a type=""phone"">+21629XXXXXX</a>",2500000.0,1200.0,Immeuble de bureaux,officeBuilding,sale,agency,348,https://www.mubawab-media.com/ad/8/178/674F/h/WhatsApp%20Image%202025-07-11%20%C3%A0%2014.42.54_4d0eb780_80649662.avif,"[""https://www.mubawab-media.com/ad/8/178/674F/h/WhatsApp%20Image%202025-07-11%20%C3%A0%2014.42.54_4d0eb780_80649662.avif"", ""https://www.mubawab-media.com/ad/8/178/674F/h/WhatsApp%20Image%202025-07-11%20%C3%A0%2014.42.54_9cb5a8ef_80649663.avif"", ""https://www.mubawab-media.com/ad/8/178/674F/h/WhatsApp%20Image%202025-07-11%20%C3%A0%2014.42.54_aa232f1c_80649664.avif"", ""https://www.mubawab-media.com/ad/8/178/674F/h/WhatsApp%20Image%202025-07-11%20%C3%A0%2014.42.55_2f25dce2_80649665.avif"", ""https://www.mubawab-media.com/ad/8/178/674F/h/WhatsApp%20Image%202025-07-11%20%C3%A0%2014.42.55_4b817aaa_80649666.avif"", ""https://www.mubawab-media.com/ad/8/178/674F/h/WhatsApp%20Image%202025-07-11%20%C3%A0%2014.42.55_8e1810d8_80649667.avif"", ""https://www.mubawab-media.com/ad/8/178/674F/h/WhatsApp%20Image%202025-07-11%20%C3%A0%2014.42.55_b6a799eb_80649668.avif"", ""https://www.mubawab-media.com/ad/8/178/674F/h/WhatsApp%20Image%202025-07-11%20%C3%A0%2014.42.55_c26adaf8_80649669.avif"", ""https://www.mubawab-media.com/ad/8/178/674F/h/WhatsApp%20Image%202025-07-11%20%C3%A0%2014.42.55_c8723888_80649670.avif"", ""https://www.mubawab-media.com/ad/8/178/674F/h/WhatsApp%20Image%202025-07-11%20%C3%A0%2014.42.55_f97b6fa2_80649671.avif"", ""https://www.mubawab-media.com/ad/8/178/674F/h/WhatsApp%20Image%202025-07-11%20%C3%A0%2014.42.56_23b120cf_80649672.avif"", ""https://www.mubawab-media.com/ad/8/178/674F/h/WhatsApp%20Image%202025-07-11%20%C3%A0%2014.42.56_ef6ae21e_80649673.avif""]","[{""url"": ""https://www.mubawab-media.com/ad/8/178/674F/h/WhatsApp%20Image%202025-07-11%20%C3%A0%2014.42.54_4d0eb780_80649662.avif"", ""sourceId"": 5, ""adUrl"": ""https://www.mubawab.tn/fr/a/8178674/a-vendre-showroom-trois-niveaux-%C3%A0-charguia-2""}, {""url"": ""https://www.mubawab-media.com/ad/8/178/674F/h/WhatsApp%20Image%202025-07-11%20%C3%A0%2014.42.54_9cb5a8ef_80649663.avif"", ""sourceId"": 5, ""adUrl"": ""https://www.mubawab.tn/fr/a/8178674/a-vendre-showroom-trois-niveaux-%C3%A0-charguia-2""}, {""url"": ""https://www.mubawab-media.com/ad/8/178/674F/h/WhatsApp%20Image%202025-07-11%20%C3%A0%2014.42.54_aa232f1c_80649664.avif"", ""sourceId"": 5, ""adUrl"": ""https://www.mubawab.tn/fr/a/8178674/a-vendre-showroom-trois-niveaux-%C3%A0-charguia-2""}, {""url"": ""https://www.mubawab-media.com/ad/8/178/674F/h/WhatsApp%20Image%202025-07-11%20%C3%A0%2014.42.55_2f25dce2_80649665.avif"", ""sourceId"": 5, ""adUrl"": ""https://www.mubawab.tn/fr/a/8178674/a-vendre-showroom-trois-niveaux-%C3%A0-charguia-2""}, {""url"": ""https://www.mubawab-media.com/ad/8/178/674F/h/WhatsApp%20Image%202025-07-11%20%C3%A0%2014.42.55_4b817aaa_80649666.avif"", ""sourceId"": 5, ""adUrl"": ""https://www.mubawab.tn/fr/a/8178674/a-vendre-showroom-trois-niveaux-%C3%A0-charguia-2""}, {""url"": ""https://www.mubawab-media.com/ad/8/178/674F/h/WhatsApp%20Image%202025-07-11%20%C3%A0%2014.42.55_8e1810d8_80649667.avif"", ""sourceId"": 5, ""adUrl"": ""https://www.mubawab.tn/fr/a/8178674/a-vendre-showroom-trois-niveaux-%C3%A0-charguia-2""}, {""url"": ""https://www.mubawab-media.com/ad/8/178/674F/h/WhatsApp%20Image%202025-07-11%20%C3%A0%2014.42.55_b6a799eb_80649668.avif"", ""sourceId"": 5, ""adUrl"": ""https://www.mubawab.tn/fr/a/8178674/a-vendre-showroom-trois-niveaux-%C3%A0-charguia-2""}, {""url"": ""https://www.mubawab-media.com/ad/8/178/674F/h/WhatsApp%20Image%202025-07-11%20%C3%A0%2014.42.55_c26adaf8_80649669.avif"", ""sourceId"": 5, ""adUrl"": ""https://www.mubawab.tn/fr/a/8178674/a-vendre-showroom-trois-niveaux-%C3%A0-charguia-2""}, {""url"": ""https://www.mubawab-media.com/ad/8/178/674F/h/WhatsApp%20Image%202025-07-11%20%C3%A0%2014.42.55_c8723888_80649670.avif"", ""sourceId"": 5, ""adUrl"": ""https://www.mubawab.tn/fr/a/8178674/a-vendre-showroom-trois-niveaux-%C3%A0-charguia-2""}, {""url"": ""https://www.mubawab-media.com/ad/8/178/674F/h/WhatsApp%20Image%202025-07-11%20%C3%A0%2014.42.55_f97b6fa2_80649671.avif"", ""sourceId"": 5, ""adUrl"": ""https://www.mubawab.tn/fr/a/8178674/a-vendre-showroom-trois-niveaux-%C3%A0-charguia-2""}, {""url"": ""https://www.mubawab-media.com/ad/8/178/674F/h/WhatsApp%20Image%202025-07-11%20%C3%A0%2014.42.56_23b120cf_80649672.avif"", ""sourceId"": 5, ""adUrl"": ""https://www.mubawab.tn/fr/a/8178674/a-vendre-showroom-trois-niveaux-%C3%A0-charguia-2""}, {""url"": ""https://www.mubawab-media.com/ad/8/178/674F/h/WhatsApp%20Image%202025-07-11%20%C3%A0%2014.42.56_ef6ae21e_80649673.avif"", ""sourceId"": 5, ""adUrl"": ""https://www.mubawab.tn/fr/a/8178674/a-vendre-showroom-trois-niveaux-%C3%A0-charguia-2""}]","[{""sourceId"": 5, ""url"": ""https://www.mubawab.tn/fr/a/8178674/a-vendre-showroom-trois-niveaux-%C3%A0-charguia-2"", ""price"": 2500000, ""sellerType"": ""agency"", ""lastModified"": ""2026-02-03 16:51:38""}, {""sourceId"": 2, ""url"": ""https://www.tayara.tn/item/6871195794cd0376dcdb718a/?v=2"", ""price"": null, ""sellerType"": ""agency"", ""lastModified"": ""2025-09-09 11:00:24""}]","[{""sellerType"": ""agency"", ""contactName"": ""RE/MAX Consultants"", ""active"": true}]",2,2,1,1,2,2,[],2025-07-11 15:00:30,2025-07-11 15:00:28,2026-02-03 16:51:38,2025-07-11 15:00:28,1,2026-02-07 13:29:00
1050538,Emplacement paking pour voiture,Situé au sous-sol dans un immeuble sécurisé,,15.0,Immeuble de bureaux,officeBuilding,sale,private,5190,https://www.mubawab-media.com/ad/8/169/704F/h/Entr%C3%A9e%201_80556933.avif,"[""https://www.mubawab-media.com/ad/8/169/704F/h/Entr%C3%A9e%201_80556933.avif"", ""https://www.mubawab-media.com/ad/8/169/704F/h/entr%C3%A9e%20parking_80556935.avif"", ""https://www.mubawab-media.com/ad/8/169/704F/h/Entr%C3%A9e%204_80556936.avif"", ""https://www.mubawab-media.com/ad/8/169/704F/h/Entr%C3%A9e%203_80556937.avif""]","[{""url"": ""https://www.mubawab-media.com/ad/8/169/704F/h/Entr%C3%A9e%201_80556933.avif"", ""sourceId"": 5, ""adUrl"": ""https://www.mubawab.tn/fr/a/8169704/emplacement-paking-pour-voiture""}, {""url"": ""https://www.mubawab-media.com/ad/8/169/704F/h/entr%C3%A9e%20parking_80556935.avif"", ""sourceId"": 5, ""adUrl"": ""https://www.mubawab.tn/fr/a/8169704/emplacement-paking-pour-voiture""}, {""url"": ""https://www.mubawab-media.com/ad/8/169/704F/h/Entr%C3%A9e%204_80556936.avif"", ""sourceId"": 5, ""adUrl"": ""https://www.mubawab.tn/fr/a/8169704/emplacement-paking-pour-voiture""}, {""url"": ""https://www.mubawab-media.com/ad/8/169/704F/h/Entr%C3%A9e%203_80556937.avif"", ""sourceId"": 5, ""adUrl"": ""https://www.mubawab.tn/fr/a/8169704/emplacement-paking-pour-voiture""}]","[{""sourceId"": 5, ""url"": ""https://www.mubawab.tn/fr/a/8169704/emplacement-paking-pour-voiture"", ""price"": null, ""sellerType"": ""private"", ""lastModified"": ""2026-02-03 16:46:34""}]","[{""sellerType"": ""private"", ""contactName"": ""CHAABANE Kamel Particulier"", ""active"": true}]",1,1,1,1,1,1,[],2025-06-28 16:46:11,2025-06-28 16:45:23,2026-02-03 16:46:34,2025-06-28 16:45:23,1,2026-02-07 13:29:02
977923,Immeuble R3 à Menzel Temim,"A vendre Immeuble R3  à Menzel Tmim situ é sur une route principale entre Menzel Tmim et Squelba sur un terrain de superficie de 381 m².Immeuble neuf  de surface bâtie de 1200 m² construit en OPEN SPACE suivant les normes internationales.

Immeuble polyvalent pour divers projets : commercial, industriel, bureautiques.. avec une excellente situation géographique en plein centre de menzel temime, dans un cadre privilégié (concentration de plusieurs projet industriel, commercial, administrative  une abondance de main d'œuvre qualifiée et à proximité de toutes les commodités (magasin AZIZA, Mosquée, marché, école, hôpital...).A chaque étage de l'immeuble on trouve un bloc sanitaire bien équipé, composé de 03 toilettes  douche italienne avec eau chaude et froide indépendante pour chaque étage  pré-installation des climatiseurs, caméra de surveillance et alarme  gaine pour recevoir un monte charge / ascenseur avec une ouverture de porte de1.80m  escalier bien dégagé. Au 3iéme étage on trouve une grande salle  kitchenette  bloc sanitaire avec douche italienne  deux terrasses.

Installation d'une batterie eau SONEDE  eau Puits disponible bien équipé et installation indépendante pour chaque étage  installation STEG de 02 compteurs triphasés 80A & 50A  02 compteurs monophasé de 32A

Immeuble avec titre foncier.

Prix : 1 300 000 dt  

Référence : VT986

Tel : <a type=""phone"">+21672XXXXXX</a> / <a type=""phone"">+21629XXXXXX</a> / <a type=""phone"">+21629XXXXXX</a>.",1300000.0,1200.0,Immeuble de bureaux,officeBuilding,sale,agency,3578,https://www.mubawab-media.com/ad/8/127/197F/h/279151541_1017987645487385_5819051952997499637_n_80119797.avif,"[""https://www.mubawab-media.com/ad/8/127/197F/h/279151541_1017987645487385_5819051952997499637_n_80119797.avif"", ""https://www.mubawab-media.com/ad/8/127/197F/h/279163660_361430535937880_6567192190912029858_n_80119798.avif"", ""https://www.mubawab-media.com/ad/8/127/197F/h/279178204_691401045444577_8726361885088228047_n_80119799.avif"", ""https://www.mubawab-media.com/ad/8/127/197F/h/279207616_667240051240486_667646297854709371_n_80119800.avif"", ""https://www.mubawab-media.com/ad/8/127/197F/h/279220647_514327477080239_1880614027294726208_n_80119801.avif"", ""https://www.mubawab-media.com/ad/8/127/197F/h/279224443_1478494362568087_508794242902768464_n_80119802.avif"", ""https://www.mubawab-media.com/ad/8/127/197F/h/279228906_1133921957388121_614531379129363913_n_80119803.avif"", ""https://www.mubawab-media.com/ad/8/127/197F/h/279258832_665484471189833_172667807806049185_n_80119804.avif"", ""https://www.mubawab-media.com/ad/8/127/197F/h/279299443_727193965362278_4903274829236293825_n_80119805.avif"", ""https://www.mubawab-media.com/ad/8/127/197F/h/279315162_646470653461209_7730598878378403208_n_80119806.avif"", ""https://www.mubawab-media.com/ad/8/127/197F/h/279323784_3858028847755748_2364685942490536151_n_80119807.avif"", ""https://www.mubawab-media.com/ad/8/127/197F/h/279332761_375492347926826_4880565959487833119_n_80119808.avif"", ""https://www.mubawab-media.com/ad/8/127/197F/h/279336963_523405032609564_6247037201653755574_n_80119809.avif"", ""https://www.mubawab-media.com/ad/8/127/197F/h/279354576_581485679694492_7479933372768736351_n_80119810.avif"", ""https://www.mubawab-media.com/ad/8/127/197F/h/279375891_5252035168150466_9131634116597023904_n_80119811.avif"", ""https://www.mubawab-media.com/ad/8/127/197F/h/279410802_332049832328582_7032755709255087044_n_80119812.avif"", ""https://www.mubawab-media.com/ad/8/127/197F/h/279440774_1170470507048162_8539539725220676320_n_80119813.avif"", ""https://www.mubawab-media.com/ad/8/127/197F/h/279467277_518037976463556_5143166681991445600_n_80119814.avif""]","[{""url"": ""https://www.mubawab-media.com/ad/8/127/197F/h/279151541_1017987645487385_5819051952997499637_n_80119797.avif"", ""sourceId"": 5, ""adUrl"": ""https://www.mubawab.tn/fr/a/8127197/immeuble-r3-%C3%A0-menzel-temim""}, {""url"": ""https://www.mubawab-media.com/ad/8/127/197F/h/279163660_361430535937880_6567192190912029858_n_80119798.avif"", ""sourceId"": 5, ""adUrl"": ""https://www.mubawab.tn/fr/a/8127197/immeuble-r3-%C3%A0-menzel-temim""}, {""url"": ""https://www.mubawab-media.com/ad/8/127/197F/h/279178204_691401045444577_8726361885088228047_n_80119799.avif"", ""sourceId"": 5, ""adUrl"": ""https://www.mubawab.tn/fr/a/8127197/immeuble-r3-%C3%A0-menzel-temim""}, {""url"": ""https://www.mubawab-media.com/ad/8/127/197F/h/279207616_667240051240486_667646297854709371_n_80119800.avif"", ""sourceId"": 5, ""adUrl"": ""https://www.mubawab.tn/fr/a/8127197/immeuble-r3-%C3%A0-menzel-temim""}, {""url"": ""https://www.mubawab-media.com/ad/8/127/197F/h/279220647_514327477080239_1880614027294726208_n_80119801.avif"", ""sourceId"": 5, ""adUrl"": ""https://www.mubawab.tn/fr/a/8127197/immeuble-r3-%C3%A0-menzel-temim""}, {""url"": ""https://www.mubawab-media.com/ad/8/127/197F/h/279224443_1478494362568087_508794242902768464_n_80119802.avif"", ""sourceId"": 5, ""adUrl"": ""https://www.mubawab.tn/fr/a/8127197/immeuble-r3-%C3%A0-menzel-temim""}, {""url"": ""https://www.mubawab-media.com/ad/8/127/197F/h/279228906_1133921957388121_614531379129363913_n_80119803.avif"", ""sourceId"": 5, ""adUrl"": ""https://www.mubawab.tn/fr/a/8127197/immeuble-r3-%C3%A0-menzel-temim""}, {""url"": ""https://www.mubawab-media.com/ad/8/127/197F/h/279258832_665484471189833_172667807806049185_n_80119804.avif"", ""sourceId"": 5, ""adUrl"": ""https://www.mubawab.tn/fr/a/8127197/immeuble-r3-%C3%A0-menzel-temim""}, {""url"": ""https://www.mubawab-media.com/ad/8/127/197F/h/279299443_727193965362278_4903274829236293825_n_80119805.avif"", ""sourceId"": 5, ""adUrl"": ""https://www.mubawab.tn/fr/a/8127197/immeuble-r3-%C3%A0-menzel-temim""}, {""url"": ""https://www.mubawab-media.com/ad/8/127/197F/h/279315162_646470653461209_7730598878378403208_n_80119806.avif"", ""sourceId"": 5, ""adUrl"": ""https://www.mubawab.tn/fr/a/8127197/immeuble-r3-%C3%A0-menzel-temim""}, {""url"": ""https://www.mubawab-media.com/ad/8/127/197F/h/279323784_3858028847755748_2364685942490536151_n_80119807.avif"", ""sourceId"": 5, ""adUrl"": ""https://www.mubawab.tn/fr/a/8127197/immeuble-r3-%C3%A0-menzel-temim""}, {""url"": ""https://www.mubawab-media.com/ad/8/127/197F/h/279332761_375492347926826_4880565959487833119_n_80119808.avif"", ""sourceId"": 5, ""adUrl"": ""https://www.mubawab.tn/fr/a/8127197/immeuble-r3-%C3%A0-menzel-temim""}, {""url"": ""https://www.mubawab-media.com/ad/8/127/197F/h/279336963_523405032609564_6247037201653755574_n_80119809.avif"", ""sourceId"": 5, ""adUrl"": ""https://www.mubawab.tn/fr/a/8127197/immeuble-r3-%C3%A0-menzel-temim""}, {""url"": ""https://www.mubawab-media.com/ad/8/127/197F/h/279354576_581485679694492_7479933372768736351_n_80119810.avif"", ""sourceId"": 5, ""adUrl"": ""https://www.mubawab.tn/fr/a/8127197/immeuble-r3-%C3%A0-menzel-temim""}, {""url"": ""https://www.mubawab-media.com/ad/8/127/197F/h/279375891_5252035168150466_9131634116597023904_n_80119811.avif"", ""sourceId"": 5, ""adUrl"": ""https://www.mubawab.tn/fr/a/8127197/immeuble-r3-%C3%A0-menzel-temim""}, {""url"": ""https://www.mubawab-media.com/ad/8/127/197F/h/279410802_332049832328582_7032755709255087044_n_80119812.avif"", ""sourceId"": 5, ""adUrl"": ""https://www.mubawab.tn/fr/a/8127197/immeuble-r3-%C3%A0-menzel-temim""}, {""url"": ""https://www.mubawab-media.com/ad/8/127/197F/h/279440774_1170470507048162_8539539725220676320_n_80119813.avif"", ""sourceId"": 5, ""adUrl"": ""https://www.mubawab.tn/fr/a/8127197/immeuble-r3-%C3%A0-menzel-temim""}, {""url"": ""https://www.mubawab-media.com/ad/8/127/197F/h/279467277_518037976463556_5143166681991445600_n_80119814.avif"", ""sourceId"": 5, ""adUrl"": ""https://www.mubawab.tn/fr/a/8127197/immeuble-r3-%C3%A0-menzel-temim""}]","[{""sourceId"": 5, ""url"": ""https://www.mubawab.tn/fr/a/8127197/immeuble-r3-%C3%A0-menzel-temim"", ""price"": 1300000, ""sellerType"": ""agency"", ""lastModified"": ""2026-02-03 15:49:12""}, {""sourceId"": 1, ""url"": ""http://www.tunisie-annonce.com/DetailsAnnonceImmobilier.asp?cod_ann=3431068"", ""price"": 1300000, ""sellerType"": ""agency"", ""lastModified"": ""2025-10-18 17:15:30""}, {""sourceId"": 2, ""url"": ""https://www.tayara.tn/item/68020e45c1f8f57898daf05e/?v=2"", ""price"": 1300000, ""sellerType"": ""agency"", ""lastModified"": ""2025-04-18 09:33:12""}]","[{""sellerType"": ""agency"", ""contactName"": ""AGENCE ASPIS IMMO"", ""active"": true}]",3,3,1,1,4,3,[],2025-04-18 09:45:33,2025-04-18 09:33:09,2026-02-03 15:49:12,2025-04-18 09:33:09,1,2026-02-07 13:29:04
963545,Immeuble 2 etages,a vendre immeuble kram ouest,1776100.0,400.0,Immeuble de bureaux,officeBuilding,sale,private,4870,https://www.mubawab-media.com/ad/8/119/223F/h/IMG0030C_80039227.avif,"[""https://www.mubawab-media.com/ad/8/119/223F/h/IMG0030C_80039227.avif""]","[{""url"": ""https://www.mubawab-media.com/ad/8/119/223F/h/IMG0030C_80039227.avif"", ""sourceId"": 5, ""adUrl"": ""https://www.mubawab.tn/fr/a/8119223/immeuble-2-etages""}]","[{""sourceId"": 5, ""url"": ""https://www.mubawab.tn/fr/a/8119223/immeuble-2-etages"", ""price"": 1776100, ""sellerType"": ""private"", ""lastModified"": ""2026-02-03 15:47:26""}]","[{""sellerType"": ""private"", ""contactName"": ""tarek tabib Particulier"", ""active"": true}]",1,1,1,1,1,1,[],2025-04-05 14:15:08,2025-04-05 14:15:04,2026-02-03 15:47:26,2025-04-05 14:15:04,1,2026-02-07 13:29:05
950742,Immeuble à usage bureautique vente à tunis,"Rbz immobilier vous propose la vente d'un immeuble à usage bureautique pour un siège de société ou investissement locatif en plein cœur de tunis pas loin de l'avenue kheireddine pacha et la rue Alain savary. Cet immeuble est construit sur une surface couverte de 1000m2 hors sous sol et il est composé de deux bureaux séparés par étage avec toilettes hommes et femmes. Grès dans la masse revêtement,  climatisation système Split dans chaque bureau plus chauffage central .. Le dernier étage comporte un grand bureau de direction avec sanitaire et une belle terrasse qui donne sur une belle vue panoramique sur le grand tunis ..

Prix : sur demande",,1000.0,Immeuble de bureaux,officeBuilding,sale,agency,4840,https://www.mubawab-media.com/ad/8/106/208F/h/1000152979_79913799.avif,"[""https://www.mubawab-media.com/ad/8/106/208F/h/1000152979_79913799.avif"", ""https://www.mubawab-media.com/ad/8/106/208F/h/1000152800_79906620.avif"", ""https://www.mubawab-media.com/ad/8/106/208F/h/1000152801_79906621.avif"", ""https://www.mubawab-media.com/ad/8/106/208F/h/1000152805_79906622.avif"", ""https://www.mubawab-media.com/ad/8/106/208F/h/1000152804_79906623.avif"", ""https://www.mubawab-media.com/ad/8/106/208F/h/1000152803_79906624.avif"", ""https://www.mubawab-media.com/ad/8/106/208F/h/1000152802_79906625.avif"", ""https://www.mubawab-media.com/ad/8/106/208F/h/1000152799_79906626.avif""]","[{""url"": ""https://www.mubawab-media.com/ad/8/106/208F/h/1000152979_79913799.avif"", ""sourceId"": 5, ""adUrl"": ""https://www.mubawab.tn/fr/a/8106208/immeuble-%C3%A0-usage-bureautique-vente-%C3%A0-tunis""}, {""url"": ""https://www.mubawab-media.com/ad/8/106/208F/h/1000152800_79906620.avif"", ""sourceId"": 5, ""adUrl"": ""https://www.mubawab.tn/fr/a/8106208/immeuble-%C3%A0-usage-bureautique-vente-%C3%A0-tunis""}, {""url"": ""https://www.mubawab-media.com/ad/8/106/208F/h/1000152801_79906621.avif"", ""sourceId"": 5, ""adUrl"": ""https://www.mubawab.tn/fr/a/8106208/immeuble-%C3%A0-usage-bureautique-vente-%C3%A0-tunis""}, {""url"": ""https://www.mubawab-media.com/ad/8/106/208F/h/1000152805_79906622.avif"", ""sourceId"": 5, ""adUrl"": ""https://www.mubawab.tn/fr/a/8106208/immeuble-%C3%A0-usage-bureautique-vente-%C3%A0-tunis""}, {""url"": ""https://www.mubawab-media.com/ad/8/106/208F/h/1000152804_79906623.avif"", ""sourceId"": 5, ""adUrl"": ""https://www.mubawab.tn/fr/a/8106208/immeuble-%C3%A0-usage-bureautique-vente-%C3%A0-tunis""}, {""url"": ""https://www.mubawab-media.com/ad/8/106/208F/h/1000152803_79906624.avif"", ""sourceId"": 5, ""adUrl"": ""https://www.mubawab.tn/fr/a/8106208/immeuble-%C3%A0-usage-bureautique-vente-%C3%A0-tunis""}, {""url"": ""https://www.mubawab-media.com/ad/8/106/208F/h/1000152802_79906625.avif"", ""sourceId"": 5, ""adUrl"": ""https://www.mubawab.tn/fr/a/8106208/immeuble-%C3%A0-usage-bureautique-vente-%C3%A0-tunis""}, {""url"": ""https://www.mubawab-media.com/ad/8/106/208F/h/1000152799_79906626.avif"", ""sourceId"": 5, ""adUrl"": ""https://www.mubawab.tn/fr/a/8106208/immeuble-%C3%A0-usage-bureautique-vente-%C3%A0-tunis""}]","[{""sourceId"": 5, ""url"": ""https://www.mubawab.tn/fr/a/8106208/immeuble-%C3%A0-usage-bureautique-vente-%C3%A0-tunis"", ""price"": null, ""sellerType"": ""agency"", ""lastModified"": ""2026-02-03 15:27:47""}]","[{""sellerType"": ""agency"", ""contactName"": ""RBZ Immobilier"", ""active"": true}]",1,1,1,1,1,1,[],2025-03-09 18:15:09,2025-03-09 18:15:09,2026-02-03 15:27:47,2025-03-09 18:15:09,1,2026-02-07 13:29:08
857081,A vendre immeuble inachevé av principale au lac 2,"la maison de l’immobilier vous propose à la vente un immeuble inachevé, idéalement situé sur une artère principale à fort passage commercial aux berges du lac 2.

cet immeuble de 4 niveaux totalise une superficie couverte de 3700 m², sur un terrain de 2090 m². il offre un fort potentiel pour divers types d'aménagements et d’activités commerciales.

caractéristiques :

rez-de-chaussée : un open space en double hauteur.

niveaux 1 à 3 :

chaque étage abrite un open space modulable, offrant une grande flexibilité pour l’aménagement.

sous-sol :

55 places de parking

2 locaux poubelles

l’immeuble bénéficie d’un emplacement stratégique, avec une grande visibilité et un fort potentiel de développement. il offre diverses possibilités d’aménagement pour des bureaux, commerces ou autres activités professionnelles.

pour plus d’informations ou pour organiser une visite, n’hésitez pas à nous contacter.",15000000.0,3700.0,Immeuble de bureaux,officeBuilding,sale,agency,5199,https://www.mubawab-media.com/ad/8/076/540F/h/immeuble%20menzah%201_78895412_79619919.avif,"[""https://www.mubawab-media.com/ad/8/076/540F/h/immeuble%20menzah%201_78895412_79619919.avif""]","[{""url"": ""https://www.mubawab-media.com/ad/8/076/540F/h/immeuble%20menzah%201_78895412_79619919.avif"", ""sourceId"": 5, ""adUrl"": ""https://www.mubawab.tn/fr/a/8076540/a-vendre-immeuble-inachev%C3%A9-av-principale-au-lac-2""}]","[{""sourceId"": 5, ""url"": ""https://www.mubawab.tn/fr/a/8076540/a-vendre-immeuble-inachev%C3%A9-av-principale-au-lac-2"", ""price"": 15000000, ""sellerType"": ""agency"", ""lastModified"": ""2026-02-03 15:01:49""}, {""sourceId"": 1, ""url"": ""http://www.tunisie-annonce.com/DetailsAnnonceImmobilier.asp?cod_ann=3364351"", ""price"": 1500000, ""sellerType"": ""agency"", ""lastModified"": ""2026-01-28 00:00:00""}]","[{""sellerType"": ""agency"", ""contactName"": ""Maison de l'immobilier 2"", ""active"": true}]",2,2,1,1,6,2,[],2024-11-20 21:45:08,2024-11-20 21:45:08,2026-02-03 15:01:49,2025-05-12 13:02:52,1,2026-02-07 13:29:10
861537,Immeuble Le Bosquet à Vendre à Ariana,"Un immeuble sur un terrain de 2300 m² idéale pour une société, école privée, jardin d'enfant, Call Center, Salle de Sport… situé dans un emplacement stratégique dans la zone industrielle à Ariana Essoghra. Au RDC, On a une salle d'accueil. A L'étage, On trouve un grand open space et 4 salles d'eau. A L'extérieur, On a une grande terrasse, un abris pour 6 voitures et un parking privé. Pour tous les renseignements, contacter l'agent .",2600000.0,2300.0,Immeuble de bureaux,officeBuilding,sale,agency,417,https://www.mubawab-media.com/ad/8/047/924F/h/756cbd3c-e91d-4fd2-aad7-609359cb9ee0_GF_79336942.avif,"[""https://www.mubawab-media.com/ad/8/047/924F/h/756cbd3c-e91d-4fd2-aad7-609359cb9ee0_GF_79336942.avif"", ""https://www.mubawab-media.com/ad/8/047/924F/h/8e5e6aa4-c9b9-49d0-9a41-45f39add6719_GF_79336943.avif"", ""https://www.mubawab-media.com/ad/8/047/924F/h/85c9f81d-8101-4a53-a033-d9aafc1ceb40_GF_79336944.avif"", ""https://www.mubawab-media.com/ad/8/047/924F/h/496d9981-707a-4ce2-8328-547eaafa6d65_GF_79336945.avif"", ""https://www.mubawab-media.com/ad/8/047/924F/h/8125a4fb-4ce9-443c-ac05-647e7b41d47a_GF_79336946.avif"", ""https://www.mubawab-media.com/ad/8/047/924F/h/8834aeb9-dbfd-45dc-addd-64484ef1dc03_GF_79336947.avif"", ""https://www.mubawab-media.com/ad/8/047/924F/h/17315fc0-2025-4767-8f67-9ede5dd658a7_GF_79336948.avif"", ""https://www.mubawab-media.com/ad/8/047/924F/h/56517f1d-97a4-4500-9adc-8fbd98cf41e4_GF_79336949.avif"", ""https://www.mubawab-media.com/ad/8/047/924F/h/a47c1ce1-dbc7-4622-85d5-c7958c922277_GF_79336950.avif"", ""https://www.mubawab-media.com/ad/8/047/924F/h/ccb9dccb-3356-45fa-a981-df921194fcbf_GF_79336951.avif""]","[{""url"": ""https://www.mubawab-media.com/ad/8/047/924F/h/756cbd3c-e91d-4fd2-aad7-609359cb9ee0_GF_79336942.avif"", ""sourceId"": 5, ""adUrl"": ""https://www.mubawab.tn/fr/a/8047924/immeuble-le-bosquet-%C3%A0-vendre-%C3%A0-ariana""}, {""url"": ""https://www.mubawab-media.com/ad/8/047/924F/h/8e5e6aa4-c9b9-49d0-9a41-45f39add6719_GF_79336943.avif"", ""sourceId"": 5, ""adUrl"": ""https://www.mubawab.tn/fr/a/8047924/immeuble-le-bosquet-%C3%A0-vendre-%C3%A0-ariana""}, {""url"": ""https://www.mubawab-media.com/ad/8/047/924F/h/85c9f81d-8101-4a53-a033-d9aafc1ceb40_GF_79336944.avif"", ""sourceId"": 5, ""adUrl"": ""https://www.mubawab.tn/fr/a/8047924/immeuble-le-bosquet-%C3%A0-vendre-%C3%A0-ariana""}, {""url"": ""https://www.mubawab-media.com/ad/8/047/924F/h/496d9981-707a-4ce2-8328-547eaafa6d65_GF_79336945.avif"", ""sourceId"": 5, ""adUrl"": ""https://www.mubawab.tn/fr/a/8047924/immeuble-le-bosquet-%C3%A0-vendre-%C3%A0-ariana""}, {""url"": ""https://www.mubawab-media.com/ad/8/047/924F/h/8125a4fb-4ce9-443c-ac05-647e7b41d47a_GF_79336946.avif"", ""sourceId"": 5, ""adUrl"": ""https://www.mubawab.tn/fr/a/8047924/immeuble-le-bosquet-%C3%A0-vendre-%C3%A0-ariana""}, {""url"": ""https://www.mubawab-media.com/ad/8/047/924F/h/8834aeb9-dbfd-45dc-addd-64484ef1dc03_GF_79336947.avif"", ""sourceId"": 5, ""adUrl"": ""https://www.mubawab.tn/fr/a/8047924/immeuble-le-bosquet-%C3%A0-vendre-%C3%A0-ariana""}, {""url"": ""https://www.mubawab-media.com/ad/8/047/924F/h/17315fc0-2025-4767-8f67-9ede5dd658a7_GF_79336948.avif"", ""sourceId"": 5, ""adUrl"": ""https://www.mubawab.tn/fr/a/8047924/immeuble-le-bosquet-%C3%A0-vendre-%C3%A0-ariana""}, {""url"": ""https://www.mubawab-media.com/ad/8/047/924F/h/56517f1d-97a4-4500-9adc-8fbd98cf41e4_GF_79336949.avif"", ""sourceId"": 5, ""adUrl"": ""https://www.mubawab.tn/fr/a/8047924/immeuble-le-bosquet-%C3%A0-vendre-%C3%A0-ariana""}, {""url"": ""https://www.mubawab-media.com/ad/8/047/924F/h/a47c1ce1-dbc7-4622-85d5-c7958c922277_GF_79336950.avif"", ""sourceId"": 5, ""adUrl"": ""https://www.mubawab.tn/fr/a/8047924/immeuble-le-bosquet-%C3%A0-vendre-%C3%A0-ariana""}, {""url"": ""https://www.mubawab-media.com/ad/8/047/924F/h/ccb9dccb-3356-45fa-a981-df921194fcbf_GF_79336951.avif"", ""sourceId"": 5, ""adUrl"": ""https://www.mubawab.tn/fr/a/8047924/immeuble-le-bosquet-%C3%A0-vendre-%C3%A0-ariana""}]","[{""sourceId"": 5, ""url"": ""https://www.mubawab.tn/fr/a/8047924/immeuble-le-bosquet-%C3%A0-vendre-%C3%A0-ariana"", ""price"": 2600000, ""sellerType"": ""agency"", ""lastModified"": ""2026-02-03 13:37:12""}, {""sourceId"": 12, ""url"": ""https://www.facebook.com/marketplace/item/950388883805559/"", ""price"": 2600000, ""sellerType"": ""agency"", ""lastModified"": ""2026-01-08 05:17:36""}]","[{""sellerType"": ""agency"", ""contactName"": ""Home Sweet Home EL Manzah"", ""active"": true}]",2,2,1,1,4,2,[],2024-12-02 09:45:11,2024-12-02 09:36:56,2026-02-03 13:37:12,2024-12-02 09:36:56,1,2026-02-07 13:29:13
842281,"Immeuble de bureaux, Lac 2","Nous vous proposons un immeuble situé au Lac 2, offrant un emplacement stratégique idéal pour les auto-entrepreneurs, les commerciaux et les start-ups. Ce bien immobilier se distingue par son espace de travail lumineux et confortable, parfaitement adapté aux exigences modernes. Il se compose de deux blocs : le bloc A, d'une superficie de 1998 m², et le bloc B, de 800 m², tous deux à un tarif de 270 DT/m². Vous avez la possibilité de louer l'ensemble de l'immeuble ou par étage, selon vos besoins.

L'immeuble est équipé de nombreux atouts, notamment des salles d’eau, des kitchenette, des terrasses, ainsi qu’un système de climatisation et de chauffage central. De plus, des places de parking sont disponibles, garantissant un accès pratique à vos clients et collaborateurs. Ce cadre professionnel élégant et moderne est l’endroit idéal pour développer votre activité.",539460.0,1998.0,Immeuble de bureaux,officeBuilding,sale,agency,5199,https://www.mubawab-media.com/ad/8/021/808F/h/IMG-20241022-WA0009_79079594.avif,"[""https://www.mubawab-media.com/ad/8/021/808F/h/IMG-20241022-WA0009_79079594.avif"", ""https://www.mubawab-media.com/ad/8/021/808F/h/IMG-20241022-WA0014_79079595.avif"", ""https://www.mubawab-media.com/ad/8/021/808F/h/IMG-20241022-WA0007_79079596.avif"", ""https://www.mubawab-media.com/ad/8/021/808F/h/IMG-20241022-WA0008_79079597.avif"", ""https://www.mubawab-media.com/ad/8/021/808F/h/IMG-20241022-WA0010_79079598.avif"", ""https://www.mubawab-media.com/ad/8/021/808F/h/IMG-20241022-WA0011_79079599.avif"", ""https://www.mubawab-media.com/ad/8/021/808F/h/IMG-20241022-WA0012_79079600.avif"", ""https://www.mubawab-media.com/ad/8/021/808F/h/IMG-20241022-WA0013_79079601.avif""]","[{""url"": ""https://www.mubawab-media.com/ad/8/021/808F/h/IMG-20241022-WA0009_79079594.avif"", ""sourceId"": 5, ""adUrl"": ""https://www.mubawab.tn/fr/a/8021808/immeuble-de-bureaux-lac-2""}, {""url"": ""https://www.mubawab-media.com/ad/8/021/808F/h/IMG-20241022-WA0014_79079595.avif"", ""sourceId"": 5, ""adUrl"": ""https://www.mubawab.tn/fr/a/8021808/immeuble-de-bureaux-lac-2""}, {""url"": ""https://www.mubawab-media.com/ad/8/021/808F/h/IMG-20241022-WA0007_79079596.avif"", ""sourceId"": 5, ""adUrl"": ""https://www.mubawab.tn/fr/a/8021808/immeuble-de-bureaux-lac-2""}, {""url"": ""https://www.mubawab-media.com/ad/8/021/808F/h/IMG-20241022-WA0008_79079597.avif"", ""sourceId"": 5, ""adUrl"": ""https://www.mubawab.tn/fr/a/8021808/immeuble-de-bureaux-lac-2""}, {""url"": ""https://www.mubawab-media.com/ad/8/021/808F/h/IMG-20241022-WA0010_79079598.avif"", ""sourceId"": 5, ""adUrl"": ""https://www.mubawab.tn/fr/a/8021808/immeuble-de-bureaux-lac-2""}, {""url"": ""https://www.mubawab-media.com/ad/8/021/808F/h/IMG-20241022-WA0011_79079599.avif"", ""sourceId"": 5, ""adUrl"": ""https://www.mubawab.tn/fr/a/8021808/immeuble-de-bureaux-lac-2""}, {""url"": ""https://www.mubawab-media.com/ad/8/021/808F/h/IMG-20241022-WA0012_79079600.avif"", ""sourceId"": 5, ""adUrl"": ""https://www.mubawab.tn/fr/a/8021808/immeuble-de-bureaux-lac-2""}, {""url"": ""https://www.mubawab-media.com/ad/8/021/808F/h/IMG-20241022-WA0013_79079601.avif"", ""sourceId"": 5, ""adUrl"": ""https://www.mubawab.tn/fr/a/8021808/immeuble-de-bureaux-lac-2""}]","[{""sourceId"": 5, ""url"": ""https://www.mubawab.tn/fr/a/8021808/immeuble-de-bureaux-lac-2"", ""price"": 539460, ""sellerType"": ""agency"", ""lastModified"": ""2026-02-03 12:53:42""}]","[{""sellerType"": ""agency"", ""contactName"": ""DOMOS, votre partenaire clé"", ""active"": true}]",1,1,1,1,1,1,[],2024-10-22 12:20:29,2024-10-22 12:20:29,2026-02-03 12:53:42,2024-10-22 12:20:29,1,2026-02-07 13:29:14
785192,Immeuble bureautique au centre ville de tunis,"A vendre un immeuble bureautique au  centre ville de tunis d'une superficie de 5000 m² couverts sur un terrain de 1100m2 presqu'il y a  80 bureaux. 

Il peut être un hôtel de ville ,ecole ,siège de société ou autre",,5000.0,Immeuble de bureaux,officeBuilding,sale,agency,5201,https://www.mubawab-media.com/ad/7/947/777F/h/20240701_134336_77939081.avif,"[""https://www.mubawab-media.com/ad/7/947/777F/h/20240701_134336_77939081.avif"", ""https://www.mubawab-media.com/ad/7/947/777F/h/20240701_134332_77939083.avif"", ""https://www.mubawab-media.com/ad/7/947/777F/h/20240701_135339_77939084.avif"", ""https://www.mubawab-media.com/ad/7/947/777F/h/20240701_134348_77939085.avif"", ""https://www.mubawab-media.com/ad/7/947/777F/h/20240701_134326_77939086.avif"", ""https://www.mubawab-media.com/ad/7/947/777F/h/20240701_134322_77939087.avif""]","[{""url"": ""https://www.mubawab-media.com/ad/7/947/777F/h/20240701_134336_77939081.avif"", ""sourceId"": 5, ""adUrl"": ""https://www.mubawab.tn/fr/a/7947777/immeuble-bureautique-au-centre-ville-de-tunis""}, {""url"": ""https://www.mubawab-media.com/ad/7/947/777F/h/20240701_134332_77939083.avif"", ""sourceId"": 5, ""adUrl"": ""https://www.mubawab.tn/fr/a/7947777/immeuble-bureautique-au-centre-ville-de-tunis""}, {""url"": ""https://www.mubawab-media.com/ad/7/947/777F/h/20240701_135339_77939084.avif"", ""sourceId"": 5, ""adUrl"": ""https://www.mubawab.tn/fr/a/7947777/immeuble-bureautique-au-centre-ville-de-tunis""}, {""url"": ""https://www.mubawab-media.com/ad/7/947/777F/h/20240701_134348_77939085.avif"", ""sourceId"": 5, ""adUrl"": ""https://www.mubawab.tn/fr/a/7947777/immeuble-bureautique-au-centre-ville-de-tunis""}, {""url"": ""https://www.mubawab-media.com/ad/7/947/777F/h/20240701_134326_77939086.avif"", ""sourceId"": 5, ""adUrl"": ""https://www.mubawab.tn/fr/a/7947777/immeuble-bureautique-au-centre-ville-de-tunis""}, {""url"": ""https://www.mubawab-media.com/ad/7/947/777F/h/20240701_134322_77939087.avif"", ""sourceId"": 5, ""adUrl"": ""https://www.mubawab.tn/fr/a/7947777/immeuble-bureautique-au-centre-ville-de-tunis""}]","[{""sourceId"": 5, ""url"": ""https://www.mubawab.tn/fr/a/7947777/immeuble-bureautique-au-centre-ville-de-tunis"", ""price"": null, ""sellerType"": ""agency"", ""lastModified"": ""2026-02-03 11:49:04""}, {""sourceId"": 12, ""url"": ""https://www.facebook.com/marketplace/item/2238343353198240/"", ""price"": null, ""sellerType"": ""private"", ""lastModified"": ""2026-01-15 06:16:10""}]","[{""sellerType"": ""agency"", ""contactName"": ""Immobilier Ennakil"", ""active"": true}]",2,2,1,1,2,2,[],2024-07-04 21:35:23,2024-07-04 21:35:23,2026-02-03 11:49:04,2024-07-04 21:35:23,1,2026-02-07 13:29:16
1192151,Immeuble à usage de bureaux cité jardins TUNIS,"Superficie généreuse : 1 900 m², RDC ET 3 ETAGES COMPLETS ET UN ESPACE DE VIE AU 4 EME ETAGE idéale pour accueillir des bureaux spacieux ou un siège social.

Emplacement stratégique : Situé au cœur de Cité Jardin El Khadra, un quartier dynamique et bien desservi.

Accessibilité optimale : À proximité immédiate du métro, facilitant les déplacements pour vos collaborateurs et visiteurs.

Environnement attractif :

À côté des écoles primaires Bouebdelli, école Madame Mahjoub,

Proche de des agence bancaires, du ministère de l'agricultures et d'autres services administratives

À quelques pas du Tennis Club.

Entouré de nombreuses options de restauration.

Cadre professionnel et convivial : Quartier calme, sécurisé et adapté aux activités tertiaires.",26000.0,900.0,Immeuble de bureaux,officeBuilding,sale,private,4840,https://www.mubawab-media.com/ad/8/251/845F/h/IMG_1550_81404109.avif,"[""https://www.mubawab-media.com/ad/8/251/845F/h/IMG_1550_81404109.avif"", ""https://www.mubawab-media.com/ad/8/251/845F/h/IMG_1551_81404110.avif"", ""https://www.mubawab-media.com/ad/8/251/845F/h/IMG_1554_81404111.avif"", ""https://www.mubawab-media.com/ad/8/251/845F/h/IMG_1556_81404112.avif"", ""https://www.mubawab-media.com/ad/8/251/845F/h/IMG_1561_81404113.avif"", ""https://www.mubawab-media.com/ad/8/251/845F/h/IMG_1547_81404114.avif"", ""https://www.mubawab-media.com/ad/8/251/845F/h/IMG_1548_81404115.avif"", ""https://www.mubawab-media.com/ad/8/251/845F/h/IMG_1549_81404116.avif""]","[{""url"": ""https://www.mubawab-media.com/ad/8/251/845F/h/IMG_1550_81404109.avif"", ""sourceId"": 5, ""adUrl"": ""https://www.mubawab.tn/fr/a/8251845/immeuble-%C3%A0-usage-de-bureaux-cit%C3%A9-jardins-tunis""}, {""url"": ""https://www.mubawab-media.com/ad/8/251/845F/h/IMG_1551_81404110.avif"", ""sourceId"": 5, ""adUrl"": ""https://www.mubawab.tn/fr/a/8251845/immeuble-%C3%A0-usage-de-bureaux-cit%C3%A9-jardins-tunis""}, {""url"": ""https://www.mubawab-media.com/ad/8/251/845F/h/IMG_1554_81404111.avif"", ""sourceId"": 5, ""adUrl"": ""https://www.mubawab.tn/fr/a/8251845/immeuble-%C3%A0-usage-de-bureaux-cit%C3%A9-jardins-tunis""}, {""url"": ""https://www.mubawab-media.com/ad/8/251/845F/h/IMG_1556_81404112.avif"", ""sourceId"": 5, ""adUrl"": ""https://www.mubawab.tn/fr/a/8251845/immeuble-%C3%A0-usage-de-bureaux-cit%C3%A9-jardins-tunis""}, {""url"": ""https://www.mubawab-media.com/ad/8/251/845F/h/IMG_1561_81404113.avif"", ""sourceId"": 5, ""adUrl"": ""https://www.mubawab.tn/fr/a/8251845/immeuble-%C3%A0-usage-de-bureaux-cit%C3%A9-jardins-tunis""}, {""url"": ""https://www.mubawab-media.com/ad/8/251/845F/h/IMG_1547_81404114.avif"", ""sourceId"": 5, ""adUrl"": ""https://www.mubawab.tn/fr/a/8251845/immeuble-%C3%A0-usage-de-bureaux-cit%C3%A9-jardins-tunis""}, {""url"": ""https://www.mubawab-media.com/ad/8/251/845F/h/IMG_1548_81404115.avif"", ""sourceId"": 5, ""adUrl"": ""https://www.mubawab.tn/fr/a/8251845/immeuble-%C3%A0-usage-de-bureaux-cit%C3%A9-jardins-tunis""}, {""url"": ""https://www.mubawab-media.com/ad/8/251/845F/h/IMG_1549_81404116.avif"", ""sourceId"": 5, ""adUrl"": ""https://www.mubawab.tn/fr/a/8251845/immeuble-%C3%A0-usage-de-bureaux-cit%C3%A9-jardins-tunis""}]","[{""sourceId"": 5, ""url"": ""https://www.mubawab.tn/fr/a/8251845/immeuble-%C3%A0-usage-de-bureaux-cit%C3%A9-jardins-tunis"", ""price"": 26000, ""sellerType"": ""private"", ""lastModified"": ""2026-02-03 01:00:51""}]","[{""sellerType"": ""private"", ""contactName"": ""sfar Particulier"", ""active"": true}]",1,1,1,1,1,1,[],2025-11-13 11:30:20,2025-11-13 11:30:08,2026-02-03 01:00:51,2026-01-20 00:49:16,1,2026-02-07 13:29:18
928066,Immeuble 3370 m en 74 pièces centre villetunis,"en exclusivité, la maison de limmobilier vous propose la vente dun immeuble idéalement situé en plein coeur du centre-ville de tunis. érigé sur 6 niveaux, cet immeuble offre une superficie couverte de 3370 m² en 74 pièces sur un terrain de 804 m².

le rez de chaussée abrite un hall daccueil qui dessert une loge de gardien, un espace darchive, 12 pièces de bureaux, une buvette et 3 points deau.

du premier au cinquième étage, chaque niveau abrite 15 pièces de bureaux de différentes superficies et deux blocs sanitaire.

un sous-sol pourra accueillir 21 voitures.

cet immeuble est équipé dun ascenseur et deux escalier .

la centrale de climatisation à été entièrement rounevlee, et la détection incendie a été installée en 2023.",7500000.0,3370.0,Immeuble de bureaux,officeBuilding,sale,agency,4813,54247/27123945_2b459486929c592b.jpg,"[""https://www.mubawab-media.com/ad/8/075/357F/h/2_79921036.avif"", ""https://www.mubawab-media.com/ad/8/075/357F/h/1_79921035.avif"", ""https://server.bigdatis.com/api/properties/image/278003729""]","[{""url"": ""https://www.mubawab-media.com/ad/8/075/357F/h/2_79921036.avif"", ""sourceId"": 5, ""adUrl"": ""https://www.mubawab.tn/fr/a/8075357/a-vendre-immeuble-3370-m%C2%B2-en-74-pi%C3%A8ces-centre-villetunis""}, {""url"": ""https://www.mubawab-media.com/ad/8/075/357F/h/1_79921035.avif"", ""sourceId"": 5, ""adUrl"": ""https://www.mubawab.tn/fr/a/8075357/a-vendre-immeuble-3370-m%C2%B2-en-74-pi%C3%A8ces-centre-villetunis""}, {""url"": ""https://server.bigdatis.com/api/properties/image/278003729"", ""sourceId"": 1, ""adUrl"": ""http://www.tunisie-annonce.com/DetailsAnnonceImmobilier.asp?cod_ann=3375708""}]","[{""sourceId"": 5, ""url"": ""https://www.mubawab.tn/fr/a/8075357/a-vendre-immeuble-3370-m%C2%B2-en-74-pi%C3%A8ces-centre-villetunis"", ""price"": null, ""sellerType"": ""agency"", ""lastModified"": ""2026-02-02 16:46:29""}, {""sourceId"": 1, ""url"": ""http://www.tunisie-annonce.com/DetailsAnnonceImmobilier.asp?cod_ann=3375708"", ""price"": 7500000, ""sellerType"": ""agency"", ""lastModified"": ""2026-01-26 00:00:00""}]","[{""sellerType"": ""agency"", ""contactName"": ""Maison de l'immobilier 2"", ""active"": true}]",2,2,1,1,2,2,[],2025-01-16 14:30:12,2025-01-16 14:30:12,2026-02-02 16:46:29,2025-03-28 09:34:28,1,2026-02-07 13:29:20
1214080,Immeuble Bureautique Charguia 2,"🏢 À VENDRE – Immeuble Bureautique R+2 à Charguia 2
📍 Zone stratégique et très recherchée
Saisissez une opportunité exceptionnelle !
Immeuble bureautique bâti en R+2 sur un terrain de 2 495 m², idéal pour :
✔️ Siège social
✔️ Centre d’affaires
✔️ Société de services
✔️ Investissement locatif
✨ Caractéristiques :
Superficie terrain : 2 495 m²
Immeuble R+2 fonctionnel et modulable
Emplacement premium à Charguia 2
Accès facile et visibilité assurée
📞 Pour plus d’informations & visites (uniquement pour personnes sérieuses) :
➡️ <a type=""phone"">+21698XXXXXX</a>
➡️ <a type=""phone"">+21699XXXXXX</a>
 Keskes Immo – Votre partenaire confiance depuis 1991 🤝
✨ À saisir rapidement !
#Vendrel #ImmeubleBureautique   #ImmobilierTunis #Bureau #plateau  #KeskesImmo #Tunis",,2495.0,Immeuble de bureaux,officeBuilding,sale,agency,348,https://storage.googleapis.com/tayara-migration-yams-pro/25/25d6738e-4259-49c8-a4de-88196982b2f2,"[""https://storage.googleapis.com/tayara-migration-yams-pro/25/25d6738e-4259-49c8-a4de-88196982b2f2""]","[{""url"": ""https://storage.googleapis.com/tayara-migration-yams-pro/25/25d6738e-4259-49c8-a4de-88196982b2f2"", ""sourceId"": 2, ""adUrl"": ""https://www.tayara.tn/item/693be5eccd04d08be749ab0d/?v=2""}]","[{""sourceId"": 2, ""url"": ""https://www.tayara.tn/item/693be5eccd04d08be749ab0d/?v=2"", ""price"": null, ""sellerType"": ""agency"", ""lastModified"": ""2026-02-02 15:15:52""}]","[{""sellerType"": ""agency"", ""contactName"": ""Agence Keskes"", ""active"": true}]",1,1,1,1,1,1,[],2025-12-12 11:00:21,2025-12-12 10:52:44,2026-02-02 15:15:52,2025-12-12 10:52:44,1,2026-02-07 13:29:22
1128062,Iimmeuble  lafayette tunis,"🏢 à vendre | immeuble de rapport  quartier lafayette, tunis centre-ville

💎 une opportunité dinvestissement exceptionnelle au cur de la capitale !

📍 localisation : quartier lafayette  emplacement prestigieux et ultra central, proche de toutes les commodités.

✨ composition du bien :

rdc : 3 magasins commerciaux → revenus locatifs immédiats 💰

1er étage : 1 appartement s+3 + 1 appartement s+4 → parfaits pour location habitation ou bureaux

2ème étage : 1 studio → forte demande locative

📈 atouts majeurs :
✅ rentabilité locative élevée grâce à la mixité commerce / habitation / bureaux
✅ emplacement stratégique au centre-ville de tunis
✅ idéal pour investisseurs souhaitant diversifier leur portefeuille immobilier

📞 contact direct : <a type=""phone"">+21698XXXXXX</a>
💬 whatsapp : <a type=""phone"">+21698XXXXXX</a>",750000.0,500.0,Immeuble de bureaux,officeBuilding,sale,agency,5197,http://tunisie-annonce.com/upload2/202509/tunisie-annonce.com/photos/740252_20250924_184227.jpg,"[""https://storage.googleapis.com/tayara-migration-yams-pro/bb/bbbb1233-66d7-4267-8cbf-d6a30d0fedaa""]","[{""url"": ""https://storage.googleapis.com/tayara-migration-yams-pro/bb/bbbb1233-66d7-4267-8cbf-d6a30d0fedaa"", ""sourceId"": 2, ""adUrl"": ""https://www.tayara.tn/item/68d41dc907c7711d7c74be61/?v=2""}]","[{""sourceId"": 2, ""url"": ""https://www.tayara.tn/item/68d41dc907c7711d7c74be61/?v=2"", ""price"": null, ""sellerType"": ""agency"", ""lastModified"": ""2026-02-02 15:15:14""}, {""sourceId"": 1, ""url"": ""http://www.tunisie-annonce.com/DetailsAnnonceImmobilier.asp?cod_ann=3426804"", ""price"": 750000, ""sellerType"": ""agency"", ""lastModified"": ""2025-11-12 00:00:00""}]","[{""sellerType"": ""agency"", ""contactName"": ""Agence Keskes"", ""active"": true}]",2,2,1,1,2,2,[],2025-09-24 17:46:43,2025-09-24 17:35:21,2026-02-02 15:15:14,2025-09-24 17:35:21,1,2026-02-07 13:29:28
1062812,A vendre Immeuble bureautique à Lafayette,"À Vendre – Immeuble Bureautique Open Space à Tunis (Lafayette)

Mami Immo vous propose un immeuble à usage bureautique idéalement situé à Tunis, quartier Lafayette.

Superficie totale : 306 m²

Configuration : Grand open space modulable selon vos besoins

Équipements : 3 salles de bains

Environnement : Quartier dynamique, bien desservi, proche de toutes commodités

Cet espace est parfaitement adapté pour accueillir des bureaux professionnels, des startups, des centres de formation ou des espaces de coworking.

Pour plus d’informations ou pour organiser une visite, contactez-nous dès maintenant, sur le <a type=""phone"">+21629XXXXXX</a>",780000.0,306.0,Immeuble de bureaux,officeBuilding,sale,agency,5197,https://www.mubawab-media.com/ad/8/177/714F/h/photo_00_80639773.avif,"[""https://storage.googleapis.com/tayara-migration-yams-pro/4b/4b1c3a23-4c72-447e-862d-49099fe9d0f7"", ""https://storage.googleapis.com/tayara-migration-yams-pro/83/836bd4cf-cc94-4516-8896-3177ec57366b"", ""https://storage.googleapis.com/tayara-migration-yams-pro/43/43f4074e-69bc-4fdf-aba4-b479e6150fba"", ""https://storage.googleapis.com/tayara-migration-yams-pro/0a/0a568061-e6a7-45a4-b25a-45b7f3a69221"", ""https://storage.googleapis.com/tayara-migration-yams-pro/8f/8fa72740-acb0-4a9f-9f6b-d5fce266e7a6"", ""https://storage.googleapis.com/tayara-migration-yams-pro/d4/d47fb75a-aacc-4703-9e57-3fdfb3381039"", ""https://storage.googleapis.com/tayara-migration-yams-pro/86/866e9436-91df-4768-9132-1230f051082d"", ""https://storage.googleapis.com/tayara-migration-yams-pro/0b/0bf63289-164e-42e0-8dbd-9446e19b190a"", ""https://storage.googleapis.com/tayara-migration-yams-pro/cc/cc089c26-e249-4623-adcb-83b63215e364"", ""https://storage.googleapis.com/tayara-migration-yams-pro/e6/e613f884-bb79-415c-87aa-2b50a8a2509a"", ""https://storage.googleapis.com/tayara-migration-yams-pro/53/535b7de0-21ab-4e8f-afed-1c02027ce36c"", ""https://storage.googleapis.com/tayara-migration-yams-pro/2d/2da1ec9c-176d-4ea8-b516-f63513824b48"", ""https://www.mubawab-media.com/ad/8/177/714F/h/photo_01_80639774.avif"", ""https://www.mubawab-media.com/ad/8/177/714F/h/photo_012_80639785.avif"", ""https://www.mubawab-media.com/ad/8/177/714F/h/photo_014_80639787.avif"", ""https://b3g4.fra01.idrivee2-68.com/images-mirror/55034/27517400_296349214.jpg?response-content-type=image%2Fjpeg&response-cache-control=public%2C%20max-age%3D31536000%2C%20immutable&X-Amz-Content-Sha256=UNSIGNED-PAYLOAD&X-Amz-Algorithm=AWS4-HMAC-SHA256&X-Amz-Credential=Bhs7rzoWz1jkU0yRURAn%2F20260207%2FFrankfurt%2Fs3%2Faws4_request&X-Amz-Date=20260207T122929Z&X-Amz-SignedHeaders=host&X-Amz-Expires=86400&X-Amz-Signature=a827a964206fd98af549aea125adc6e99e6f781cd3ebcf104d8536a686fe3093""]","[{""url"": ""https://storage.googleapis.com/tayara-migration-yams-pro/4b/4b1c3a23-4c72-447e-862d-49099fe9d0f7"", ""sourceId"": 2, ""adUrl"": ""https://www.tayara.tn/item/686f9c9bd5464a896ca813f4/?v=2""}, {""url"": ""https://storage.googleapis.com/tayara-migration-yams-pro/83/836bd4cf-cc94-4516-8896-3177ec57366b"", ""sourceId"": 2, ""adUrl"": ""https://www.tayara.tn/item/686f9c9bd5464a896ca813f4/?v=2""}, {""url"": ""https://storage.googleapis.com/tayara-migration-yams-pro/43/43f4074e-69bc-4fdf-aba4-b479e6150fba"", ""sourceId"": 2, ""adUrl"": ""https://www.tayara.tn/item/686f9c9bd5464a896ca813f4/?v=2""}, {""url"": ""https://storage.googleapis.com/tayara-migration-yams-pro/0a/0a568061-e6a7-45a4-b25a-45b7f3a69221"", ""sourceId"": 2, ""adUrl"": ""https://www.tayara.tn/item/686f9c9bd5464a896ca813f4/?v=2""}, {""url"": ""https://storage.googleapis.com/tayara-migration-yams-pro/8f/8fa72740-acb0-4a9f-9f6b-d5fce266e7a6"", ""sourceId"": 2, ""adUrl"": ""https://www.tayara.tn/item/686f9c9bd5464a896ca813f4/?v=2""}, {""url"": ""https://storage.googleapis.com/tayara-migration-yams-pro/d4/d47fb75a-aacc-4703-9e57-3fdfb3381039"", ""sourceId"": 2, ""adUrl"": ""https://www.tayara.tn/item/686f9c9bd5464a896ca813f4/?v=2""}, {""url"": ""https://storage.googleapis.com/tayara-migration-yams-pro/86/866e9436-91df-4768-9132-1230f051082d"", ""sourceId"": 2, ""adUrl"": ""https://www.tayara.tn/item/686f9c9bd5464a896ca813f4/?v=2""}, {""url"": ""https://storage.googleapis.com/tayara-migration-yams-pro/0b/0bf63289-164e-42e0-8dbd-9446e19b190a"", ""sourceId"": 2, ""adUrl"": ""https://www.tayara.tn/item/686f9c9bd5464a896ca813f4/?v=2""}, {""url"": ""https://storage.googleapis.com/tayara-migration-yams-pro/cc/cc089c26-e249-4623-adcb-83b63215e364"", ""sourceId"": 2, ""adUrl"": ""https://www.tayara.tn/item/686f9c9bd5464a896ca813f4/?v=2""}, {""url"": ""https://storage.googleapis.com/tayara-migration-yams-pro/e6/e613f884-bb79-415c-87aa-2b50a8a2509a"", ""sourceId"": 2, ""adUrl"": ""https://www.tayara.tn/item/686f9c9bd5464a896ca813f4/?v=2""}, {""url"": ""https://storage.googleapis.com/tayara-migration-yams-pro/53/535b7de0-21ab-4e8f-afed-1c02027ce36c"", ""sourceId"": 2, ""adUrl"": ""https://www.tayara.tn/item/686f9c9bd5464a896ca813f4/?v=2""}, {""url"": ""https://storage.googleapis.com/tayara-migration-yams-pro/2d/2da1ec9c-176d-4ea8-b516-f63513824b48"", ""sourceId"": 2, ""adUrl"": ""https://www.tayara.tn/item/686f9c9bd5464a896ca813f4/?v=2""}, {""url"": ""https://www.mubawab-media.com/ad/8/177/714F/h/photo_01_80639774.avif"", ""sourceId"": 5, ""adUrl"": ""https://www.mubawab.tn/fr/a/8177714/a-vendre-immeuble-bureautique-%C3%A0-lafayette""}, {""url"": ""https://www.mubawab-media.com/ad/8/177/714F/h/photo_012_80639785.avif"", ""sourceId"": 5, ""adUrl"": ""https://www.mubawab.tn/fr/a/8177714/a-vendre-immeuble-bureautique-%C3%A0-lafayette""}, {""url"": ""https://www.mubawab-media.com/ad/8/177/714F/h/photo_014_80639787.avif"", ""sourceId"": 5, ""adUrl"": ""https://www.mubawab.tn/fr/a/8177714/a-vendre-immeuble-bureautique-%C3%A0-lafayette""}, {""url"": ""https://b3g4.fra01.idrivee2-68.com/images-mirror/55034/27517400_296349214.jpg?response-content-type=image%2Fjpeg&response-cache-control=public%2C%20max-age%3D31536000%2C%20immutable&X-Amz-Content-Sha256=UNSIGNED-PAYLOAD&X-Amz-Algorithm=AWS4-HMAC-SHA256&X-Amz-Credential=Bhs7rzoWz1jkU0yRURAn%2F20260207%2FFrankfurt%2Fs3%2Faws4_request&X-Amz-Date=20260207T122929Z&X-Amz-SignedHeaders=host&X-Amz-Expires=86400&X-Amz-Signature=a827a964206fd98af549aea125adc6e99e6f781cd3ebcf104d8536a686fe3093"", ""sourceId"": 12, ""adUrl"": ""https://www.facebook.com/marketplace/item/1230215075249451/""}]","[{""sourceId"": 2, ""url"": ""https://www.tayara.tn/item/686f9c9bd5464a896ca813f4/?v=2"", ""price"": null, ""sellerType"": ""agency"", ""lastModified"": ""2026-02-02 09:28:23""}, {""sourceId"": 5, ""url"": ""https://www.mubawab.tn/fr/a/8177714/a-vendre-immeuble-bureautique-%C3%A0-lafayette"", ""price"": 780000, ""sellerType"": ""agency"", ""lastModified"": ""2026-01-30 20:47:12""}, {""sourceId"": 12, ""url"": ""https://www.facebook.com/marketplace/item/1230215075249451/"", ""price"": 900000, ""sellerType"": ""private"", ""lastModified"": ""2026-01-13 05:05:54""}]","[{""sellerType"": ""agency"", ""contactName"": ""Mami Immo"", ""active"": true}]",3,3,1,1,6,3,[],2025-07-10 12:00:30,2025-07-10 11:57:31,2026-02-02 09:28:23,2026-01-16 20:45:34,1,2026-02-07 13:29:30
1216634,Immeuble rades,"à vendre  immeuble r+2 de rapport  radès ville 

 excellente opportunité dinvestissement au coeur de radès !

 radès   centre-ville
 prix : 1 600 000 dt
 superficie terrain : 590 m²

 descriptif :
immeuble en r+2 composé de 6 appartements s+2 indépendants
 2 appartements par étage
 très bonne luminosité et aération
 compteurs individuels (eau & électricité)
 construction bien entretenue

 idéal pour investissement locatif rentable
 emplacement stratégique, proche de toutes commodités :
écoles, commerces, transports, services

infos et visites (sur rdv) :
<a type=""phone"">+21698XXXXXX</a> / <a type=""phone"">+21699XXXXXX</a>",1600000.0,590.0,Immeuble de bureaux,officeBuilding,sale,agency,1106,,[],,"[{""sourceId"": 1, ""url"": ""http://www.tunisie-annonce.com/DetailsAnnonceImmobilier.asp?cod_ann=3441367"", ""price"": 1600000, ""sellerType"": ""agency"", ""lastModified"": ""2026-02-02 00:00:00""}]","[{""sellerType"": ""agency"", ""contactName"": ""Keskes immo et services"", ""active"": true}]",1,1,1,1,1,1,[],2025-12-16 12:00:07,2025-12-16 00:00:00,2026-02-02 00:00:00,2025-12-16 00:00:00,1,2026-02-07 13:29:32
1139598,Bonne opportunité a tunis,"à vendre immeuble entre avenue alain savary et louis bray  r+3 sur une rue mouvementée 
terrain 350 m2 bâtis 1650 m2 contient 10 grands bureaux et commercial ou showroom au rdc
prix 3,5 million dinars",3500000.0,1650.0,Immeuble de bureaux,officeBuilding,sale,private,4840,53214/26607267_7b1f2dabab2b2b2f.jpg,"[""https://server.bigdatis.com/api/properties/image/304579209""]","[{""url"": ""https://server.bigdatis.com/api/properties/image/304579209"", ""sourceId"": 1, ""adUrl"": ""http://www.tunisie-annonce.com/DetailsAnnonceImmobilier.asp?cod_ann=3302381""}]","[{""sourceId"": 1, ""url"": ""http://www.tunisie-annonce.com/DetailsAnnonceImmobilier.asp?cod_ann=3302381"", ""price"": 3500000, ""sellerType"": ""private"", ""lastModified"": ""2026-02-02 00:00:00""}]","[{""sellerType"": ""private"", ""contactName"": null, ""active"": true}]",1,1,1,1,1,1,[],2024-03-26 10:34:05,2024-03-26 10:34:04,2026-02-02 00:00:00,2025-01-14 18:00:11,1,2026-02-07 13:29:34
1056028,Immeuble java à zaghouan,"immeuble d'une superficie de 650 m², situé à zaghouan. au rdc, on a deux locaux commercieaux, a l'etage , on a un open space inachevé , à l'exterieur, on a un terrasse de 250m². contacter agent : <a type=""phone"">+21656XXXXXX</a>.",900000.0,650.0,Immeuble de bureaux,officeBuilding,sale,agency,5145,56144/28072266_7e06acce4a5b8f9f.jpg,"[""https://server.bigdatis.com/api/properties/image/321308453"", ""https://server.bigdatis.com/api/properties/image/321308454"", ""https://server.bigdatis.com/api/properties/image/321308455""]","[{""url"": ""https://server.bigdatis.com/api/properties/image/321308453"", ""sourceId"": 1, ""adUrl"": ""http://www.tunisie-annonce.com/DetailsAnnonceImmobilier.asp?cod_ann=3448776""}, {""url"": ""https://server.bigdatis.com/api/properties/image/321308454"", ""sourceId"": 1, ""adUrl"": ""http://www.tunisie-annonce.com/DetailsAnnonceImmobilier.asp?cod_ann=3448776""}, {""url"": ""https://server.bigdatis.com/api/properties/image/321308455"", ""sourceId"": 1, ""adUrl"": ""http://www.tunisie-annonce.com/DetailsAnnonceImmobilier.asp?cod_ann=3448776""}]","[{""sourceId"": 1, ""url"": ""http://www.tunisie-annonce.com/DetailsAnnonceImmobilier.asp?cod_ann=3448776"", ""price"": 900000, ""sellerType"": ""agency"", ""lastModified"": ""2026-02-02 00:00:00""}]","[{""sellerType"": ""agency"", ""contactName"": ""HOME SWEET HOME"", ""active"": true}]",1,1,1,1,2,1,[],2025-07-03 12:00:20,2025-07-03 12:00:15,2026-02-02 00:00:00,2025-07-03 12:00:15,1,2026-02-07 13:29:35
857104,À vendre un immeuble bureautique au lac1,"A vendre un immeuble bureautique de 4 niveaux composé de plusieurs bureaux de bon standing,  et un sous sol l'immeuble est bien entretenu et tout en baie vitrée.

Bien situé au cœur du lac1 .

Climatisation centrale neuve , fibre optique, des caméras de surveillance HD , deux ascenseurs , système d'alarme .",11500000.0,2500.0,Immeuble de bureaux,officeBuilding,sale,agency,4942,https://www.mubawab-media.com/ad/8/040/538F/h/blog-eclairage-bureaux-768x413_56465229%20%281%29_79263877.avif,"[""https://www.mubawab-media.com/ad/8/040/538F/h/blog-eclairage-bureaux-768x413_56465229%20%281%29_79263877.avif""]","[{""url"": ""https://www.mubawab-media.com/ad/8/040/538F/h/blog-eclairage-bureaux-768x413_56465229%20%281%29_79263877.avif"", ""sourceId"": 5, ""adUrl"": ""https://www.mubawab.tn/fr/a/8040538/%C3%A0-vendre-un-immeuble-bureautique-au-lac1""}]","[{""sourceId"": 5, ""url"": ""https://www.mubawab.tn/fr/a/8040538/%C3%A0-vendre-un-immeuble-bureautique-au-lac1"", ""price"": 11500000, ""sellerType"": ""agency"", ""lastModified"": ""2026-02-01 15:33:34""}]","[{""sellerType"": ""agency"", ""contactName"": ""Agence Brinis"", ""active"": true}]",1,1,1,1,2,1,[],2024-11-21 00:00:11,2024-11-21 00:00:11,2026-02-01 15:33:34,2026-02-01 15:33:34,1,2026-02-07 13:29:37
997122,Immeuble 1500 m2  au lac 3 kram,"l'agence darek immob met en vente un joli immeuble  au lac 3 le kram, il présente les caractéristiques suivantes : 
 
1500 m² de surfaces bâti 
 
3 étages en open space plus des bureaux 
 
parking  
 
orientation sud est 
 
toilettes 
 
fibre optique 
 
près de commerces  
 
transport public à 10 min 
 
double vitrage 
 
prix :15000 dt/ht/mois 
 
merci de nous contactez au <a type=""phone"">+21651XXXXXX</a>/<a type=""phone"">+21699XXXXXX</a>/<a type=""phone"">+21651XXXXXX</a>",15000.0,1500.0,Immeuble de bureaux,officeBuilding,sale,agency,5202,http://tunisie-annonce.com/upload2/202505/tunisie-annonce.com/photos/660363_20250505_130059.jpg,"[""https://server.bigdatis.com/api/properties/image/281156825"", ""https://server.bigdatis.com/api/properties/image/281156826"", ""https://server.bigdatis.com/api/properties/image/281156827""]","[{""url"": ""https://server.bigdatis.com/api/properties/image/281156825"", ""sourceId"": 1, ""adUrl"": ""http://www.tunisie-annonce.com/DetailsAnnonceImmobilier.asp?cod_ann=3399653""}, {""url"": ""https://server.bigdatis.com/api/properties/image/281156826"", ""sourceId"": 1, ""adUrl"": ""http://www.tunisie-annonce.com/DetailsAnnonceImmobilier.asp?cod_ann=3399653""}, {""url"": ""https://server.bigdatis.com/api/properties/image/281156827"", ""sourceId"": 1, ""adUrl"": ""http://www.tunisie-annonce.com/DetailsAnnonceImmobilier.asp?cod_ann=3399653""}]","[{""sourceId"": 1, ""url"": ""http://www.tunisie-annonce.com/DetailsAnnonceImmobilier.asp?cod_ann=3399653"", ""price"": 15000, ""sellerType"": ""agency"", ""lastModified"": ""2026-02-01 00:00:00""}]","[{""sellerType"": ""agency"", ""contactName"": null, ""active"": true}]",1,1,1,1,1,1,[],2025-05-05 12:15:21,2025-05-05 12:15:20,2026-02-01 00:00:00,2025-05-05 12:15:20,1,2026-02-07 13:29:39
822375,Immeuble à vendre au berges du lac 1,"Société Mellouli immobilière vous propose un immeuble bureautique à vendre R4

caractériser par son emplacement située au berges du lac 1 a proximité de tous les commodités.

avec une architecture distinctive bâtie sur une surface de 450 m2

et un surface couver environ 2128m2 

le projet répond aux différents équipements et service :steg ,soned ,fibre ,protection civil ,ascenseur ,places de parking sous sol",7000000.0,2128.0,Immeuble de bureaux,officeBuilding,sale,agency,4942,https://www.mubawab-media.com/ad/7/999/581F/h/IMG_9821_78854082.avif,"[""https://www.mubawab-media.com/ad/7/999/581F/h/IMG_9821_78854082.avif""]","[{""url"": ""https://www.mubawab-media.com/ad/7/999/581F/h/IMG_9821_78854082.avif"", ""sourceId"": 5, ""adUrl"": ""https://www.mubawab.tn/fr/a/7999581/immeuble-%C3%A0-vendre-au-berges-du-lac-1""}]","[{""sourceId"": 5, ""url"": ""https://www.mubawab.tn/fr/a/7999581/immeuble-%C3%A0-vendre-au-berges-du-lac-1"", ""price"": 7000000, ""sellerType"": ""agency"", ""lastModified"": ""2026-01-31 19:15:19""}]","[{""sellerType"": ""agency"", ""contactName"": ""Mallouli immo"", ""active"": true}]",1,1,1,1,1,1,[],2024-09-19 01:24:36,2024-09-19 01:24:36,2026-01-31 19:15:19,2026-01-03 18:54:34,1,2026-02-07 13:29:41
1230933,Immeuble en cours de construction,"nous vous proposons à la vente un immeuble en cours de construction, édifié sur un terrain de 300 m², bénéficiant dune vocation r+5, situé dans un emplacement stratégique au plein centre de hammam lif, sur une route principale à très fort passage. 
* superficie du terrain : 300 m² 
* vocation urbanistique : r+5 
* état : en cours de construction 
* emplacement : centre-ville de hammam lif, axe principal 
* titre foncier individuel en règle 
 idéal pour projets à forte rentabilité : 
* centre médical (cliniques, cabinets, imagerie, laboratoire) 
* centre daffaires (bureaux, coworking, sièges de sociétés) 
* cabinets professionnels, assurances, banques ou établissements privés  
contactez nous pour plus d'informations",695000.0,300.0,Immeuble de bureaux,officeBuilding,sale,agency,987,56052/28026369_4f1f8fcc9392ca9a.jpg,"[""https://server.bigdatis.com/api/properties/image/319596638"", ""https://server.bigdatis.com/api/properties/image/319596639""]","[{""url"": ""https://server.bigdatis.com/api/properties/image/319596638"", ""sourceId"": 1, ""adUrl"": ""http://www.tunisie-annonce.com/DetailsAnnonceImmobilier.asp?cod_ann=3445268""}, {""url"": ""https://server.bigdatis.com/api/properties/image/319596639"", ""sourceId"": 1, ""adUrl"": ""http://www.tunisie-annonce.com/DetailsAnnonceImmobilier.asp?cod_ann=3445268""}]","[{""sourceId"": 1, ""url"": ""http://www.tunisie-annonce.com/DetailsAnnonceImmobilier.asp?cod_ann=3445268"", ""price"": 695000, ""sellerType"": ""agency"", ""lastModified"": ""2026-01-31 00:00:00""}]","[{""sellerType"": ""agency"", ""contactName"": null, ""active"": true}]",1,1,1,1,1,1,[],2026-01-08 16:45:27,2026-01-08 00:00:00,2026-01-31 00:00:00,2026-01-08 00:00:00,1,2026-02-07 13:29:43
1111269,🏢 À Vendre : Immeuble à Beb Laâsal (près de l’hôtel El Mechtel),"IB-4601
🛑🎈 Offre Spéciale de Fin de Vacances 🎈🛑
🏢 À Vendre : Immeuble à Beb Laâsal (près de l’hôtel El Mechtel)
📍 Emplacement stratégique, proche de toutes les commodités – idéal pour investissement !
🔸 Description :
• Immeuble R+2
• Rez-de-chaussée : 3 locaux commerciaux
• Étage : 2 bureaux
• Très bon état général
💰 Prix : 650 000 DT
🔴 À ne pas rater ! Opportunité rare dans un secteur recherché.
📞 Pour plus d’informations, contactez-nous au <a type=""phone"">+21695XXXXXX</a>",650000.0,,Immeuble de bureaux,officeBuilding,sale,agency,4818,56134/28067025_e1511554d4c44634.jpg,"[""https://storage.googleapis.com/tayara-migration-yams-pro/b0/b0b42f21-aee2-4394-8555-49ff1842067f""]","[{""url"": ""https://storage.googleapis.com/tayara-migration-yams-pro/b0/b0b42f21-aee2-4394-8555-49ff1842067f"", ""sourceId"": 2, ""adUrl"": ""https://www.tayara.tn/item/697cc2bf15471d09ce10e0c1/?v=2""}]","[{""sourceId"": 2, ""url"": ""https://www.tayara.tn/item/697cc2bf15471d09ce10e0c1/?v=2"", ""price"": 650000, ""sellerType"": ""agency"", ""lastModified"": ""2026-01-30 15:40:01""}]","[{""sellerType"": ""agency"", ""contactName"": ""First Home Real Estate"", ""active"": true}]",1,1,1,1,2,1,[],2025-09-03 14:30:43,2025-09-03 14:20:12,2026-01-30 15:40:01,2025-09-03 14:20:12,1,2026-02-07 13:29:45
1122660,Immeuble Titré Centre ville,"VIT 001
A Vendre un immeuble rénové au centre-ville de Tunis faisant l’angle avec l’avenue de paris composé d’un rez de chaussé et de trois étages exclusifs à usage bureautique composé de 8 appartements totalisant 788 m² bâtis avec possibilité de construire un 4éme étage en léger.
Chaque niveau comprend 2 appartements à usage de bureaux et chaque appartement est composé de 3 pièces, d’un hall, d’une salle d’eau et d’une kitchenette.
L’immeuble est rénové, fenêtres en aluminium, portes bois noble, volets roulants électriques, caméras de surveillance, interphone dans chaque appartement, faux plafond et parquet
Titre foncier individuel
Prix 1 million 350 mille dinars
Pour plus d’informations, contacter M&F IMMO au <a type=""phone"">+21627XXXXXX</a>",1350.0,788.0,Immeuble de bureaux,officeBuilding,sale,agency,5201,56132/28066215_dcfcaf1ebebed4e4.jpg,"[""https://storage.googleapis.com/tayara-migration-yams-pro/03/0332fdae-b19f-43f1-8563-b65586cfc910"", ""https://storage.googleapis.com/tayara-migration-yams-pro/39/3962e3c2-b949-4f46-910f-55dcfeb0807d"", ""https://storage.googleapis.com/tayara-migration-yams-pro/9c/9cc60159-dc65-49c8-aff4-7c1bad36b419"", ""https://storage.googleapis.com/tayara-migration-yams-pro/9d/9d0e4f39-cb31-4d20-a9f1-893e5adc97ce"", ""https://storage.googleapis.com/tayara-migration-yams-pro/c2/c241fbf9-5f4f-4991-b0ba-e01b932b2763"", ""https://storage.googleapis.com/tayara-migration-yams-pro/bd/bd3c58b3-cd66-49e3-bfa4-b2b69115b5cc"", ""https://storage.googleapis.com/tayara-migration-yams-pro/0e/0e3e44d8-8410-4798-9d41-9955af352ecf"", ""https://storage.googleapis.com/tayara-migration-yams-pro/49/49613208-05c4-4b7e-9a67-1783056aad01"", ""https://storage.googleapis.com/tayara-migration-yams-pro/7f/7f40de43-d2cc-4acb-af5e-2bf3269254bd"", ""https://storage.googleapis.com/tayara-migration-yams-pro/46/46867952-e039-47da-8317-da663ee02210""]","[{""url"": ""https://storage.googleapis.com/tayara-migration-yams-pro/03/0332fdae-b19f-43f1-8563-b65586cfc910"", ""sourceId"": 2, ""adUrl"": ""https://www.tayara.tn/item/697c5b8915471d09ce10a643/?v=2""}, {""url"": ""https://storage.googleapis.com/tayara-migration-yams-pro/39/3962e3c2-b949-4f46-910f-55dcfeb0807d"", ""sourceId"": 2, ""adUrl"": ""https://www.tayara.tn/item/697c5b8915471d09ce10a643/?v=2""}, {""url"": ""https://storage.googleapis.com/tayara-migration-yams-pro/9c/9cc60159-dc65-49c8-aff4-7c1bad36b419"", ""sourceId"": 2, ""adUrl"": ""https://www.tayara.tn/item/697c5b8915471d09ce10a643/?v=2""}, {""url"": ""https://storage.googleapis.com/tayara-migration-yams-pro/9d/9d0e4f39-cb31-4d20-a9f1-893e5adc97ce"", ""sourceId"": 2, ""adUrl"": ""https://www.tayara.tn/item/697c5b8915471d09ce10a643/?v=2""}, {""url"": ""https://storage.googleapis.com/tayara-migration-yams-pro/c2/c241fbf9-5f4f-4991-b0ba-e01b932b2763"", ""sourceId"": 2, ""adUrl"": ""https://www.tayara.tn/item/697c5b8915471d09ce10a643/?v=2""}, {""url"": ""https://storage.googleapis.com/tayara-migration-yams-pro/bd/bd3c58b3-cd66-49e3-bfa4-b2b69115b5cc"", ""sourceId"": 2, ""adUrl"": ""https://www.tayara.tn/item/697c5b8915471d09ce10a643/?v=2""}, {""url"": ""https://storage.googleapis.com/tayara-migration-yams-pro/0e/0e3e44d8-8410-4798-9d41-9955af352ecf"", ""sourceId"": 2, ""adUrl"": ""https://www.tayara.tn/item/697c5b8915471d09ce10a643/?v=2""}, {""url"": ""https://storage.googleapis.com/tayara-migration-yams-pro/49/49613208-05c4-4b7e-9a67-1783056aad01"", ""sourceId"": 2, ""adUrl"": ""https://www.tayara.tn/item/697c5b8915471d09ce10a643/?v=2""}, {""url"": ""https://storage.googleapis.com/tayara-migration-yams-pro/7f/7f40de43-d2cc-4acb-af5e-2bf3269254bd"", ""sourceId"": 2, ""adUrl"": ""https://www.tayara.tn/item/697c5b8915471d09ce10a643/?v=2""}, {""url"": ""https://storage.googleapis.com/tayara-migration-yams-pro/46/46867952-e039-47da-8317-da663ee02210"", ""sourceId"": 2, ""adUrl"": ""https://www.tayara.tn/item/697c5b8915471d09ce10a643/?v=2""}]","[{""sourceId"": 2, ""url"": ""https://www.tayara.tn/item/697c5b8915471d09ce10a643/?v=2"", ""price"": 1350, ""sellerType"": ""agency"", ""lastModified"": ""2026-01-30 08:19:40""}, {""sourceId"": 1, ""url"": ""http://www.tunisie-annonce.com/DetailsAnnonceImmobilier.asp?cod_ann=3425742"", ""price"": 1350, ""sellerType"": ""agency"", ""lastModified"": ""2025-09-18 13:30:30""}]","[{""sellerType"": ""agency"", ""contactName"": ""Latifa"", ""active"": true}]",2,2,1,1,49,2,[],2025-09-18 13:02:32,2025-09-18 12:59:42,2026-01-30 08:19:40,2025-09-18 12:59:42,1,2026-02-07 13:29:47
924339,"Immeuble Odo à Vendre à Sidi Daoud, La Marsa","Un immeuble de Haut standing d'une superficie terrain 500 m2  idéale pour école, centre de formation ou une société..., situé à Sidi Daoud, La Marsa. Au RDC, on a un open space. Au 1er étage, on a un accueil, une Kitchenette, 5 bureaux et deux salles d'eau.  A l'extérieur, On a un studio de concierge, une terrasse, un jardin et un abri de voiture.",2800000.0,500.0,Immeuble de bureaux,officeBuilding,sale,agency,4974,https://www.mubawab-media.com/ad/8/069/503F/h/78585c6b-1779-4bef-ae80-f08f05914381_GF_79550717.avif,"[""https://www.mubawab-media.com/ad/8/069/503F/h/78585c6b-1779-4bef-ae80-f08f05914381_GF_79550717.avif"", ""https://www.mubawab-media.com/ad/8/069/503F/h/61407d22-104e-425f-883a-6f471ff77510_GF_79550718.avif"", ""https://www.mubawab-media.com/ad/8/069/503F/h/2ceb2341-211a-4eda-8efe-ce34b8a4032b_GF_79550719.avif"", ""https://www.mubawab-media.com/ad/8/069/503F/h/3ba9be6b-b15a-4ad0-915b-1287b674e721_GF_79550720.avif"", ""https://www.mubawab-media.com/ad/8/069/503F/h/5b76c2f8-1c7b-45b2-a710-ae7cccf1bb41_GF_79550721.avif"", ""https://www.mubawab-media.com/ad/8/069/503F/h/7edfdf5e-6dc5-49dc-aa92-0244f7bbbf34_GF_79550722.avif"", ""https://www.mubawab-media.com/ad/8/069/503F/h/8e41aa81-18ee-4e1d-9883-4024ea30a899_GF_79550723.avif"", ""https://www.mubawab-media.com/ad/8/069/503F/h/9dda01d3-3387-4f2e-b36b-b3bc9c6ba7e9_GF_79550724.avif"", ""https://www.mubawab-media.com/ad/8/069/503F/h/39f21329-e4df-4d3d-8b3e-cdb3bcdeac20_GF_79550725.avif"", ""https://www.mubawab-media.com/ad/8/069/503F/h/69f9c741-2029-4cc3-b414-febd236d3e21_GF_79550726.avif"", ""https://www.mubawab-media.com/ad/8/069/503F/h/76cc9f88-e39c-4eab-874e-c09fdf4caceb_GF_79550727.avif"", ""https://www.mubawab-media.com/ad/8/069/503F/h/ef927559-9aa8-4e2d-8220-9a2f7a5256f1_GF_79550728.avif"", ""https://www.mubawab-media.com/ad/8/069/503F/h/78930e85-fcff-4bef-8064-59f1f97f2823_GF_79550729.avif"", ""https://www.mubawab-media.com/ad/8/069/503F/h/685624fb-f2b4-4c8d-9b1d-a88eacbe93f4_GF_79550730.avif"", ""https://www.mubawab-media.com/ad/8/069/503F/h/9167888f-46f2-4684-8073-5031bcef08b0_GF_79550731.avif"", ""https://www.mubawab-media.com/ad/8/069/503F/h/57043624-31ce-4ba1-abce-7dd0cc24ab1e_GF_79550732.avif"", ""https://www.mubawab-media.com/ad/8/069/503F/h/a0b53654-10aa-4679-b34d-9f7fb14675ec_GF_79550733.avif"", ""https://www.mubawab-media.com/ad/8/069/503F/h/c8eafc1c-4292-4159-98c8-b01bf75d56b4_GF_79550734.avif"", ""https://www.mubawab-media.com/ad/8/069/503F/h/cc02e70d-73f4-4359-b51f-1a68964c9f55_GF_79550735.avif"", ""https://www.mubawab-media.com/ad/8/069/503F/h/8bb28bea-8c7a-4df0-8661-bc4d3c924e08_GF_79550736.avif"", ""https://b3g4.fra01.idrivee2-68.com/images-mirror/55765/27882564_307452276.jpg?response-content-type=image%2Fjpeg&response-cache-control=public%2C%20max-age%3D31536000%2C%20immutable&X-Amz-Content-Sha256=UNSIGNED-PAYLOAD&X-Amz-Algorithm=AWS4-HMAC-SHA256&X-Amz-Credential=Bhs7rzoWz1jkU0yRURAn%2F20260207%2FFrankfurt%2Fs3%2Faws4_request&X-Amz-Date=20260207T122950Z&X-Amz-SignedHeaders=host&X-Amz-Expires=86400&X-Amz-Signature=43ebd0703724cafe48340c90ec91e700c868d48f542c0164f9b1d02673758caf"", ""https://b3g4.fra01.idrivee2-68.com/images-mirror/55765/27882564_307452278.jpg?response-content-type=image%2Fjpeg&response-cache-control=public%2C%20max-age%3D31536000%2C%20immutable&X-Amz-Content-Sha256=UNSIGNED-PAYLOAD&X-Amz-Algorithm=AWS4-HMAC-SHA256&X-Amz-Credential=Bhs7rzoWz1jkU0yRURAn%2F20260207%2FFrankfurt%2Fs3%2Faws4_request&X-Amz-Date=20260207T122950Z&X-Amz-SignedHeaders=host&X-Amz-Expires=86400&X-Amz-Signature=0f0a8d5fbbbb0198166c9fab1230bb0d93079087f421728ab0015683621b9c49"", ""https://b3g4.fra01.idrivee2-68.com/images-mirror/55765/27882564_307452281.jpg?response-content-type=image%2Fjpeg&response-cache-control=public%2C%20max-age%3D31536000%2C%20immutable&X-Amz-Content-Sha256=UNSIGNED-PAYLOAD&X-Amz-Algorithm=AWS4-HMAC-SHA256&X-Amz-Credential=Bhs7rzoWz1jkU0yRURAn%2F20260207%2FFrankfurt%2Fs3%2Faws4_request&X-Amz-Date=20260207T122950Z&X-Amz-SignedHeaders=host&X-Amz-Expires=86400&X-Amz-Signature=bf26069fcc108b1b448c5152ffd1d5535e5aa3afb1894aefee99a3af530444f6"", ""https://b3g4.fra01.idrivee2-68.com/images-mirror/55765/27882564_307452283.jpg?response-content-type=image%2Fjpeg&response-cache-control=public%2C%20max-age%3D31536000%2C%20immutable&X-Amz-Content-Sha256=UNSIGNED-PAYLOAD&X-Amz-Algorithm=AWS4-HMAC-SHA256&X-Amz-Credential=Bhs7rzoWz1jkU0yRURAn%2F20260207%2FFrankfurt%2Fs3%2Faws4_request&X-Amz-Date=20260207T122950Z&X-Amz-SignedHeaders=host&X-Amz-Expires=86400&X-Amz-Signature=8547f909f0c0d2000887855d4fbe73632105c02e3d032171904a7c41ea42e175"", ""https://b3g4.fra01.idrivee2-68.com/images-mirror/55765/27882564_307452285.jpg?response-content-type=image%2Fjpeg&response-cache-control=public%2C%20max-age%3D31536000%2C%20immutable&X-Amz-Content-Sha256=UNSIGNED-PAYLOAD&X-Amz-Algorithm=AWS4-HMAC-SHA256&X-Amz-Credential=Bhs7rzoWz1jkU0yRURAn%2F20260207%2FFrankfurt%2Fs3%2Faws4_request&X-Amz-Date=20260207T122950Z&X-Amz-SignedHeaders=host&X-Amz-Expires=86400&X-Amz-Signature=faa36d186f3eb33fd52aa27078f0f8b5f2204ec3f8e02408dea44ab0202919a1"", ""https://b3g4.fra01.idrivee2-68.com/images-mirror/55765/27882564_307452287.jpg?response-content-type=image%2Fjpeg&response-cache-control=public%2C%20max-age%3D31536000%2C%20immutable&X-Amz-Content-Sha256=UNSIGNED-PAYLOAD&X-Amz-Algorithm=AWS4-HMAC-SHA256&X-Amz-Credential=Bhs7rzoWz1jkU0yRURAn%2F20260207%2FFrankfurt%2Fs3%2Faws4_request&X-Amz-Date=20260207T122950Z&X-Amz-SignedHeaders=host&X-Amz-Expires=86400&X-Amz-Signature=6ac110e1cbaf2f950affa24fa0e3e8c0334afb4d61cbd576ffc86b0c72e82183""]","[{""url"": ""https://www.mubawab-media.com/ad/8/069/503F/h/78585c6b-1779-4bef-ae80-f08f05914381_GF_79550717.avif"", ""sourceId"": 5, ""adUrl"": ""https://www.mubawab.tn/fr/a/8069503/immeuble-odo-%C3%A0-vendre-%C3%A0-sidi-daoud-la-marsa""}, {""url"": ""https://www.mubawab-media.com/ad/8/069/503F/h/61407d22-104e-425f-883a-6f471ff77510_GF_79550718.avif"", ""sourceId"": 5, ""adUrl"": ""https://www.mubawab.tn/fr/a/8069503/immeuble-odo-%C3%A0-vendre-%C3%A0-sidi-daoud-la-marsa""}, {""url"": ""https://www.mubawab-media.com/ad/8/069/503F/h/2ceb2341-211a-4eda-8efe-ce34b8a4032b_GF_79550719.avif"", ""sourceId"": 5, ""adUrl"": ""https://www.mubawab.tn/fr/a/8069503/immeuble-odo-%C3%A0-vendre-%C3%A0-sidi-daoud-la-marsa""}, {""url"": ""https://www.mubawab-media.com/ad/8/069/503F/h/3ba9be6b-b15a-4ad0-915b-1287b674e721_GF_79550720.avif"", ""sourceId"": 5, ""adUrl"": ""https://www.mubawab.tn/fr/a/8069503/immeuble-odo-%C3%A0-vendre-%C3%A0-sidi-daoud-la-marsa""}, {""url"": ""https://www.mubawab-media.com/ad/8/069/503F/h/5b76c2f8-1c7b-45b2-a710-ae7cccf1bb41_GF_79550721.avif"", ""sourceId"": 5, ""adUrl"": ""https://www.mubawab.tn/fr/a/8069503/immeuble-odo-%C3%A0-vendre-%C3%A0-sidi-daoud-la-marsa""}, {""url"": ""https://www.mubawab-media.com/ad/8/069/503F/h/7edfdf5e-6dc5-49dc-aa92-0244f7bbbf34_GF_79550722.avif"", ""sourceId"": 5, ""adUrl"": ""https://www.mubawab.tn/fr/a/8069503/immeuble-odo-%C3%A0-vendre-%C3%A0-sidi-daoud-la-marsa""}, {""url"": ""https://www.mubawab-media.com/ad/8/069/503F/h/8e41aa81-18ee-4e1d-9883-4024ea30a899_GF_79550723.avif"", ""sourceId"": 5, ""adUrl"": ""https://www.mubawab.tn/fr/a/8069503/immeuble-odo-%C3%A0-vendre-%C3%A0-sidi-daoud-la-marsa""}, {""url"": ""https://www.mubawab-media.com/ad/8/069/503F/h/9dda01d3-3387-4f2e-b36b-b3bc9c6ba7e9_GF_79550724.avif"", ""sourceId"": 5, ""adUrl"": ""https://www.mubawab.tn/fr/a/8069503/immeuble-odo-%C3%A0-vendre-%C3%A0-sidi-daoud-la-marsa""}, {""url"": ""https://www.mubawab-media.com/ad/8/069/503F/h/39f21329-e4df-4d3d-8b3e-cdb3bcdeac20_GF_79550725.avif"", ""sourceId"": 5, ""adUrl"": ""https://www.mubawab.tn/fr/a/8069503/immeuble-odo-%C3%A0-vendre-%C3%A0-sidi-daoud-la-marsa""}, {""url"": ""https://www.mubawab-media.com/ad/8/069/503F/h/69f9c741-2029-4cc3-b414-febd236d3e21_GF_79550726.avif"", ""sourceId"": 5, ""adUrl"": ""https://www.mubawab.tn/fr/a/8069503/immeuble-odo-%C3%A0-vendre-%C3%A0-sidi-daoud-la-marsa""}, {""url"": ""https://www.mubawab-media.com/ad/8/069/503F/h/76cc9f88-e39c-4eab-874e-c09fdf4caceb_GF_79550727.avif"", ""sourceId"": 5, ""adUrl"": ""https://www.mubawab.tn/fr/a/8069503/immeuble-odo-%C3%A0-vendre-%C3%A0-sidi-daoud-la-marsa""}, {""url"": ""https://www.mubawab-media.com/ad/8/069/503F/h/ef927559-9aa8-4e2d-8220-9a2f7a5256f1_GF_79550728.avif"", ""sourceId"": 5, ""adUrl"": ""https://www.mubawab.tn/fr/a/8069503/immeuble-odo-%C3%A0-vendre-%C3%A0-sidi-daoud-la-marsa""}, {""url"": ""https://www.mubawab-media.com/ad/8/069/503F/h/78930e85-fcff-4bef-8064-59f1f97f2823_GF_79550729.avif"", ""sourceId"": 5, ""adUrl"": ""https://www.mubawab.tn/fr/a/8069503/immeuble-odo-%C3%A0-vendre-%C3%A0-sidi-daoud-la-marsa""}, {""url"": ""https://www.mubawab-media.com/ad/8/069/503F/h/685624fb-f2b4-4c8d-9b1d-a88eacbe93f4_GF_79550730.avif"", ""sourceId"": 5, ""adUrl"": ""https://www.mubawab.tn/fr/a/8069503/immeuble-odo-%C3%A0-vendre-%C3%A0-sidi-daoud-la-marsa""}, {""url"": ""https://www.mubawab-media.com/ad/8/069/503F/h/9167888f-46f2-4684-8073-5031bcef08b0_GF_79550731.avif"", ""sourceId"": 5, ""adUrl"": ""https://www.mubawab.tn/fr/a/8069503/immeuble-odo-%C3%A0-vendre-%C3%A0-sidi-daoud-la-marsa""}, {""url"": ""https://www.mubawab-media.com/ad/8/069/503F/h/57043624-31ce-4ba1-abce-7dd0cc24ab1e_GF_79550732.avif"", ""sourceId"": 5, ""adUrl"": ""https://www.mubawab.tn/fr/a/8069503/immeuble-odo-%C3%A0-vendre-%C3%A0-sidi-daoud-la-marsa""}, {""url"": ""https://www.mubawab-media.com/ad/8/069/503F/h/a0b53654-10aa-4679-b34d-9f7fb14675ec_GF_79550733.avif"", ""sourceId"": 5, ""adUrl"": ""https://www.mubawab.tn/fr/a/8069503/immeuble-odo-%C3%A0-vendre-%C3%A0-sidi-daoud-la-marsa""}, {""url"": ""https://www.mubawab-media.com/ad/8/069/503F/h/c8eafc1c-4292-4159-98c8-b01bf75d56b4_GF_79550734.avif"", ""sourceId"": 5, ""adUrl"": ""https://www.mubawab.tn/fr/a/8069503/immeuble-odo-%C3%A0-vendre-%C3%A0-sidi-daoud-la-marsa""}, {""url"": ""https://www.mubawab-media.com/ad/8/069/503F/h/cc02e70d-73f4-4359-b51f-1a68964c9f55_GF_79550735.avif"", ""sourceId"": 5, ""adUrl"": ""https://www.mubawab.tn/fr/a/8069503/immeuble-odo-%C3%A0-vendre-%C3%A0-sidi-daoud-la-marsa""}, {""url"": ""https://www.mubawab-media.com/ad/8/069/503F/h/8bb28bea-8c7a-4df0-8661-bc4d3c924e08_GF_79550736.avif"", ""sourceId"": 5, ""adUrl"": ""https://www.mubawab.tn/fr/a/8069503/immeuble-odo-%C3%A0-vendre-%C3%A0-sidi-daoud-la-marsa""}, {""url"": ""https://b3g4.fra01.idrivee2-68.com/images-mirror/55765/27882564_307452276.jpg?response-content-type=image%2Fjpeg&response-cache-control=public%2C%20max-age%3D31536000%2C%20immutable&X-Amz-Content-Sha256=UNSIGNED-PAYLOAD&X-Amz-Algorithm=AWS4-HMAC-SHA256&X-Amz-Credential=Bhs7rzoWz1jkU0yRURAn%2F20260207%2FFrankfurt%2Fs3%2Faws4_request&X-Amz-Date=20260207T122950Z&X-Amz-SignedHeaders=host&X-Amz-Expires=86400&X-Amz-Signature=43ebd0703724cafe48340c90ec91e700c868d48f542c0164f9b1d02673758caf"", ""sourceId"": 12, ""adUrl"": ""https://www.facebook.com/marketplace/item/2686146498406597/""}, {""url"": ""https://b3g4.fra01.idrivee2-68.com/images-mirror/55765/27882564_307452278.jpg?response-content-type=image%2Fjpeg&response-cache-control=public%2C%20max-age%3D31536000%2C%20immutable&X-Amz-Content-Sha256=UNSIGNED-PAYLOAD&X-Amz-Algorithm=AWS4-HMAC-SHA256&X-Amz-Credential=Bhs7rzoWz1jkU0yRURAn%2F20260207%2FFrankfurt%2Fs3%2Faws4_request&X-Amz-Date=20260207T122950Z&X-Amz-SignedHeaders=host&X-Amz-Expires=86400&X-Amz-Signature=0f0a8d5fbbbb0198166c9fab1230bb0d93079087f421728ab0015683621b9c49"", ""sourceId"": 12, ""adUrl"": ""https://www.facebook.com/marketplace/item/2686146498406597/""}, {""url"": ""https://b3g4.fra01.idrivee2-68.com/images-mirror/55765/27882564_307452281.jpg?response-content-type=image%2Fjpeg&response-cache-control=public%2C%20max-age%3D31536000%2C%20immutable&X-Amz-Content-Sha256=UNSIGNED-PAYLOAD&X-Amz-Algorithm=AWS4-HMAC-SHA256&X-Amz-Credential=Bhs7rzoWz1jkU0yRURAn%2F20260207%2FFrankfurt%2Fs3%2Faws4_request&X-Amz-Date=20260207T122950Z&X-Amz-SignedHeaders=host&X-Amz-Expires=86400&X-Amz-Signature=bf26069fcc108b1b448c5152ffd1d5535e5aa3afb1894aefee99a3af530444f6"", ""sourceId"": 12, ""adUrl"": ""https://www.facebook.com/marketplace/item/2686146498406597/""}, {""url"": ""https://b3g4.fra01.idrivee2-68.com/images-mirror/55765/27882564_307452283.jpg?response-content-type=image%2Fjpeg&response-cache-control=public%2C%20max-age%3D31536000%2C%20immutable&X-Amz-Content-Sha256=UNSIGNED-PAYLOAD&X-Amz-Algorithm=AWS4-HMAC-SHA256&X-Amz-Credential=Bhs7rzoWz1jkU0yRURAn%2F20260207%2FFrankfurt%2Fs3%2Faws4_request&X-Amz-Date=20260207T122950Z&X-Amz-SignedHeaders=host&X-Amz-Expires=86400&X-Amz-Signature=8547f909f0c0d2000887855d4fbe73632105c02e3d032171904a7c41ea42e175"", ""sourceId"": 12, ""adUrl"": ""https://www.facebook.com/marketplace/item/2686146498406597/""}, {""url"": ""https://b3g4.fra01.idrivee2-68.com/images-mirror/55765/27882564_307452285.jpg?response-content-type=image%2Fjpeg&response-cache-control=public%2C%20max-age%3D31536000%2C%20immutable&X-Amz-Content-Sha256=UNSIGNED-PAYLOAD&X-Amz-Algorithm=AWS4-HMAC-SHA256&X-Amz-Credential=Bhs7rzoWz1jkU0yRURAn%2F20260207%2FFrankfurt%2Fs3%2Faws4_request&X-Amz-Date=20260207T122950Z&X-Amz-SignedHeaders=host&X-Amz-Expires=86400&X-Amz-Signature=faa36d186f3eb33fd52aa27078f0f8b5f2204ec3f8e02408dea44ab0202919a1"", ""sourceId"": 12, ""adUrl"": ""https://www.facebook.com/marketplace/item/2686146498406597/""}, {""url"": ""https://b3g4.fra01.idrivee2-68.com/images-mirror/55765/27882564_307452287.jpg?response-content-type=image%2Fjpeg&response-cache-control=public%2C%20max-age%3D31536000%2C%20immutable&X-Amz-Content-Sha256=UNSIGNED-PAYLOAD&X-Amz-Algorithm=AWS4-HMAC-SHA256&X-Amz-Credential=Bhs7rzoWz1jkU0yRURAn%2F20260207%2FFrankfurt%2Fs3%2Faws4_request&X-Amz-Date=20260207T122950Z&X-Amz-SignedHeaders=host&X-Amz-Expires=86400&X-Amz-Signature=6ac110e1cbaf2f950affa24fa0e3e8c0334afb4d61cbd576ffc86b0c72e82183"", ""sourceId"": 12, ""adUrl"": ""https://www.facebook.com/marketplace/item/2686146498406597/""}]","[{""sourceId"": 5, ""url"": ""https://www.mubawab.tn/fr/a/8069503/immeuble-odo-%C3%A0-vendre-%C3%A0-sidi-daoud-la-marsa"", ""price"": 2800000, ""sellerType"": ""agency"", ""lastModified"": ""2026-01-29 19:00:52""}, {""sourceId"": 12, ""url"": ""https://www.facebook.com/marketplace/item/2686146498406597/"", ""price"": 2800000, ""sellerType"": ""agency"", ""lastModified"": ""2026-01-03 04:53:14""}]","[{""sellerType"": ""agency"", ""contactName"": ""home sweet home Ain Zaghouan"", ""active"": true}, {""sellerType"": ""agency"", ""contactName"": null, ""active"": true}]",2,2,2,2,4,2,[],2025-01-07 17:00:09,2025-01-07 16:49:44,2026-01-29 19:00:52,2025-01-07 16:49:44,1,2026-02-07 13:29:49
1192176,A vendre un Immeuble bureautique au LAC2,"L’agence immobilière GLMK vous propose à la Vente un Immeuble  au Lac 2

Emplacement : Les Berges du Lac 2

Type : Immeubl RMezzanine

Superficie Terrain : 1595 m²

Superficie batis : 2800m²

Usage Bureautique : Baque , Assurance,Siège société

Parking sous sol 

TITRE INDIVIDUEL

Plus de détail veuillez nous contacter à notre siège

Contact agence : <a type=""phone"">+21650XXXXXX</a> /<a type=""phone"">+21650XXXXXX</a>

GLMK HOME & CIE

Adresse : rue des emeraudes Lac 2",,2800.0,Immeuble de bureaux,officeBuilding,sale,agency,5199,https://www.mubawab-media.com/ad/8/251/925F/h/thumb_1205579_property_large_81404769.avif,"[""https://www.mubawab-media.com/ad/8/251/925F/h/thumb_1205579_property_large_81404769.avif"", ""https://www.mubawab-media.com/ad/8/251/925F/h/thumb_1205580_property_large_81404770.avif"", ""https://www.mubawab-media.com/ad/8/251/925F/h/thumb_1205582_property_large_81404771.avif""]","[{""url"": ""https://www.mubawab-media.com/ad/8/251/925F/h/thumb_1205579_property_large_81404769.avif"", ""sourceId"": 5, ""adUrl"": ""https://www.mubawab.tn/fr/a/8251925/a-vendre-un-immeuble-bureautique-au-lac2""}, {""url"": ""https://www.mubawab-media.com/ad/8/251/925F/h/thumb_1205580_property_large_81404770.avif"", ""sourceId"": 5, ""adUrl"": ""https://www.mubawab.tn/fr/a/8251925/a-vendre-un-immeuble-bureautique-au-lac2""}, {""url"": ""https://www.mubawab-media.com/ad/8/251/925F/h/thumb_1205582_property_large_81404771.avif"", ""sourceId"": 5, ""adUrl"": ""https://www.mubawab.tn/fr/a/8251925/a-vendre-un-immeuble-bureautique-au-lac2""}]","[{""sourceId"": 5, ""url"": ""https://www.mubawab.tn/fr/a/8251925/a-vendre-un-immeuble-bureautique-au-lac2"", ""price"": null, ""sellerType"": ""agency"", ""lastModified"": ""2026-01-29 12:40:00""}]","[{""sellerType"": ""agency"", ""contactName"": ""GLMK HOME & CIE"", ""active"": true}]",1,1,1,1,1,1,[],2025-11-13 12:00:43,2025-11-13 12:00:37,2026-01-29 12:40:00,2025-11-13 12:00:37,1,2026-02-07 13:29:51
1111100,Nouveau Projet Bureautique R6 à Nabeul centre ville,"Immeuble Bureautique R6 – Investissement Unique à Nabeul 

Découvrez un projet d’exception au cœur de Nabeul, sur l’incontournable Avenue Habib Bourguiba, l’axe le plus prisé et animé de la ville.

Ce que nous offrons :

    •   Bureaux modernes & lumineux, de différentes superficies.

    •   Vue imprenable sur la ville et la mer.

    •   Commerces idéalement placés sur un axe à fort passage.

    •   Un emplacement stratégique au centre-ville.

Prix à partir de 239 000 DT

 Remise des clés : Automne 2027

Pourquoi investir ?

Un projet de standing, à forte valeur ajoutée, garantissant rentabilité et prestige pour vos affaires.

Pour plus d’informations & réservations :

 216 <a type=""phone"">+21656XXXXXX</a> / 216 <a type=""phone"">+21629XXXXXX</a>",239000.0,,Immeuble de bureaux,officeBuilding,sale,agency,3609,https://www.mubawab-media.com/ad/8/209/650F/h/thumb_1155412_property_large_80960103.avif,"[""https://www.mubawab-media.com/ad/8/209/650F/h/thumb_1155412_property_large_80960103.avif"", ""https://www.mubawab-media.com/ad/8/209/650F/h/thumb_1155411_property_large_80960104.avif"", ""https://www.mubawab-media.com/ad/8/209/650F/h/thumb_1161348_property_xlarge_81017409.avif"", ""https://www.mubawab-media.com/ad/8/209/650F/h/thumb_1161349_property_xlarge_81017410.avif"", ""https://www.mubawab-media.com/ad/8/209/650F/h/thumb_1161346_property_xlarge_81017411.avif"", ""https://www.mubawab-media.com/ad/8/209/650F/h/thumb_1161347_property_xlarge_81017412.avif"", ""https://www.mubawab-media.com/ad/8/209/650F/h/thumb_1161350_property_xlarge_81017413.avif""]","[{""url"": ""https://www.mubawab-media.com/ad/8/209/650F/h/thumb_1155412_property_large_80960103.avif"", ""sourceId"": 5, ""adUrl"": ""https://www.mubawab.tn/fr/a/8209650/nouveau-projet-bureautique-r6-%C3%A0-nabeul-centre-ville""}, {""url"": ""https://www.mubawab-media.com/ad/8/209/650F/h/thumb_1155411_property_large_80960104.avif"", ""sourceId"": 5, ""adUrl"": ""https://www.mubawab.tn/fr/a/8209650/nouveau-projet-bureautique-r6-%C3%A0-nabeul-centre-ville""}, {""url"": ""https://www.mubawab-media.com/ad/8/209/650F/h/thumb_1161348_property_xlarge_81017409.avif"", ""sourceId"": 5, ""adUrl"": ""https://www.mubawab.tn/fr/a/8209650/nouveau-projet-bureautique-r6-%C3%A0-nabeul-centre-ville""}, {""url"": ""https://www.mubawab-media.com/ad/8/209/650F/h/thumb_1161349_property_xlarge_81017410.avif"", ""sourceId"": 5, ""adUrl"": ""https://www.mubawab.tn/fr/a/8209650/nouveau-projet-bureautique-r6-%C3%A0-nabeul-centre-ville""}, {""url"": ""https://www.mubawab-media.com/ad/8/209/650F/h/thumb_1161346_property_xlarge_81017411.avif"", ""sourceId"": 5, ""adUrl"": ""https://www.mubawab.tn/fr/a/8209650/nouveau-projet-bureautique-r6-%C3%A0-nabeul-centre-ville""}, {""url"": ""https://www.mubawab-media.com/ad/8/209/650F/h/thumb_1161347_property_xlarge_81017412.avif"", ""sourceId"": 5, ""adUrl"": ""https://www.mubawab.tn/fr/a/8209650/nouveau-projet-bureautique-r6-%C3%A0-nabeul-centre-ville""}, {""url"": ""https://www.mubawab-media.com/ad/8/209/650F/h/thumb_1161350_property_xlarge_81017413.avif"", ""sourceId"": 5, ""adUrl"": ""https://www.mubawab.tn/fr/a/8209650/nouveau-projet-bureautique-r6-%C3%A0-nabeul-centre-ville""}]","[{""sourceId"": 5, ""url"": ""https://www.mubawab.tn/fr/a/8209650/nouveau-projet-bureautique-r6-%C3%A0-nabeul-centre-ville"", ""price"": 239000, ""sellerType"": ""agency"", ""lastModified"": ""2026-01-29 01:33:14""}, {""sourceId"": 12, ""url"": ""https://www.facebook.com/marketplace/item/1126483452953511/"", ""price"": 239000, ""sellerType"": ""private"", ""lastModified"": ""2026-01-03 00:59:44""}, {""sourceId"": 2, ""url"": ""https://www.tayara.tn/item/68c3e649e33e2deec92fc515/?v=2"", ""price"": 239000, ""sellerType"": ""agency"", ""lastModified"": ""2025-12-04 12:33:39""}, {""sourceId"": 13, ""url"": ""https://www.menzili.tn/annonce/annonce-146510"", ""price"": 239000, ""sellerType"": ""agency"", ""lastModified"": ""2025-09-03 23:11:49""}]","[{""sellerType"": ""agency"", ""contactName"": ""cactus immo"", ""active"": true}]",4,4,1,1,6,4,"[""new""]",2025-09-03 11:15:30,2025-09-03 11:08:49,2026-01-29 01:33:14,2025-09-03 11:08:49,1,2026-02-07 13:29:54
741658,Immeuble ayat à béja centre,"un immeuble sur un terrain de 700 m² idéale pour investissement  situé dans un bon quartier au cour de béja centre. au sous-sol, on a un open space. au rdc, on a un magasin. au 1 er étage,  on a 2 appartements, l'un se compose par un salon, une cuisine, 2 chambres et un salle de bain. au 2 éme étage, on a 2 appartements s2 et un s1. pour tous les renseignements, contacter l'agent sur le <a type=""phone"">+21658XXXXXX</a>.",2350000.0,700.0,Immeuble de bureaux,officeBuilding,sale,agency,524,56128/28064413_0231992c1c92c840.jpg,"[""https://server.bigdatis.com/api/properties/image/321203857"", ""https://server.bigdatis.com/api/properties/image/321203858"", ""https://server.bigdatis.com/api/properties/image/321203859"", ""https://server.bigdatis.com/api/properties/image/321203860""]","[{""url"": ""https://server.bigdatis.com/api/properties/image/321203857"", ""sourceId"": 1, ""adUrl"": ""http://www.tunisie-annonce.com/DetailsAnnonceImmobilier.asp?cod_ann=3448355""}, {""url"": ""https://server.bigdatis.com/api/properties/image/321203858"", ""sourceId"": 1, ""adUrl"": ""http://www.tunisie-annonce.com/DetailsAnnonceImmobilier.asp?cod_ann=3448355""}, {""url"": ""https://server.bigdatis.com/api/properties/image/321203859"", ""sourceId"": 1, ""adUrl"": ""http://www.tunisie-annonce.com/DetailsAnnonceImmobilier.asp?cod_ann=3448355""}, {""url"": ""https://server.bigdatis.com/api/properties/image/321203860"", ""sourceId"": 1, ""adUrl"": ""http://www.tunisie-annonce.com/DetailsAnnonceImmobilier.asp?cod_ann=3448355""}]","[{""sourceId"": 1, ""url"": ""http://www.tunisie-annonce.com/DetailsAnnonceImmobilier.asp?cod_ann=3448355"", ""price"": 2350000, ""sellerType"": ""agency"", ""lastModified"": ""2026-01-29 00:00:00""}, {""sourceId"": 3, ""url"": ""https://www.ballouchi.com/annonces/immobilier/villas/immeuble-ayat-a-vendre-a-beja-centre.html"", ""price"": 2350000, ""sellerType"": ""agency"", ""lastModified"": ""2024-05-03 23:09:07""}]","[{""sellerType"": ""agency"", ""contactName"": ""HOME SWEET HOME"", ""active"": true}]",2,2,1,1,8,2,[],2024-05-02 16:13:04,2024-05-02 16:12:29,2026-01-29 00:00:00,2024-05-02 16:12:29,1,2026-02-07 13:29:56
1241182,𝑰𝒎𝒎𝒆𝒖𝒃𝒍𝒆 𝑹+2 𝑰𝒏𝒂𝒄𝒉𝒆𝒗𝒆́ 𝑨̀ 𝑽𝒆𝒏𝒅𝒓𝒆 𝒔𝒖𝒓 𝒍𝒂 𝒓𝒐𝒖𝒕𝒆 𝒑𝒓𝒊𝒏𝒄𝒊𝒑𝒂𝒍𝒆,"‼️#𝒊𝒎𝒎𝒆𝒖𝒃𝒍𝒆 𝒂̀ 𝒗𝒆𝒏𝒅𝒓𝒆 ‼️
📍𝐡𝐢𝐛𝐨𝐮𝐧𝐞 𝗺𝗮𝗵𝗱𝗶𝗮

𝐑𝐞́𝐟𝐞́𝐫𝐞𝐧𝐜𝐞 : ho24444

𝐼𝑚𝑚𝑒𝑢𝑏𝑙𝑒 𝑖𝑛𝑎𝑐ℎ𝑒𝑣𝑒́ 𝑠𝑖𝑡𝑢𝑒́ 𝑑𝑎𝑛𝑠 𝑢𝑛 𝑠𝑒𝑐𝑡𝑒𝑢𝑟 𝑠𝑡𝑟𝑎𝑡𝑒́𝑔𝑖𝑞𝑢𝑒 𝑑𝑒 𝐻𝑖𝑏𝑜𝑢𝑛𝑒 𝑀𝑎ℎ𝑑𝑖𝑎, 𝑜𝑓𝑓𝑟𝑎𝑛𝑡 𝑢𝑛 𝑓𝑜𝑟𝑡 𝑝𝑜𝑡𝑒𝑛𝑡𝑖𝑒𝑙 𝑑’𝑖𝑛𝑣𝑒𝑠𝑡𝑖𝑠𝑠𝑒𝑚𝑒𝑛𝑡 𝑐𝑜𝑚𝑚𝑒𝑟𝑐𝑖𝑎𝑙 𝑒𝑡 𝑟𝑒́𝑠𝑖𝑑𝑒𝑛𝑡𝑖𝑒𝑙.

🔹 Composition du bien :
✅ Rez-de-chaussée :

3 locaux commerciaux
1 studio

✅ 1er étage :
2 appartements S+2

✅ 2e étage :
2 appartements S+2

✅métrage (couvert ) : 520 m².

💶#prix : 1000000 mille dinars ;

➡️𝗣𝗼𝘂𝗿 𝗽𝗹𝘂𝘀 𝗱’𝗶𝗻𝗳𝗼𝗿𝗺𝗮𝘁𝗶𝗼𝗻𝘀 <a type=""phone"">+21653XXXXXX</a>𝟗0𝟏6𝟗",1000000.0,520.0,Immeuble de bureaux,officeBuilding,sale,agency,2828,56124/28062424_8b4746ac59408c01.jpg,"[""https://storage.googleapis.com/tayara-migration-yams-pro/05/05c98c81-4167-4be7-8aff-85e80ca4aa9b""]","[{""url"": ""https://storage.googleapis.com/tayara-migration-yams-pro/05/05c98c81-4167-4be7-8aff-85e80ca4aa9b"", ""sourceId"": 2, ""adUrl"": ""https://www.tayara.tn/item/697a230cd921b01419d4df0c/?v=2""}]","[{""sourceId"": 2, ""url"": ""https://www.tayara.tn/item/697a230cd921b01419d4df0c/?v=2"", ""price"": 1000000, ""sellerType"": ""agency"", ""lastModified"": ""2026-01-28 15:54:06""}]","[{""sellerType"": ""agency"", ""contactName"": ""AGENCE EL HANA ORBI"", ""active"": true}]",1,1,1,1,1,1,[],2026-01-28 16:00:09,2026-01-28 15:54:04,2026-01-28 15:54:06,2026-01-28 15:54:04,1,2026-02-07 13:30:02
549543,Immeuble Jord à Vendre à Borj Cedria,"Un immeuble d'une superficie de 1834 m² idéale pour une société industrielle situé dans la zone industrielle de Borj Cédria. Au RDC, On a un 4 bureaux, un bloc sanitaire et un dépôt atelier charpenta de 1384 m². Au 1 er étage, On a 8 bureaux et au 2 éme étage, On a 9 bureaux. À L'extérieur, On a un parking de voiture.",2000000.0,1834.0,Immeuble de bureaux,officeBuilding,sale,agency,967,https://www.mubawab-media.com/ad/8/176/906F/h/20060375891681811714253ce9bb-76ce-47d5-9b88-3e9070f70ab6_GF_80631033.avif,"[""https://www.mubawab-media.com/ad/8/176/906F/h/20060375891681811714253ce9bb-76ce-47d5-9b88-3e9070f70ab6_GF_80631033.avif"", ""https://www.mubawab-media.com/ad/8/176/906F/h/375522131681811745effa2b2e-0ccd-41eb-a5e0-8c19a1967ab4_GF_80631034.avif"", ""https://www.mubawab-media.com/ad/8/176/906F/h/489293201681811730b60d6a8a-e1df-4beb-ac78-e7792567ad8b_GF_80631035.avif"", ""https://www.mubawab-media.com/ad/8/176/906F/h/10361051111681811738d81f4a52-e0c3-48e1-bdb4-7a5309bc7c13_GF_80631036.avif"", ""https://www.mubawab-media.com/ad/8/176/906F/h/1244215743168181170522a0a85b-74ee-4b16-a02e-2b7cc5131cf7_GF_80631037.avif"", ""https://www.mubawab-media.com/ad/8/176/906F/h/13330055521681811741dc6e3924-5cd4-4bca-8d95-dd97fdccb36e_GF_80631038.avif"", ""https://www.mubawab-media.com/ad/8/176/906F/h/13987893501681811712248f3f62-f973-4bcd-a781-9423517114eb_GF_80631039.avif"", ""https://www.mubawab-media.com/ad/8/176/906F/h/3708112651681811747f1de5563-1281-41e8-b1fc-396a6e4a538f_GF_80631040.avif"", ""https://www.mubawab-media.com/ad/8/176/906F/h/143861268416818117233983b4b5-2e3b-4838-8c52-d2d9f3522216_GF_80631041.avif"", ""https://www.mubawab-media.com/ad/8/176/906F/h/14525200281681811731b76da091-fbc4-4de0-a645-660f349e00b1_GF_80631042.avif"", ""https://www.mubawab-media.com/ad/8/176/906F/h/15440334081681811721775e061b-206a-4bd3-b23c-590ac7156fd5_GF_80631043.avif"", ""https://www.mubawab-media.com/ad/8/176/906F/h/156863105316818116929f0e5e48-6d32-4503-8feb-19672b114d59_GF_80631044.avif"", ""https://www.mubawab-media.com/ad/8/176/906F/h/1680040871681811741db9e92fb-fcb8-4792-b3d2-d6be7355d6e0_GF_80631045.avif"", ""https://www.mubawab-media.com/ad/8/176/906F/h/16801918191681811734bf30eeda-73f5-4dce-bc27-7a94fa86bb76_GF_80631046.avif"", ""https://www.mubawab-media.com/ad/8/176/906F/h/17017572811681811735b9579c23-5e49-4cc8-81ea-9b2ffe190745_GF_80631047.avif"", ""https://www.mubawab-media.com/ad/8/176/906F/h/17441694851681811729ab001382-5fdc-4baa-9f7a-479ab429d755_GF_80631048.avif"", ""https://www.mubawab-media.com/ad/8/176/906F/h/183415603168181171700414a74-5280-4409-9d07-dfbfe4cb6b01_GF_80631049.avif"", ""https://www.mubawab-media.com/ad/8/176/906F/h/194666031116818116863d90e5a8-0362-4b9b-a9ac-c7ac2d79cd09_GF_80631051.avif"", ""https://www.mubawab-media.com/ad/8/176/906F/h/19607903851681811745ea9609a5-2c20-4dff-a5cf-1906b6d2a8df_GF_80631052.avif"", ""https://www.mubawab-media.com/ad/8/176/906F/h/205040383916818116971cf57960-5422-4aad-adc7-4a1cf2df85ba_GF_80631053.avif"", ""https://www.mubawab-media.com/ad/8/176/906F/h/2872196311681811736c64758b2-2531-4914-9175-774b03bb5a57_GF_80631054.avif"", ""https://www.mubawab-media.com/ad/8/176/906F/h/36142400716818116800d2cb506-890f-4a0f-9317-38e5c103db64_GF_80631055.avif"", ""https://www.mubawab-media.com/ad/8/176/906F/h/895213644168181170539b7435f-a1dc-46a9-94a9-7716c487b215_GF_80631056.avif"", ""https://server.bigdatis.com/api/properties/image/305763034"", ""https://server.bigdatis.com/api/properties/image/305763035"", ""https://server.bigdatis.com/api/properties/image/305763036"", ""https://server.bigdatis.com/api/properties/image/305763037"", ""https://server.bigdatis.com/api/properties/image/305763040"", ""https://server.bigdatis.com/api/properties/image/305763041"", ""https://server.bigdatis.com/api/properties/image/305763042"", ""https://server.bigdatis.com/api/properties/image/305763046"", ""https://server.bigdatis.com/api/properties/image/305763048"", ""https://server.bigdatis.com/api/properties/image/305763054"", ""https://server.bigdatis.com/api/properties/image/305763056"", ""https://server.bigdatis.com/api/properties/image/305763059"", ""https://server.bigdatis.com/api/properties/image/305763061"", ""https://server.bigdatis.com/api/properties/image/305763062"", ""https://server.bigdatis.com/api/properties/image/305763065"", ""https://server.bigdatis.com/api/properties/image/305763068"", ""https://server.bigdatis.com/api/properties/image/305763069"", ""https://server.bigdatis.com/api/properties/image/305763070"", ""https://server.bigdatis.com/api/properties/image/305763071"", ""https://server.bigdatis.com/api/properties/image/305763072""]","[{""url"": ""https://www.mubawab-media.com/ad/8/176/906F/h/20060375891681811714253ce9bb-76ce-47d5-9b88-3e9070f70ab6_GF_80631033.avif"", ""sourceId"": 5, ""adUrl"": ""https://www.mubawab.tn/fr/a/8176906/immeuble-jord-%C3%A0-vendre-%C3%A0-borj-cedria""}, {""url"": ""https://www.mubawab-media.com/ad/8/176/906F/h/375522131681811745effa2b2e-0ccd-41eb-a5e0-8c19a1967ab4_GF_80631034.avif"", ""sourceId"": 5, ""adUrl"": ""https://www.mubawab.tn/fr/a/8176906/immeuble-jord-%C3%A0-vendre-%C3%A0-borj-cedria""}, {""url"": ""https://www.mubawab-media.com/ad/8/176/906F/h/489293201681811730b60d6a8a-e1df-4beb-ac78-e7792567ad8b_GF_80631035.avif"", ""sourceId"": 5, ""adUrl"": ""https://www.mubawab.tn/fr/a/8176906/immeuble-jord-%C3%A0-vendre-%C3%A0-borj-cedria""}, {""url"": ""https://www.mubawab-media.com/ad/8/176/906F/h/10361051111681811738d81f4a52-e0c3-48e1-bdb4-7a5309bc7c13_GF_80631036.avif"", ""sourceId"": 5, ""adUrl"": ""https://www.mubawab.tn/fr/a/8176906/immeuble-jord-%C3%A0-vendre-%C3%A0-borj-cedria""}, {""url"": ""https://www.mubawab-media.com/ad/8/176/906F/h/1244215743168181170522a0a85b-74ee-4b16-a02e-2b7cc5131cf7_GF_80631037.avif"", ""sourceId"": 5, ""adUrl"": ""https://www.mubawab.tn/fr/a/8176906/immeuble-jord-%C3%A0-vendre-%C3%A0-borj-cedria""}, {""url"": ""https://www.mubawab-media.com/ad/8/176/906F/h/13330055521681811741dc6e3924-5cd4-4bca-8d95-dd97fdccb36e_GF_80631038.avif"", ""sourceId"": 5, ""adUrl"": ""https://www.mubawab.tn/fr/a/8176906/immeuble-jord-%C3%A0-vendre-%C3%A0-borj-cedria""}, {""url"": ""https://www.mubawab-media.com/ad/8/176/906F/h/13987893501681811712248f3f62-f973-4bcd-a781-9423517114eb_GF_80631039.avif"", ""sourceId"": 5, ""adUrl"": ""https://www.mubawab.tn/fr/a/8176906/immeuble-jord-%C3%A0-vendre-%C3%A0-borj-cedria""}, {""url"": ""https://www.mubawab-media.com/ad/8/176/906F/h/3708112651681811747f1de5563-1281-41e8-b1fc-396a6e4a538f_GF_80631040.avif"", ""sourceId"": 5, ""adUrl"": ""https://www.mubawab.tn/fr/a/8176906/immeuble-jord-%C3%A0-vendre-%C3%A0-borj-cedria""}, {""url"": ""https://www.mubawab-media.com/ad/8/176/906F/h/143861268416818117233983b4b5-2e3b-4838-8c52-d2d9f3522216_GF_80631041.avif"", ""sourceId"": 5, ""adUrl"": ""https://www.mubawab.tn/fr/a/8176906/immeuble-jord-%C3%A0-vendre-%C3%A0-borj-cedria""}, {""url"": ""https://www.mubawab-media.com/ad/8/176/906F/h/14525200281681811731b76da091-fbc4-4de0-a645-660f349e00b1_GF_80631042.avif"", ""sourceId"": 5, ""adUrl"": ""https://www.mubawab.tn/fr/a/8176906/immeuble-jord-%C3%A0-vendre-%C3%A0-borj-cedria""}, {""url"": ""https://www.mubawab-media.com/ad/8/176/906F/h/15440334081681811721775e061b-206a-4bd3-b23c-590ac7156fd5_GF_80631043.avif"", ""sourceId"": 5, ""adUrl"": ""https://www.mubawab.tn/fr/a/8176906/immeuble-jord-%C3%A0-vendre-%C3%A0-borj-cedria""}, {""url"": ""https://www.mubawab-media.com/ad/8/176/906F/h/156863105316818116929f0e5e48-6d32-4503-8feb-19672b114d59_GF_80631044.avif"", ""sourceId"": 5, ""adUrl"": ""https://www.mubawab.tn/fr/a/8176906/immeuble-jord-%C3%A0-vendre-%C3%A0-borj-cedria""}, {""url"": ""https://www.mubawab-media.com/ad/8/176/906F/h/1680040871681811741db9e92fb-fcb8-4792-b3d2-d6be7355d6e0_GF_80631045.avif"", ""sourceId"": 5, ""adUrl"": ""https://www.mubawab.tn/fr/a/8176906/immeuble-jord-%C3%A0-vendre-%C3%A0-borj-cedria""}, {""url"": ""https://www.mubawab-media.com/ad/8/176/906F/h/16801918191681811734bf30eeda-73f5-4dce-bc27-7a94fa86bb76_GF_80631046.avif"", ""sourceId"": 5, ""adUrl"": ""https://www.mubawab.tn/fr/a/8176906/immeuble-jord-%C3%A0-vendre-%C3%A0-borj-cedria""}, {""url"": ""https://www.mubawab-media.com/ad/8/176/906F/h/17017572811681811735b9579c23-5e49-4cc8-81ea-9b2ffe190745_GF_80631047.avif"", ""sourceId"": 5, ""adUrl"": ""https://www.mubawab.tn/fr/a/8176906/immeuble-jord-%C3%A0-vendre-%C3%A0-borj-cedria""}, {""url"": ""https://www.mubawab-media.com/ad/8/176/906F/h/17441694851681811729ab001382-5fdc-4baa-9f7a-479ab429d755_GF_80631048.avif"", ""sourceId"": 5, ""adUrl"": ""https://www.mubawab.tn/fr/a/8176906/immeuble-jord-%C3%A0-vendre-%C3%A0-borj-cedria""}, {""url"": ""https://www.mubawab-media.com/ad/8/176/906F/h/183415603168181171700414a74-5280-4409-9d07-dfbfe4cb6b01_GF_80631049.avif"", ""sourceId"": 5, ""adUrl"": ""https://www.mubawab.tn/fr/a/8176906/immeuble-jord-%C3%A0-vendre-%C3%A0-borj-cedria""}, {""url"": ""https://www.mubawab-media.com/ad/8/176/906F/h/194666031116818116863d90e5a8-0362-4b9b-a9ac-c7ac2d79cd09_GF_80631051.avif"", ""sourceId"": 5, ""adUrl"": ""https://www.mubawab.tn/fr/a/8176906/immeuble-jord-%C3%A0-vendre-%C3%A0-borj-cedria""}, {""url"": ""https://www.mubawab-media.com/ad/8/176/906F/h/19607903851681811745ea9609a5-2c20-4dff-a5cf-1906b6d2a8df_GF_80631052.avif"", ""sourceId"": 5, ""adUrl"": ""https://www.mubawab.tn/fr/a/8176906/immeuble-jord-%C3%A0-vendre-%C3%A0-borj-cedria""}, {""url"": ""https://www.mubawab-media.com/ad/8/176/906F/h/205040383916818116971cf57960-5422-4aad-adc7-4a1cf2df85ba_GF_80631053.avif"", ""sourceId"": 5, ""adUrl"": ""https://www.mubawab.tn/fr/a/8176906/immeuble-jord-%C3%A0-vendre-%C3%A0-borj-cedria""}, {""url"": ""https://www.mubawab-media.com/ad/8/176/906F/h/2872196311681811736c64758b2-2531-4914-9175-774b03bb5a57_GF_80631054.avif"", ""sourceId"": 5, ""adUrl"": ""https://www.mubawab.tn/fr/a/8176906/immeuble-jord-%C3%A0-vendre-%C3%A0-borj-cedria""}, {""url"": ""https://www.mubawab-media.com/ad/8/176/906F/h/36142400716818116800d2cb506-890f-4a0f-9317-38e5c103db64_GF_80631055.avif"", ""sourceId"": 5, ""adUrl"": ""https://www.mubawab.tn/fr/a/8176906/immeuble-jord-%C3%A0-vendre-%C3%A0-borj-cedria""}, {""url"": ""https://www.mubawab-media.com/ad/8/176/906F/h/895213644168181170539b7435f-a1dc-46a9-94a9-7716c487b215_GF_80631056.avif"", ""sourceId"": 5, ""adUrl"": ""https://www.mubawab.tn/fr/a/8176906/immeuble-jord-%C3%A0-vendre-%C3%A0-borj-cedria""}, {""url"": ""https://server.bigdatis.com/api/properties/image/305763034"", ""sourceId"": 3, ""adUrl"": ""https://www.ballouchi.com/annonces/immobilier/fonds-de-commerce-locaux-commerciaux/immeuble-jord-a-vendre-a-borj-cedria.html""}, {""url"": ""https://server.bigdatis.com/api/properties/image/305763035"", ""sourceId"": 3, ""adUrl"": ""https://www.ballouchi.com/annonces/immobilier/fonds-de-commerce-locaux-commerciaux/immeuble-jord-a-vendre-a-borj-cedria.html""}, {""url"": ""https://server.bigdatis.com/api/properties/image/305763036"", ""sourceId"": 3, ""adUrl"": ""https://www.ballouchi.com/annonces/immobilier/fonds-de-commerce-locaux-commerciaux/immeuble-jord-a-vendre-a-borj-cedria.html""}, {""url"": ""https://server.bigdatis.com/api/properties/image/305763037"", ""sourceId"": 3, ""adUrl"": ""https://www.ballouchi.com/annonces/immobilier/fonds-de-commerce-locaux-commerciaux/immeuble-jord-a-vendre-a-borj-cedria.html""}, {""url"": ""https://server.bigdatis.com/api/properties/image/305763040"", ""sourceId"": 3, ""adUrl"": ""https://www.ballouchi.com/annonces/immobilier/fonds-de-commerce-locaux-commerciaux/immeuble-jord-a-vendre-a-borj-cedria.html""}, {""url"": ""https://server.bigdatis.com/api/properties/image/305763041"", ""sourceId"": 3, ""adUrl"": ""https://www.ballouchi.com/annonces/immobilier/fonds-de-commerce-locaux-commerciaux/immeuble-jord-a-vendre-a-borj-cedria.html""}, {""url"": ""https://server.bigdatis.com/api/properties/image/305763042"", ""sourceId"": 3, ""adUrl"": ""https://www.ballouchi.com/annonces/immobilier/fonds-de-commerce-locaux-commerciaux/immeuble-jord-a-vendre-a-borj-cedria.html""}, {""url"": ""https://server.bigdatis.com/api/properties/image/305763046"", ""sourceId"": 3, ""adUrl"": ""https://www.ballouchi.com/annonces/immobilier/fonds-de-commerce-locaux-commerciaux/immeuble-jord-a-vendre-a-borj-cedria.html""}, {""url"": ""https://server.bigdatis.com/api/properties/image/305763048"", ""sourceId"": 3, ""adUrl"": ""https://www.ballouchi.com/annonces/immobilier/fonds-de-commerce-locaux-commerciaux/immeuble-jord-a-vendre-a-borj-cedria.html""}, {""url"": ""https://server.bigdatis.com/api/properties/image/305763054"", ""sourceId"": 3, ""adUrl"": ""https://www.ballouchi.com/annonces/immobilier/fonds-de-commerce-locaux-commerciaux/immeuble-jord-a-vendre-a-borj-cedria.html""}, {""url"": ""https://server.bigdatis.com/api/properties/image/305763056"", ""sourceId"": 3, ""adUrl"": ""https://www.ballouchi.com/annonces/immobilier/fonds-de-commerce-locaux-commerciaux/immeuble-jord-a-vendre-a-borj-cedria.html""}, {""url"": ""https://server.bigdatis.com/api/properties/image/305763059"", ""sourceId"": 3, ""adUrl"": ""https://www.ballouchi.com/annonces/immobilier/fonds-de-commerce-locaux-commerciaux/immeuble-jord-a-vendre-a-borj-cedria.html""}, {""url"": ""https://server.bigdatis.com/api/properties/image/305763061"", ""sourceId"": 3, ""adUrl"": ""https://www.ballouchi.com/annonces/immobilier/fonds-de-commerce-locaux-commerciaux/immeuble-jord-a-vendre-a-borj-cedria.html""}, {""url"": ""https://server.bigdatis.com/api/properties/image/305763062"", ""sourceId"": 3, ""adUrl"": ""https://www.ballouchi.com/annonces/immobilier/fonds-de-commerce-locaux-commerciaux/immeuble-jord-a-vendre-a-borj-cedria.html""}, {""url"": ""https://server.bigdatis.com/api/properties/image/305763065"", ""sourceId"": 3, ""adUrl"": ""https://www.ballouchi.com/annonces/immobilier/fonds-de-commerce-locaux-commerciaux/immeuble-jord-a-vendre-a-borj-cedria.html""}, {""url"": ""https://server.bigdatis.com/api/properties/image/305763068"", ""sourceId"": 3, ""adUrl"": ""https://www.ballouchi.com/annonces/immobilier/fonds-de-commerce-locaux-commerciaux/immeuble-jord-a-vendre-a-borj-cedria.html""}, {""url"": ""https://server.bigdatis.com/api/properties/image/305763069"", ""sourceId"": 3, ""adUrl"": ""https://www.ballouchi.com/annonces/immobilier/fonds-de-commerce-locaux-commerciaux/immeuble-jord-a-vendre-a-borj-cedria.html""}, {""url"": ""https://server.bigdatis.com/api/properties/image/305763070"", ""sourceId"": 3, ""adUrl"": ""https://www.ballouchi.com/annonces/immobilier/fonds-de-commerce-locaux-commerciaux/immeuble-jord-a-vendre-a-borj-cedria.html""}, {""url"": ""https://server.bigdatis.com/api/properties/image/305763071"", ""sourceId"": 3, ""adUrl"": ""https://www.ballouchi.com/annonces/immobilier/fonds-de-commerce-locaux-commerciaux/immeuble-jord-a-vendre-a-borj-cedria.html""}, {""url"": ""https://server.bigdatis.com/api/properties/image/305763072"", ""sourceId"": 3, ""adUrl"": ""https://www.ballouchi.com/annonces/immobilier/fonds-de-commerce-locaux-commerciaux/immeuble-jord-a-vendre-a-borj-cedria.html""}]","[{""sourceId"": 5, ""url"": ""https://www.mubawab.tn/fr/a/8176906/immeuble-jord-%C3%A0-vendre-%C3%A0-borj-cedria"", ""price"": 2000000, ""sellerType"": ""agency"", ""lastModified"": ""2026-01-28 14:39:01""}, {""sourceId"": 3, ""url"": ""https://www.ballouchi.com/annonces/immobilier/fonds-de-commerce-locaux-commerciaux/immeuble-jord-a-vendre-a-borj-cedria.html"", ""price"": 2000000, ""sellerType"": ""agency"", ""lastModified"": ""2023-04-18 01:33:14""}, {""sourceId"": 13, ""url"": ""https://www.menzili.tn/annonce/annonce-114246"", ""price"": 2000000, ""sellerType"": ""agency"", ""lastModified"": ""2023-04-18 00:50:34""}]","[{""sellerType"": ""agency"", ""contactName"": ""Home Sweet Home EL Manzah"", ""active"": true}]",3,3,1,1,10,3,[],2023-04-18 11:09:04,2023-04-18 00:50:34,2026-01-28 14:39:01,2023-04-18 00:50:34,1,2026-02-07 13:30:05
1062088,Immeuble Caso à Vendre à Z. I Borj Cedria,"Un immeuble d'une superficie de 1428 m² idéale pour une société industrielle situé dans la zone industrielle de borj Cedria. Au RDC, on a un open space avec un hauteur sous plafond de 4,5 m² et un bureau avec un bloc sanitaire. Au 1er étage, on a un open space et 2 bureaux. Au 2éme étage, on a un open space avec 3 bureaux. A l'extérieur, on a un parking de voitures.",2500000.0,1428.0,Immeuble de bureaux,officeBuilding,sale,agency,967,https://www.mubawab-media.com/ad/8/176/840F/h/2046904250164865291942729de5-ead4-4183-a39b-2852a5dab420_GF_GF_80630399.avif,"[""https://www.mubawab-media.com/ad/8/176/840F/h/2046904250164865291942729de5-ead4-4183-a39b-2852a5dab420_GF_GF_80630399.avif"", ""https://www.mubawab-media.com/ad/8/176/840F/h/20561926121648652921a65dd6b9-30f2-4744-a457-8648f19b5dac_GF_GF_80630400.avif"", ""https://www.mubawab-media.com/ad/8/176/840F/h/20853907161681895579f69b273d-0f84-48fc-94c9-5fc57fdf970a_GF_GF_80630401.avif"", ""https://www.mubawab-media.com/ad/8/176/840F/h/2086040260164865292089898c24-d3bf-4a87-979a-7edc722a8f74_GF_GF_80630402.avif"", ""https://www.mubawab-media.com/ad/8/176/840F/h/215563360164865291950705c01-9644-47c3-86a2-81d99d060829_GF_GF_80630403.avif"", ""https://www.mubawab-media.com/ad/8/176/840F/h/2997649401648652923b9b55af6-ed51-4e06-be64-c6becaf43ced_GF_GF_80630404.avif"", ""https://www.mubawab-media.com/ad/8/176/840F/h/30766498116818955701c3f0883-81d4-4e88-9ae4-0530186f9afe_GF_GF_80630405.avif"", ""https://www.mubawab-media.com/ad/8/176/840F/h/404270182164865291653b5ed66-fc5d-4c0f-aa76-7dd56859b1eb_GF_GF_80630406.avif"", ""https://www.mubawab-media.com/ad/8/176/840F/h/4523405591648652927f924cce5-646f-4d02-806f-c584c0a37258_GF_GF_80630407.avif"", ""https://www.mubawab-media.com/ad/8/176/840F/h/4930199601681895577c8bb1220-4ad9-4e57-9488-5150f4c367aa_GF_GF_80630408.avif"", ""https://www.mubawab-media.com/ad/8/176/840F/h/543020912164865291842ee9e45-6427-4a4b-ba42-beb418fbb7f8_GF_GF_80630409.avif"", ""https://www.mubawab-media.com/ad/8/176/840F/h/75475360416818955729e65dcb1-d829-4873-9bff-4b3e2ab674ee_GF_GF_80630410.avif"", ""https://b3g4.fra01.idrivee2-68.com/images-mirror/55026/27513411_288278019.jpg?response-content-type=image%2Fjpeg&response-cache-control=public%2C%20max-age%3D31536000%2C%20immutable&X-Amz-Content-Sha256=UNSIGNED-PAYLOAD&X-Amz-Algorithm=AWS4-HMAC-SHA256&X-Amz-Credential=Bhs7rzoWz1jkU0yRURAn%2F20260207%2FFrankfurt%2Fs3%2Faws4_request&X-Amz-Date=20260207T123007Z&X-Amz-SignedHeaders=host&X-Amz-Expires=86400&X-Amz-Signature=d4802d4baea3e41507e5f7c0634b37aff2d7881c5880f044e6c914b7550e294b"", ""https://b3g4.fra01.idrivee2-68.com/images-mirror/55026/27513411_288278020.jpg?response-content-type=image%2Fjpeg&response-cache-control=public%2C%20max-age%3D31536000%2C%20immutable&X-Amz-Content-Sha256=UNSIGNED-PAYLOAD&X-Amz-Algorithm=AWS4-HMAC-SHA256&X-Amz-Credential=Bhs7rzoWz1jkU0yRURAn%2F20260207%2FFrankfurt%2Fs3%2Faws4_request&X-Amz-Date=20260207T123007Z&X-Amz-SignedHeaders=host&X-Amz-Expires=86400&X-Amz-Signature=edc9d484c4b374f196c9ebc7bd644ada1c1340bbe2b1da54148f8351a96e8f03"", ""https://b3g4.fra01.idrivee2-68.com/images-mirror/55026/27513411_296512616.jpg?response-content-type=image%2Fjpeg&response-cache-control=public%2C%20max-age%3D31536000%2C%20immutable&X-Amz-Content-Sha256=UNSIGNED-PAYLOAD&X-Amz-Algorithm=AWS4-HMAC-SHA256&X-Amz-Credential=Bhs7rzoWz1jkU0yRURAn%2F20260207%2FFrankfurt%2Fs3%2Faws4_request&X-Amz-Date=20260207T123007Z&X-Amz-SignedHeaders=host&X-Amz-Expires=86400&X-Amz-Signature=0e008eaf1bd25320e5fd819f4fae4b3dbb4b25f7799220acb1b96711841b94c7"", ""https://b3g4.fra01.idrivee2-68.com/images-mirror/55026/27513411_296512619.jpg?response-content-type=image%2Fjpeg&response-cache-control=public%2C%20max-age%3D31536000%2C%20immutable&X-Amz-Content-Sha256=UNSIGNED-PAYLOAD&X-Amz-Algorithm=AWS4-HMAC-SHA256&X-Amz-Credential=Bhs7rzoWz1jkU0yRURAn%2F20260207%2FFrankfurt%2Fs3%2Faws4_request&X-Amz-Date=20260207T123007Z&X-Amz-SignedHeaders=host&X-Amz-Expires=86400&X-Amz-Signature=44df74354b9b7734d9bd510f810b68f3df098ac029851ff233362fdd2f2e37ed"", ""https://b3g4.fra01.idrivee2-68.com/images-mirror/55026/27513411_296512620.jpg?response-content-type=image%2Fjpeg&response-cache-control=public%2C%20max-age%3D31536000%2C%20immutable&X-Amz-Content-Sha256=UNSIGNED-PAYLOAD&X-Amz-Algorithm=AWS4-HMAC-SHA256&X-Amz-Credential=Bhs7rzoWz1jkU0yRURAn%2F20260207%2FFrankfurt%2Fs3%2Faws4_request&X-Amz-Date=20260207T123007Z&X-Amz-SignedHeaders=host&X-Amz-Expires=86400&X-Amz-Signature=ea3e65ab8bf8822c6613b56ff9a03748bbdfdb78474ca455304ff340c624c249"", ""https://b3g4.fra01.idrivee2-68.com/images-mirror/55026/27513411_296512621.jpg?response-content-type=image%2Fjpeg&response-cache-control=public%2C%20max-age%3D31536000%2C%20immutable&X-Amz-Content-Sha256=UNSIGNED-PAYLOAD&X-Amz-Algorithm=AWS4-HMAC-SHA256&X-Amz-Credential=Bhs7rzoWz1jkU0yRURAn%2F20260207%2FFrankfurt%2Fs3%2Faws4_request&X-Amz-Date=20260207T123007Z&X-Amz-SignedHeaders=host&X-Amz-Expires=86400&X-Amz-Signature=8ad3b23d93f80728f92adc7e1812012f86516abf4121b6c5a057e9d3fc0d3e2c"", ""https://b3g4.fra01.idrivee2-68.com/images-mirror/55026/27513411_296512622.jpg?response-content-type=image%2Fjpeg&response-cache-control=public%2C%20max-age%3D31536000%2C%20immutable&X-Amz-Content-Sha256=UNSIGNED-PAYLOAD&X-Amz-Algorithm=AWS4-HMAC-SHA256&X-Amz-Credential=Bhs7rzoWz1jkU0yRURAn%2F20260207%2FFrankfurt%2Fs3%2Faws4_request&X-Amz-Date=20260207T123007Z&X-Amz-SignedHeaders=host&X-Amz-Expires=86400&X-Amz-Signature=f4fea0685cad1978aaf09347dd0828be10bb48eb219e310c8cff914894a845c2""]","[{""url"": ""https://www.mubawab-media.com/ad/8/176/840F/h/2046904250164865291942729de5-ead4-4183-a39b-2852a5dab420_GF_GF_80630399.avif"", ""sourceId"": 5, ""adUrl"": ""https://www.mubawab.tn/fr/a/8176840/immeuble-caso-%C3%A0-vendre-%C3%A0-z-i-borj-cedria""}, {""url"": ""https://www.mubawab-media.com/ad/8/176/840F/h/20561926121648652921a65dd6b9-30f2-4744-a457-8648f19b5dac_GF_GF_80630400.avif"", ""sourceId"": 5, ""adUrl"": ""https://www.mubawab.tn/fr/a/8176840/immeuble-caso-%C3%A0-vendre-%C3%A0-z-i-borj-cedria""}, {""url"": ""https://www.mubawab-media.com/ad/8/176/840F/h/20853907161681895579f69b273d-0f84-48fc-94c9-5fc57fdf970a_GF_GF_80630401.avif"", ""sourceId"": 5, ""adUrl"": ""https://www.mubawab.tn/fr/a/8176840/immeuble-caso-%C3%A0-vendre-%C3%A0-z-i-borj-cedria""}, {""url"": ""https://www.mubawab-media.com/ad/8/176/840F/h/2086040260164865292089898c24-d3bf-4a87-979a-7edc722a8f74_GF_GF_80630402.avif"", ""sourceId"": 5, ""adUrl"": ""https://www.mubawab.tn/fr/a/8176840/immeuble-caso-%C3%A0-vendre-%C3%A0-z-i-borj-cedria""}, {""url"": ""https://www.mubawab-media.com/ad/8/176/840F/h/215563360164865291950705c01-9644-47c3-86a2-81d99d060829_GF_GF_80630403.avif"", ""sourceId"": 5, ""adUrl"": ""https://www.mubawab.tn/fr/a/8176840/immeuble-caso-%C3%A0-vendre-%C3%A0-z-i-borj-cedria""}, {""url"": ""https://www.mubawab-media.com/ad/8/176/840F/h/2997649401648652923b9b55af6-ed51-4e06-be64-c6becaf43ced_GF_GF_80630404.avif"", ""sourceId"": 5, ""adUrl"": ""https://www.mubawab.tn/fr/a/8176840/immeuble-caso-%C3%A0-vendre-%C3%A0-z-i-borj-cedria""}, {""url"": ""https://www.mubawab-media.com/ad/8/176/840F/h/30766498116818955701c3f0883-81d4-4e88-9ae4-0530186f9afe_GF_GF_80630405.avif"", ""sourceId"": 5, ""adUrl"": ""https://www.mubawab.tn/fr/a/8176840/immeuble-caso-%C3%A0-vendre-%C3%A0-z-i-borj-cedria""}, {""url"": ""https://www.mubawab-media.com/ad/8/176/840F/h/404270182164865291653b5ed66-fc5d-4c0f-aa76-7dd56859b1eb_GF_GF_80630406.avif"", ""sourceId"": 5, ""adUrl"": ""https://www.mubawab.tn/fr/a/8176840/immeuble-caso-%C3%A0-vendre-%C3%A0-z-i-borj-cedria""}, {""url"": ""https://www.mubawab-media.com/ad/8/176/840F/h/4523405591648652927f924cce5-646f-4d02-806f-c584c0a37258_GF_GF_80630407.avif"", ""sourceId"": 5, ""adUrl"": ""https://www.mubawab.tn/fr/a/8176840/immeuble-caso-%C3%A0-vendre-%C3%A0-z-i-borj-cedria""}, {""url"": ""https://www.mubawab-media.com/ad/8/176/840F/h/4930199601681895577c8bb1220-4ad9-4e57-9488-5150f4c367aa_GF_GF_80630408.avif"", ""sourceId"": 5, ""adUrl"": ""https://www.mubawab.tn/fr/a/8176840/immeuble-caso-%C3%A0-vendre-%C3%A0-z-i-borj-cedria""}, {""url"": ""https://www.mubawab-media.com/ad/8/176/840F/h/543020912164865291842ee9e45-6427-4a4b-ba42-beb418fbb7f8_GF_GF_80630409.avif"", ""sourceId"": 5, ""adUrl"": ""https://www.mubawab.tn/fr/a/8176840/immeuble-caso-%C3%A0-vendre-%C3%A0-z-i-borj-cedria""}, {""url"": ""https://www.mubawab-media.com/ad/8/176/840F/h/75475360416818955729e65dcb1-d829-4873-9bff-4b3e2ab674ee_GF_GF_80630410.avif"", ""sourceId"": 5, ""adUrl"": ""https://www.mubawab.tn/fr/a/8176840/immeuble-caso-%C3%A0-vendre-%C3%A0-z-i-borj-cedria""}, {""url"": ""https://b3g4.fra01.idrivee2-68.com/images-mirror/55026/27513411_288278019.jpg?response-content-type=image%2Fjpeg&response-cache-control=public%2C%20max-age%3D31536000%2C%20immutable&X-Amz-Content-Sha256=UNSIGNED-PAYLOAD&X-Amz-Algorithm=AWS4-HMAC-SHA256&X-Amz-Credential=Bhs7rzoWz1jkU0yRURAn%2F20260207%2FFrankfurt%2Fs3%2Faws4_request&X-Amz-Date=20260207T123007Z&X-Amz-SignedHeaders=host&X-Amz-Expires=86400&X-Amz-Signature=d4802d4baea3e41507e5f7c0634b37aff2d7881c5880f044e6c914b7550e294b"", ""sourceId"": 12, ""adUrl"": ""https://www.facebook.com/marketplace/item/740157475063544/""}, {""url"": ""https://b3g4.fra01.idrivee2-68.com/images-mirror/55026/27513411_288278020.jpg?response-content-type=image%2Fjpeg&response-cache-control=public%2C%20max-age%3D31536000%2C%20immutable&X-Amz-Content-Sha256=UNSIGNED-PAYLOAD&X-Amz-Algorithm=AWS4-HMAC-SHA256&X-Amz-Credential=Bhs7rzoWz1jkU0yRURAn%2F20260207%2FFrankfurt%2Fs3%2Faws4_request&X-Amz-Date=20260207T123007Z&X-Amz-SignedHeaders=host&X-Amz-Expires=86400&X-Amz-Signature=edc9d484c4b374f196c9ebc7bd644ada1c1340bbe2b1da54148f8351a96e8f03"", ""sourceId"": 12, ""adUrl"": ""https://www.facebook.com/marketplace/item/740157475063544/""}, {""url"": ""https://b3g4.fra01.idrivee2-68.com/images-mirror/55026/27513411_296512616.jpg?response-content-type=image%2Fjpeg&response-cache-control=public%2C%20max-age%3D31536000%2C%20immutable&X-Amz-Content-Sha256=UNSIGNED-PAYLOAD&X-Amz-Algorithm=AWS4-HMAC-SHA256&X-Amz-Credential=Bhs7rzoWz1jkU0yRURAn%2F20260207%2FFrankfurt%2Fs3%2Faws4_request&X-Amz-Date=20260207T123007Z&X-Amz-SignedHeaders=host&X-Amz-Expires=86400&X-Amz-Signature=0e008eaf1bd25320e5fd819f4fae4b3dbb4b25f7799220acb1b96711841b94c7"", ""sourceId"": 12, ""adUrl"": ""https://www.facebook.com/marketplace/item/740157475063544/""}, {""url"": ""https://b3g4.fra01.idrivee2-68.com/images-mirror/55026/27513411_296512619.jpg?response-content-type=image%2Fjpeg&response-cache-control=public%2C%20max-age%3D31536000%2C%20immutable&X-Amz-Content-Sha256=UNSIGNED-PAYLOAD&X-Amz-Algorithm=AWS4-HMAC-SHA256&X-Amz-Credential=Bhs7rzoWz1jkU0yRURAn%2F20260207%2FFrankfurt%2Fs3%2Faws4_request&X-Amz-Date=20260207T123007Z&X-Amz-SignedHeaders=host&X-Amz-Expires=86400&X-Amz-Signature=44df74354b9b7734d9bd510f810b68f3df098ac029851ff233362fdd2f2e37ed"", ""sourceId"": 12, ""adUrl"": ""https://www.facebook.com/marketplace/item/740157475063544/""}, {""url"": ""https://b3g4.fra01.idrivee2-68.com/images-mirror/55026/27513411_296512620.jpg?response-content-type=image%2Fjpeg&response-cache-control=public%2C%20max-age%3D31536000%2C%20immutable&X-Amz-Content-Sha256=UNSIGNED-PAYLOAD&X-Amz-Algorithm=AWS4-HMAC-SHA256&X-Amz-Credential=Bhs7rzoWz1jkU0yRURAn%2F20260207%2FFrankfurt%2Fs3%2Faws4_request&X-Amz-Date=20260207T123007Z&X-Amz-SignedHeaders=host&X-Amz-Expires=86400&X-Amz-Signature=ea3e65ab8bf8822c6613b56ff9a03748bbdfdb78474ca455304ff340c624c249"", ""sourceId"": 12, ""adUrl"": ""https://www.facebook.com/marketplace/item/740157475063544/""}, {""url"": ""https://b3g4.fra01.idrivee2-68.com/images-mirror/55026/27513411_296512621.jpg?response-content-type=image%2Fjpeg&response-cache-control=public%2C%20max-age%3D31536000%2C%20immutable&X-Amz-Content-Sha256=UNSIGNED-PAYLOAD&X-Amz-Algorithm=AWS4-HMAC-SHA256&X-Amz-Credential=Bhs7rzoWz1jkU0yRURAn%2F20260207%2FFrankfurt%2Fs3%2Faws4_request&X-Amz-Date=20260207T123007Z&X-Amz-SignedHeaders=host&X-Amz-Expires=86400&X-Amz-Signature=8ad3b23d93f80728f92adc7e1812012f86516abf4121b6c5a057e9d3fc0d3e2c"", ""sourceId"": 12, ""adUrl"": ""https://www.facebook.com/marketplace/item/740157475063544/""}, {""url"": ""https://b3g4.fra01.idrivee2-68.com/images-mirror/55026/27513411_296512622.jpg?response-content-type=image%2Fjpeg&response-cache-control=public%2C%20max-age%3D31536000%2C%20immutable&X-Amz-Content-Sha256=UNSIGNED-PAYLOAD&X-Amz-Algorithm=AWS4-HMAC-SHA256&X-Amz-Credential=Bhs7rzoWz1jkU0yRURAn%2F20260207%2FFrankfurt%2Fs3%2Faws4_request&X-Amz-Date=20260207T123007Z&X-Amz-SignedHeaders=host&X-Amz-Expires=86400&X-Amz-Signature=f4fea0685cad1978aaf09347dd0828be10bb48eb219e310c8cff914894a845c2"", ""sourceId"": 12, ""adUrl"": ""https://www.facebook.com/marketplace/item/740157475063544/""}]","[{""sourceId"": 5, ""url"": ""https://www.mubawab.tn/fr/a/8176840/immeuble-caso-%C3%A0-vendre-%C3%A0-z-i-borj-cedria"", ""price"": 2500000, ""sellerType"": ""agency"", ""lastModified"": ""2026-01-28 14:07:24""}, {""sourceId"": 12, ""url"": ""https://www.facebook.com/marketplace/item/740157475063544/"", ""price"": 2500000, ""sellerType"": ""agency"", ""lastModified"": ""2026-01-09 19:19:44""}]","[{""sellerType"": ""agency"", ""contactName"": ""Home Sweet Home EL Manzah"", ""active"": true}]",2,2,1,1,2,2,[],2025-07-09 12:00:33,2025-07-09 12:00:29,2026-01-28 14:07:24,2025-07-09 12:00:29,1,2026-02-07 13:30:09
803512,Immeuble INVEST EL Amal à Vendre à Ariana,"Un immeuble sur un terrain de 375 m² idéale pour une école, garderie, Université privée, Société ou bien foyer situé dans un emplacement stratégique à La Zone Industriel à Ariana Essoghra. Au RDJ, On a un open space et 2 bureaux. Au RDC, On a un open space, 2 bureaux et une salle d'eau. Au 1 er étage, On a un open space et une salle d'eau. A L'extérieur, On a une terrasse at un abris pour 2 voitures.  Pour tous les renseignements, Contacter l'agent sur le",690000.0,375.0,Immeuble de bureaux,officeBuilding,sale,agency,417,https://www.mubawab-media.com/ad/7/972/176F/h/f46daca7-b648-463e-9c6e-5c9140218709_GF_1_78584573.avif,"[""https://www.mubawab-media.com/ad/7/972/176F/h/f46daca7-b648-463e-9c6e-5c9140218709_GF_1_78584573.avif"", ""https://www.mubawab-media.com/ad/7/972/176F/h/abd62f98-33be-41cf-aba5-549b76290836_GF_GF_78584574.avif"", ""https://www.mubawab-media.com/ad/7/972/176F/h/97e27b49-ad4e-49d7-9149-e4197b140b3e_GF_GF_78584575.avif"", ""https://www.mubawab-media.com/ad/7/972/176F/h/2790bbae-8af8-4940-9ba9-25cd3ab7a656_GF_GF_78584576.avif"", ""https://www.mubawab-media.com/ad/7/972/176F/h/d7b625a9-3309-4aa1-b14e-47434b1c1997_GF_1_78584577.avif"", ""https://www.mubawab-media.com/ad/7/972/176F/h/d65e5230-200f-4a39-a8d2-f6a5a364a057_GF_GF_78584578.avif""]","[{""url"": ""https://www.mubawab-media.com/ad/7/972/176F/h/f46daca7-b648-463e-9c6e-5c9140218709_GF_1_78584573.avif"", ""sourceId"": 5, ""adUrl"": ""https://www.mubawab.tn/fr/a/7972176/immeuble-invest-el-amal-%C3%A0-vendre-%C3%A0-ariana""}, {""url"": ""https://www.mubawab-media.com/ad/7/972/176F/h/abd62f98-33be-41cf-aba5-549b76290836_GF_GF_78584574.avif"", ""sourceId"": 5, ""adUrl"": ""https://www.mubawab.tn/fr/a/7972176/immeuble-invest-el-amal-%C3%A0-vendre-%C3%A0-ariana""}, {""url"": ""https://www.mubawab-media.com/ad/7/972/176F/h/97e27b49-ad4e-49d7-9149-e4197b140b3e_GF_GF_78584575.avif"", ""sourceId"": 5, ""adUrl"": ""https://www.mubawab.tn/fr/a/7972176/immeuble-invest-el-amal-%C3%A0-vendre-%C3%A0-ariana""}, {""url"": ""https://www.mubawab-media.com/ad/7/972/176F/h/2790bbae-8af8-4940-9ba9-25cd3ab7a656_GF_GF_78584576.avif"", ""sourceId"": 5, ""adUrl"": ""https://www.mubawab.tn/fr/a/7972176/immeuble-invest-el-amal-%C3%A0-vendre-%C3%A0-ariana""}, {""url"": ""https://www.mubawab-media.com/ad/7/972/176F/h/d7b625a9-3309-4aa1-b14e-47434b1c1997_GF_1_78584577.avif"", ""sourceId"": 5, ""adUrl"": ""https://www.mubawab.tn/fr/a/7972176/immeuble-invest-el-amal-%C3%A0-vendre-%C3%A0-ariana""}, {""url"": ""https://www.mubawab-media.com/ad/7/972/176F/h/d65e5230-200f-4a39-a8d2-f6a5a364a057_GF_GF_78584578.avif"", ""sourceId"": 5, ""adUrl"": ""https://www.mubawab.tn/fr/a/7972176/immeuble-invest-el-amal-%C3%A0-vendre-%C3%A0-ariana""}]","[{""sourceId"": 5, ""url"": ""https://www.mubawab.tn/fr/a/7972176/immeuble-invest-el-amal-%C3%A0-vendre-%C3%A0-ariana"", ""price"": 690000, ""sellerType"": ""agency"", ""lastModified"": ""2026-01-28 14:03:41""}]","[{""sellerType"": ""agency"", ""contactName"": ""Home Sweet Home EL Manzah"", ""active"": true}]",1,1,1,1,4,1,[],2024-08-07 13:45:05,2024-08-07 13:44:07,2026-01-28 14:03:41,2024-08-07 13:44:07,1,2026-02-07 13:30:11
1082940,A vendre immeuble moderne 3800 m² à Charguia 1,"À vendre : Immeuble de 3 700 m² sur un terrain de 2 900 m² à Charguia 1

La Maison de l’Immobilier vous propose à la vente un immeuble à usage de bureaux, idéalement situé à Charguia 1, à seulement 10 minutes de l’aéroport international Tunis-Carthage. Facilement accessible, il bénéficie de la proximité des transports en commun et de toutes les commodités.

Édifié sur un terrain de 2 900 m², l’immeuble se développe sur trois niveaux et offre une surface bâtie totale d’environ 3 700 m².

Le rez-de-chaussée s’ouvre sur un hall de réception en double hauteur, donnant accès à un premier département de 720 m² composé de bureaux modulables et de deux blocs sanitaires. Un open space de 490 m² complète cet étage.

Les premier et deuxième étages sont répartis en deux blocs de 720 m² et 525 m² chacun. Chaque niveau comprend des espaces de bureaux cloisonnés avec des superficies variées, permettant une grande flexibilité d’aménagement.

L’immeuble est équipé d’un système de climatisation centralisée et d’un câblage informatique.

Il dispose également de 40 places de stationnement.

La Maison de l’Immobilier vous propose à la vente un immeuble à usage de bureaux, idéalement situé à Charguia 1, à seulement 10 minutes de l’aéroport international Tunis-Carthage. Facilement accessible, il bénéficie de la proximité des transports en commun et de toutes les commodités.

Édifié sur un terrain de 2 900 m², l’immeuble se développe sur trois niveaux et offre une surface bâtie totale d’environ 3 700 m².

Le rez-de-chaussée s’ouvre sur un hall de réception en double hauteur, donnant accès à un premier département de 720 m² composé de bureaux modulables et de deux blocs sanitaires. Un open space de 490 m² complète cet étage.

Les premier et deuxième étages sont répartis en deux blocs de 720 m² et 525 m² chacun. Chaque niveau comprend des espaces de bureaux cloisonnés avec des superficies variées, permettant une grande flexibilité d’aménagement.

L’immeuble est équipé d’un système de climatisation centralisée et d’un câblage informatique.

Il dispose également de 40 places de stationnement.",7500000.0,3800.0,Immeuble de bureaux,officeBuilding,sale,agency,347,https://www.mubawab-media.com/ad/8/194/947F/h/9.9_80813544.avif,"[""https://www.mubawab-media.com/ad/8/194/947F/h/9.9_80813544.avif""]","[{""url"": ""https://www.mubawab-media.com/ad/8/194/947F/h/9.9_80813544.avif"", ""sourceId"": 5, ""adUrl"": ""https://www.mubawab.tn/fr/a/8194947/a-vendre-immeuble-moderne-3800-m%C2%B2-%C3%A0-charguia-1""}]","[{""sourceId"": 5, ""url"": ""https://www.mubawab.tn/fr/a/8194947/a-vendre-immeuble-moderne-3800-m%C2%B2-%C3%A0-charguia-1"", ""price"": 7500000, ""sellerType"": ""agency"", ""lastModified"": ""2026-01-28 11:16:02""}, {""sourceId"": 2, ""url"": ""https://www.tayara.tn/item/689310064ad00efe9739d352/?v=2"", ""price"": 7500000, ""sellerType"": ""agency"", ""lastModified"": ""2025-08-06 09:19:19""}]","[{""sellerType"": ""agency"", ""contactName"": ""Maison de l'immobilier 2"", ""active"": true}]",2,2,1,1,2,2,[],2025-08-06 08:45:12,2025-08-06 08:45:08,2026-01-28 11:16:02,2025-08-06 08:45:08,1,2026-02-07 13:30:13
988650,Immeuble bureautique à Charguia 2,"Société Mellouli immobilière vous propose un immeuble bureautique à louer sur deux niveaux 

caractériser par son emplacement située au zone industrielle charguia 2 a proximité de tous les commodités.

avec une architecture distinctive bâtie sur une surface de 1200 m2

et un surface fini couvert environ ( rez de chaussée et 1er ) est de 2400 m2

le projet répond aux différents équipements et service :steg ,soned ,fibre ,protection civil ,ascenseur ,places de parking sous sol

prix : 24 000 dt HT",24000.0,1200.0,Immeuble de bureaux,officeBuilding,sale,agency,348,https://www.mubawab-media.com/ad/8/133/647F/h/b9482605-36e1-4b6f-9be1-6b34e301af48_80184987.avif,"[""https://www.mubawab-media.com/ad/8/133/647F/h/b9482605-36e1-4b6f-9be1-6b34e301af48_80184987.avif"", ""https://www.mubawab-media.com/ad/8/133/647F/h/a74bccbc-a29b-45cc-9dc3-fa3e05986e84_80184988.avif"", ""https://www.mubawab-media.com/ad/8/133/647F/h/1c306e62-83c1-480e-80b7-8a880d236ff3_80184989.avif"", ""https://www.mubawab-media.com/ad/8/133/647F/h/5c4a88c0-a0c5-4787-b878-0e0ebecd1986_80184990.avif"", ""https://www.mubawab-media.com/ad/8/133/647F/h/e19ce875-30f4-4193-b2ee-6259140e8936_80184991.avif"", ""https://www.mubawab-media.com/ad/8/133/647F/h/9f96887b-a6b1-4532-9738-a532f9f94586_80184992.avif"", ""https://www.mubawab-media.com/ad/8/133/647F/h/75bcc254-5867-400a-83f4-74c65b06fbbf_80184993.avif""]","[{""url"": ""https://www.mubawab-media.com/ad/8/133/647F/h/b9482605-36e1-4b6f-9be1-6b34e301af48_80184987.avif"", ""sourceId"": 5, ""adUrl"": ""https://www.mubawab.tn/fr/a/8133647/immeuble-bureautique-%C3%A0-charguia-2""}, {""url"": ""https://www.mubawab-media.com/ad/8/133/647F/h/a74bccbc-a29b-45cc-9dc3-fa3e05986e84_80184988.avif"", ""sourceId"": 5, ""adUrl"": ""https://www.mubawab.tn/fr/a/8133647/immeuble-bureautique-%C3%A0-charguia-2""}, {""url"": ""https://www.mubawab-media.com/ad/8/133/647F/h/1c306e62-83c1-480e-80b7-8a880d236ff3_80184989.avif"", ""sourceId"": 5, ""adUrl"": ""https://www.mubawab.tn/fr/a/8133647/immeuble-bureautique-%C3%A0-charguia-2""}, {""url"": ""https://www.mubawab-media.com/ad/8/133/647F/h/5c4a88c0-a0c5-4787-b878-0e0ebecd1986_80184990.avif"", ""sourceId"": 5, ""adUrl"": ""https://www.mubawab.tn/fr/a/8133647/immeuble-bureautique-%C3%A0-charguia-2""}, {""url"": ""https://www.mubawab-media.com/ad/8/133/647F/h/e19ce875-30f4-4193-b2ee-6259140e8936_80184991.avif"", ""sourceId"": 5, ""adUrl"": ""https://www.mubawab.tn/fr/a/8133647/immeuble-bureautique-%C3%A0-charguia-2""}, {""url"": ""https://www.mubawab-media.com/ad/8/133/647F/h/9f96887b-a6b1-4532-9738-a532f9f94586_80184992.avif"", ""sourceId"": 5, ""adUrl"": ""https://www.mubawab.tn/fr/a/8133647/immeuble-bureautique-%C3%A0-charguia-2""}, {""url"": ""https://www.mubawab-media.com/ad/8/133/647F/h/75bcc254-5867-400a-83f4-74c65b06fbbf_80184993.avif"", ""sourceId"": 5, ""adUrl"": ""https://www.mubawab.tn/fr/a/8133647/immeuble-bureautique-%C3%A0-charguia-2""}]","[{""sourceId"": 5, ""url"": ""https://www.mubawab.tn/fr/a/8133647/immeuble-bureautique-%C3%A0-charguia-2"", ""price"": 24000, ""sellerType"": ""agency"", ""lastModified"": ""2026-01-28 03:15:43""}]","[{""sellerType"": ""agency"", ""contactName"": ""Mallouli immo"", ""active"": true}]",1,1,1,1,1,1,[],2025-04-30 00:00:31,2025-04-30 00:00:27,2026-01-28 03:15:43,2025-04-30 00:00:27,1,2026-02-07 13:30:15
728723,Immeuble bureautique  à borj cedria,"a vendre un immeuble neuf r+2 dans une résidence gardée à borj cédria. 
l'immeuble comporte :
  rez de chaussée 
un local commercial de 35.25 m2 jusqu'à 176.51 m2 / prix : 4000ht
 un bureau s1 s2 s3s.surface *s+1 : 37.93 m2 jusqu'à  65.64m2 / *s+2 : 83.51 m2 * s+3 . a partir de 102,23 m2 prix de vente : 2700 dt/m2 ht.",102600.0,38.0,Immeuble de bureaux,officeBuilding,sale,agency,967,http://tunisie-annonce.com/upload2/202502/tunisie-annonce.com/photos/766048_20250204_150652.jpg,"[""https://server.bigdatis.com/api/properties/image/278434718""]","[{""url"": ""https://server.bigdatis.com/api/properties/image/278434718"", ""sourceId"": 1, ""adUrl"": ""http://www.tunisie-annonce.com/DetailsAnnonceImmobilier.asp?cod_ann=3380909""}]","[{""sourceId"": 1, ""url"": ""http://www.tunisie-annonce.com/DetailsAnnonceImmobilier.asp?cod_ann=3380909"", ""price"": 102600, ""sellerType"": ""agency"", ""lastModified"": ""2026-01-28 00:00:00""}]","[{""sellerType"": ""agency"", ""contactName"": null, ""active"": true}]",1,1,1,1,7,1,[],2024-03-27 11:48:05,2024-03-27 11:48:05,2026-01-28 00:00:00,2024-03-27 11:48:05,1,2026-02-07 13:30:18
834548,A VENDRE: Immeuble inachevé R3 de 1200m²,"L'Agence Century 21 Invest vous propose pour la vente un immeuble inachevé R3 de 1200m² de superficie, situé sur la route de la Marsa.",,1200.0,Immeuble de bureaux,officeBuilding,sale,agency,5220,https://www.mubawab-media.com/ad/8/014/562F/h/UdmyTh7NqQmxG5cZ-thumb_79010258.avif,"[""https://www.mubawab-media.com/ad/8/014/562F/h/UdmyTh7NqQmxG5cZ-thumb_79010258.avif""]","[{""url"": ""https://www.mubawab-media.com/ad/8/014/562F/h/UdmyTh7NqQmxG5cZ-thumb_79010258.avif"", ""sourceId"": 5, ""adUrl"": ""https://www.mubawab.tn/fr/a/8014562/a-vendre-immeuble-inachev%C3%A9-r3-de-1200m%C2%B2""}]","[{""sourceId"": 5, ""url"": ""https://www.mubawab.tn/fr/a/8014562/a-vendre-immeuble-inachev%C3%A9-r3-de-1200m%C2%B2"", ""price"": null, ""sellerType"": ""agency"", ""lastModified"": ""2026-01-27 17:46:02""}]","[{""sellerType"": ""agency"", ""contactName"": ""CENTURY 21 INVEST"", ""active"": true}]",1,1,1,1,1,1,[],2024-10-11 09:38:21,2024-10-11 09:38:21,2026-01-27 17:46:02,2024-10-11 09:38:21,1,2026-02-07 13:30:22
864811,Immeuble Aurélia à Vendre à Borj Louzir,"Un immeuble sur un terrain de 287 m² idéale pour un projet résidentiel ou commercial situé dans un bon quartier à Borj Louzir, Soukra. Au RDC, On a un local commercial qui se compose par un open space, un bureau et 2 salles d'eau. Le 1er et le la 2éme étage sont inachevés, On peut construire 3 appartements.",950000.0,287.0,Immeuble de bureaux,officeBuilding,sale,agency,346,https://www.mubawab-media.com/ad/8/201/652F/h/794724691733745113a95d8fa4-675e-4621-be5d-9ac3fd0ebf1b_GF_GF_80877712.avif,"[""https://www.mubawab-media.com/ad/8/201/652F/h/794724691733745113a95d8fa4-675e-4621-be5d-9ac3fd0ebf1b_GF_GF_80877712.avif"", ""https://www.mubawab-media.com/ad/8/201/652F/h/10959629221733745113ce8236fd-ca2c-4e0e-8c02-843719ced001_GF_GF_80877713.avif"", ""https://www.mubawab-media.com/ad/8/201/652F/h/1201693340173374511246aa9486-800c-49f4-af33-99794d369032_GF_GF_80877714.avif"", ""https://www.mubawab-media.com/ad/8/201/652F/h/40276919417337451129d87f5c4-2a77-4606-8fcd-58015c266e46_GF_GF_80877715.avif"", ""https://www.mubawab-media.com/ad/8/201/652F/h/6179888511733745113bbda3c0b-edc9-4419-97f5-7ecd6f9ab008_GF_GF_80877716.avif"", ""https://www.mubawab-media.com/ad/8/201/652F/h/63743170617337451132411a5ae-55cd-4288-848f-cdd592317225_GF_GF_80877717.avif""]","[{""url"": ""https://www.mubawab-media.com/ad/8/201/652F/h/794724691733745113a95d8fa4-675e-4621-be5d-9ac3fd0ebf1b_GF_GF_80877712.avif"", ""sourceId"": 5, ""adUrl"": ""https://www.mubawab.tn/fr/a/8201652/immeuble-aur%C3%A9lia-%C3%A0-vendre-%C3%A0-borj-louzir""}, {""url"": ""https://www.mubawab-media.com/ad/8/201/652F/h/10959629221733745113ce8236fd-ca2c-4e0e-8c02-843719ced001_GF_GF_80877713.avif"", ""sourceId"": 5, ""adUrl"": ""https://www.mubawab.tn/fr/a/8201652/immeuble-aur%C3%A9lia-%C3%A0-vendre-%C3%A0-borj-louzir""}, {""url"": ""https://www.mubawab-media.com/ad/8/201/652F/h/1201693340173374511246aa9486-800c-49f4-af33-99794d369032_GF_GF_80877714.avif"", ""sourceId"": 5, ""adUrl"": ""https://www.mubawab.tn/fr/a/8201652/immeuble-aur%C3%A9lia-%C3%A0-vendre-%C3%A0-borj-louzir""}, {""url"": ""https://www.mubawab-media.com/ad/8/201/652F/h/40276919417337451129d87f5c4-2a77-4606-8fcd-58015c266e46_GF_GF_80877715.avif"", ""sourceId"": 5, ""adUrl"": ""https://www.mubawab.tn/fr/a/8201652/immeuble-aur%C3%A9lia-%C3%A0-vendre-%C3%A0-borj-louzir""}, {""url"": ""https://www.mubawab-media.com/ad/8/201/652F/h/6179888511733745113bbda3c0b-edc9-4419-97f5-7ecd6f9ab008_GF_GF_80877716.avif"", ""sourceId"": 5, ""adUrl"": ""https://www.mubawab.tn/fr/a/8201652/immeuble-aur%C3%A9lia-%C3%A0-vendre-%C3%A0-borj-louzir""}, {""url"": ""https://www.mubawab-media.com/ad/8/201/652F/h/63743170617337451132411a5ae-55cd-4288-848f-cdd592317225_GF_GF_80877717.avif"", ""sourceId"": 5, ""adUrl"": ""https://www.mubawab.tn/fr/a/8201652/immeuble-aur%C3%A9lia-%C3%A0-vendre-%C3%A0-borj-louzir""}]","[{""sourceId"": 5, ""url"": ""https://www.mubawab.tn/fr/a/8201652/immeuble-aur%C3%A9lia-%C3%A0-vendre-%C3%A0-borj-louzir"", ""price"": 950000, ""sellerType"": ""agency"", ""lastModified"": ""2026-01-27 14:32:32""}]","[{""sellerType"": ""agency"", ""contactName"": ""Home Sweet Home EL Manzah"", ""active"": true}]",1,1,1,1,2,1,[],2024-12-09 15:30:14,2024-12-09 15:30:13,2026-01-27 14:32:32,2024-12-09 15:30:13,1,2026-02-07 13:30:24
738814,Immeuble Chavez à Vendre à Megrine,"Un immeuble d'une superficie de 785 m² idéale pour une société industrielle situé à Mégrine. Au RDC, on a un open space de 700 m², avec 500 m² dédiés au dépôt et 200 m² réservés à un bureau, un bloc sanitaire et une salle d'eau. Au 1er étage, On trouve un espace de stockage de 600 m2, 10 bureaux, 4 grandes salles et une vestiaire. A l'extérieur, on a un parking de voitures.",2500000.0,785.0,Immeuble de bureaux,officeBuilding,sale,agency,989,https://www.mubawab-media.com/ad/8/176/009F/h/201808924017140544701_GF_80622121.avif,"[""https://www.mubawab-media.com/ad/8/176/009F/h/201808924017140544701_GF_80622121.avif"", ""https://www.mubawab-media.com/ad/8/176/009F/h/128744284917140544727_GF_80622122.avif"", ""https://www.mubawab-media.com/ad/8/176/009F/h/1021709630171405447720_GF_80622123.avif"", ""https://www.mubawab-media.com/ad/8/176/009F/h/1251655721171405447823_GF_80622124.avif"", ""https://www.mubawab-media.com/ad/8/176/009F/h/13339926817140544715_GF_80622125.avif"", ""https://www.mubawab-media.com/ad/8/176/009F/h/1338197927171405447821_GF_80622126.avif"", ""https://www.mubawab-media.com/ad/8/176/009F/h/1373487678171405447515_GF_80622127.avif"", ""https://www.mubawab-media.com/ad/8/176/009F/h/157385818917140544726_GF_80622128.avif"", ""https://www.mubawab-media.com/ad/8/176/009F/h/1813068297171405447310_GF_80622129.avif"", ""https://www.mubawab-media.com/ad/8/176/009F/h/181649451217140544714_GF_80622130.avif"", ""https://www.mubawab-media.com/ad/8/176/009F/h/1869869719171405447311_GF_80622131.avif"", ""https://www.mubawab-media.com/ad/8/176/009F/h/1881554690171405447822_GF_80622132.avif"", ""https://www.mubawab-media.com/ad/8/176/009F/h/205450056417140544738_GF_80622133.avif"", ""https://www.mubawab-media.com/ad/8/176/009F/h/236271861171405447412_GF_80622134.avif"", ""https://www.mubawab-media.com/ad/8/176/009F/h/301862492171405447617_GF_80622135.avif"", ""https://www.mubawab-media.com/ad/8/176/009F/h/63459878417140544729_GF_80622136.avif"", ""https://www.mubawab-media.com/ad/8/176/009F/h/70445235517140544713_GF_80622137.avif"", ""https://www.mubawab-media.com/ad/8/176/009F/h/792274295171405447719_GF_80622138.avif"", ""https://www.mubawab-media.com/ad/8/176/009F/h/902275181171405447616_GF_80622139.avif"", ""https://www.mubawab-media.com/ad/8/176/009F/h/981811961171405447514_GF_80622140.avif"", ""https://b3g4.fra01.idrivee2-68.com/images-mirror/55024/27512322_293980471.jpg?response-content-type=image%2Fjpeg&response-cache-control=public%2C%20max-age%3D31536000%2C%20immutable&X-Amz-Content-Sha256=UNSIGNED-PAYLOAD&X-Amz-Algorithm=AWS4-HMAC-SHA256&X-Amz-Credential=Bhs7rzoWz1jkU0yRURAn%2F20260207%2FFrankfurt%2Fs3%2Faws4_request&X-Amz-Date=20260207T123027Z&X-Amz-SignedHeaders=host&X-Amz-Expires=86400&X-Amz-Signature=cd4f877199ec57fcf38594a4e55f69e3786b2c4ca859ec99c472d34bf96b0205"", ""https://server.bigdatis.com/api/properties/image/305550237"", ""https://server.bigdatis.com/api/properties/image/305550243""]","[{""url"": ""https://www.mubawab-media.com/ad/8/176/009F/h/201808924017140544701_GF_80622121.avif"", ""sourceId"": 5, ""adUrl"": ""https://www.mubawab.tn/fr/a/8176009/immeuble-chavez-%C3%A0-vendre-%C3%A0-megrine""}, {""url"": ""https://www.mubawab-media.com/ad/8/176/009F/h/128744284917140544727_GF_80622122.avif"", ""sourceId"": 5, ""adUrl"": ""https://www.mubawab.tn/fr/a/8176009/immeuble-chavez-%C3%A0-vendre-%C3%A0-megrine""}, {""url"": ""https://www.mubawab-media.com/ad/8/176/009F/h/1021709630171405447720_GF_80622123.avif"", ""sourceId"": 5, ""adUrl"": ""https://www.mubawab.tn/fr/a/8176009/immeuble-chavez-%C3%A0-vendre-%C3%A0-megrine""}, {""url"": ""https://www.mubawab-media.com/ad/8/176/009F/h/1251655721171405447823_GF_80622124.avif"", ""sourceId"": 5, ""adUrl"": ""https://www.mubawab.tn/fr/a/8176009/immeuble-chavez-%C3%A0-vendre-%C3%A0-megrine""}, {""url"": ""https://www.mubawab-media.com/ad/8/176/009F/h/13339926817140544715_GF_80622125.avif"", ""sourceId"": 5, ""adUrl"": ""https://www.mubawab.tn/fr/a/8176009/immeuble-chavez-%C3%A0-vendre-%C3%A0-megrine""}, {""url"": ""https://www.mubawab-media.com/ad/8/176/009F/h/1338197927171405447821_GF_80622126.avif"", ""sourceId"": 5, ""adUrl"": ""https://www.mubawab.tn/fr/a/8176009/immeuble-chavez-%C3%A0-vendre-%C3%A0-megrine""}, {""url"": ""https://www.mubawab-media.com/ad/8/176/009F/h/1373487678171405447515_GF_80622127.avif"", ""sourceId"": 5, ""adUrl"": ""https://www.mubawab.tn/fr/a/8176009/immeuble-chavez-%C3%A0-vendre-%C3%A0-megrine""}, {""url"": ""https://www.mubawab-media.com/ad/8/176/009F/h/157385818917140544726_GF_80622128.avif"", ""sourceId"": 5, ""adUrl"": ""https://www.mubawab.tn/fr/a/8176009/immeuble-chavez-%C3%A0-vendre-%C3%A0-megrine""}, {""url"": ""https://www.mubawab-media.com/ad/8/176/009F/h/1813068297171405447310_GF_80622129.avif"", ""sourceId"": 5, ""adUrl"": ""https://www.mubawab.tn/fr/a/8176009/immeuble-chavez-%C3%A0-vendre-%C3%A0-megrine""}, {""url"": ""https://www.mubawab-media.com/ad/8/176/009F/h/181649451217140544714_GF_80622130.avif"", ""sourceId"": 5, ""adUrl"": ""https://www.mubawab.tn/fr/a/8176009/immeuble-chavez-%C3%A0-vendre-%C3%A0-megrine""}, {""url"": ""https://www.mubawab-media.com/ad/8/176/009F/h/1869869719171405447311_GF_80622131.avif"", ""sourceId"": 5, ""adUrl"": ""https://www.mubawab.tn/fr/a/8176009/immeuble-chavez-%C3%A0-vendre-%C3%A0-megrine""}, {""url"": ""https://www.mubawab-media.com/ad/8/176/009F/h/1881554690171405447822_GF_80622132.avif"", ""sourceId"": 5, ""adUrl"": ""https://www.mubawab.tn/fr/a/8176009/immeuble-chavez-%C3%A0-vendre-%C3%A0-megrine""}, {""url"": ""https://www.mubawab-media.com/ad/8/176/009F/h/205450056417140544738_GF_80622133.avif"", ""sourceId"": 5, ""adUrl"": ""https://www.mubawab.tn/fr/a/8176009/immeuble-chavez-%C3%A0-vendre-%C3%A0-megrine""}, {""url"": ""https://www.mubawab-media.com/ad/8/176/009F/h/236271861171405447412_GF_80622134.avif"", ""sourceId"": 5, ""adUrl"": ""https://www.mubawab.tn/fr/a/8176009/immeuble-chavez-%C3%A0-vendre-%C3%A0-megrine""}, {""url"": ""https://www.mubawab-media.com/ad/8/176/009F/h/301862492171405447617_GF_80622135.avif"", ""sourceId"": 5, ""adUrl"": ""https://www.mubawab.tn/fr/a/8176009/immeuble-chavez-%C3%A0-vendre-%C3%A0-megrine""}, {""url"": ""https://www.mubawab-media.com/ad/8/176/009F/h/63459878417140544729_GF_80622136.avif"", ""sourceId"": 5, ""adUrl"": ""https://www.mubawab.tn/fr/a/8176009/immeuble-chavez-%C3%A0-vendre-%C3%A0-megrine""}, {""url"": ""https://www.mubawab-media.com/ad/8/176/009F/h/70445235517140544713_GF_80622137.avif"", ""sourceId"": 5, ""adUrl"": ""https://www.mubawab.tn/fr/a/8176009/immeuble-chavez-%C3%A0-vendre-%C3%A0-megrine""}, {""url"": ""https://www.mubawab-media.com/ad/8/176/009F/h/792274295171405447719_GF_80622138.avif"", ""sourceId"": 5, ""adUrl"": ""https://www.mubawab.tn/fr/a/8176009/immeuble-chavez-%C3%A0-vendre-%C3%A0-megrine""}, {""url"": ""https://www.mubawab-media.com/ad/8/176/009F/h/902275181171405447616_GF_80622139.avif"", ""sourceId"": 5, ""adUrl"": ""https://www.mubawab.tn/fr/a/8176009/immeuble-chavez-%C3%A0-vendre-%C3%A0-megrine""}, {""url"": ""https://www.mubawab-media.com/ad/8/176/009F/h/981811961171405447514_GF_80622140.avif"", ""sourceId"": 5, ""adUrl"": ""https://www.mubawab.tn/fr/a/8176009/immeuble-chavez-%C3%A0-vendre-%C3%A0-megrine""}, {""url"": ""https://b3g4.fra01.idrivee2-68.com/images-mirror/55024/27512322_293980471.jpg?response-content-type=image%2Fjpeg&response-cache-control=public%2C%20max-age%3D31536000%2C%20immutable&X-Amz-Content-Sha256=UNSIGNED-PAYLOAD&X-Amz-Algorithm=AWS4-HMAC-SHA256&X-Amz-Credential=Bhs7rzoWz1jkU0yRURAn%2F20260207%2FFrankfurt%2Fs3%2Faws4_request&X-Amz-Date=20260207T123027Z&X-Amz-SignedHeaders=host&X-Amz-Expires=86400&X-Amz-Signature=cd4f877199ec57fcf38594a4e55f69e3786b2c4ca859ec99c472d34bf96b0205"", ""sourceId"": 12, ""adUrl"": ""https://www.facebook.com/marketplace/item/755148263519226/""}, {""url"": ""https://server.bigdatis.com/api/properties/image/305550237"", ""sourceId"": 3, ""adUrl"": ""https://www.ballouchi.com/annonces/immobilier/fonds-de-commerce-locaux-commerciaux/immeuble-chavez-a-vendre-a-megrine.html""}, {""url"": ""https://server.bigdatis.com/api/properties/image/305550243"", ""sourceId"": 3, ""adUrl"": ""https://www.ballouchi.com/annonces/immobilier/fonds-de-commerce-locaux-commerciaux/immeuble-chavez-a-vendre-a-megrine.html""}]","[{""sourceId"": 5, ""url"": ""https://www.mubawab.tn/fr/a/8176009/immeuble-chavez-%C3%A0-vendre-%C3%A0-megrine"", ""price"": 2500000, ""sellerType"": ""agency"", ""lastModified"": ""2026-01-27 12:31:50""}, {""sourceId"": 12, ""url"": ""https://www.facebook.com/marketplace/item/755148263519226/"", ""price"": 2500000, ""sellerType"": ""agency"", ""lastModified"": ""2026-01-09 15:31:12""}, {""sourceId"": 3, ""url"": ""https://www.ballouchi.com/annonces/immobilier/fonds-de-commerce-locaux-commerciaux/immeuble-chavez-a-vendre-a-megrine-2.html"", ""price"": 2500000, ""sellerType"": ""agency"", ""lastModified"": ""2025-01-25 22:56:38""}]","[{""sellerType"": ""agency"", ""contactName"": ""Home Sweet Home EL Manzah"", ""active"": true}]",3,3,1,1,11,4,[],2024-04-25 15:25:02,2024-04-25 15:24:18,2026-01-27 12:31:50,2024-04-25 15:24:18,1,2026-02-07 13:30:26
868271,Immeuble à usage de bureau Lac 3,"Century 21 Prestige vous propose à la vente cet immeuble à usage de bureau en R3 d'une superficie couverte totale de 4400 m2 situé à la Zone Industrielle de Kheireddine.

 Il se compose comme suit :

 - Bâti sur un terrain de 1800 m2

 - Une superficie exploitable de 3230 m2

 - Un sous-sol de 1150 m2 offrant jusqu'a 35 places de stationnement  5 places devant l'immeuble. 

- Chaque étage offre 4 blocs en Open spaces construits autour d'un patio surplombé d'une verrière de 45m2 

- Un hall d'accueil en double hauteur 

- 4 blocs sanitaires par étage 

- 5 gaines techniques par étage offrant une grande flexibilité au niveau de l'aménagement 

- Un système de sécurité complet à travers l'entièreté du bien

 - Une climatisation centrale pour chaque bloc

 - Une isolation thermique et sonore à base de mousse polyuréthane

 Pour plus d’informations ou pour organiser une visite, contactez-nous",13900000.0,4400.0,Immeuble de bureaux,officeBuilding,sale,agency,5202,https://www.mubawab-media.com/ad/8/058/663F/h/gEsod5WpDNRWGvmv-thumb_79444706.avif,"[""https://www.mubawab-media.com/ad/8/058/663F/h/gEsod5WpDNRWGvmv-thumb_79444706.avif"", ""https://www.mubawab-media.com/ad/8/058/663F/h/Z7GCsVCDpcktCAmI-thumb_79444707.avif"", ""https://logis.fra1.digitaloceanspaces.com/8/Properties/79251/conversions/nuCjhI9Mp4U1u5r7-thumb.jpg""]","[{""url"": ""https://www.mubawab-media.com/ad/8/058/663F/h/gEsod5WpDNRWGvmv-thumb_79444706.avif"", ""sourceId"": 5, ""adUrl"": ""https://www.mubawab.tn/fr/a/8058663/immeuble-%C3%A0-usage-de-bureau-lac-3""}, {""url"": ""https://www.mubawab-media.com/ad/8/058/663F/h/Z7GCsVCDpcktCAmI-thumb_79444707.avif"", ""sourceId"": 5, ""adUrl"": ""https://www.mubawab.tn/fr/a/8058663/immeuble-%C3%A0-usage-de-bureau-lac-3""}, {""url"": ""https://logis.fra1.digitaloceanspaces.com/8/Properties/79251/conversions/nuCjhI9Mp4U1u5r7-thumb.jpg"", ""sourceId"": 11, ""adUrl"": ""https://century21.tn/property/a-vendre-immeuble-h15-zi-khaiereddine/""}]","[{""sourceId"": 5, ""url"": ""https://www.mubawab.tn/fr/a/8058663/immeuble-%C3%A0-usage-de-bureau-lac-3"", ""price"": 13900000, ""sellerType"": ""agency"", ""lastModified"": ""2026-01-27 07:45:54""}, {""sourceId"": 11, ""url"": ""https://century21.tn/property/a-vendre-immeuble-h15-zi-khaiereddine/"", ""price"": 13900000, ""sellerType"": ""agency"", ""lastModified"": ""2025-09-23 14:02:51""}]","[{""sellerType"": ""agency"", ""contactName"": ""CENTURY21 PRESTIGE"", ""active"": true}]",2,2,1,1,3,2,[],2024-12-18 12:30:47,2024-12-13 17:20:17,2026-01-27 07:45:54,2024-12-13 17:20:17,1,2026-02-07 13:30:29
824853,Immeuble Commercial Atlantique à Mutuelle Ville,"Un immeuble commercial sur un terrain de 800m² situé dans un emplacement stratégique à Mutuelle Ville. Au sous-sol, On a 2 opens spaces, un garage, une salle d'eau et un cellier. Au RDC, On trouve 3 opens spaces et un bloc sanitaire. A L'étage, On trouve 4 bureaux, 2 salles d'eau et une grande terrasse. A L'extérieur, On a un parking. Pour tous les renseignements, contacter l'agent.",1750000.0,800.0,Immeuble de bureaux,officeBuilding,sale,agency,4885,https://www.mubawab-media.com/ad/8/002/980F/h/5bbf5d31-78be-4246-8043-a3eca18fc2dd_GF_78889562.avif,"[""https://www.mubawab-media.com/ad/8/002/980F/h/5bbf5d31-78be-4246-8043-a3eca18fc2dd_GF_78889562.avif"", ""https://www.mubawab-media.com/ad/8/002/980F/h/1f724d74-a97a-472f-ac30-82098b00d9d3_GF_78889563.avif"", ""https://www.mubawab-media.com/ad/8/002/980F/h/6e27620a-1a7b-4b13-ab0d-4f7ecc0712ee_GF_78889564.avif"", ""https://www.mubawab-media.com/ad/8/002/980F/h/8b5aa289-857d-47ae-8b3c-58a9aae0858a_GF_78889565.avif"", ""https://www.mubawab-media.com/ad/8/002/980F/h/85ba0ec3-201d-40a7-a1c7-284da0089cb1_GF_78889566.avif"", ""https://www.mubawab-media.com/ad/8/002/980F/h/5269d920-e115-4cea-ba70-28731f13cf12_GF_78889567.avif"", ""https://www.mubawab-media.com/ad/8/002/980F/h/19316ef1-aaa7-49b1-b6a6-c994fa2220c5_GF_78889568.avif"", ""https://www.mubawab-media.com/ad/8/002/980F/h/209163f1-7d0d-4509-bf89-0d6148d36e3b_GF_78889569.avif"", ""https://www.mubawab-media.com/ad/8/002/980F/h/222949b7-20a8-45f0-8dea-dc23a421621e_GF_78889570.avif"", ""https://www.mubawab-media.com/ad/8/002/980F/h/a3d31253-3aaf-4b03-b6c7-6b40f0a289b0_GF_78889571.avif"", ""https://www.mubawab-media.com/ad/8/002/980F/h/b9cfd0b0-452c-42e0-a15e-26280fd4d2d9_GF_78889572.avif"", ""https://www.mubawab-media.com/ad/8/002/980F/h/c0f7744e-c800-4184-a9c5-d642b478e83c_GF_78889573.avif"", ""https://www.mubawab-media.com/ad/8/002/980F/h/d3fcd77c-c628-4b13-90b2-2f5585d776b3_GF_78889574.avif"", ""https://www.mubawab-media.com/ad/8/002/980F/h/dd46e7ba-da85-4104-beca-13717ff4de60_GF_78889575.avif"", ""https://www.mubawab-media.com/ad/8/002/980F/h/f1bfa8a1-a269-40de-a3e5-a1adf124d10b_GF_78889576.avif"", ""https://www.mubawab-media.com/ad/8/002/980F/h/f9f282c1-ba4d-44c9-8c06-1cddce10a31a_GF_78889577.avif"", ""https://www.mubawab-media.com/ad/8/002/980F/h/f81664bf-fbb1-4dd4-a071-e3a2ee248b4a_GF_78889578.avif""]","[{""url"": ""https://www.mubawab-media.com/ad/8/002/980F/h/5bbf5d31-78be-4246-8043-a3eca18fc2dd_GF_78889562.avif"", ""sourceId"": 5, ""adUrl"": ""https://www.mubawab.tn/fr/a/8002980/immeuble-commercial-atlantique-%C3%A0-mutuelle-ville""}, {""url"": ""https://www.mubawab-media.com/ad/8/002/980F/h/1f724d74-a97a-472f-ac30-82098b00d9d3_GF_78889563.avif"", ""sourceId"": 5, ""adUrl"": ""https://www.mubawab.tn/fr/a/8002980/immeuble-commercial-atlantique-%C3%A0-mutuelle-ville""}, {""url"": ""https://www.mubawab-media.com/ad/8/002/980F/h/6e27620a-1a7b-4b13-ab0d-4f7ecc0712ee_GF_78889564.avif"", ""sourceId"": 5, ""adUrl"": ""https://www.mubawab.tn/fr/a/8002980/immeuble-commercial-atlantique-%C3%A0-mutuelle-ville""}, {""url"": ""https://www.mubawab-media.com/ad/8/002/980F/h/8b5aa289-857d-47ae-8b3c-58a9aae0858a_GF_78889565.avif"", ""sourceId"": 5, ""adUrl"": ""https://www.mubawab.tn/fr/a/8002980/immeuble-commercial-atlantique-%C3%A0-mutuelle-ville""}, {""url"": ""https://www.mubawab-media.com/ad/8/002/980F/h/85ba0ec3-201d-40a7-a1c7-284da0089cb1_GF_78889566.avif"", ""sourceId"": 5, ""adUrl"": ""https://www.mubawab.tn/fr/a/8002980/immeuble-commercial-atlantique-%C3%A0-mutuelle-ville""}, {""url"": ""https://www.mubawab-media.com/ad/8/002/980F/h/5269d920-e115-4cea-ba70-28731f13cf12_GF_78889567.avif"", ""sourceId"": 5, ""adUrl"": ""https://www.mubawab.tn/fr/a/8002980/immeuble-commercial-atlantique-%C3%A0-mutuelle-ville""}, {""url"": ""https://www.mubawab-media.com/ad/8/002/980F/h/19316ef1-aaa7-49b1-b6a6-c994fa2220c5_GF_78889568.avif"", ""sourceId"": 5, ""adUrl"": ""https://www.mubawab.tn/fr/a/8002980/immeuble-commercial-atlantique-%C3%A0-mutuelle-ville""}, {""url"": ""https://www.mubawab-media.com/ad/8/002/980F/h/209163f1-7d0d-4509-bf89-0d6148d36e3b_GF_78889569.avif"", ""sourceId"": 5, ""adUrl"": ""https://www.mubawab.tn/fr/a/8002980/immeuble-commercial-atlantique-%C3%A0-mutuelle-ville""}, {""url"": ""https://www.mubawab-media.com/ad/8/002/980F/h/222949b7-20a8-45f0-8dea-dc23a421621e_GF_78889570.avif"", ""sourceId"": 5, ""adUrl"": ""https://www.mubawab.tn/fr/a/8002980/immeuble-commercial-atlantique-%C3%A0-mutuelle-ville""}, {""url"": ""https://www.mubawab-media.com/ad/8/002/980F/h/a3d31253-3aaf-4b03-b6c7-6b40f0a289b0_GF_78889571.avif"", ""sourceId"": 5, ""adUrl"": ""https://www.mubawab.tn/fr/a/8002980/immeuble-commercial-atlantique-%C3%A0-mutuelle-ville""}, {""url"": ""https://www.mubawab-media.com/ad/8/002/980F/h/b9cfd0b0-452c-42e0-a15e-26280fd4d2d9_GF_78889572.avif"", ""sourceId"": 5, ""adUrl"": ""https://www.mubawab.tn/fr/a/8002980/immeuble-commercial-atlantique-%C3%A0-mutuelle-ville""}, {""url"": ""https://www.mubawab-media.com/ad/8/002/980F/h/c0f7744e-c800-4184-a9c5-d642b478e83c_GF_78889573.avif"", ""sourceId"": 5, ""adUrl"": ""https://www.mubawab.tn/fr/a/8002980/immeuble-commercial-atlantique-%C3%A0-mutuelle-ville""}, {""url"": ""https://www.mubawab-media.com/ad/8/002/980F/h/d3fcd77c-c628-4b13-90b2-2f5585d776b3_GF_78889574.avif"", ""sourceId"": 5, ""adUrl"": ""https://www.mubawab.tn/fr/a/8002980/immeuble-commercial-atlantique-%C3%A0-mutuelle-ville""}, {""url"": ""https://www.mubawab-media.com/ad/8/002/980F/h/dd46e7ba-da85-4104-beca-13717ff4de60_GF_78889575.avif"", ""sourceId"": 5, ""adUrl"": ""https://www.mubawab.tn/fr/a/8002980/immeuble-commercial-atlantique-%C3%A0-mutuelle-ville""}, {""url"": ""https://www.mubawab-media.com/ad/8/002/980F/h/f1bfa8a1-a269-40de-a3e5-a1adf124d10b_GF_78889576.avif"", ""sourceId"": 5, ""adUrl"": ""https://www.mubawab.tn/fr/a/8002980/immeuble-commercial-atlantique-%C3%A0-mutuelle-ville""}, {""url"": ""https://www.mubawab-media.com/ad/8/002/980F/h/f9f282c1-ba4d-44c9-8c06-1cddce10a31a_GF_78889577.avif"", ""sourceId"": 5, ""adUrl"": ""https://www.mubawab.tn/fr/a/8002980/immeuble-commercial-atlantique-%C3%A0-mutuelle-ville""}, {""url"": ""https://www.mubawab-media.com/ad/8/002/980F/h/f81664bf-fbb1-4dd4-a071-e3a2ee248b4a_GF_78889578.avif"", ""sourceId"": 5, ""adUrl"": ""https://www.mubawab.tn/fr/a/8002980/immeuble-commercial-atlantique-%C3%A0-mutuelle-ville""}]","[{""sourceId"": 5, ""url"": ""https://www.mubawab.tn/fr/a/8002980/immeuble-commercial-atlantique-%C3%A0-mutuelle-ville"", ""price"": 1750000, ""sellerType"": ""agency"", ""lastModified"": ""2026-01-26 16:31:26""}]","[{""sellerType"": ""agency"", ""contactName"": ""Home Sweet Home EL Manzah"", ""active"": true}]",1,1,1,1,3,1,[],2024-09-24 11:23:03,2024-09-24 11:22:09,2026-01-26 16:31:26,2025-03-14 17:01:09,1,2026-02-07 13:30:32
1236199,,"L’agence immobilière Century 21 Invest vous propose pour la location un immeuble R+3 à usage bureautique en open space, d’une superficie totale de 4 000 m², situé au Lac 3.

Superficie totale : 4 000 m²

Il se compose de :

* Rez-de-chaussée : 800 m²

* 1er étage : 800 m²

* 2ᵉ étage : 800 m²

* 3ᵉ étage : 800 m²

* Sous-sol : 1 200 m² (pouvant convenir pour un parking / réfectoire pour le personnel)

📞 Pour plus d’informations, veuillez nous contacter au <a type=""phone"">+21650XXXXXX</a>.",80000.0,4000.0,Immeuble de bureaux,officeBuilding,sale,agency,5202,56087/28043552_258fd670e6a63ddd.jpg,"[""https://logis.fra1.digitaloceanspaces.com/4/Properties/142095/conversions/9qadn9q2xGifhacT-thumb.jpg""]","[{""url"": ""https://logis.fra1.digitaloceanspaces.com/4/Properties/142095/conversions/9qadn9q2xGifhacT-thumb.jpg"", ""sourceId"": 11, ""adUrl"": ""https://century21.tn/property/a-louer-immeuble-r3-de-4000-m²-au-lac-3/""}]","[{""sourceId"": 11, ""url"": ""https://century21.tn/property/a-louer-immeuble-r3-de-4000-m²-au-lac-3/"", ""price"": 80000, ""sellerType"": ""agency"", ""lastModified"": ""2026-01-26 15:25:57""}]","[{""sellerType"": ""agency"", ""contactName"": ""CENTURY 21 Invest"", ""active"": true}]",1,1,1,1,1,1,[],2026-01-16 14:01:03,2026-01-16 12:58:33,2026-01-26 15:25:57,2026-01-16 12:58:33,1,2026-02-07 13:30:38
830091,Immeuble à usage de bureau à vendre au Lac 2,"Exclusif RE/MAX Smile

Cet immeuble bureautique semi-fini est une opportunité idéale pour les investisseurs cherchant à ajouter un bien immobilier commercial à leur portefeuille. Situé dans un quartier animé et recherché, l'immeuble offre une surface totale de 5835 m²  répartis sur 3 étages.

L'immeuble est vendu semi-fini, ce qui signifie que les travaux de construction ont été réalisés jusqu'à un certain point, mais qu'il reste des finitions à effectuer. Cette approche offre à l'acheteur la possibilité de personnaliser l'espace en fonction de ses besoins et de ses préférences.

L'immeuble est facilement accessible par les transports en commun.

Dans l'ensemble, cet immeuble bureautique semi-fini offre une occasion unique d'acquérir un bien immobilier commercial de qualité supérieure dans un quartier recherché, avec un potentiel énorme pour personnaliser l'espace et le transformer en un lieu de travail moderne et adapté aux besoins de l'entreprise.

Pour de plus amples informations, appelez Amr Aissa, RE/MAX Smile Mutu",,5835.0,Immeuble de bureaux,officeBuilding,sale,agency,5199,https://www.mubawab-media.com/ad/7/659/344F/h/WhatsApp%20Image%202023-03-12%20at%2022.10.35%20%282%29_42970871.avif,"[""https://www.mubawab-media.com/ad/7/659/344F/h/WhatsApp%20Image%202023-03-12%20at%2022.10.35%20%282%29_42970871.avif"", ""https://www.mubawab-media.com/ad/7/659/344F/h/WhatsApp%20Image%202023-03-12%20at%2022.10.35%20%281%29_42970872.avif""]","[{""url"": ""https://www.mubawab-media.com/ad/7/659/344F/h/WhatsApp%20Image%202023-03-12%20at%2022.10.35%20%282%29_42970871.avif"", ""sourceId"": 5, ""adUrl"": ""https://www.mubawab.tn/fr/a/7659344/immeuble-%C3%A0-usage-de-bureau-%C3%A0-vendre-au-lac-2""}, {""url"": ""https://www.mubawab-media.com/ad/7/659/344F/h/WhatsApp%20Image%202023-03-12%20at%2022.10.35%20%281%29_42970872.avif"", ""sourceId"": 5, ""adUrl"": ""https://www.mubawab.tn/fr/a/7659344/immeuble-%C3%A0-usage-de-bureau-%C3%A0-vendre-au-lac-2""}]","[{""sourceId"": 5, ""url"": ""https://www.mubawab.tn/fr/a/7659344/immeuble-%C3%A0-usage-de-bureau-%C3%A0-vendre-au-lac-2"", ""price"": null, ""sellerType"": ""agency"", ""lastModified"": ""2026-01-26 13:02:48""}]","[{""sellerType"": ""agency"", ""contactName"": ""RE/MAX VïP"", ""active"": true}]",1,1,1,1,1,1,[],2023-03-12 22:15:12,2023-03-12 22:14:31,2026-01-26 13:02:48,2023-03-12 22:14:31,1,2026-02-07 13:30:40
1178908,A vendre petit immeuble R2 de 400 m² au belvédère,"Nous vous proposons à la vente un petit immeuble indépendant R2 d'une superficie totalisant 400 m² idéalement situé au Belvédère, offrant un espace fonctionnel et modulable pour vos activités professionnelles.

Caractéristiques :

-	Superficie : 400 m²

-	3 niveaux.

-	3 grandes salles de réunion.

-	7 bureaux spacieux.

-	3 points d’eau.

-	3 kitchenettes.

Immeuble indépendant

Emplacement stratégique au cœur du Belvédère

Convient parfaitement pour siège de société, cabinet ou centre de formation.

N'hésitez pas à nous contacter pour plus d'informations ou pour organiser une visite.

GSM : 216 <a type=""phone"">+21627XXXXXX</a>",,400.0,Immeuble de bureaux,officeBuilding,sale,agency,4886,https://www.mubawab-media.com/ad/8/241/951F/h/1_81301718.avif,"[""https://www.mubawab-media.com/ad/8/241/951F/h/1_81301718.avif"", ""https://www.mubawab-media.com/ad/8/241/951F/h/2_81301721.avif"", ""https://www.mubawab-media.com/ad/8/241/951F/h/3_81301722.avif"", ""https://www.mubawab-media.com/ad/8/241/951F/h/4_81301723.avif"", ""https://www.mubawab-media.com/ad/8/241/951F/h/5_81301724.avif""]","[{""url"": ""https://www.mubawab-media.com/ad/8/241/951F/h/1_81301718.avif"", ""sourceId"": 5, ""adUrl"": ""https://www.mubawab.tn/fr/a/8241951/a-vendre-petit-immeuble-r2-de-400-m%C2%B2-au-belv%C3%A9d%C3%A8re""}, {""url"": ""https://www.mubawab-media.com/ad/8/241/951F/h/2_81301721.avif"", ""sourceId"": 5, ""adUrl"": ""https://www.mubawab.tn/fr/a/8241951/a-vendre-petit-immeuble-r2-de-400-m%C2%B2-au-belv%C3%A9d%C3%A8re""}, {""url"": ""https://www.mubawab-media.com/ad/8/241/951F/h/3_81301722.avif"", ""sourceId"": 5, ""adUrl"": ""https://www.mubawab.tn/fr/a/8241951/a-vendre-petit-immeuble-r2-de-400-m%C2%B2-au-belv%C3%A9d%C3%A8re""}, {""url"": ""https://www.mubawab-media.com/ad/8/241/951F/h/4_81301723.avif"", ""sourceId"": 5, ""adUrl"": ""https://www.mubawab.tn/fr/a/8241951/a-vendre-petit-immeuble-r2-de-400-m%C2%B2-au-belv%C3%A9d%C3%A8re""}, {""url"": ""https://www.mubawab-media.com/ad/8/241/951F/h/5_81301724.avif"", ""sourceId"": 5, ""adUrl"": ""https://www.mubawab.tn/fr/a/8241951/a-vendre-petit-immeuble-r2-de-400-m%C2%B2-au-belv%C3%A9d%C3%A8re""}]","[{""sourceId"": 5, ""url"": ""https://www.mubawab.tn/fr/a/8241951/a-vendre-petit-immeuble-r2-de-400-m%C2%B2-au-belv%C3%A9d%C3%A8re"", ""price"": null, ""sellerType"": ""agency"", ""lastModified"": ""2026-01-26 13:02:36""}]","[{""sellerType"": ""agency"", ""contactName"": ""Pact-Immo"", ""active"": true}]",1,1,1,1,1,1,[],2025-10-27 12:01:01,2025-10-27 12:00:54,2026-01-26 13:02:36,2025-10-27 12:00:54,1,2026-02-07 13:30:43
973770,Vente charguia2 immeuble bureautique magasinage,"ennasr homing met en vente un immeuble usage bureautique plus magasinage avec parking pour 25voitures 

terrain 2500m²

bati 2500m² 

entrée parking deux bureaux pour gardiennage 

parking ouvert

grande reception  a l''entrée du batiment 

40 bureaux plus sanitaire dans chaque étage pour homme et femme 

plus des magasins avec entrée independante",9345000.0,2500.0,Immeuble de bureaux,officeBuilding,sale,agency,348,https://www.mubawab-media.com/ad/8/127/117F/h/1744986113149_80118863.avif,"[""https://www.mubawab-media.com/ad/8/127/117F/h/1744986113149_80118863.avif"", ""https://www.mubawab-media.com/ad/8/127/117F/h/1745069185076_80118859.avif"", ""https://www.mubawab-media.com/ad/8/127/117F/h/1744986113110_80118864.avif"", ""https://www.mubawab-media.com/ad/8/127/117F/h/1744986113075_80118865.avif""]","[{""url"": ""https://www.mubawab-media.com/ad/8/127/117F/h/1744986113149_80118863.avif"", ""sourceId"": 5, ""adUrl"": ""https://www.mubawab.tn/fr/a/8127117/vente-charguia2-immeuble-bureautique-magasinage""}, {""url"": ""https://www.mubawab-media.com/ad/8/127/117F/h/1745069185076_80118859.avif"", ""sourceId"": 5, ""adUrl"": ""https://www.mubawab.tn/fr/a/8127117/vente-charguia2-immeuble-bureautique-magasinage""}, {""url"": ""https://www.mubawab-media.com/ad/8/127/117F/h/1744986113110_80118864.avif"", ""sourceId"": 5, ""adUrl"": ""https://www.mubawab.tn/fr/a/8127117/vente-charguia2-immeuble-bureautique-magasinage""}, {""url"": ""https://www.mubawab-media.com/ad/8/127/117F/h/1744986113075_80118865.avif"", ""sourceId"": 5, ""adUrl"": ""https://www.mubawab.tn/fr/a/8127117/vente-charguia2-immeuble-bureautique-magasinage""}]","[{""sourceId"": 5, ""url"": ""https://www.mubawab.tn/fr/a/8127117/vente-charguia2-immeuble-bureautique-magasinage"", ""price"": 9345000, ""sellerType"": ""agency"", ""lastModified"": ""2026-01-26 09:50:53""}, {""sourceId"": 2, ""url"": ""https://www.tayara.tn/item/68a0b97fccec382a0d6e2038/?v=2"", ""price"": 9389998, ""sellerType"": ""agency"", ""lastModified"": ""2025-11-11 08:45:43""}]","[{""sellerType"": ""agency"", ""contactName"": ""IMMOBILIERE ENNASR HOMING"", ""active"": true}]",2,2,1,1,3,2,[],2025-04-19 14:45:36,2025-04-19 14:37:00,2026-01-26 09:50:53,2025-12-16 17:28:53,1,2026-02-07 13:30:46
616945,Super immeuble bureautique neuf au lac 3,"l'agence darek immob met en location un très joli immeuble bureautique neuf ,haut standing au lac 3 kram, il présente les caractéristiques suivantes :

3200 m² en open space 

900 m² sous sol

terrasse

toilettes

ascenseurs

fib re optique

près de commerces

accès par tunis marine 

transport public à 7 min

climatisation centrale

double vitrage

parking

vu mer

roof top et grand espace extérieur

prix : 67000 dt/ht/mois

nb: plan sur demande

merci de nous contactez au <a type=""phone"">+21651XXXXXX</a>/<a type=""phone"">+21699XXXXXX</a>/<a type=""phone"">+21651XXXXXX</a>",67000.0,3200.0,Immeuble de bureaux,officeBuilding,sale,agency,5202,http://tunisie-annonce.com/upload2/202507/tunisie-annonce.com/photos/660363_20250722_120739.jpg,"[""https://www.affare.tn/image/07_2025_0c85b770.JPG"", ""https://www.affare.tn/image/07_2025_b06be09d.JPG"", ""https://www.affare.tn/image/07_2025_c527a274.JPG"", ""https://www.affare.tn/image/07_2025_4133cd34.JPG"", ""https://www.affare.tn/image/07_2025_81099adb.JPG"", ""https://www.affare.tn/image/07_2025_65143ae1.JPG"", ""https://img.cava.tn/cava/items/b13abb9c-d1ac-44a3-8097-f759b3ced4b0/1753179036335.webp"", ""https://img.cava.tn/cava/items/b13abb9c-d1ac-44a3-8097-f759b3ced4b0/1753179036411.webp"", ""https://img.cava.tn/cava/items/b13abb9c-d1ac-44a3-8097-f759b3ced4b0/1753179039457.webp"", ""https://img.cava.tn/cava/items/b13abb9c-d1ac-44a3-8097-f759b3ced4b0/1753179043371.webp"", ""https://server.bigdatis.com/api/properties/image/289924226"", ""https://server.bigdatis.com/api/properties/image/289924227"", ""https://server.bigdatis.com/api/properties/image/289924228"", ""https://server.bigdatis.com/api/properties/image/310763382"", ""https://server.bigdatis.com/api/properties/image/269802127"", ""https://server.bigdatis.com/api/properties/image/269802128"", ""https://server.bigdatis.com/api/properties/image/269802129""]","[{""url"": ""https://www.affare.tn/image/07_2025_0c85b770.JPG"", ""sourceId"": 6, ""adUrl"": ""https://www.affare.tn/annonce/super-immeuble-bureautique-neuf-au-lac-3-244793""}, {""url"": ""https://www.affare.tn/image/07_2025_b06be09d.JPG"", ""sourceId"": 6, ""adUrl"": ""https://www.affare.tn/annonce/super-immeuble-bureautique-neuf-au-lac-3-244793""}, {""url"": ""https://www.affare.tn/image/07_2025_c527a274.JPG"", ""sourceId"": 6, ""adUrl"": ""https://www.affare.tn/annonce/super-immeuble-bureautique-neuf-au-lac-3-244793""}, {""url"": ""https://www.affare.tn/image/07_2025_4133cd34.JPG"", ""sourceId"": 6, ""adUrl"": ""https://www.affare.tn/annonce/super-immeuble-bureautique-neuf-au-lac-3-244793""}, {""url"": ""https://www.affare.tn/image/07_2025_81099adb.JPG"", ""sourceId"": 6, ""adUrl"": ""https://www.affare.tn/annonce/super-immeuble-bureautique-neuf-au-lac-3-244793""}, {""url"": ""https://www.affare.tn/image/07_2025_65143ae1.JPG"", ""sourceId"": 6, ""adUrl"": ""https://www.affare.tn/annonce/super-immeuble-bureautique-neuf-au-lac-3-244793""}, {""url"": ""https://img.cava.tn/cava/items/b13abb9c-d1ac-44a3-8097-f759b3ced4b0/1753179036335.webp"", ""sourceId"": 7, ""adUrl"": ""https://www.cava.tn/bureaux_et_commerces/super-immeuble-bureautique-neuf-au-lac-3-953639""}, {""url"": ""https://img.cava.tn/cava/items/b13abb9c-d1ac-44a3-8097-f759b3ced4b0/1753179036411.webp"", ""sourceId"": 7, ""adUrl"": ""https://www.cava.tn/bureaux_et_commerces/super-immeuble-bureautique-neuf-au-lac-3-953639""}, {""url"": ""https://img.cava.tn/cava/items/b13abb9c-d1ac-44a3-8097-f759b3ced4b0/1753179039457.webp"", ""sourceId"": 7, ""adUrl"": ""https://www.cava.tn/bureaux_et_commerces/super-immeuble-bureautique-neuf-au-lac-3-953639""}, {""url"": ""https://img.cava.tn/cava/items/b13abb9c-d1ac-44a3-8097-f759b3ced4b0/1753179043371.webp"", ""sourceId"": 7, ""adUrl"": ""https://www.cava.tn/bureaux_et_commerces/super-immeuble-bureautique-neuf-au-lac-3-953639""}, {""url"": ""https://server.bigdatis.com/api/properties/image/289924226"", ""sourceId"": 1, ""adUrl"": ""http://www.tunisie-annonce.com/DetailsAnnonceImmobilier.asp?cod_ann=3415302""}, {""url"": ""https://server.bigdatis.com/api/properties/image/289924227"", ""sourceId"": 1, ""adUrl"": ""http://www.tunisie-annonce.com/DetailsAnnonceImmobilier.asp?cod_ann=3415302""}, {""url"": ""https://server.bigdatis.com/api/properties/image/289924228"", ""sourceId"": 1, ""adUrl"": ""http://www.tunisie-annonce.com/DetailsAnnonceImmobilier.asp?cod_ann=3415302""}, {""url"": ""https://server.bigdatis.com/api/properties/image/310763382"", ""sourceId"": 1, ""adUrl"": ""http://www.tunisie-annonce.com/DetailsAnnonceImmobilier.asp?cod_ann=3415302""}, {""url"": ""https://server.bigdatis.com/api/properties/image/269802127"", ""sourceId"": 1, ""adUrl"": ""http://www.tunisie-annonce.com/DetailsAnnonceImmobilier.asp?cod_ann=3011789""}, {""url"": ""https://server.bigdatis.com/api/properties/image/269802128"", ""sourceId"": 1, ""adUrl"": ""http://www.tunisie-annonce.com/DetailsAnnonceImmobilier.asp?cod_ann=3011789""}, {""url"": ""https://server.bigdatis.com/api/properties/image/269802129"", ""sourceId"": 1, ""adUrl"": ""http://www.tunisie-annonce.com/DetailsAnnonceImmobilier.asp?cod_ann=3011789""}]","[{""sourceId"": 1, ""url"": ""http://www.tunisie-annonce.com/DetailsAnnonceImmobilier.asp?cod_ann=3415302"", ""price"": 67000, ""sellerType"": ""agency"", ""lastModified"": ""2026-01-26 00:00:00""}, {""sourceId"": 6, ""url"": ""https://www.affare.tn/annonce/super-immeuble-bureautique-neuf-au-lac-3-244793"", ""price"": 67000, ""sellerType"": ""agency"", ""lastModified"": ""2025-07-22 11:24:22""}, {""sourceId"": 7, ""url"": ""https://www.cava.tn/bureaux_et_commerces/super-immeuble-bureautique-neuf-au-lac-3-953639"", ""price"": 67000, ""sellerType"": ""agency"", ""lastModified"": ""2025-07-22 11:11:39""}, {""sourceId"": 10, ""url"": ""https://fi-dari.tn/bien/Lac 3-AI29772-1"", ""price"": 67000, ""sellerType"": ""agency"", ""lastModified"": ""2025-07-22 10:22:04""}]","[{""sellerType"": ""agency"", ""contactName"": ""Darek Immobilière "", ""active"": true}]",4,4,1,1,5,5,[],2022-11-04 10:21:53,2021-09-09 10:21:53,2026-01-26 00:00:00,2021-09-09 10:21:53,1,2026-02-07 13:30:48
1239794,vente immeuble,"A vendre immeuble R+2
Immeuble composé de 6 appartements, répartis sur R+2.
Chaque appartement est de type S+2 avec une superficie de 100 m².
Appartements spacieux et bien distribués
Convient parfaitement pour investissement locatif ou usage résidentiel
Bonne rentabilité
📍 Emplacement : à chmati
💰 Prix : 1400000 DT",1400000.0,100.0,Immeuble de bureaux,officeBuilding,sale,private,1469,56114/28057375_1e0f9f1f0ecedd0d.jpg,"[""https://storage.googleapis.com/tayara-migration-yams-pro/aa/aae19c1a-efa8-48dc-b638-91fab3bd16bd"", ""https://storage.googleapis.com/tayara-migration-yams-pro/4c/4ca739c6-91a7-4fa1-8f14-a89bb40a0112"", ""https://storage.googleapis.com/tayara-migration-yams-pro/e1/e17802b1-45ff-4a34-b898-f1cb8db840a9""]","[{""url"": ""https://storage.googleapis.com/tayara-migration-yams-pro/aa/aae19c1a-efa8-48dc-b638-91fab3bd16bd"", ""sourceId"": 2, ""adUrl"": ""https://www.tayara.tn/item/6975f5e7d921b01419d2c2fa/?v=2""}, {""url"": ""https://storage.googleapis.com/tayara-migration-yams-pro/4c/4ca739c6-91a7-4fa1-8f14-a89bb40a0112"", ""sourceId"": 2, ""adUrl"": ""https://www.tayara.tn/item/6975f5e7d921b01419d2c2fa/?v=2""}, {""url"": ""https://storage.googleapis.com/tayara-migration-yams-pro/e1/e17802b1-45ff-4a34-b898-f1cb8db840a9"", ""sourceId"": 2, ""adUrl"": ""https://www.tayara.tn/item/6975f5e7d921b01419d2c2fa/?v=2""}]","[{""sourceId"": 2, ""url"": ""https://www.tayara.tn/item/6975f5e7d921b01419d2c2fa/?v=2"", ""price"": 1400000, ""sellerType"": ""private"", ""lastModified"": ""2026-01-25 11:52:25""}]","[{""sellerType"": ""private"", ""contactName"": ""Zied hcine"", ""active"": true}]",1,1,1,1,1,1,[],2026-01-25 12:00:35,2026-01-25 11:52:23,2026-01-25 11:52:25,2026-01-25 11:52:23,1,2026-02-07 13:30:49
939924,Immeuble pour investissement à la marsa plage,"Rbz immobilier vous propose la vente d'un immeuble de haut standing d'une superficie couverte de 320m2 en plein cœur de la marsa plage proche de toutes les commodités( centre commercialzephyr , banques , restaurants,  hotels ...). Il est composé de 3 bureaux plus un grand commerce sur 2 niveaux avec une vue dégagée sur mer .cet immeuble est actuellement loué pour 120mdt par mois avec la possibilité de faire une augmentation de loyer et faire une transformation et reamenagement..

Prix : sur demande",,320.0,Immeuble de bureaux,officeBuilding,sale,agency,5206,https://www.mubawab-media.com/ad/8/090/699F/h/1000152580_79904973.avif,"[""https://www.mubawab-media.com/ad/8/090/699F/h/1000152580_79904973.avif"", ""https://www.mubawab-media.com/ad/8/090/699F/h/1000148028_79756703.avif"", ""https://www.mubawab-media.com/ad/8/090/699F/h/1000148029_79756704.avif"", ""https://www.mubawab-media.com/ad/8/090/699F/h/1000152582_79904974.avif"", ""https://www.mubawab-media.com/ad/8/090/699F/h/1000152581_79904975.avif"", ""https://www.mubawab-media.com/ad/8/090/699F/h/1000152595_79904976.avif""]","[{""url"": ""https://www.mubawab-media.com/ad/8/090/699F/h/1000152580_79904973.avif"", ""sourceId"": 5, ""adUrl"": ""https://www.mubawab.tn/fr/a/8090699/immeuble-pour-investissement-%C3%A0-la-marsa-plage""}, {""url"": ""https://www.mubawab-media.com/ad/8/090/699F/h/1000148028_79756703.avif"", ""sourceId"": 5, ""adUrl"": ""https://www.mubawab.tn/fr/a/8090699/immeuble-pour-investissement-%C3%A0-la-marsa-plage""}, {""url"": ""https://www.mubawab-media.com/ad/8/090/699F/h/1000148029_79756704.avif"", ""sourceId"": 5, ""adUrl"": ""https://www.mubawab.tn/fr/a/8090699/immeuble-pour-investissement-%C3%A0-la-marsa-plage""}, {""url"": ""https://www.mubawab-media.com/ad/8/090/699F/h/1000152582_79904974.avif"", ""sourceId"": 5, ""adUrl"": ""https://www.mubawab.tn/fr/a/8090699/immeuble-pour-investissement-%C3%A0-la-marsa-plage""}, {""url"": ""https://www.mubawab-media.com/ad/8/090/699F/h/1000152581_79904975.avif"", ""sourceId"": 5, ""adUrl"": ""https://www.mubawab.tn/fr/a/8090699/immeuble-pour-investissement-%C3%A0-la-marsa-plage""}, {""url"": ""https://www.mubawab-media.com/ad/8/090/699F/h/1000152595_79904976.avif"", ""sourceId"": 5, ""adUrl"": ""https://www.mubawab.tn/fr/a/8090699/immeuble-pour-investissement-%C3%A0-la-marsa-plage""}]","[{""sourceId"": 5, ""url"": ""https://www.mubawab.tn/fr/a/8090699/immeuble-pour-investissement-%C3%A0-la-marsa-plage"", ""price"": null, ""sellerType"": ""agency"", ""lastModified"": ""2026-01-25 08:01:34""}]","[{""sellerType"": ""agency"", ""contactName"": ""RBZ Immobilier"", ""active"": true}]",1,1,1,1,1,1,[],2025-02-09 17:45:10,2025-02-09 17:45:10,2026-01-25 08:01:34,2025-02-09 17:45:10,1,2026-02-07 13:30:52
1239808,Ariana cité ennozha vnt petit immeuble,"ariana,cité ennozha, vente dun petit immeuble neuf (3 maisons) 
 
ketata immo, vous propose à la  vente un petit immeuble, nouvelle construction dans un très bon standing, édifié sur un terrain de 430 m2. 
 
l'immeuble  est composée de trois appartements en s+3, 
dans chaque étage il y a un appartement en s+3. 
 
chaque étage a ses propres compteurs de steg, sonede, onas 
 
le couvert est de 600 m2 (200*3). 
 
l'appartement du rdc dispose d'un jardin, d'un abri  pour deux voitures et d'un studio. 
la vente est totale on vend pas au détail. 
 
le prix global est : 1 milliard 300.000 dt 
 
pour visite veuillez contacter lagence , le conseiller mr ketata chafik au <a type=""phone"">+21656XXXXXX</a>",1000000.0,600.0,Immeuble de bureaux,officeBuilding,sale,agency,301,http://tunisie-annonce.com/upload2/202507/tunisie-annonce.com/photos/733331_20250722_100243.jpg,"[""https://server.bigdatis.com/api/properties/image/289907585"", ""https://server.bigdatis.com/api/properties/image/289907586"", ""https://server.bigdatis.com/api/properties/image/289907587"", ""https://server.bigdatis.com/api/properties/image/289907588"", ""https://server.bigdatis.com/api/properties/image/289907589""]","[{""url"": ""https://server.bigdatis.com/api/properties/image/289907585"", ""sourceId"": 1, ""adUrl"": ""http://www.tunisie-annonce.com/DetailsAnnonceImmobilier.asp?cod_ann=3415264""}, {""url"": ""https://server.bigdatis.com/api/properties/image/289907586"", ""sourceId"": 1, ""adUrl"": ""http://www.tunisie-annonce.com/DetailsAnnonceImmobilier.asp?cod_ann=3415264""}, {""url"": ""https://server.bigdatis.com/api/properties/image/289907587"", ""sourceId"": 1, ""adUrl"": ""http://www.tunisie-annonce.com/DetailsAnnonceImmobilier.asp?cod_ann=3415264""}, {""url"": ""https://server.bigdatis.com/api/properties/image/289907588"", ""sourceId"": 1, ""adUrl"": ""http://www.tunisie-annonce.com/DetailsAnnonceImmobilier.asp?cod_ann=3415264""}, {""url"": ""https://server.bigdatis.com/api/properties/image/289907589"", ""sourceId"": 1, ""adUrl"": ""http://www.tunisie-annonce.com/DetailsAnnonceImmobilier.asp?cod_ann=3415264""}]","[{""sourceId"": 1, ""url"": ""http://www.tunisie-annonce.com/DetailsAnnonceImmobilier.asp?cod_ann=3415264"", ""price"": 1000000, ""sellerType"": ""agency"", ""lastModified"": ""2026-01-25 00:00:00""}]","[{""sellerType"": ""agency"", ""contactName"": null, ""active"": true}]",1,1,1,1,1,1,[],2025-07-22 09:15:28,2025-07-22 09:15:27,2026-01-25 00:00:00,2025-11-20 00:00:00,1,2026-02-07 13:30:54
1227329,Immeuble pour investissement au centre ville,"Rbz immobilier vous propose la vente d'un immeuble trés bien entretenu pour investissement actuellement loué, en plein coeur du centre ville . Cet immeuble est composé dun sous sol plus 8 étages totalement loué pour une société . Il ya 5678m2 couvert sur un terrain de 600m2 avec 56 places de parking au sous sol.

Prix : sur demande",,5678.0,Immeuble de bureaux,officeBuilding,sale,agency,5197,56030/28015180_6d64b2a6f460e001.jpg,"[""https://www.mubawab-media.com/ad/8/279/819F/h/1000187402_81714396.avif""]","[{""url"": ""https://www.mubawab-media.com/ad/8/279/819F/h/1000187402_81714396.avif"", ""sourceId"": 5, ""adUrl"": ""https://www.mubawab.tn/fr/a/8279819/immeuble-pour-investissement-au-centre-ville""}]","[{""sourceId"": 5, ""url"": ""https://www.mubawab.tn/fr/a/8279819/immeuble-pour-investissement-au-centre-ville"", ""price"": null, ""sellerType"": ""agency"", ""lastModified"": ""2026-01-24 23:19:41""}]","[{""sellerType"": ""agency"", ""contactName"": ""RBZ Immobilier"", ""active"": true}]",1,1,1,1,1,1,[],2026-01-03 12:15:53,2026-01-03 12:15:41,2026-01-24 23:19:41,2026-01-03 12:15:41,1,2026-02-07 13:30:56
1141986,Immeuble à Vendre Cité Ennasr 2,"À vendre – Immeuble de très haut standing avec ascenseur privatif – Cité Ennasr 2

DS Reality vous propose à la vente un immeuble d’exception situé dans un emplacement stratégique et recherché à Cité Ennasr 2, bénéficiant d’une architecture moderne, d’un confort haut de gamme et de prestations rares sur le marché.

L’immeuble se compose d’un triplex indépendant avec ascenseur intégré, ainsi que de deux appartements spacieux, tous climatisés et chauffés.

Note importante : l’acheteur a la possibilité de séparer chaque logement. Ainsi, il peut disposer d’un triplex indépendant et de deux appartements autonomes, selon ses besoins.

Détails du Triplex :

Sous-sol (159 m²) :

-Salle d’eau pour les invités, hall d’entrée, 2 chambres aménageables en bureaux ou chambres de service, local technique, et 3 grandes chambres.

-Accès direct au parking avec 4 places privées et bâche à eau.

Rez-de-chaussée (120 m²) :

-Grand salon lumineux, salle d’eau invités, cuisine équipée avec séchoir, vaste terrasse, garage privatif et petit jardin arboré.

1er étage (269 m²) :

-3 suites parentales avec balcons, kitchenette, séchoir et grande terrasse.

-Ce niveau est connecté à un appartement attenant, formant un duplex avec le rez-de-chaussée.

Appartement attenant (1er étage)

-Ce logement spacieux comprend :

-3 suites,

-Salon,

-Salle d’eau invités,

-Salle de bain commune,

-Salle de bain avec douche à l’italienne.

Dernier appartement – 2ᵉ étage (167 m²)

-Accès indépendant (avec liaison directe via l’ascenseur privatif).

Il comprend :

-3 suites,

-Grand salon,

-Salle de bain commune,

-2 balcons,

-Séchoir,

-Possibilité de réintégrer la cuisine selon les besoins.

Équipements et prestations :

-Ascenseur privatif desservant tous les niveaux

-Système de climatisation en Split dans tout l’immeuble

-Chauffage central

-4 places de parking

-Bâche à eau

Emplacement premium au cœur de Cité Ennasr 2, à proximité immédiate des commerces, écoles, cliniques et axes principaux.

Un bien idéal pour une grande famille, un investissement locatif ou un siège d’entreprise haut standing, avec flexibilité pour séparer le triplex et les appartements.

Contactez DS Reality pour plus d’informations ou pour organiser une visite privée.",2200000.0,269.0,Immeuble de bureaux,officeBuilding,sale,agency,300,https://www.mubawab-media.com/ad/8/232/744F/h/thumb_1182909_property_large_81208690.avif,"[""https://www.mubawab-media.com/ad/8/232/744F/h/thumb_1182909_property_large_81208690.avif"", ""https://www.mubawab-media.com/ad/8/232/744F/h/thumb_1182885_property_large_81208691.avif"", ""https://www.mubawab-media.com/ad/8/232/744F/h/thumb_1182910_property_large_81208692.avif"", ""https://www.mubawab-media.com/ad/8/232/744F/h/thumb_1182924_property_large_81208693.avif"", ""https://www.mubawab-media.com/ad/8/232/744F/h/thumb_1182888_property_large_81208694.avif"", ""https://www.mubawab-media.com/ad/8/232/744F/h/thumb_1182889_property_large_81208695.avif"", ""https://www.mubawab-media.com/ad/8/232/744F/h/thumb_1182890_property_large_81208696.avif"", ""https://www.mubawab-media.com/ad/8/232/744F/h/thumb_1182891_property_large_81208697.avif"", ""https://www.mubawab-media.com/ad/8/232/744F/h/thumb_1182892_property_large_81208698.avif"", ""https://www.mubawab-media.com/ad/8/232/744F/h/thumb_1182893_property_large_81208699.avif"", ""https://www.mubawab-media.com/ad/8/232/744F/h/thumb_1182894_property_large_81208700.avif"", ""https://www.mubawab-media.com/ad/8/232/744F/h/thumb_1182895_property_large_81208701.avif"", ""https://www.mubawab-media.com/ad/8/232/744F/h/thumb_1182887_property_large_81208702.avif"", ""https://www.mubawab-media.com/ad/8/232/744F/h/thumb_1182886_property_large_81208703.avif"", ""https://www.mubawab-media.com/ad/8/232/744F/h/thumb_1182880_property_large_81208704.avif""]","[{""url"": ""https://www.mubawab-media.com/ad/8/232/744F/h/thumb_1182909_property_large_81208690.avif"", ""sourceId"": 5, ""adUrl"": ""https://www.mubawab.tn/fr/a/8232744/immeuble-%C3%A0-vendre-cit%C3%A9-ennasr-2""}, {""url"": ""https://www.mubawab-media.com/ad/8/232/744F/h/thumb_1182885_property_large_81208691.avif"", ""sourceId"": 5, ""adUrl"": ""https://www.mubawab.tn/fr/a/8232744/immeuble-%C3%A0-vendre-cit%C3%A9-ennasr-2""}, {""url"": ""https://www.mubawab-media.com/ad/8/232/744F/h/thumb_1182910_property_large_81208692.avif"", ""sourceId"": 5, ""adUrl"": ""https://www.mubawab.tn/fr/a/8232744/immeuble-%C3%A0-vendre-cit%C3%A9-ennasr-2""}, {""url"": ""https://www.mubawab-media.com/ad/8/232/744F/h/thumb_1182924_property_large_81208693.avif"", ""sourceId"": 5, ""adUrl"": ""https://www.mubawab.tn/fr/a/8232744/immeuble-%C3%A0-vendre-cit%C3%A9-ennasr-2""}, {""url"": ""https://www.mubawab-media.com/ad/8/232/744F/h/thumb_1182888_property_large_81208694.avif"", ""sourceId"": 5, ""adUrl"": ""https://www.mubawab.tn/fr/a/8232744/immeuble-%C3%A0-vendre-cit%C3%A9-ennasr-2""}, {""url"": ""https://www.mubawab-media.com/ad/8/232/744F/h/thumb_1182889_property_large_81208695.avif"", ""sourceId"": 5, ""adUrl"": ""https://www.mubawab.tn/fr/a/8232744/immeuble-%C3%A0-vendre-cit%C3%A9-ennasr-2""}, {""url"": ""https://www.mubawab-media.com/ad/8/232/744F/h/thumb_1182890_property_large_81208696.avif"", ""sourceId"": 5, ""adUrl"": ""https://www.mubawab.tn/fr/a/8232744/immeuble-%C3%A0-vendre-cit%C3%A9-ennasr-2""}, {""url"": ""https://www.mubawab-media.com/ad/8/232/744F/h/thumb_1182891_property_large_81208697.avif"", ""sourceId"": 5, ""adUrl"": ""https://www.mubawab.tn/fr/a/8232744/immeuble-%C3%A0-vendre-cit%C3%A9-ennasr-2""}, {""url"": ""https://www.mubawab-media.com/ad/8/232/744F/h/thumb_1182892_property_large_81208698.avif"", ""sourceId"": 5, ""adUrl"": ""https://www.mubawab.tn/fr/a/8232744/immeuble-%C3%A0-vendre-cit%C3%A9-ennasr-2""}, {""url"": ""https://www.mubawab-media.com/ad/8/232/744F/h/thumb_1182893_property_large_81208699.avif"", ""sourceId"": 5, ""adUrl"": ""https://www.mubawab.tn/fr/a/8232744/immeuble-%C3%A0-vendre-cit%C3%A9-ennasr-2""}, {""url"": ""https://www.mubawab-media.com/ad/8/232/744F/h/thumb_1182894_property_large_81208700.avif"", ""sourceId"": 5, ""adUrl"": ""https://www.mubawab.tn/fr/a/8232744/immeuble-%C3%A0-vendre-cit%C3%A9-ennasr-2""}, {""url"": ""https://www.mubawab-media.com/ad/8/232/744F/h/thumb_1182895_property_large_81208701.avif"", ""sourceId"": 5, ""adUrl"": ""https://www.mubawab.tn/fr/a/8232744/immeuble-%C3%A0-vendre-cit%C3%A9-ennasr-2""}, {""url"": ""https://www.mubawab-media.com/ad/8/232/744F/h/thumb_1182887_property_large_81208702.avif"", ""sourceId"": 5, ""adUrl"": ""https://www.mubawab.tn/fr/a/8232744/immeuble-%C3%A0-vendre-cit%C3%A9-ennasr-2""}, {""url"": ""https://www.mubawab-media.com/ad/8/232/744F/h/thumb_1182886_property_large_81208703.avif"", ""sourceId"": 5, ""adUrl"": ""https://www.mubawab.tn/fr/a/8232744/immeuble-%C3%A0-vendre-cit%C3%A9-ennasr-2""}, {""url"": ""https://www.mubawab-media.com/ad/8/232/744F/h/thumb_1182880_property_large_81208704.avif"", ""sourceId"": 5, ""adUrl"": ""https://www.mubawab.tn/fr/a/8232744/immeuble-%C3%A0-vendre-cit%C3%A9-ennasr-2""}]","[{""sourceId"": 5, ""url"": ""https://www.mubawab.tn/fr/a/8232744/immeuble-%C3%A0-vendre-cit%C3%A9-ennasr-2"", ""price"": 2200000, ""sellerType"": ""agency"", ""lastModified"": ""2026-01-24 22:14:52""}]","[{""sellerType"": ""agency"", ""contactName"": ""DS REALITY"", ""active"": true}]",1,1,1,1,1,1,[],2025-10-10 18:30:26,2025-10-10 18:30:20,2026-01-24 22:14:52,2025-10-10 18:30:20,1,2026-02-07 13:30:58
967968,Immeuble de 3 000 m² à Lac 3,Immeuble moderne à usage polyvalent – Environ 3 000 m² sur un terrain de 1 661 m² Bâtiment récent réparti sur plusieurs niveaux idéal pour des bureaux un showroom une salle événementielle ou un centre de formation. Rez-de-chaussée (700 m²) Espace à double hauteur Préinstallations pour les réseaux l’audiovisuel et la vidéosurveillance 6 climatiseurs York Sanitaires hommes/femmes Kitchenette Bureau de direction indépendant Mezzanine avant (71 m²) Bureau de direction avec vue panoramique sur le rez-de-chaussée Mezzanine arrière (96 m²) Accès indépendant Sanitaires et kitchenette Deux étages (700 m² chacun) Préinstallations réseaux 4 climatiseurs York par étage Sanitaires kitchenette bureau de direction Sous-sol (700 m²) Capacité de stationnement pour 20 véhicules Espace d’archivage Loge gardien (40 m²) Avec kitchenette et sanitaires Extérieur et équipements supplémentaires 15 places de parking aménagées Double ascenseur Système de sécurité incendie caméras de surveillance et alarme Quai de chargement/déchargement Possibilité d’installation d’un monte-charge,,1661.0,Immeuble de bureaux,officeBuilding,sale,agency,5202,https://www.mubawab-media.com/ad/8/122/814F/h/thumb_1064215_property_large_80074525.avif,"[""https://www.mubawab-media.com/ad/8/122/814F/h/thumb_1064215_property_large_80074525.avif"", ""https://www.mubawab-media.com/ad/8/122/814F/h/thumb_1064203_property_large_80074526.avif"", ""https://www.mubawab-media.com/ad/8/122/814F/h/thumb_1064208_property_large_80074527.avif"", ""https://www.mubawab-media.com/ad/8/122/814F/h/thumb_1064210_property_large_80074528.avif"", ""https://www.mubawab-media.com/ad/8/122/814F/h/thumb_1064207_property_large_80074529.avif"", ""https://www.mubawab-media.com/ad/8/122/814F/h/thumb_1064217_property_large_80074530.avif"", ""https://www.mubawab-media.com/ad/8/122/814F/h/thumb_1064212_property_large_80074531.avif"", ""https://www.mubawab-media.com/ad/8/122/814F/h/thumb_1064221_property_large_80074532.avif"", ""https://www.mubawab-media.com/ad/8/122/814F/h/thumb_1064218_property_large_80074533.avif"", ""https://www.mubawab-media.com/ad/8/122/814F/h/thumb_1064205_property_large_80074534.avif"", ""https://www.mubawab-media.com/ad/8/122/814F/h/thumb_1064213_property_large_80074536.avif"", ""https://www.mubawab-media.com/ad/8/122/814F/h/thumb_1064214_property_large_80074537.avif"", ""https://www.mubawab-media.com/ad/8/122/814F/h/thumb_1064219_property_large_80074539.avif"", ""https://www.mubawab-media.com/ad/8/138/833F/h/thumb_1085987_property_xlarge_80237050.avif"", ""https://www.mubawab-media.com/ad/8/138/833F/h/thumb_1085986_property_xlarge_80237052.avif"", ""https://www.mubawab-media.com/ad/8/138/833F/h/thumb_1085988_property_xlarge_80237053.avif""]","[{""url"": ""https://www.mubawab-media.com/ad/8/122/814F/h/thumb_1064215_property_large_80074525.avif"", ""sourceId"": 5, ""adUrl"": ""https://www.mubawab.tn/fr/a/8122814/immeuble-de-3-000-m%C2%B2-%C3%A0-lac-3""}, {""url"": ""https://www.mubawab-media.com/ad/8/122/814F/h/thumb_1064203_property_large_80074526.avif"", ""sourceId"": 5, ""adUrl"": ""https://www.mubawab.tn/fr/a/8122814/immeuble-de-3-000-m%C2%B2-%C3%A0-lac-3""}, {""url"": ""https://www.mubawab-media.com/ad/8/122/814F/h/thumb_1064208_property_large_80074527.avif"", ""sourceId"": 5, ""adUrl"": ""https://www.mubawab.tn/fr/a/8122814/immeuble-de-3-000-m%C2%B2-%C3%A0-lac-3""}, {""url"": ""https://www.mubawab-media.com/ad/8/122/814F/h/thumb_1064210_property_large_80074528.avif"", ""sourceId"": 5, ""adUrl"": ""https://www.mubawab.tn/fr/a/8122814/immeuble-de-3-000-m%C2%B2-%C3%A0-lac-3""}, {""url"": ""https://www.mubawab-media.com/ad/8/122/814F/h/thumb_1064207_property_large_80074529.avif"", ""sourceId"": 5, ""adUrl"": ""https://www.mubawab.tn/fr/a/8122814/immeuble-de-3-000-m%C2%B2-%C3%A0-lac-3""}, {""url"": ""https://www.mubawab-media.com/ad/8/122/814F/h/thumb_1064217_property_large_80074530.avif"", ""sourceId"": 5, ""adUrl"": ""https://www.mubawab.tn/fr/a/8122814/immeuble-de-3-000-m%C2%B2-%C3%A0-lac-3""}, {""url"": ""https://www.mubawab-media.com/ad/8/122/814F/h/thumb_1064212_property_large_80074531.avif"", ""sourceId"": 5, ""adUrl"": ""https://www.mubawab.tn/fr/a/8122814/immeuble-de-3-000-m%C2%B2-%C3%A0-lac-3""}, {""url"": ""https://www.mubawab-media.com/ad/8/122/814F/h/thumb_1064221_property_large_80074532.avif"", ""sourceId"": 5, ""adUrl"": ""https://www.mubawab.tn/fr/a/8122814/immeuble-de-3-000-m%C2%B2-%C3%A0-lac-3""}, {""url"": ""https://www.mubawab-media.com/ad/8/122/814F/h/thumb_1064218_property_large_80074533.avif"", ""sourceId"": 5, ""adUrl"": ""https://www.mubawab.tn/fr/a/8122814/immeuble-de-3-000-m%C2%B2-%C3%A0-lac-3""}, {""url"": ""https://www.mubawab-media.com/ad/8/122/814F/h/thumb_1064205_property_large_80074534.avif"", ""sourceId"": 5, ""adUrl"": ""https://www.mubawab.tn/fr/a/8122814/immeuble-de-3-000-m%C2%B2-%C3%A0-lac-3""}, {""url"": ""https://www.mubawab-media.com/ad/8/122/814F/h/thumb_1064213_property_large_80074536.avif"", ""sourceId"": 5, ""adUrl"": ""https://www.mubawab.tn/fr/a/8122814/immeuble-de-3-000-m%C2%B2-%C3%A0-lac-3""}, {""url"": ""https://www.mubawab-media.com/ad/8/122/814F/h/thumb_1064214_property_large_80074537.avif"", ""sourceId"": 5, ""adUrl"": ""https://www.mubawab.tn/fr/a/8122814/immeuble-de-3-000-m%C2%B2-%C3%A0-lac-3""}, {""url"": ""https://www.mubawab-media.com/ad/8/122/814F/h/thumb_1064219_property_large_80074539.avif"", ""sourceId"": 5, ""adUrl"": ""https://www.mubawab.tn/fr/a/8122814/immeuble-de-3-000-m%C2%B2-%C3%A0-lac-3""}, {""url"": ""https://www.mubawab-media.com/ad/8/138/833F/h/thumb_1085987_property_xlarge_80237050.avif"", ""sourceId"": 5, ""adUrl"": ""https://www.mubawab.tn/fr/a/8138833/%C3%A0-vendre-%E2%80%93-immeuble-moderne-au-lac-3""}, {""url"": ""https://www.mubawab-media.com/ad/8/138/833F/h/thumb_1085986_property_xlarge_80237052.avif"", ""sourceId"": 5, ""adUrl"": ""https://www.mubawab.tn/fr/a/8138833/%C3%A0-vendre-%E2%80%93-immeuble-moderne-au-lac-3""}, {""url"": ""https://www.mubawab-media.com/ad/8/138/833F/h/thumb_1085988_property_xlarge_80237053.avif"", ""sourceId"": 5, ""adUrl"": ""https://www.mubawab.tn/fr/a/8138833/%C3%A0-vendre-%E2%80%93-immeuble-moderne-au-lac-3""}]","[{""sourceId"": 5, ""url"": ""https://www.mubawab.tn/fr/a/8122814/immeuble-de-3-000-m%C2%B2-%C3%A0-lac-3"", ""price"": null, ""sellerType"": ""agency"", ""lastModified"": ""2026-01-24 21:53:30""}]","[{""sellerType"": ""agency"", ""contactName"": ""MI LOG IMMO"", ""active"": true}, {""sellerType"": ""agency"", ""contactName"": ""AR Immo"", ""active"": true}]",1,1,2,2,3,2,[],2025-04-11 18:00:35,2025-04-11 17:57:01,2026-01-24 21:53:30,2025-04-11 17:57:01,1,2026-02-07 13:31:00
853638,A Vendre immeuble R3 à Tunis centre ville,"Zephyr immo vous propose à la vente un immeuble au centre-ville Tunis cet immeuble est entièrement loué, idéal pour un investissement avec un bon rendement locatif. 

- Un rez-de-chaussée plus trois étages 

- Usage bureautique, Investissement idéal pour (bureaux, école, formation, université, centre d’appel, groupement de sociétés, hôtel appart suites/kitchenettes etc.) 

- Chaque appartement fait une surface approximative de 80m² 

- Chaque niveau comprend 2 appartements à usage de bureaux 

- Chaque appartement S3 avec hall, kitchenette, et 01 toilette 

- Complètement rénové (Fenêtres, Aluminium, portes bois noble, volets électriques, camera de sécurité, Interphones dans chaque appartement). 

- Au rez de chaussée, un local commercial, un appartement S3, et une petite chambre sous l’escalier pour gardien. 

- Possibilité d’un 4éme niveau",,80.0,Immeuble de bureaux,officeBuilding,sale,agency,5201,https://www.mubawab-media.com/ad/8/035/299F/h/thumb_948367_property_large_79211057.avif,"[""https://www.mubawab-media.com/ad/8/035/299F/h/thumb_948367_property_large_79211057.avif""]","[{""url"": ""https://www.mubawab-media.com/ad/8/035/299F/h/thumb_948367_property_large_79211057.avif"", ""sourceId"": 5, ""adUrl"": ""https://www.mubawab.tn/fr/a/8035299/a-vendre-immeuble-r3-%C3%A0-tunis-centre-ville""}]","[{""sourceId"": 5, ""url"": ""https://www.mubawab.tn/fr/a/8035299/a-vendre-immeuble-r3-%C3%A0-tunis-centre-ville"", ""price"": null, ""sellerType"": ""agency"", ""lastModified"": ""2026-01-24 21:48:32""}]","[{""sellerType"": ""agency"", ""contactName"": ""Zephyr Immo"", ""active"": true}]",1,1,1,1,1,1,[],2024-11-13 11:30:18,2024-11-13 11:30:18,2026-01-24 21:48:32,2024-11-13 11:30:18,1,2026-02-07 13:31:02
1239383,Immeuble invest trixie à belle vue tunis,"un immeuble pour investissement situé dans un bon quartier à cité el ouardia, belle vue, tunis. au rdc, on a deux grands locaux. au 1 er étage, on trouve 4 appartements pour usage bureautique.  de même au 2 éme étage. pour plus de renseignements, veuillez contacter l'agent sur le <a type=""phone"">+21650XXXXXX</a>.",2100000.0,2000.0,Immeuble de bureaux,officeBuilding,sale,agency,4908,56111/28055938_8f1e8da9892daf2f.jpg,"[""https://server.bigdatis.com/api/properties/image/321032641""]","[{""url"": ""https://server.bigdatis.com/api/properties/image/321032641"", ""sourceId"": 1, ""adUrl"": ""http://www.tunisie-annonce.com/DetailsAnnonceImmobilier.asp?cod_ann=3447617""}]","[{""sourceId"": 1, ""url"": ""http://www.tunisie-annonce.com/DetailsAnnonceImmobilier.asp?cod_ann=3447617"", ""price"": 2100000, ""sellerType"": ""agency"", ""lastModified"": ""2026-01-24 00:00:00""}]","[{""sellerType"": ""agency"", ""contactName"": ""HOME SWEET HOME"", ""active"": true}]",1,1,1,1,1,1,[],2026-01-24 10:45:05,2026-01-24 00:00:00,2026-01-24 00:00:00,2026-01-24 00:00:00,1,2026-02-07 13:31:04
1238980,🏢Immeuble En Vente à Bouhsina Sousse,"🏢A vendre, un immeuble situé à proximité immédiate de tous les commodités & transports en plein centre-ville, Bouhsina Sousse, un emplacement stratégique bénéficiant d’une forte visibilité et d’un passage fréquent.
L’immeuble avec deux façades, est bâti sur un terrain de 500 m² et répartie sur trois niveaux — rez-de-chaussée & deux étages 
Il se compose de six appartements de type S+2.
Le bâtiment est équipé d’un système de climatisation et de chauffage centralisé.
Ce bien avec titre individuel, représente une opportunité d’investissement locatif sûre et pérenne.
📑Le plan et le dossier juridique complet sont disponibles au sein de notre agence pour toute consultation.

☎Pour plus d'informations ou organiser une visite merci de nous contacter par téléphone ou WhatsApp: 
📲(+216)<a type=""phone"">+21650XXXXXX</a> / <a type=""phone"">+21655XXXXXX</a> / <a type=""phone"">+21694XXXXXX</a>",891000.0,500.0,Immeuble de bureaux,officeBuilding,sale,agency,5306,56111/28055528_002b7e11354103c3.jpg,"[""https://www.affare.tn/image/01_2026_0f681c74.JPG"", ""https://www.affare.tn/image/01_2026_2d8b699b.JPG"", ""https://www.affare.tn/image/01_2026_f905817e.JPG"", ""https://www.affare.tn/image/01_2026_d63659a5.JPG"", ""https://img.cava.tn/cava/items/4e2b3594-494c-4465-b93b-d555bc814284/1769158252247.webp""]","[{""url"": ""https://www.affare.tn/image/01_2026_0f681c74.JPG"", ""sourceId"": 6, ""adUrl"": ""https://www.affare.tn/annonce/🏢immeuble-en-vente-a-bouhsina-sousse-257231""}, {""url"": ""https://www.affare.tn/image/01_2026_2d8b699b.JPG"", ""sourceId"": 6, ""adUrl"": ""https://www.affare.tn/annonce/🏢immeuble-en-vente-a-bouhsina-sousse-257231""}, {""url"": ""https://www.affare.tn/image/01_2026_f905817e.JPG"", ""sourceId"": 6, ""adUrl"": ""https://www.affare.tn/annonce/🏢immeuble-en-vente-a-bouhsina-sousse-257231""}, {""url"": ""https://www.affare.tn/image/01_2026_d63659a5.JPG"", ""sourceId"": 6, ""adUrl"": ""https://www.affare.tn/annonce/🏢immeuble-en-vente-a-bouhsina-sousse-257231""}, {""url"": ""https://img.cava.tn/cava/items/4e2b3594-494c-4465-b93b-d555bc814284/1769158252247.webp"", ""sourceId"": 7, ""adUrl"": ""https://www.cava.tn/immobilier/immeuble-en-vente-bouhsina-sousse-980320""}]","[{""sourceId"": 6, ""url"": ""https://www.affare.tn/annonce/🏢immeuble-en-vente-a-bouhsina-sousse-257231"", ""price"": 891000, ""sellerType"": ""agency"", ""lastModified"": ""2026-01-23 21:51:22""}, {""sourceId"": 7, ""url"": ""https://www.cava.tn/immobilier/immeuble-en-vente-bouhsina-sousse-980320"", ""price"": 891000, ""sellerType"": ""agency"", ""lastModified"": ""2026-01-23 09:07:37""}]","[{""sellerType"": ""agency"", ""contactName"": ""STE IMMO H.S"", ""active"": true}]",2,2,1,1,2,2,[],2026-01-23 10:15:55,2026-01-23 09:07:37,2026-01-23 21:51:22,2026-01-23 09:07:37,1,2026-02-07 13:31:06
753635,Immeuble A vendre au centre ville,"Opportunité Exceptionnelle : Immeuble en Plein Cœur du Centre-Ville Tunis 

""MOETAZ IMMOBILIÈRE "" vous propose une occasion unique d'acquérir un immeuble situé au cœur du centre-ville. Cet immeuble, classé en R3 avec RDC Commercial , offre un potentiel incroyable pour divers projets et investissements.

Pour plus d'informations ou pour organiser une visite, n'hésitez pas à nous contacter",,760.0,Immeuble de bureaux,officeBuilding,sale,agency,5201,56110/28055453_07232b2b6b2b2b1b.jpg,"[""https://www.mubawab-media.com/ad/6/593/841F/h/no-name-x-143181-1.avif""]","[{""url"": ""https://www.mubawab-media.com/ad/6/593/841F/h/no-name-x-143181-1.avif"", ""sourceId"": 5, ""adUrl"": ""https://www.mubawab.tn/fr/a/6593841/immeuble-a-vendre-au-centre-ville""}]","[{""sourceId"": 5, ""url"": ""https://www.mubawab.tn/fr/a/6593841/immeuble-a-vendre-au-centre-ville"", ""price"": null, ""sellerType"": ""agency"", ""lastModified"": ""2026-01-23 21:18:19""}]","[{""sellerType"": ""agency"", ""contactName"": ""Moataz Immobilière"", ""active"": true}]",1,1,1,1,1,1,[],2022-01-06 18:57:11,2022-01-06 18:57:11,2026-01-23 21:18:19,2022-01-06 18:57:11,1,2026-02-07 13:31:13
1001395,Immeuble R2 à usage bureautique aux Lac2,"Cet Immeuble R2 récemment construit se situe en plein cœur d'une altère principale et administrative au Berges du Lac 2 . il dispose les caractéristiques suivantes : 710m² de surfaces réparties sur deux étages indépendant toutes les vitres sont doubles vitrage, un ascenseur ou accessible avec des escaliers. Il est orienté pleins sud. Il est agencé d'un Open Space ainsi qu'avec des bureaux dans chaque étage. L'immeuble possède une terrasse ainsi que six points d'eau. Il est également équipé de fibre optique de chauffages central et des climatiseurs. Il dispose de deux places de parkings. Les plans et les photos se font sur demande (le m² est à 260dt)",184600.0,710.0,Immeuble de bureaux,officeBuilding,sale,agency,5199,https://www.mubawab-media.com/ad/8/139/283F/h/064c743b-1300-495c-8afd-320722499100_1_80241778.avif,"[""https://www.mubawab-media.com/ad/8/139/283F/h/064c743b-1300-495c-8afd-320722499100_1_80241778.avif"", ""https://www.mubawab-media.com/ad/8/139/283F/h/d489db1f-8eb3-45ea-8b72-dcdb3ed1513a_2_80241779.avif"", ""https://www.mubawab-media.com/ad/8/139/283F/h/8cd00076-70f9-4761-a273-410ae3a200b4_3_80241780.avif"", ""https://www.mubawab-media.com/ad/8/139/283F/h/8f8370a4-650f-4364-bde6-993152e5b9a5_4_80241781.avif""]","[{""url"": ""https://www.mubawab-media.com/ad/8/139/283F/h/064c743b-1300-495c-8afd-320722499100_1_80241778.avif"", ""sourceId"": 5, ""adUrl"": ""https://www.mubawab.tn/fr/a/8139283/immeuble-r2-%C3%A0-usage-bureautique-aux-lac2""}, {""url"": ""https://www.mubawab-media.com/ad/8/139/283F/h/d489db1f-8eb3-45ea-8b72-dcdb3ed1513a_2_80241779.avif"", ""sourceId"": 5, ""adUrl"": ""https://www.mubawab.tn/fr/a/8139283/immeuble-r2-%C3%A0-usage-bureautique-aux-lac2""}, {""url"": ""https://www.mubawab-media.com/ad/8/139/283F/h/8cd00076-70f9-4761-a273-410ae3a200b4_3_80241780.avif"", ""sourceId"": 5, ""adUrl"": ""https://www.mubawab.tn/fr/a/8139283/immeuble-r2-%C3%A0-usage-bureautique-aux-lac2""}, {""url"": ""https://www.mubawab-media.com/ad/8/139/283F/h/8f8370a4-650f-4364-bde6-993152e5b9a5_4_80241781.avif"", ""sourceId"": 5, ""adUrl"": ""https://www.mubawab.tn/fr/a/8139283/immeuble-r2-%C3%A0-usage-bureautique-aux-lac2""}]","[{""sourceId"": 5, ""url"": ""https://www.mubawab.tn/fr/a/8139283/immeuble-r2-%C3%A0-usage-bureautique-aux-lac2"", ""price"": 184600, ""sellerType"": ""agency"", ""lastModified"": ""2026-01-23 15:24:18""}]","[{""sellerType"": ""agency"", ""contactName"": ""La Méditerranée Immobilière les Berges du Lac2"", ""active"": true}]",1,1,1,1,2,1,[],2025-05-09 12:30:40,2025-05-09 12:22:18,2026-01-23 15:24:18,2025-05-09 12:22:18,1,2026-02-07 13:31:16
1001382,Immeuble R2 à usage bureautique aux Lac2,"Cet Immeuble R2 récemment construit se situe en plein cœur d'une altère principale et administrative au Berges du Lac 2 .

il dispose les caractéristiques suivantes : 2000 m² de surfaces réparties sur deux étages indépendant toutes les vitres sont doubles vitrage, un ascenseur ou accessible avec des escaliers. Il est orienté pleins sud.

Il est agencé d'un Open Space ainsi qu'avec des bureaux dans chaque étage.

L'immeuble possède une terrasse ainsi que six points d'eau.

Il est également équipé de fibre optique de chauffages central et des climatiseurs.

Il dispose de deux places de parkings. Les plans et les photos se font sur demande  (le m² est à 260dt)",520000.0,2000.0,Immeuble de bureaux,officeBuilding,sale,agency,5199,https://www.mubawab-media.com/ad/8/139/266F/h/resize-image_80241753.avif,"[""https://www.mubawab-media.com/ad/8/139/266F/h/resize-image_80241753.avif"", ""https://www.mubawab-media.com/ad/8/139/266F/h/7cbe14c4-af02-4806-8f45-96d3b5d0ecc9_8535c2bf-d095-43bc-bfc1-fe0567ffa782_80241754.avif"", ""https://www.mubawab-media.com/ad/8/139/266F/h/ffe9aefd-5b5e-4cb7-b49d-3c1ebf951ba4_2076860c-0fa6-40e7-8179-6e02e4e854f8_80241756.avif"", ""https://www.mubawab-media.com/ad/8/139/266F/h/9e785b20-ab0c-4f43-b6bc-78bd49d17434_3f614f67-ff91-4737-ac5f-75513b803c9b_80241757.avif"", ""https://www.mubawab-media.com/ad/8/139/266F/h/671e69de-3047-4dbe-a6ee-7c48e483c201_5527dd0b-4e7e-4376-93a5-bb449b819189_80241758.avif""]","[{""url"": ""https://www.mubawab-media.com/ad/8/139/266F/h/resize-image_80241753.avif"", ""sourceId"": 5, ""adUrl"": ""https://www.mubawab.tn/fr/a/8139266/immeuble-r2-%C3%A0-usage-bureautique-aux-lac2""}, {""url"": ""https://www.mubawab-media.com/ad/8/139/266F/h/7cbe14c4-af02-4806-8f45-96d3b5d0ecc9_8535c2bf-d095-43bc-bfc1-fe0567ffa782_80241754.avif"", ""sourceId"": 5, ""adUrl"": ""https://www.mubawab.tn/fr/a/8139266/immeuble-r2-%C3%A0-usage-bureautique-aux-lac2""}, {""url"": ""https://www.mubawab-media.com/ad/8/139/266F/h/ffe9aefd-5b5e-4cb7-b49d-3c1ebf951ba4_2076860c-0fa6-40e7-8179-6e02e4e854f8_80241756.avif"", ""sourceId"": 5, ""adUrl"": ""https://www.mubawab.tn/fr/a/8139266/immeuble-r2-%C3%A0-usage-bureautique-aux-lac2""}, {""url"": ""https://www.mubawab-media.com/ad/8/139/266F/h/9e785b20-ab0c-4f43-b6bc-78bd49d17434_3f614f67-ff91-4737-ac5f-75513b803c9b_80241757.avif"", ""sourceId"": 5, ""adUrl"": ""https://www.mubawab.tn/fr/a/8139266/immeuble-r2-%C3%A0-usage-bureautique-aux-lac2""}, {""url"": ""https://www.mubawab-media.com/ad/8/139/266F/h/671e69de-3047-4dbe-a6ee-7c48e483c201_5527dd0b-4e7e-4376-93a5-bb449b819189_80241758.avif"", ""sourceId"": 5, ""adUrl"": ""https://www.mubawab.tn/fr/a/8139266/immeuble-r2-%C3%A0-usage-bureautique-aux-lac2""}]","[{""sourceId"": 5, ""url"": ""https://www.mubawab.tn/fr/a/8139266/immeuble-r2-%C3%A0-usage-bureautique-aux-lac2"", ""price"": 520000, ""sellerType"": ""agency"", ""lastModified"": ""2026-01-23 15:24:18""}]","[{""sellerType"": ""agency"", ""contactName"": ""La Méditerranée Immobilière les Berges du Lac2"", ""active"": true}]",1,1,1,1,1,1,[],2025-05-09 12:15:10,2025-05-09 12:15:06,2026-01-23 15:24:18,2025-05-09 12:15:06,1,2026-02-07 13:31:18
1238746,Immeuble situé à Chatt Mariem,"A vendre immeuble situé à Chatt Mariem derrière Stade Jabbes construit sur un terrain de 260m2 :

Titre individuel

composé d'un cave  4 étage

(700 m2 couvert)

cave : 200m2

RDC: 140m2 terrasse 80m2 fini

1em étage : 140m2 inachevé

2em étage : 140m2 inachevé

3em étage : 85m2 fini loft vue panoramique sur mer",940000.0,260.0,Immeuble de bureaux,officeBuilding,sale,private,4439,56106/28053073_b6b632262f2b3f1b.jpg,"[""https://www.mubawab-media.com/ad/8/290/315F/h/WhatsApp%20Image%202026-01-04%20at%2013.05.58%20%281%29_81825689.avif"", ""https://www.mubawab-media.com/ad/8/290/315F/h/WhatsApp%20Image%202026-01-04%20at%2013.05.42%20%281%29_81825690.avif"", ""https://www.mubawab-media.com/ad/8/290/315F/h/WhatsApp%20Image%202026-01-04%20at%2013.05.42%20%282%29_81825691.avif"", ""https://www.mubawab-media.com/ad/8/290/315F/h/WhatsApp%20Image%202026-01-04%20at%2013.05.42%20%283%29_81825692.avif"", ""https://www.mubawab-media.com/ad/8/290/315F/h/WhatsApp%20Image%202026-01-04%20at%2013.05.42%20%284%29_81825693.avif"", ""https://www.mubawab-media.com/ad/8/290/315F/h/WhatsApp%20Image%202026-01-04%20at%2013.05.42%20%285%29_81825694.avif"", ""https://www.mubawab-media.com/ad/8/290/315F/h/WhatsApp%20Image%202026-01-04%20at%2013.05.42%20%286%29_81825695.avif"", ""https://www.mubawab-media.com/ad/8/290/315F/h/WhatsApp%20Image%202026-01-04%20at%2013.05.42%20%287%29_81825696.avif"", ""https://www.mubawab-media.com/ad/8/290/315F/h/WhatsApp%20Image%202026-01-04%20at%2013.05.42%20%288%29_81825697.avif"", ""https://www.mubawab-media.com/ad/8/290/315F/h/WhatsApp%20Image%202026-01-04%20at%2013.05.42%20%289%29_81825698.avif"", ""https://www.mubawab-media.com/ad/8/290/315F/h/WhatsApp%20Image%202026-01-04%20at%2013.05.42%20%2810%29_81825699.avif"", ""https://www.mubawab-media.com/ad/8/290/315F/h/WhatsApp%20Image%202026-01-04%20at%2013.05.42%20%2811%29_81825700.avif"", ""https://www.mubawab-media.com/ad/8/290/315F/h/WhatsApp%20Image%202026-01-04%20at%2013.05.42%20%2812%29_81825701.avif"", ""https://www.mubawab-media.com/ad/8/290/315F/h/WhatsApp%20Image%202026-01-04%20at%2013.05.42%20%2813%29_81825702.avif"", ""https://www.mubawab-media.com/ad/8/290/315F/h/WhatsApp%20Image%202026-01-04%20at%2013.05.42%20%2814%29_81825703.avif"", ""https://www.mubawab-media.com/ad/8/290/315F/h/WhatsApp%20Image%202026-01-04%20at%2013.05.42%20%2815%29_81825704.avif"", ""https://www.mubawab-media.com/ad/8/290/315F/h/WhatsApp%20Image%202026-01-04%20at%2013.05.42%20%2816%29_81825705.avif"", ""https://www.mubawab-media.com/ad/8/290/315F/h/WhatsApp%20Image%202026-01-04%20at%2013.05.42%20%2817%29_81825706.avif"", ""https://www.mubawab-media.com/ad/8/290/315F/h/WhatsApp%20Image%202026-01-04%20at%2013.05.42%20%2818%29_81825707.avif"", ""https://www.mubawab-media.com/ad/8/290/315F/h/WhatsApp%20Image%202026-01-04%20at%2013.05.42%20%2819%29_81825708.avif"", ""https://www.mubawab-media.com/ad/8/290/315F/h/WhatsApp%20Image%202026-01-04%20at%2013.05.42%20%2820%29_81825709.avif"", ""https://www.mubawab-media.com/ad/8/290/315F/h/WhatsApp%20Image%202026-01-04%20at%2013.05.42_81825710.avif"", ""https://www.mubawab-media.com/ad/8/290/315F/h/WhatsApp%20Image%202026-01-04%20at%2013.05.58%20%282%29_81825711.avif"", ""https://www.mubawab-media.com/ad/8/290/315F/h/WhatsApp%20Image%202026-01-04%20at%2013.05.58%20%284%29_81825713.avif"", ""https://www.mubawab-media.com/ad/8/290/315F/h/WhatsApp%20Image%202026-01-04%20at%2013.05.58%20%285%29_81825714.avif"", ""https://www.mubawab-media.com/ad/8/290/315F/h/WhatsApp%20Image%202026-01-04%20at%2013.05.58%20%286%29_81825715.avif"", ""https://www.mubawab-media.com/ad/8/290/315F/h/WhatsApp%20Image%202026-01-04%20at%2013.05.58%20%287%29_81825716.avif"", ""https://www.mubawab-media.com/ad/8/290/315F/h/WhatsApp%20Image%202026-01-04%20at%2013.05.58_81825717.avif""]","[{""url"": ""https://www.mubawab-media.com/ad/8/290/315F/h/WhatsApp%20Image%202026-01-04%20at%2013.05.58%20%281%29_81825689.avif"", ""sourceId"": 5, ""adUrl"": ""https://www.mubawab.tn/fr/a/8290315/immeuble-situ%C3%A9-%C3%A0-chatt-mariem""}, {""url"": ""https://www.mubawab-media.com/ad/8/290/315F/h/WhatsApp%20Image%202026-01-04%20at%2013.05.42%20%281%29_81825690.avif"", ""sourceId"": 5, ""adUrl"": ""https://www.mubawab.tn/fr/a/8290315/immeuble-situ%C3%A9-%C3%A0-chatt-mariem""}, {""url"": ""https://www.mubawab-media.com/ad/8/290/315F/h/WhatsApp%20Image%202026-01-04%20at%2013.05.42%20%282%29_81825691.avif"", ""sourceId"": 5, ""adUrl"": ""https://www.mubawab.tn/fr/a/8290315/immeuble-situ%C3%A9-%C3%A0-chatt-mariem""}, {""url"": ""https://www.mubawab-media.com/ad/8/290/315F/h/WhatsApp%20Image%202026-01-04%20at%2013.05.42%20%283%29_81825692.avif"", ""sourceId"": 5, ""adUrl"": ""https://www.mubawab.tn/fr/a/8290315/immeuble-situ%C3%A9-%C3%A0-chatt-mariem""}, {""url"": ""https://www.mubawab-media.com/ad/8/290/315F/h/WhatsApp%20Image%202026-01-04%20at%2013.05.42%20%284%29_81825693.avif"", ""sourceId"": 5, ""adUrl"": ""https://www.mubawab.tn/fr/a/8290315/immeuble-situ%C3%A9-%C3%A0-chatt-mariem""}, {""url"": ""https://www.mubawab-media.com/ad/8/290/315F/h/WhatsApp%20Image%202026-01-04%20at%2013.05.42%20%285%29_81825694.avif"", ""sourceId"": 5, ""adUrl"": ""https://www.mubawab.tn/fr/a/8290315/immeuble-situ%C3%A9-%C3%A0-chatt-mariem""}, {""url"": ""https://www.mubawab-media.com/ad/8/290/315F/h/WhatsApp%20Image%202026-01-04%20at%2013.05.42%20%286%29_81825695.avif"", ""sourceId"": 5, ""adUrl"": ""https://www.mubawab.tn/fr/a/8290315/immeuble-situ%C3%A9-%C3%A0-chatt-mariem""}, {""url"": ""https://www.mubawab-media.com/ad/8/290/315F/h/WhatsApp%20Image%202026-01-04%20at%2013.05.42%20%287%29_81825696.avif"", ""sourceId"": 5, ""adUrl"": ""https://www.mubawab.tn/fr/a/8290315/immeuble-situ%C3%A9-%C3%A0-chatt-mariem""}, {""url"": ""https://www.mubawab-media.com/ad/8/290/315F/h/WhatsApp%20Image%202026-01-04%20at%2013.05.42%20%288%29_81825697.avif"", ""sourceId"": 5, ""adUrl"": ""https://www.mubawab.tn/fr/a/8290315/immeuble-situ%C3%A9-%C3%A0-chatt-mariem""}, {""url"": ""https://www.mubawab-media.com/ad/8/290/315F/h/WhatsApp%20Image%202026-01-04%20at%2013.05.42%20%289%29_81825698.avif"", ""sourceId"": 5, ""adUrl"": ""https://www.mubawab.tn/fr/a/8290315/immeuble-situ%C3%A9-%C3%A0-chatt-mariem""}, {""url"": ""https://www.mubawab-media.com/ad/8/290/315F/h/WhatsApp%20Image%202026-01-04%20at%2013.05.42%20%2810%29_81825699.avif"", ""sourceId"": 5, ""adUrl"": ""https://www.mubawab.tn/fr/a/8290315/immeuble-situ%C3%A9-%C3%A0-chatt-mariem""}, {""url"": ""https://www.mubawab-media.com/ad/8/290/315F/h/WhatsApp%20Image%202026-01-04%20at%2013.05.42%20%2811%29_81825700.avif"", ""sourceId"": 5, ""adUrl"": ""https://www.mubawab.tn/fr/a/8290315/immeuble-situ%C3%A9-%C3%A0-chatt-mariem""}, {""url"": ""https://www.mubawab-media.com/ad/8/290/315F/h/WhatsApp%20Image%202026-01-04%20at%2013.05.42%20%2812%29_81825701.avif"", ""sourceId"": 5, ""adUrl"": ""https://www.mubawab.tn/fr/a/8290315/immeuble-situ%C3%A9-%C3%A0-chatt-mariem""}, {""url"": ""https://www.mubawab-media.com/ad/8/290/315F/h/WhatsApp%20Image%202026-01-04%20at%2013.05.42%20%2813%29_81825702.avif"", ""sourceId"": 5, ""adUrl"": ""https://www.mubawab.tn/fr/a/8290315/immeuble-situ%C3%A9-%C3%A0-chatt-mariem""}, {""url"": ""https://www.mubawab-media.com/ad/8/290/315F/h/WhatsApp%20Image%202026-01-04%20at%2013.05.42%20%2814%29_81825703.avif"", ""sourceId"": 5, ""adUrl"": ""https://www.mubawab.tn/fr/a/8290315/immeuble-situ%C3%A9-%C3%A0-chatt-mariem""}, {""url"": ""https://www.mubawab-media.com/ad/8/290/315F/h/WhatsApp%20Image%202026-01-04%20at%2013.05.42%20%2815%29_81825704.avif"", ""sourceId"": 5, ""adUrl"": ""https://www.mubawab.tn/fr/a/8290315/immeuble-situ%C3%A9-%C3%A0-chatt-mariem""}, {""url"": ""https://www.mubawab-media.com/ad/8/290/315F/h/WhatsApp%20Image%202026-01-04%20at%2013.05.42%20%2816%29_81825705.avif"", ""sourceId"": 5, ""adUrl"": ""https://www.mubawab.tn/fr/a/8290315/immeuble-situ%C3%A9-%C3%A0-chatt-mariem""}, {""url"": ""https://www.mubawab-media.com/ad/8/290/315F/h/WhatsApp%20Image%202026-01-04%20at%2013.05.42%20%2817%29_81825706.avif"", ""sourceId"": 5, ""adUrl"": ""https://www.mubawab.tn/fr/a/8290315/immeuble-situ%C3%A9-%C3%A0-chatt-mariem""}, {""url"": ""https://www.mubawab-media.com/ad/8/290/315F/h/WhatsApp%20Image%202026-01-04%20at%2013.05.42%20%2818%29_81825707.avif"", ""sourceId"": 5, ""adUrl"": ""https://www.mubawab.tn/fr/a/8290315/immeuble-situ%C3%A9-%C3%A0-chatt-mariem""}, {""url"": ""https://www.mubawab-media.com/ad/8/290/315F/h/WhatsApp%20Image%202026-01-04%20at%2013.05.42%20%2819%29_81825708.avif"", ""sourceId"": 5, ""adUrl"": ""https://www.mubawab.tn/fr/a/8290315/immeuble-situ%C3%A9-%C3%A0-chatt-mariem""}, {""url"": ""https://www.mubawab-media.com/ad/8/290/315F/h/WhatsApp%20Image%202026-01-04%20at%2013.05.42%20%2820%29_81825709.avif"", ""sourceId"": 5, ""adUrl"": ""https://www.mubawab.tn/fr/a/8290315/immeuble-situ%C3%A9-%C3%A0-chatt-mariem""}, {""url"": ""https://www.mubawab-media.com/ad/8/290/315F/h/WhatsApp%20Image%202026-01-04%20at%2013.05.42_81825710.avif"", ""sourceId"": 5, ""adUrl"": ""https://www.mubawab.tn/fr/a/8290315/immeuble-situ%C3%A9-%C3%A0-chatt-mariem""}, {""url"": ""https://www.mubawab-media.com/ad/8/290/315F/h/WhatsApp%20Image%202026-01-04%20at%2013.05.58%20%282%29_81825711.avif"", ""sourceId"": 5, ""adUrl"": ""https://www.mubawab.tn/fr/a/8290315/immeuble-situ%C3%A9-%C3%A0-chatt-mariem""}, {""url"": ""https://www.mubawab-media.com/ad/8/290/315F/h/WhatsApp%20Image%202026-01-04%20at%2013.05.58%20%284%29_81825713.avif"", ""sourceId"": 5, ""adUrl"": ""https://www.mubawab.tn/fr/a/8290315/immeuble-situ%C3%A9-%C3%A0-chatt-mariem""}, {""url"": ""https://www.mubawab-media.com/ad/8/290/315F/h/WhatsApp%20Image%202026-01-04%20at%2013.05.58%20%285%29_81825714.avif"", ""sourceId"": 5, ""adUrl"": ""https://www.mubawab.tn/fr/a/8290315/immeuble-situ%C3%A9-%C3%A0-chatt-mariem""}, {""url"": ""https://www.mubawab-media.com/ad/8/290/315F/h/WhatsApp%20Image%202026-01-04%20at%2013.05.58%20%286%29_81825715.avif"", ""sourceId"": 5, ""adUrl"": ""https://www.mubawab.tn/fr/a/8290315/immeuble-situ%C3%A9-%C3%A0-chatt-mariem""}, {""url"": ""https://www.mubawab-media.com/ad/8/290/315F/h/WhatsApp%20Image%202026-01-04%20at%2013.05.58%20%287%29_81825716.avif"", ""sourceId"": 5, ""adUrl"": ""https://www.mubawab.tn/fr/a/8290315/immeuble-situ%C3%A9-%C3%A0-chatt-mariem""}, {""url"": ""https://www.mubawab-media.com/ad/8/290/315F/h/WhatsApp%20Image%202026-01-04%20at%2013.05.58_81825717.avif"", ""sourceId"": 5, ""adUrl"": ""https://www.mubawab.tn/fr/a/8290315/immeuble-situ%C3%A9-%C3%A0-chatt-mariem""}]","[{""sourceId"": 5, ""url"": ""https://www.mubawab.tn/fr/a/8290315/immeuble-situ%C3%A9-%C3%A0-chatt-mariem"", ""price"": 940000, ""sellerType"": ""private"", ""lastModified"": ""2026-01-23 12:20:35""}, {""sourceId"": 12, ""url"": ""https://www.facebook.com/marketplace/item/1404784914357079/"", ""price"": 940, ""sellerType"": ""private"", ""lastModified"": null}]","[{""sellerType"": ""private"", ""contactName"": ""moncef Particulier"", ""active"": true}]",2,2,1,1,2,2,[],2026-01-22 17:00:24,2026-01-22 17:00:13,2026-01-23 12:20:35,2026-01-22 17:00:13,1,2026-02-07 13:31:20
1103820,Immeuble R4 à vendre,"Immeuble R4 situé en plein cœur de la ville, offrant une excellente opportunité d’investissement. Ce bien se compose de trois locaux commerciaux au rez-de-chaussée, ainsi que de huit bureaux répartis entre les types Hall1 et Hall2. Il génère un rendement locatif annuel attractif, faisant de cet immeuble un investissement à la fois rentable et durable.",750000.0,690.0,Immeuble de bureaux,officeBuilding,sale,agency,4558,https://www.mubawab-media.com/ad/8/232/339F/h/Visuel%20Agences%20Msaken%20%2829%29_81204863.avif,"[""https://www.mubawab-media.com/ad/8/232/339F/h/Visuel%20Agences%20Msaken%20%2829%29_81204863.avif"", ""https://www.mubawab-media.com/ad/8/232/339F/h/Visuel%20Agences%20Msaken%20%2830%29_81204864.avif"", ""https://www.mubawab-media.com/ad/8/232/339F/h/Visuel%20Agences%20Msaken%20%2831%29_81204865.avif"", ""https://www.mubawab-media.com/ad/8/232/339F/h/Visuel%20Agences%20Msaken%20%2832%29_81204866.avif"", ""https://www.mubawab-media.com/ad/8/232/339F/h/Visuel%20Agences%20Msaken%20%2833%29_81204867.avif"", ""https://www.mubawab-media.com/ad/8/232/339F/h/Visuel%20Agences%20Msaken%20%2834%29_81204868.avif"", ""https://www.mubawab-media.com/ad/8/232/339F/h/Visuel%20Agences%20Msaken%20%2835%29_81204869.avif"", ""https://img.cava.tn/cava/items/2b206e6b-6593-48b2-83d5-459e55db6058/1756206823115.webp""]","[{""url"": ""https://www.mubawab-media.com/ad/8/232/339F/h/Visuel%20Agences%20Msaken%20%2829%29_81204863.avif"", ""sourceId"": 5, ""adUrl"": ""https://www.mubawab.tn/fr/a/8232339/immeuble-r4-%C3%A0-vendre""}, {""url"": ""https://www.mubawab-media.com/ad/8/232/339F/h/Visuel%20Agences%20Msaken%20%2830%29_81204864.avif"", ""sourceId"": 5, ""adUrl"": ""https://www.mubawab.tn/fr/a/8232339/immeuble-r4-%C3%A0-vendre""}, {""url"": ""https://www.mubawab-media.com/ad/8/232/339F/h/Visuel%20Agences%20Msaken%20%2831%29_81204865.avif"", ""sourceId"": 5, ""adUrl"": ""https://www.mubawab.tn/fr/a/8232339/immeuble-r4-%C3%A0-vendre""}, {""url"": ""https://www.mubawab-media.com/ad/8/232/339F/h/Visuel%20Agences%20Msaken%20%2832%29_81204866.avif"", ""sourceId"": 5, ""adUrl"": ""https://www.mubawab.tn/fr/a/8232339/immeuble-r4-%C3%A0-vendre""}, {""url"": ""https://www.mubawab-media.com/ad/8/232/339F/h/Visuel%20Agences%20Msaken%20%2833%29_81204867.avif"", ""sourceId"": 5, ""adUrl"": ""https://www.mubawab.tn/fr/a/8232339/immeuble-r4-%C3%A0-vendre""}, {""url"": ""https://www.mubawab-media.com/ad/8/232/339F/h/Visuel%20Agences%20Msaken%20%2834%29_81204868.avif"", ""sourceId"": 5, ""adUrl"": ""https://www.mubawab.tn/fr/a/8232339/immeuble-r4-%C3%A0-vendre""}, {""url"": ""https://www.mubawab-media.com/ad/8/232/339F/h/Visuel%20Agences%20Msaken%20%2835%29_81204869.avif"", ""sourceId"": 5, ""adUrl"": ""https://www.mubawab.tn/fr/a/8232339/immeuble-r4-%C3%A0-vendre""}, {""url"": ""https://img.cava.tn/cava/items/2b206e6b-6593-48b2-83d5-459e55db6058/1756206823115.webp"", ""sourceId"": 7, ""adUrl"": ""https://www.cava.tn/bureaux_et_commerces/investissement-rentable-immeuble-r4-en-plein-cur-de-la-ville-959714""}]","[{""sourceId"": 5, ""url"": ""https://www.mubawab.tn/fr/a/8232339/immeuble-r4-%C3%A0-vendre"", ""price"": 750000, ""sellerType"": ""agency"", ""lastModified"": ""2026-01-23 11:31:40""}, {""sourceId"": 7, ""url"": ""https://www.cava.tn/bureaux_et_commerces/investissement-rentable-immeuble-r4-en-plein-cur-de-la-ville-959714"", ""price"": 750000, ""sellerType"": ""agency"", ""lastModified"": ""2025-08-26 12:26:21""}]","[{""sellerType"": ""agency"", ""contactName"": ""Tecnocasa Msaken"", ""active"": true}]",2,2,1,1,2,2,[],2025-08-26 12:15:59,2025-08-26 12:15:36,2026-01-23 11:31:40,2025-08-26 12:15:36,1,2026-02-07 13:31:21
1174466,"À Vendre à Djerba: Immeuble 4 Studios 2 Garages, à 5 min du Centre Ville","Situé dans un emplacement stratégique à Houmet Souk, cet immeuble d’une superficie totale de 300 m² offre un excellent potentiel d’investissement.
L’immeuble comprend quatre studios indépendants :
	•	2 studios S2 spacieux, parfaits pour les familles ou la location saisonnière
	•	2 studios S1 confortables et lumineux, idéals pour étudiants ou couples
En plus, la propriété dispose de 2 garages 
 Emplacement stratégique :
	•	À seulement 300 m du stade de Djerba Houmet Souk
	•	À 300 m de la SONEDE Houmet Souk
	•	Et à 500 m du centre-ville de Houmet Souk
Une opportunité rare à ne pas manquer, que ce soit pour un investissement ou pour une résidence familiale sur l’île de rêve, Djerba.
Pour plus d'informations contactez-moi par message sur WhatsApp",550000.0,300.0,Immeuble de bureaux,officeBuilding,sale,private,2970,https://www.mubawab-media.com/ad/8/240/484F/h/photo_0_81287576.avif,"[""https://www.mubawab-media.com/ad/8/240/484F/h/photo_0_81287576.avif""]","[{""url"": ""https://www.mubawab-media.com/ad/8/240/484F/h/photo_0_81287576.avif"", ""sourceId"": 5, ""adUrl"": ""https://www.mubawab.tn/fr/a/8240484/%C3%A0-vendre-%C3%A0-djerba-immeuble-4-studios-2-garages-%C3%A0-5-min-du-centre-ville""}]","[{""sourceId"": 5, ""url"": ""https://www.mubawab.tn/fr/a/8240484/%C3%A0-vendre-%C3%A0-djerba-immeuble-4-studios-2-garages-%C3%A0-5-min-du-centre-ville"", ""price"": 550000, ""sellerType"": ""private"", ""lastModified"": ""2026-01-22 21:46:30""}]","[{""sellerType"": ""private"", ""contactName"": ""imed Particulier"", ""active"": true}]",1,1,1,1,1,1,[],2025-10-24 10:45:34,2025-10-24 10:45:29,2026-01-22 21:46:30,2026-01-22 21:46:30,1,2026-02-07 13:31:24
1187260,A vendre immeuble R3 à Lafayette,"La Méditerranée Immobilière vous propose à la vente un immeuble construit sur trois niveaux, avec un sous-sol et la possibilité d’ajouter un étage supplémentaire. Il offre un grand potentiel pour un usage de bureaux ou commercial. L’immeuble comprend 120 bureaux répartis comme suit : Rez-de-chaussée : 587 m² 1er étage : 588 m² 2e étage : 588 m² 3e étage : 449 m² Sous-sol : 831 m² Une cage d’escalier relie tous les étages à partir du rez-de-chaussée. Ce bâtiment peut convenir pour un siège social, un showroom, un centre d’appels ou une petite usine.",4200000.0,588.0,Immeuble de bureaux,officeBuilding,sale,agency,5197,https://www.mubawab-media.com/ad/8/247/448F/h/cc6c911e-d20d-4978-ad12-78e314289262_244062_81360057.avif,"[""https://www.mubawab-media.com/ad/8/247/448F/h/cc6c911e-d20d-4978-ad12-78e314289262_244062_81360057.avif""]","[{""url"": ""https://www.mubawab-media.com/ad/8/247/448F/h/cc6c911e-d20d-4978-ad12-78e314289262_244062_81360057.avif"", ""sourceId"": 5, ""adUrl"": ""https://www.mubawab.tn/fr/a/8247448/a-vendre-immeuble-r3-%C3%A0-lafayette""}]","[{""sourceId"": 5, ""url"": ""https://www.mubawab.tn/fr/a/8247448/a-vendre-immeuble-r3-%C3%A0-lafayette"", ""price"": 4200000, ""sellerType"": ""agency"", ""lastModified"": ""2026-01-22 18:18:11""}, {""sourceId"": 2, ""url"": ""https://www.tayara.tn/item/6934003ccd04d08be74649fd/?v=2"", ""price"": 4200000, ""sellerType"": ""agency"", ""lastModified"": ""2025-12-06 11:07:38""}]","[{""sellerType"": ""agency"", ""contactName"": ""méditerranée TUNIS"", ""active"": true}]",2,2,1,1,2,2,[],2025-11-06 17:30:29,2025-12-06 11:06:52,2026-01-22 18:18:11,2025-12-06 11:06:52,1,2026-02-07 13:31:26
960424,"À VENDRE – Immeuble 246 m² à Sidi Rezig, Mégrine","RE/MAX Four Seasons vous propose à la vente cet immeuble R3, idéalement situé à Sidi Rezig, Mégrine, offrant un grand potentiel pour diverses activités professionnelles.

Caractéristiques principales

Superficie totale : 738 m²

Terrain : 246 m²

Au Rez-de-chaussée : Dépôt de stockage

1er étage : Deux frugaux de 100m² open space espace de stockage bureautique

2e étage : Open space espace de stockage

Hauteur sous plafond du dépôt : 4 mètres

Atouts et équipements

Deux ascenseurs modernes

Fenêtres en aluminium

Cuisine fermée

25 places de stationnement (6 en garage, 5 en extérieur)

Sécurité et accessibilité

Système de surveillance 24/7 avec caméras

Système d’alarme performant

Proximité des infrastructures clés : hôpitaux, gare, métro, marina, écoles, autoroutes et transports en commun.

Contacter notre Conseiller Firas Bouanen dès maintenant pour plus d’informations ou pour organiser une visite.",,246.0,Immeuble de bureaux,officeBuilding,sale,agency,996,https://www.mubawab-media.com/ad/8/113/977F/h/Immeuble%20R%2B3_79984098.avif,"[""https://www.mubawab-media.com/ad/8/113/977F/h/Immeuble%20R%2B3_79984098.avif""]","[{""url"": ""https://www.mubawab-media.com/ad/8/113/977F/h/Immeuble%20R%2B3_79984098.avif"", ""sourceId"": 5, ""adUrl"": ""https://www.mubawab.tn/fr/a/8113977/%C3%A0-vendre-%E2%80%93-immeuble-246-m%C2%B2-%C3%A0-sidi-rezig-m%C3%A9grine""}]","[{""sourceId"": 5, ""url"": ""https://www.mubawab.tn/fr/a/8113977/%C3%A0-vendre-%E2%80%93-immeuble-246-m%C2%B2-%C3%A0-sidi-rezig-m%C3%A9grine"", ""price"": null, ""sellerType"": ""agency"", ""lastModified"": ""2026-01-22 16:30:39""}]","[{""sellerType"": ""agency"", ""contactName"": ""fourseasons@remax.com.tn Particulier"", ""active"": true}]",1,1,1,1,1,1,[],2025-03-26 15:00:40,2025-03-26 15:00:30,2026-01-22 16:30:39,2025-03-26 15:00:30,1,2026-02-07 13:31:27
746871,Immeuble bureautique a louer au lac 2,"Sweet Home, votre agence immobilière de confiance, vous propose à la location un immeuble de bureaux idéalement situé au cœur du quartier d'affaires le plus prestigieux et animé des Berges du Lac 2 à Tunis.

Caractéristiques :

- Localisation : Berges du Lac 2, Tunis

- Superficie totale : 2827 m²

- Places de parking : 18

Prix : 78000dt",78000.0,2827.0,Immeuble de bureaux,officeBuilding,sale,agency,5199,https://www.mubawab-media.com/ad/7/914/564F/h/420174563_806887264807384_1043223291246752246_n_75240302.avif,"[""https://www.mubawab-media.com/ad/7/914/564F/h/420174563_806887264807384_1043223291246752246_n_75240302.avif""]","[{""url"": ""https://www.mubawab-media.com/ad/7/914/564F/h/420174563_806887264807384_1043223291246752246_n_75240302.avif"", ""sourceId"": 5, ""adUrl"": ""https://www.mubawab.tn/fr/a/7914564/immeuble-bureautique-a-louer-au-lac-2""}]","[{""sourceId"": 5, ""url"": ""https://www.mubawab.tn/fr/a/7914564/immeuble-bureautique-a-louer-au-lac-2"", ""price"": 78000, ""sellerType"": ""agency"", ""lastModified"": ""2026-01-22 15:39:06""}]","[{""sellerType"": ""agency"", ""contactName"": ""sweethome"", ""active"": true}]",1,1,1,1,1,1,[],2024-05-14 09:17:53,2024-05-14 09:17:53,2026-01-22 15:39:06,2024-05-14 09:17:53,1,2026-02-07 13:31:30
808312,immeuble,"A vendre immeuble situé à Chatt Mariem derrière Stade Jabbes construit sur un  terrain de 260m2 : 
Titre individuel 
composé d'un cave + 4 étage 
(700 m2 couvert)
cave : 200m2
RDC: 140m2 +terrasse 80m2 fini 
1em étage : 140m2 inachevé 
2em étage : 140m2 inachevé 
3em étage : 85m2 fini loft vue panoramique sur  mer 

Tel : <a type=""phone"">+21698XXXXXX</a>",940.0,700.0,Immeuble de bureaux,officeBuilding,sale,private,4439,56105/28052562_91acac8684840400.jpg,"[""https://storage.googleapis.com/tayara-migration-yams-pro/7a/7a7595e4-585d-455f-9332-4ea3a592d2f2"", ""https://storage.googleapis.com/tayara-migration-yams-pro/45/4586adbe-ac51-4c8a-b6fd-70e34545db3f"", ""https://storage.googleapis.com/tayara-migration-yams-pro/13/13ac2909-10a7-4765-aefa-eba41bb7d2b0"", ""https://storage.googleapis.com/tayara-migration-yams-pro/65/652301cb-7f81-4e5d-ad7e-a7a127b2dec3"", ""https://storage.googleapis.com/tayara-migration-yams-pro/90/9081120a-2392-428a-9200-14fff305d3c2"", ""https://storage.googleapis.com/tayara-migration-yams-pro/be/bed74848-3756-46ba-be21-a5df18f55579"", ""https://storage.googleapis.com/tayara-migration-yams-pro/82/8271fc44-7e33-468d-b12e-ca1547b4a984"", ""https://storage.googleapis.com/tayara-migration-yams-pro/4f/4f730493-a688-4b3f-8508-8f2f360bcbb4"", ""https://storage.googleapis.com/tayara-migration-yams-pro/7a/7a67f863-cd79-4fbe-9a7d-f0e2556d49f5"", ""https://storage.googleapis.com/tayara-migration-yams-pro/ea/ea5e335f-043a-4e3d-ad30-666075023e26""]","[{""url"": ""https://storage.googleapis.com/tayara-migration-yams-pro/7a/7a7595e4-585d-455f-9332-4ea3a592d2f2"", ""sourceId"": 2, ""adUrl"": ""https://www.tayara.tn/item/69720b22fea36ed612c74c5a/?v=2""}, {""url"": ""https://storage.googleapis.com/tayara-migration-yams-pro/45/4586adbe-ac51-4c8a-b6fd-70e34545db3f"", ""sourceId"": 2, ""adUrl"": ""https://www.tayara.tn/item/69720b22fea36ed612c74c5a/?v=2""}, {""url"": ""https://storage.googleapis.com/tayara-migration-yams-pro/13/13ac2909-10a7-4765-aefa-eba41bb7d2b0"", ""sourceId"": 2, ""adUrl"": ""https://www.tayara.tn/item/69720b22fea36ed612c74c5a/?v=2""}, {""url"": ""https://storage.googleapis.com/tayara-migration-yams-pro/65/652301cb-7f81-4e5d-ad7e-a7a127b2dec3"", ""sourceId"": 2, ""adUrl"": ""https://www.tayara.tn/item/69720b22fea36ed612c74c5a/?v=2""}, {""url"": ""https://storage.googleapis.com/tayara-migration-yams-pro/90/9081120a-2392-428a-9200-14fff305d3c2"", ""sourceId"": 2, ""adUrl"": ""https://www.tayara.tn/item/69720b22fea36ed612c74c5a/?v=2""}, {""url"": ""https://storage.googleapis.com/tayara-migration-yams-pro/be/bed74848-3756-46ba-be21-a5df18f55579"", ""sourceId"": 2, ""adUrl"": ""https://www.tayara.tn/item/69720b22fea36ed612c74c5a/?v=2""}, {""url"": ""https://storage.googleapis.com/tayara-migration-yams-pro/82/8271fc44-7e33-468d-b12e-ca1547b4a984"", ""sourceId"": 2, ""adUrl"": ""https://www.tayara.tn/item/69720b22fea36ed612c74c5a/?v=2""}, {""url"": ""https://storage.googleapis.com/tayara-migration-yams-pro/4f/4f730493-a688-4b3f-8508-8f2f360bcbb4"", ""sourceId"": 2, ""adUrl"": ""https://www.tayara.tn/item/69720b22fea36ed612c74c5a/?v=2""}, {""url"": ""https://storage.googleapis.com/tayara-migration-yams-pro/7a/7a67f863-cd79-4fbe-9a7d-f0e2556d49f5"", ""sourceId"": 2, ""adUrl"": ""https://www.tayara.tn/item/69720b22fea36ed612c74c5a/?v=2""}, {""url"": ""https://storage.googleapis.com/tayara-migration-yams-pro/ea/ea5e335f-043a-4e3d-ad30-666075023e26"", ""sourceId"": 2, ""adUrl"": ""https://www.tayara.tn/item/69720b22fea36ed612c74c5a/?v=2""}]","[{""sourceId"": 2, ""url"": ""https://www.tayara.tn/item/69720b22fea36ed612c74c5a/?v=2"", ""price"": 940, ""sellerType"": ""private"", ""lastModified"": ""2026-01-22 12:34:42""}]","[{""sellerType"": ""private"", ""contactName"": ""Anonym användare"", ""active"": true}]",1,1,1,1,5,1,[],2024-08-20 10:06:28,2024-08-19 22:29:39,2026-01-22 12:34:42,2025-06-30 18:12:04,1,2026-02-07 13:31:32
1027553,A vendre Immeuble à usage bureautique au Centre Ville Tunis,"A Vendre un immeuble haut standing bâti sur une surface de 197 m² et de 4 niveaux . Cet immeuble est formé de 8 appartements S3 dont chacun est indépendant en compteur de gaz d’eau et d’électricité .

Situé au cœur de Centre-ville, cet immeuble élégant offre une opportunité rare d’investissement dans le secteur bureautique. Doté de quatre étages, dont le rez-de-chaussée, cet immeuble a été conçu pour répondre aux besoins des entreprises modernes",1600000.0,197.0,Immeuble de bureaux,officeBuilding,sale,agency,5201,https://www.mubawab-media.com/ad/8/155/794F/h/thumb_653803_property_large_80416015.avif,"[""https://www.mubawab-media.com/ad/8/155/794F/h/thumb_653803_property_large_80416015.avif"", ""https://www.mubawab-media.com/ad/8/155/794F/h/thumb_653807_property_large_80416016.avif"", ""https://www.mubawab-media.com/ad/8/155/794F/h/thumb_653812_property_large_80416017.avif"", ""https://www.mubawab-media.com/ad/8/155/794F/h/thumb_653813_property_large_80416018.avif"", ""https://www.mubawab-media.com/ad/8/155/794F/h/thumb_653811_property_large_80416019.avif"", ""https://www.mubawab-media.com/ad/8/155/794F/h/thumb_653809_property_large_80416020.avif"", ""https://www.mubawab-media.com/ad/8/155/794F/h/thumb_653808_property_large_80416021.avif"", ""https://www.mubawab-media.com/ad/8/155/794F/h/thumb_653806_property_large_80416022.avif"", ""https://www.mubawab-media.com/ad/8/155/794F/h/thumb_653814_property_large_80416024.avif"", ""https://www.mubawab-media.com/ad/8/155/794F/h/thumb_653810_property_large_80416025.avif"", ""https://server.bigdatis.com/api/properties/image/305447273"", ""https://server.bigdatis.com/api/properties/image/305447274"", ""https://server.bigdatis.com/api/properties/image/305447278"", ""https://server.bigdatis.com/api/properties/image/305447281"", ""https://server.bigdatis.com/api/properties/image/305447282"", ""https://server.bigdatis.com/api/properties/image/305447283""]","[{""url"": ""https://www.mubawab-media.com/ad/8/155/794F/h/thumb_653803_property_large_80416015.avif"", ""sourceId"": 5, ""adUrl"": ""https://www.mubawab.tn/fr/a/8155794/a-vendre-immeuble-%C3%A0-usage-bureautique-au-centre-ville-tunis""}, {""url"": ""https://www.mubawab-media.com/ad/8/155/794F/h/thumb_653807_property_large_80416016.avif"", ""sourceId"": 5, ""adUrl"": ""https://www.mubawab.tn/fr/a/8155794/a-vendre-immeuble-%C3%A0-usage-bureautique-au-centre-ville-tunis""}, {""url"": ""https://www.mubawab-media.com/ad/8/155/794F/h/thumb_653812_property_large_80416017.avif"", ""sourceId"": 5, ""adUrl"": ""https://www.mubawab.tn/fr/a/8155794/a-vendre-immeuble-%C3%A0-usage-bureautique-au-centre-ville-tunis""}, {""url"": ""https://www.mubawab-media.com/ad/8/155/794F/h/thumb_653813_property_large_80416018.avif"", ""sourceId"": 5, ""adUrl"": ""https://www.mubawab.tn/fr/a/8155794/a-vendre-immeuble-%C3%A0-usage-bureautique-au-centre-ville-tunis""}, {""url"": ""https://www.mubawab-media.com/ad/8/155/794F/h/thumb_653811_property_large_80416019.avif"", ""sourceId"": 5, ""adUrl"": ""https://www.mubawab.tn/fr/a/8155794/a-vendre-immeuble-%C3%A0-usage-bureautique-au-centre-ville-tunis""}, {""url"": ""https://www.mubawab-media.com/ad/8/155/794F/h/thumb_653809_property_large_80416020.avif"", ""sourceId"": 5, ""adUrl"": ""https://www.mubawab.tn/fr/a/8155794/a-vendre-immeuble-%C3%A0-usage-bureautique-au-centre-ville-tunis""}, {""url"": ""https://www.mubawab-media.com/ad/8/155/794F/h/thumb_653808_property_large_80416021.avif"", ""sourceId"": 5, ""adUrl"": ""https://www.mubawab.tn/fr/a/8155794/a-vendre-immeuble-%C3%A0-usage-bureautique-au-centre-ville-tunis""}, {""url"": ""https://www.mubawab-media.com/ad/8/155/794F/h/thumb_653806_property_large_80416022.avif"", ""sourceId"": 5, ""adUrl"": ""https://www.mubawab.tn/fr/a/8155794/a-vendre-immeuble-%C3%A0-usage-bureautique-au-centre-ville-tunis""}, {""url"": ""https://www.mubawab-media.com/ad/8/155/794F/h/thumb_653814_property_large_80416024.avif"", ""sourceId"": 5, ""adUrl"": ""https://www.mubawab.tn/fr/a/8155794/a-vendre-immeuble-%C3%A0-usage-bureautique-au-centre-ville-tunis""}, {""url"": ""https://www.mubawab-media.com/ad/8/155/794F/h/thumb_653810_property_large_80416025.avif"", ""sourceId"": 5, ""adUrl"": ""https://www.mubawab.tn/fr/a/8155794/a-vendre-immeuble-%C3%A0-usage-bureautique-au-centre-ville-tunis""}, {""url"": ""https://server.bigdatis.com/api/properties/image/305447273"", ""sourceId"": 3, ""adUrl"": ""https://www.ballouchi.com/annonces/immobilier/appartements/immeuble-invest-maicol-a-vendre-au-centre-ville-tunis.html""}, {""url"": ""https://server.bigdatis.com/api/properties/image/305447274"", ""sourceId"": 3, ""adUrl"": ""https://www.ballouchi.com/annonces/immobilier/appartements/immeuble-invest-maicol-a-vendre-au-centre-ville-tunis.html""}, {""url"": ""https://server.bigdatis.com/api/properties/image/305447278"", ""sourceId"": 3, ""adUrl"": ""https://www.ballouchi.com/annonces/immobilier/appartements/immeuble-invest-maicol-a-vendre-au-centre-ville-tunis.html""}, {""url"": ""https://server.bigdatis.com/api/properties/image/305447281"", ""sourceId"": 3, ""adUrl"": ""https://www.ballouchi.com/annonces/immobilier/appartements/immeuble-invest-maicol-a-vendre-au-centre-ville-tunis.html""}, {""url"": ""https://server.bigdatis.com/api/properties/image/305447282"", ""sourceId"": 3, ""adUrl"": ""https://www.ballouchi.com/annonces/immobilier/appartements/immeuble-invest-maicol-a-vendre-au-centre-ville-tunis.html""}, {""url"": ""https://server.bigdatis.com/api/properties/image/305447283"", ""sourceId"": 3, ""adUrl"": ""https://www.ballouchi.com/annonces/immobilier/appartements/immeuble-invest-maicol-a-vendre-au-centre-ville-tunis.html""}]","[{""sourceId"": 5, ""url"": ""https://www.mubawab.tn/fr/a/8155794/a-vendre-immeuble-%C3%A0-usage-bureautique-au-centre-ville-tunis"", ""price"": 1600000, ""sellerType"": ""agency"", ""lastModified"": ""2026-01-22 04:32:31""}, {""sourceId"": 3, ""url"": ""https://www.ballouchi.com/annonces/immobilier/appartements/immeuble-invest-maicol-a-vendre-au-centre-ville-tunis.html"", ""price"": 1500000, ""sellerType"": ""agency"", ""lastModified"": ""2024-03-16 21:31:27""}]","[{""sellerType"": ""agency"", ""contactName"": ""Zitouna Immobilier"", ""active"": true}, {""sellerType"": ""agency"", ""contactName"": ""homesweethome"", ""active"": true}]",2,2,2,2,6,2,[],2024-03-16 11:53:06,2024-03-16 11:53:03,2026-01-22 04:32:31,2025-06-04 12:30:44,1,2026-02-07 13:31:34
856758,Immeuble R5 à vendre à hammam sousse,"Joli immeuble à vendre Dahmen Immobilier met sur le marché :a Hammam sousse. Découvrez cet immeuble rare et parfaitement conçu, situé sur un terrain de 520 m², offrant une vocation R5. Idéalement placé, il est conçu pour répondre à divers besoins, qu’ils soient commerciaux ou résidentiels. Caractéristiques principales : Double façade jumelée des deux côtés Façade principale de 20 mètres Rez-de-chaussée : 4 locaux commerciaux spacieux, parfaits pour des activités variées (boutiques, restaurants, bureaux, etc.). Étage résidentiel : 4 appartements bien aménagés : 2 appartements S2 1 appartement S3 1 appartement S1 Sous-sol : Parking sécurisé Localisation stratégique et visibilité maximale grâce à la double façade. Nos services : - accompagnements jusqu'a la signature du contrat. Soyez le bienvenue à notre agence Immobilière : Route de la plage, ElMenchia immeuble Panoramis hammam Sousse, ou bien nous contactez  Nos agents sont à votre disposition pour toutes informations et conseils nécessaires pour acquérir le bien immobilier qui vous convient",1500000.0,520.0,Immeuble de bureaux,officeBuilding,sale,agency,4499,https://www.mubawab-media.com/ad/8/040/002F/h/thumb_60066_property_xlarge_79258000.avif,"[""https://www.mubawab-media.com/ad/8/040/002F/h/thumb_60066_property_xlarge_79258000.avif"", ""https://www.mubawab-media.com/ad/8/040/002F/h/thumb_60059_property_xlarge_79258001.avif"", ""https://www.mubawab-media.com/ad/8/040/002F/h/thumb_60060_property_xlarge_79258002.avif"", ""https://www.mubawab-media.com/ad/8/040/002F/h/thumb_60061_property_xlarge_79258003.avif"", ""https://www.mubawab-media.com/ad/8/040/002F/h/thumb_60063_property_xlarge_79258004.avif"", ""https://www.mubawab-media.com/ad/8/040/002F/h/thumb_60064_property_xlarge_79258005.avif"", ""https://www.mubawab-media.com/ad/8/040/002F/h/thumb_60067_property_xlarge_79258006.avif"", ""https://www.mubawab-media.com/ad/8/040/002F/h/thumb_60068_property_xlarge_79258007.avif"", ""https://www.mubawab-media.com/ad/8/040/002F/h/thumb_60071_property_xlarge_79258008.avif""]","[{""url"": ""https://www.mubawab-media.com/ad/8/040/002F/h/thumb_60066_property_xlarge_79258000.avif"", ""sourceId"": 5, ""adUrl"": ""https://www.mubawab.tn/fr/a/8040002/immeuble-r5-%C3%A0-vendre-%C3%A0-hammam-sousse""}, {""url"": ""https://www.mubawab-media.com/ad/8/040/002F/h/thumb_60059_property_xlarge_79258001.avif"", ""sourceId"": 5, ""adUrl"": ""https://www.mubawab.tn/fr/a/8040002/immeuble-r5-%C3%A0-vendre-%C3%A0-hammam-sousse""}, {""url"": ""https://www.mubawab-media.com/ad/8/040/002F/h/thumb_60060_property_xlarge_79258002.avif"", ""sourceId"": 5, ""adUrl"": ""https://www.mubawab.tn/fr/a/8040002/immeuble-r5-%C3%A0-vendre-%C3%A0-hammam-sousse""}, {""url"": ""https://www.mubawab-media.com/ad/8/040/002F/h/thumb_60061_property_xlarge_79258003.avif"", ""sourceId"": 5, ""adUrl"": ""https://www.mubawab.tn/fr/a/8040002/immeuble-r5-%C3%A0-vendre-%C3%A0-hammam-sousse""}, {""url"": ""https://www.mubawab-media.com/ad/8/040/002F/h/thumb_60063_property_xlarge_79258004.avif"", ""sourceId"": 5, ""adUrl"": ""https://www.mubawab.tn/fr/a/8040002/immeuble-r5-%C3%A0-vendre-%C3%A0-hammam-sousse""}, {""url"": ""https://www.mubawab-media.com/ad/8/040/002F/h/thumb_60064_property_xlarge_79258005.avif"", ""sourceId"": 5, ""adUrl"": ""https://www.mubawab.tn/fr/a/8040002/immeuble-r5-%C3%A0-vendre-%C3%A0-hammam-sousse""}, {""url"": ""https://www.mubawab-media.com/ad/8/040/002F/h/thumb_60067_property_xlarge_79258006.avif"", ""sourceId"": 5, ""adUrl"": ""https://www.mubawab.tn/fr/a/8040002/immeuble-r5-%C3%A0-vendre-%C3%A0-hammam-sousse""}, {""url"": ""https://www.mubawab-media.com/ad/8/040/002F/h/thumb_60068_property_xlarge_79258007.avif"", ""sourceId"": 5, ""adUrl"": ""https://www.mubawab.tn/fr/a/8040002/immeuble-r5-%C3%A0-vendre-%C3%A0-hammam-sousse""}, {""url"": ""https://www.mubawab-media.com/ad/8/040/002F/h/thumb_60071_property_xlarge_79258008.avif"", ""sourceId"": 5, ""adUrl"": ""https://www.mubawab.tn/fr/a/8040002/immeuble-r5-%C3%A0-vendre-%C3%A0-hammam-sousse""}]","[{""sourceId"": 5, ""url"": ""https://www.mubawab.tn/fr/a/8040002/immeuble-r5-%C3%A0-vendre-%C3%A0-hammam-sousse"", ""price"": 1500000, ""sellerType"": ""agency"", ""lastModified"": ""2026-01-22 03:54:49""}]","[{""sellerType"": ""agency"", ""contactName"": ""Dahmen Immobilier"", ""active"": true}]",1,1,1,1,2,1,[],2024-11-20 12:15:12,2024-11-20 12:08:24,2026-01-22 03:54:49,2024-11-20 12:08:24,1,2026-02-07 13:31:36
1012448,Un bel immeuble usage bureautique,"lac III la zone d'activité des entreprises bien nommés , on met à la vente un bel immeuble à usage professionnelle

d'une superficie couverts de 1500 M2  depuis le sous sol , rdc , premier étage , Mezanine et  2ème étage 

pour plus amples information merci de nous contacter",,1500.0,Immeuble de bureaux,officeBuilding,sale,agency,5202,https://www.mubawab-media.com/ad/8/145/561F/h/IMG_2555_80303760.avif,"[""https://www.mubawab-media.com/ad/8/145/561F/h/IMG_2555_80303760.avif"", ""https://www.mubawab-media.com/ad/8/145/561F/h/IMG_2551_80303761.avif"", ""https://www.mubawab-media.com/ad/8/145/561F/h/IMG_2550_80303762.avif""]","[{""url"": ""https://www.mubawab-media.com/ad/8/145/561F/h/IMG_2555_80303760.avif"", ""sourceId"": 5, ""adUrl"": ""https://www.mubawab.tn/fr/a/8145561/un-bel-immeuble-usage-bureautique""}, {""url"": ""https://www.mubawab-media.com/ad/8/145/561F/h/IMG_2551_80303761.avif"", ""sourceId"": 5, ""adUrl"": ""https://www.mubawab.tn/fr/a/8145561/un-bel-immeuble-usage-bureautique""}, {""url"": ""https://www.mubawab-media.com/ad/8/145/561F/h/IMG_2550_80303762.avif"", ""sourceId"": 5, ""adUrl"": ""https://www.mubawab.tn/fr/a/8145561/un-bel-immeuble-usage-bureautique""}]","[{""sourceId"": 5, ""url"": ""https://www.mubawab.tn/fr/a/8145561/un-bel-immeuble-usage-bureautique"", ""price"": null, ""sellerType"": ""agency"", ""lastModified"": ""2026-01-22 02:36:49""}]","[{""sellerType"": ""agency"", ""contactName"": ""agence immobiliere elhana"", ""active"": true}]",1,1,1,1,1,1,[],2025-05-19 16:15:24,2025-05-19 16:15:09,2026-01-22 02:36:49,2025-05-19 16:15:09,1,2026-02-07 13:31:38
997214,Immeuble Vedette à vendre à Centre Ville,"Un immeuble commercial  d'une superficie de 178 m² situé au Passage, Centre Ville, Tunis .Cet immeuble est  composé de quatre étages qui comprennent un salon de Thé, laboratoire d'une pâtisserie, boulangerie, 4 bureaux, restaurant et pizzeria. Possibilité de bâtir un autre étage ;  Pour plus de renseignements, Veuillez contacter L’agent sur le <a type=""phone"">+21656XXXXXX</a>.",1900000.0,178.0,Immeuble de bureaux,officeBuilding,sale,agency,4813,https://www.mubawab-media.com/ad/8/136/550F/h/5be61f97-87f4-40e4-87c8-74831fb68ddc_GF_80214241.avif,"[""https://www.mubawab-media.com/ad/8/136/550F/h/5be61f97-87f4-40e4-87c8-74831fb68ddc_GF_80214241.avif"", ""https://www.mubawab-media.com/ad/8/136/550F/h/5dfa0fc8-a55a-4e89-872c-d1c0d6654be4_GF_80214242.avif"", ""https://www.mubawab-media.com/ad/8/136/550F/h/7a541f60-1a84-48a8-bfa8-6ea3af44381f_GF_80214243.avif"", ""https://www.mubawab-media.com/ad/8/136/550F/h/7fd25060-48b0-41d6-986b-befef53cdc4b_GF_80214244.avif"", ""https://www.mubawab-media.com/ad/8/136/550F/h/8ce290bd-b4c2-47f0-abe3-e4dcaac36337_GF_80214245.avif"", ""https://www.mubawab-media.com/ad/8/136/550F/h/27afaf8e-2432-415d-a228-c2a274c15847_GF_80214246.avif"", ""https://www.mubawab-media.com/ad/8/136/550F/h/72bba2a3-ccb6-47dc-9543-5f6545471b3d_GF_80214247.avif"", ""https://b3g4.fra01.idrivee2-68.com/images-mirror/54680/27340048_281192499.jpg?response-content-type=image%2Fjpeg&response-cache-control=public%2C%20max-age%3D31536000%2C%20immutable&X-Amz-Content-Sha256=UNSIGNED-PAYLOAD&X-Amz-Algorithm=AWS4-HMAC-SHA256&X-Amz-Credential=Bhs7rzoWz1jkU0yRURAn%2F20260207%2FFrankfurt%2Fs3%2Faws4_request&X-Amz-Date=20260207T123141Z&X-Amz-SignedHeaders=host&X-Amz-Expires=86400&X-Amz-Signature=9f67a2033b6c25628d29e6eac17c41925d91dde1b22ee8ab7d9eb0152cb386ea"", ""https://b3g4.fra01.idrivee2-68.com/images-mirror/54680/27340048_296120048.jpg?response-content-type=image%2Fjpeg&response-cache-control=public%2C%20max-age%3D31536000%2C%20immutable&X-Amz-Content-Sha256=UNSIGNED-PAYLOAD&X-Amz-Algorithm=AWS4-HMAC-SHA256&X-Amz-Credential=Bhs7rzoWz1jkU0yRURAn%2F20260207%2FFrankfurt%2Fs3%2Faws4_request&X-Amz-Date=20260207T123141Z&X-Amz-SignedHeaders=host&X-Amz-Expires=86400&X-Amz-Signature=0d49e4e280798e9611701d31efa299b1cf0c3ef28b4b53e6d4ff08e65c7976f5"", ""https://b3g4.fra01.idrivee2-68.com/images-mirror/54680/27340048_296120050.jpg?response-content-type=image%2Fjpeg&response-cache-control=public%2C%20max-age%3D31536000%2C%20immutable&X-Amz-Content-Sha256=UNSIGNED-PAYLOAD&X-Amz-Algorithm=AWS4-HMAC-SHA256&X-Amz-Credential=Bhs7rzoWz1jkU0yRURAn%2F20260207%2FFrankfurt%2Fs3%2Faws4_request&X-Amz-Date=20260207T123141Z&X-Amz-SignedHeaders=host&X-Amz-Expires=86400&X-Amz-Signature=30d366c5c4fa8e119b7b62b78ec3bd2339d01bb8fbc9dff6646519084e84ed57"", ""https://b3g4.fra01.idrivee2-68.com/images-mirror/54680/27340048_296120051.jpg?response-content-type=image%2Fjpeg&response-cache-control=public%2C%20max-age%3D31536000%2C%20immutable&X-Amz-Content-Sha256=UNSIGNED-PAYLOAD&X-Amz-Algorithm=AWS4-HMAC-SHA256&X-Amz-Credential=Bhs7rzoWz1jkU0yRURAn%2F20260207%2FFrankfurt%2Fs3%2Faws4_request&X-Amz-Date=20260207T123141Z&X-Amz-SignedHeaders=host&X-Amz-Expires=86400&X-Amz-Signature=01028f57544a28c91a8733e6bf324910c98ac1f26c0ed7702142d483730a3d4c"", ""https://b3g4.fra01.idrivee2-68.com/images-mirror/54680/27340048_296120052.jpg?response-content-type=image%2Fjpeg&response-cache-control=public%2C%20max-age%3D31536000%2C%20immutable&X-Amz-Content-Sha256=UNSIGNED-PAYLOAD&X-Amz-Algorithm=AWS4-HMAC-SHA256&X-Amz-Credential=Bhs7rzoWz1jkU0yRURAn%2F20260207%2FFrankfurt%2Fs3%2Faws4_request&X-Amz-Date=20260207T123141Z&X-Amz-SignedHeaders=host&X-Amz-Expires=86400&X-Amz-Signature=41ee05eaeeb8347ab8db4d303e79e6bc9b1a78da526ffa08d3caa639644d6f0a""]","[{""url"": ""https://www.mubawab-media.com/ad/8/136/550F/h/5be61f97-87f4-40e4-87c8-74831fb68ddc_GF_80214241.avif"", ""sourceId"": 5, ""adUrl"": ""https://www.mubawab.tn/fr/a/8136550/immeuble-vedette-%C3%A0-vendre-%C3%A0-centre-ville""}, {""url"": ""https://www.mubawab-media.com/ad/8/136/550F/h/5dfa0fc8-a55a-4e89-872c-d1c0d6654be4_GF_80214242.avif"", ""sourceId"": 5, ""adUrl"": ""https://www.mubawab.tn/fr/a/8136550/immeuble-vedette-%C3%A0-vendre-%C3%A0-centre-ville""}, {""url"": ""https://www.mubawab-media.com/ad/8/136/550F/h/7a541f60-1a84-48a8-bfa8-6ea3af44381f_GF_80214243.avif"", ""sourceId"": 5, ""adUrl"": ""https://www.mubawab.tn/fr/a/8136550/immeuble-vedette-%C3%A0-vendre-%C3%A0-centre-ville""}, {""url"": ""https://www.mubawab-media.com/ad/8/136/550F/h/7fd25060-48b0-41d6-986b-befef53cdc4b_GF_80214244.avif"", ""sourceId"": 5, ""adUrl"": ""https://www.mubawab.tn/fr/a/8136550/immeuble-vedette-%C3%A0-vendre-%C3%A0-centre-ville""}, {""url"": ""https://www.mubawab-media.com/ad/8/136/550F/h/8ce290bd-b4c2-47f0-abe3-e4dcaac36337_GF_80214245.avif"", ""sourceId"": 5, ""adUrl"": ""https://www.mubawab.tn/fr/a/8136550/immeuble-vedette-%C3%A0-vendre-%C3%A0-centre-ville""}, {""url"": ""https://www.mubawab-media.com/ad/8/136/550F/h/27afaf8e-2432-415d-a228-c2a274c15847_GF_80214246.avif"", ""sourceId"": 5, ""adUrl"": ""https://www.mubawab.tn/fr/a/8136550/immeuble-vedette-%C3%A0-vendre-%C3%A0-centre-ville""}, {""url"": ""https://www.mubawab-media.com/ad/8/136/550F/h/72bba2a3-ccb6-47dc-9543-5f6545471b3d_GF_80214247.avif"", ""sourceId"": 5, ""adUrl"": ""https://www.mubawab.tn/fr/a/8136550/immeuble-vedette-%C3%A0-vendre-%C3%A0-centre-ville""}, {""url"": ""https://b3g4.fra01.idrivee2-68.com/images-mirror/54680/27340048_281192499.jpg?response-content-type=image%2Fjpeg&response-cache-control=public%2C%20max-age%3D31536000%2C%20immutable&X-Amz-Content-Sha256=UNSIGNED-PAYLOAD&X-Amz-Algorithm=AWS4-HMAC-SHA256&X-Amz-Credential=Bhs7rzoWz1jkU0yRURAn%2F20260207%2FFrankfurt%2Fs3%2Faws4_request&X-Amz-Date=20260207T123141Z&X-Amz-SignedHeaders=host&X-Amz-Expires=86400&X-Amz-Signature=9f67a2033b6c25628d29e6eac17c41925d91dde1b22ee8ab7d9eb0152cb386ea"", ""sourceId"": 12, ""adUrl"": ""https://www.facebook.com/marketplace/item/23954933587426126/""}, {""url"": ""https://b3g4.fra01.idrivee2-68.com/images-mirror/54680/27340048_296120048.jpg?response-content-type=image%2Fjpeg&response-cache-control=public%2C%20max-age%3D31536000%2C%20immutable&X-Amz-Content-Sha256=UNSIGNED-PAYLOAD&X-Amz-Algorithm=AWS4-HMAC-SHA256&X-Amz-Credential=Bhs7rzoWz1jkU0yRURAn%2F20260207%2FFrankfurt%2Fs3%2Faws4_request&X-Amz-Date=20260207T123141Z&X-Amz-SignedHeaders=host&X-Amz-Expires=86400&X-Amz-Signature=0d49e4e280798e9611701d31efa299b1cf0c3ef28b4b53e6d4ff08e65c7976f5"", ""sourceId"": 12, ""adUrl"": ""https://www.facebook.com/marketplace/item/23954933587426126/""}, {""url"": ""https://b3g4.fra01.idrivee2-68.com/images-mirror/54680/27340048_296120050.jpg?response-content-type=image%2Fjpeg&response-cache-control=public%2C%20max-age%3D31536000%2C%20immutable&X-Amz-Content-Sha256=UNSIGNED-PAYLOAD&X-Amz-Algorithm=AWS4-HMAC-SHA256&X-Amz-Credential=Bhs7rzoWz1jkU0yRURAn%2F20260207%2FFrankfurt%2Fs3%2Faws4_request&X-Amz-Date=20260207T123141Z&X-Amz-SignedHeaders=host&X-Amz-Expires=86400&X-Amz-Signature=30d366c5c4fa8e119b7b62b78ec3bd2339d01bb8fbc9dff6646519084e84ed57"", ""sourceId"": 12, ""adUrl"": ""https://www.facebook.com/marketplace/item/23954933587426126/""}, {""url"": ""https://b3g4.fra01.idrivee2-68.com/images-mirror/54680/27340048_296120051.jpg?response-content-type=image%2Fjpeg&response-cache-control=public%2C%20max-age%3D31536000%2C%20immutable&X-Amz-Content-Sha256=UNSIGNED-PAYLOAD&X-Amz-Algorithm=AWS4-HMAC-SHA256&X-Amz-Credential=Bhs7rzoWz1jkU0yRURAn%2F20260207%2FFrankfurt%2Fs3%2Faws4_request&X-Amz-Date=20260207T123141Z&X-Amz-SignedHeaders=host&X-Amz-Expires=86400&X-Amz-Signature=01028f57544a28c91a8733e6bf324910c98ac1f26c0ed7702142d483730a3d4c"", ""sourceId"": 12, ""adUrl"": ""https://www.facebook.com/marketplace/item/23954933587426126/""}, {""url"": ""https://b3g4.fra01.idrivee2-68.com/images-mirror/54680/27340048_296120052.jpg?response-content-type=image%2Fjpeg&response-cache-control=public%2C%20max-age%3D31536000%2C%20immutable&X-Amz-Content-Sha256=UNSIGNED-PAYLOAD&X-Amz-Algorithm=AWS4-HMAC-SHA256&X-Amz-Credential=Bhs7rzoWz1jkU0yRURAn%2F20260207%2FFrankfurt%2Fs3%2Faws4_request&X-Amz-Date=20260207T123141Z&X-Amz-SignedHeaders=host&X-Amz-Expires=86400&X-Amz-Signature=41ee05eaeeb8347ab8db4d303e79e6bc9b1a78da526ffa08d3caa639644d6f0a"", ""sourceId"": 12, ""adUrl"": ""https://www.facebook.com/marketplace/item/23954933587426126/""}]","[{""sourceId"": 5, ""url"": ""https://www.mubawab.tn/fr/a/8136550/immeuble-vedette-%C3%A0-vendre-%C3%A0-centre-ville"", ""price"": 1900000, ""sellerType"": ""agency"", ""lastModified"": ""2026-01-22 02:35:34""}, {""sourceId"": 12, ""url"": ""https://www.facebook.com/marketplace/item/23954933587426126/"", ""price"": 1900000, ""sellerType"": ""agency"", ""lastModified"": ""2026-01-10 12:43:17""}]","[{""sellerType"": ""agency"", ""contactName"": ""Home Sweet Home EL Manzah"", ""active"": true}]",2,2,1,1,4,2,[],2025-05-05 14:30:25,2025-05-05 14:25:44,2026-01-22 02:35:34,2025-05-05 14:25:44,1,2026-02-07 13:31:39
947512,Immeuble bureautique à alain savary,"sweet home vous propose à la vente un immeuble de bureaux a rénover à alain savary .
ce bien en r3 situé dans un quartier dynamique érigé sur un terrain de 325 m² avec une superficie totale de 680m².
cet immeuble de bureaux convient pour administration, société, centre d'appel, centre de radiologie ou laboratoire médical, centre de formation, show room ou autre activité grâce a son emplacement stratégique ( à seulement 3 minutes à pieds de lavenue mohamed v et il se trouve à quelques minutes à pied d'une station de métro ) .
prix de vente : 1 500 000 dt
pour organiser une visite ou obtenir des informations supplémentaires, contactez-nous au : 216 <a type=""phone"">+21622XXXXXX</a> / 216 <a type=""phone"">+21620XXXXXX</a> (whatsapp )",1500000.0,325.0,Immeuble de bureaux,officeBuilding,sale,agency,4840,http://tunisie-annonce.com/upload2/202502/tunisie-annonce.com/photos/493871_20250227_132001.jpg,"[""https://www.affare.tn/image/02_2025_5fc7a550.JPG"", ""https://www.mubawab-media.com/ad/8/101/393F/h/81026fd0-be85-4caa-a892-2011eb575bdc_79859172.avif"", ""https://www.menzili.tn/upload/photos/2025/02/27/13/25/y2h1q7qdg2.jpg""]","[{""url"": ""https://www.affare.tn/image/02_2025_5fc7a550.JPG"", ""sourceId"": 6, ""adUrl"": ""https://www.affare.tn/annonce/immeuble-bureautique-a-vendre-a-alain-savary-234082""}, {""url"": ""https://www.mubawab-media.com/ad/8/101/393F/h/81026fd0-be85-4caa-a892-2011eb575bdc_79859172.avif"", ""sourceId"": 5, ""adUrl"": ""https://www.mubawab.tn/fr/a/8101393/immeuble-bureautique-a-vendre-a-alain-savary""}, {""url"": ""https://www.menzili.tn/upload/photos/2025/02/27/13/25/y2h1q7qdg2.jpg"", ""sourceId"": 13, ""adUrl"": ""https://www.menzili.tn/annonce/annonce-140102""}]","[{""sourceId"": 1, ""url"": ""http://www.tunisie-annonce.com/DetailsAnnonceImmobilier.asp?cod_ann=3386591"", ""price"": 1500000, ""sellerType"": ""agency"", ""lastModified"": ""2026-01-21 00:00:00""}, {""sourceId"": 6, ""url"": ""https://www.affare.tn/annonce/immeuble-bureautique-a-vendre-a-alain-savary-234082"", ""price"": 1500000, ""sellerType"": ""agency"", ""lastModified"": ""2025-08-16 12:10:54""}, {""sourceId"": 5, ""url"": ""https://www.mubawab.tn/fr/a/8101393/immeuble-bureautique-a-vendre-a-alain-savary"", ""price"": 1500000, ""sellerType"": ""agency"", ""lastModified"": ""2025-07-22 15:16:10""}, {""sourceId"": 2, ""url"": ""https://www.tayara.tn/item/67c05791bf049e957eb1865b/?v=2"", ""price"": 1500000, ""sellerType"": ""agency"", ""lastModified"": ""2025-04-15 14:18:23""}, {""sourceId"": 13, ""url"": ""https://www.menzili.tn/annonce/annonce-140102"", ""price"": 1500000, ""sellerType"": ""agency"", ""lastModified"": ""2025-02-27 23:15:00""}]","[{""sellerType"": ""agency"", ""contactName"": ""sweethome"", ""active"": true}]",5,5,1,1,5,5,[],2025-02-27 13:30:20,2025-02-27 13:16:17,2026-01-21 00:00:00,2025-03-13 09:52:38,1,2026-02-07 13:31:41
1237729,Un immeuble sur le vieux port de bizerte,"opportunité a ne pas rater
immeuble a vendre",650000.0,135.0,Immeuble de bureaux,officeBuilding,sale,agency,1120,56098/28049336_d2a429ca2b338604.jpg,"[""https://server.bigdatis.com/api/properties/image/320878605"", ""https://server.bigdatis.com/api/properties/image/320878606""]","[{""url"": ""https://server.bigdatis.com/api/properties/image/320878605"", ""sourceId"": 1, ""adUrl"": ""http://www.tunisie-annonce.com/DetailsAnnonceImmobilier.asp?cod_ann=3447004""}, {""url"": ""https://server.bigdatis.com/api/properties/image/320878606"", ""sourceId"": 1, ""adUrl"": ""http://www.tunisie-annonce.com/DetailsAnnonceImmobilier.asp?cod_ann=3447004""}]","[{""sourceId"": 1, ""url"": ""http://www.tunisie-annonce.com/DetailsAnnonceImmobilier.asp?cod_ann=3447004"", ""price"": 650000, ""sellerType"": ""agency"", ""lastModified"": ""2026-01-20 00:00:00""}]","[{""sellerType"": ""agency"", ""contactName"": null, ""active"": true}]",1,1,1,1,1,1,[],2026-01-20 09:30:04,2026-01-20 00:00:00,2026-01-20 00:00:00,2026-01-20 00:00:00,1,2026-02-07 13:31:43
1236833,Immeuble 3 etage a kalaa Soghra Sousse,"A vondre immeuble haute standing de 3 étages a Kalaa Soghra - Sousse 
Pour plus d informations contacter 
<a type=""phone"">+21653XXXXXX</a>-<a type=""phone"">+21696XXXXXX</a>-wats: 966580166927",500.0,153.0,Immeuble de bureaux,officeBuilding,sale,private,4534,56092/28046029_cf2e26fca0f8380c.jpg,"[""https://storage.googleapis.com/tayara-migration-yams-pro/60/603796bb-74a9-4242-adb1-90b2821d8a45"", ""https://storage.googleapis.com/tayara-migration-yams-pro/48/48fa87b1-b19a-4ca7-aa67-ff6f521244ee""]","[{""url"": ""https://storage.googleapis.com/tayara-migration-yams-pro/60/603796bb-74a9-4242-adb1-90b2821d8a45"", ""sourceId"": 2, ""adUrl"": ""https://www.tayara.tn/item/696bf2012838b4e20245c3b4/?v=2""}, {""url"": ""https://storage.googleapis.com/tayara-migration-yams-pro/48/48fa87b1-b19a-4ca7-aa67-ff6f521244ee"", ""sourceId"": 2, ""adUrl"": ""https://www.tayara.tn/item/696bf2012838b4e20245c3b4/?v=2""}]","[{""sourceId"": 2, ""url"": ""https://www.tayara.tn/item/696bf2012838b4e20245c3b4/?v=2"", ""price"": 500, ""sellerType"": ""private"", ""lastModified"": ""2026-01-17 21:33:07""}]","[{""sellerType"": ""private"", ""contactName"": ""Noureddine Mohamed Bouzir "", ""active"": true}]",1,1,1,1,1,1,[],2026-01-17 21:45:09,2026-01-17 21:33:05,2026-01-17 21:33:07,2026-01-17 21:33:05,1,2026-02-07 13:31:48
1030283,A vendre un immeuble R+3 à Ezzahra,A vendre un immeuble R+3 à Ezzahra constitué d'un rez de chaussée commercial ( comporte 8 locaux commerciaux ) et trois étage ( 8 bureaux par étage ) avec un revenu mensuel de 15000 dt/mois. La superficie du terrain est 850 m2 et la superficie total de la partie couverte est 1784 m2 .,2700000.0,850.0,Immeuble de bureaux,officeBuilding,sale,agency,934,56089/28044930_60ccc9850705e0f0.jpg,"[""https://storage.googleapis.com/tayara-migration-yams-pro/8e/8e97c91e-56bd-41c0-ad6e-4d29e5692735"", ""https://storage.googleapis.com/tayara-migration-yams-pro/0c/0ca2c6c3-8d91-4dc9-a607-be3cd8280707"", ""https://storage.googleapis.com/tayara-migration-yams-pro/ce/ced335eb-b077-4ee5-be36-809c71293e03"", ""https://www.affare.tn/image/09_2025_6bf2fc88.JPG""]","[{""url"": ""https://storage.googleapis.com/tayara-migration-yams-pro/8e/8e97c91e-56bd-41c0-ad6e-4d29e5692735"", ""sourceId"": 2, ""adUrl"": ""https://www.tayara.tn/item/696b4bb02838b4e2024574ea/?v=2""}, {""url"": ""https://storage.googleapis.com/tayara-migration-yams-pro/0c/0ca2c6c3-8d91-4dc9-a607-be3cd8280707"", ""sourceId"": 2, ""adUrl"": ""https://www.tayara.tn/item/693bd8b68914daae519a16eb/?v=2""}, {""url"": ""https://storage.googleapis.com/tayara-migration-yams-pro/ce/ced335eb-b077-4ee5-be36-809c71293e03"", ""sourceId"": 2, ""adUrl"": ""https://www.tayara.tn/item/6936a66fcd04d08be7474f75/?v=2""}, {""url"": ""https://www.affare.tn/image/09_2025_6bf2fc88.JPG"", ""sourceId"": 6, ""adUrl"": ""https://www.affare.tn/annonce/a-vendre-un-immeuble-r-3-a-ezzahra-248760""}]","[{""sourceId"": 2, ""url"": ""https://www.tayara.tn/item/696b4bb02838b4e2024574ea/?v=2"", ""price"": 2700000, ""sellerType"": ""agency"", ""lastModified"": ""2026-01-17 09:43:30""}, {""sourceId"": 6, ""url"": ""https://www.affare.tn/annonce/a-vendre-un-immeuble-r-3-a-ezzahra-248760"", ""price"": 2700000, ""sellerType"": ""agency"", ""lastModified"": ""2025-09-19 15:33:40""}]","[{""sellerType"": ""agency"", ""contactName"": ""La Méditerranée EZAHRA"", ""active"": true}]",2,2,1,1,8,4,[],2025-06-09 10:45:55,2025-06-09 10:31:50,2026-01-17 09:43:30,2025-06-16 11:00:22,1,2026-02-07 13:31:51
1145040,Immeuble à lafayette  idéal pour bureaux,"adresse : 12 rue arabie saoudite, lafayette en face du siège du groupe chimique tunisien. 
 
à louer un immeuble r+5 à usage exclusif de bureaux, situé dans le quartier central et prisé de lafayette, tunis. 
 
cet emplacement stratégique offre une excellente visibilité, un accès rapide aux transports et une proximité immédiate avec les banques, administrations et commerces. 
 
détails de limmeuble : 
-superficie totale : 1 300 m² 
-nombre de bureaux : 44 bureaux spacieux et lumineux 
-parking privé : 260 m² 
-ascenseur 
-chauffage central 
-climatisation chaud/froid 
-immeuble moderne et bien entretenu 
 
 
 
 usage recommandé : 
-administration publique 
-siège dentreprise 
-société de services ou de consulting 
-centre dappels 
-établissement administratif ou institutionnel 
-espace de coworking ou centre de formation 
 
 
 conditions de location : 
-loyer annuel : 250 000 dt ttc 
-disponibilité : à partir du 1er janvier 2026 
 
 
 
 contact : <a type=""phone"">+21698XXXXXX</a> 
 pour toute information complémentaire ou pour organiser une visite.",20834.0,1300.0,Immeuble de bureaux,officeBuilding,sale,private,5197,http://tunisie-annonce.com/upload2/202510/tunisie-annonce.com/photos/237587_20251014_231742.jpg,"[""https://server.bigdatis.com/api/properties/image/303874806"", ""https://server.bigdatis.com/api/properties/image/303874807""]","[{""url"": ""https://server.bigdatis.com/api/properties/image/303874806"", ""sourceId"": 1, ""adUrl"": ""http://www.tunisie-annonce.com/DetailsAnnonceImmobilier.asp?cod_ann=3430416""}, {""url"": ""https://server.bigdatis.com/api/properties/image/303874807"", ""sourceId"": 1, ""adUrl"": ""http://www.tunisie-annonce.com/DetailsAnnonceImmobilier.asp?cod_ann=3430416""}]","[{""sourceId"": 1, ""url"": ""http://www.tunisie-annonce.com/DetailsAnnonceImmobilier.asp?cod_ann=3430416"", ""price"": 20834, ""sellerType"": ""private"", ""lastModified"": ""2026-01-17 00:00:00""}, {""sourceId"": 8, ""url"": ""https://www.bnb.tn/properties/immeuble-a-lafayette-ideal-pour-bureaux-ou-siege-dentreprise/"", ""price"": 250000, ""sellerType"": ""private"", ""lastModified"": ""2025-10-22 11:31:12""}]","[{""sellerType"": ""private"", ""contactName"": null, ""active"": true}]",2,2,1,1,2,2,[],2025-10-14 23:30:18,2025-10-14 23:30:18,2026-01-17 00:00:00,2025-10-14 23:30:18,1,2026-02-07 13:31:53
990848,Immeuble bureautique 2500 m2 au lac 3,"l'agence darek immob met en vente un joli immeuble de bon standing au lac 3 le kram, il présente les caractéristiques suivantes : 
 
2500 m² de surfaces bâti 
2000 m2 de surface terrain 
2 étages en open space plus des bureaux plus stockage 
showroom et espace commercial 
climatisation chaud et froid 
alarme 
parking  
orientation sud est 
toilettes 
parking 
fibre optique 
près de commerces  
transport public à 10 min 
double vitrage 
 
prix :4800000 dt ttc 
 
merci de nous contactez au <a type=""phone"">+21651XXXXXX</a>/<a type=""phone"">+21699XXXXXX</a>/<a type=""phone"">+21651XXXXXX</a>",4800000.0,2500.0,Immeuble de bureaux,officeBuilding,sale,agency,5202,http://tunisie-annonce.com/upload2/202505/tunisie-annonce.com/photos/660363_20250505_120922.jpg,"[""https://www.menzili.tn/upload/photos/2025/05/05/12/17/9726pqdi99.jpg"", ""https://www.menzili.tn/upload/photos/2025/05/05/12/17/ajs6sv6d9e.jpg"", ""https://www.menzili.tn/upload/photos/2025/05/05/12/17/9a30simq54.jpg"", ""https://www.menzili.tn/upload/photos/2025/05/05/12/17/sm8f7stq9v.jpg""]","[{""url"": ""https://www.menzili.tn/upload/photos/2025/05/05/12/17/9726pqdi99.jpg"", ""sourceId"": 13, ""adUrl"": ""https://www.menzili.tn/annonce/annonce-142023""}, {""url"": ""https://www.menzili.tn/upload/photos/2025/05/05/12/17/ajs6sv6d9e.jpg"", ""sourceId"": 13, ""adUrl"": ""https://www.menzili.tn/annonce/annonce-142023""}, {""url"": ""https://www.menzili.tn/upload/photos/2025/05/05/12/17/9a30simq54.jpg"", ""sourceId"": 13, ""adUrl"": ""https://www.menzili.tn/annonce/annonce-142023""}, {""url"": ""https://www.menzili.tn/upload/photos/2025/05/05/12/17/sm8f7stq9v.jpg"", ""sourceId"": 13, ""adUrl"": ""https://www.menzili.tn/annonce/annonce-142023""}]","[{""sourceId"": 1, ""url"": ""http://www.tunisie-annonce.com/DetailsAnnonceImmobilier.asp?cod_ann=3269273"", ""price"": 4800000, ""sellerType"": ""agency"", ""lastModified"": ""2026-01-17 00:00:00""}, {""sourceId"": 13, ""url"": ""https://www.menzili.tn/annonce/annonce-142023"", ""price"": 4800000, ""sellerType"": ""agency"", ""lastModified"": ""2025-05-05 23:11:12""}, {""sourceId"": 7, ""url"": ""https://www.cava.tn/bureaux_et_commerces/super-immeuble-2500-m2-au-lac-3-kram-937886"", ""price"": 4800000, ""sellerType"": ""agency"", ""lastModified"": ""2025-05-05 14:37:04""}, {""sourceId"": 10, ""url"": ""https://fi-dari.tn/bien/Lac 3-AI28659-1"", ""price"": 4800000, ""sellerType"": ""agency"", ""lastModified"": ""2025-05-05 10:15:59""}]","[{""sellerType"": ""agency"", ""contactName"": ""Darek Immobilière & Consulting"", ""active"": true}]",4,4,1,1,6,5,"[""airConditioning"", ""garage"", ""garden""]",2023-11-27 11:30:37,2023-11-27 11:30:25,2026-01-17 00:00:00,2023-11-27 11:30:25,1,2026-02-07 13:31:55
1236062,"À vendre – Immeuble résidentiel de standing à Kairouan, Route Hafouz","Situé au centre-ville de Kairouan, sur la route de Hafouz, en deuxième position par rapport à la route principale. 
Rez-de-chaussée (158 m²)
	•	Un appartement spacieux
	•	Un dépôt
	•	Une cuisine indépendante
Étage (160 m²)
	•	Deux appartements indépendants
	•	Bonne aération
	•	Luminosité naturelle
	•	Distribution fonctionnelle, idéale pour des familles
	•	Immeuble composé de 3 unités indépendantes
	•	Possibilité de location totale ou partielle
	•	Forte demande locative grâce à l’emplacement central",420.0,160.0,Immeuble de bureaux,officeBuilding,sale,private,2025,56086/28043104_6180a8211261600e.jpg,"[""https://storage.googleapis.com/tayara-migration-yams-pro/db/dbbd017e-dfe0-4329-9b26-70183b2880e6"", ""https://storage.googleapis.com/tayara-migration-yams-pro/4f/4f2aa476-e6a2-4502-a4b8-7b3dd177bd4f"", ""https://storage.googleapis.com/tayara-migration-yams-pro/1b/1b6cd2ff-64e9-4802-bc4e-c9c694fd61d6"", ""https://storage.googleapis.com/tayara-migration-yams-pro/58/58e41291-6454-49fb-addd-818219ab5411"", ""https://storage.googleapis.com/tayara-migration-yams-pro/97/977d3bc9-54e9-482a-8d97-84f1f28e5236"", ""https://storage.googleapis.com/tayara-migration-yams-pro/5e/5e375de9-570b-4408-9157-24aa9011946a""]","[{""url"": ""https://storage.googleapis.com/tayara-migration-yams-pro/db/dbbd017e-dfe0-4329-9b26-70183b2880e6"", ""sourceId"": 2, ""adUrl"": ""https://www.tayara.tn/item/696a0ef67a8bf3b165bbca11/?v=2""}, {""url"": ""https://storage.googleapis.com/tayara-migration-yams-pro/4f/4f2aa476-e6a2-4502-a4b8-7b3dd177bd4f"", ""sourceId"": 2, ""adUrl"": ""https://www.tayara.tn/item/696a0ef67a8bf3b165bbca11/?v=2""}, {""url"": ""https://storage.googleapis.com/tayara-migration-yams-pro/1b/1b6cd2ff-64e9-4802-bc4e-c9c694fd61d6"", ""sourceId"": 2, ""adUrl"": ""https://www.tayara.tn/item/696a0ef67a8bf3b165bbca11/?v=2""}, {""url"": ""https://storage.googleapis.com/tayara-migration-yams-pro/58/58e41291-6454-49fb-addd-818219ab5411"", ""sourceId"": 2, ""adUrl"": ""https://www.tayara.tn/item/696a0ef67a8bf3b165bbca11/?v=2""}, {""url"": ""https://storage.googleapis.com/tayara-migration-yams-pro/97/977d3bc9-54e9-482a-8d97-84f1f28e5236"", ""sourceId"": 2, ""adUrl"": ""https://www.tayara.tn/item/696a0ef67a8bf3b165bbca11/?v=2""}, {""url"": ""https://storage.googleapis.com/tayara-migration-yams-pro/5e/5e375de9-570b-4408-9157-24aa9011946a"", ""sourceId"": 2, ""adUrl"": ""https://www.tayara.tn/item/696a0ef67a8bf3b165bbca11/?v=2""}]","[{""sourceId"": 2, ""url"": ""https://www.tayara.tn/item/696a0ef67a8bf3b165bbca11/?v=2"", ""price"": 420, ""sellerType"": ""private"", ""lastModified"": ""2026-01-16 11:12:08""}]","[{""sellerType"": ""private"", ""contactName"": ""350784"", ""active"": true}]",1,1,1,1,1,1,[],2026-01-16 11:15:12,2026-01-16 11:12:06,2026-01-16 11:12:08,2026-01-16 11:12:06,1,2026-02-07 13:31:57
1119293,Immeuble bureautique au Lac 3,"Location immeuble bureautique au lac 3.
R+3 avec ascenseur et sous sol.
Terrain 1102 m2, sous-sol 490 m2, rdc 452 m2, (1er, 2 eme et 3 eme étage 452 m2 chacun).
Chaque niveau comprend : bloc sanitaire homme et femme, open spaces et des bureaux.
Équipements et installations:
Prix 38000 d ht par mois 
Contactez Ramzi Trabelsi au <a type=""phone"">+21629XXXXXX</a>, Welcome Real Estate agence immobilière à la Soukra.",38000.0,1102.0,Immeuble de bureaux,officeBuilding,sale,agency,5202,55330/27665198_3898b83432ba1e3e.jpg,"[""https://b3g4.fra01.idrivee2-68.com/images-mirror/55330/27665198_298645142.jpg?response-content-type=image%2Fjpeg&response-cache-control=public%2C%20max-age%3D31536000%2C%20immutable&X-Amz-Content-Sha256=UNSIGNED-PAYLOAD&X-Amz-Algorithm=AWS4-HMAC-SHA256&X-Amz-Credential=Bhs7rzoWz1jkU0yRURAn%2F20260207%2FFrankfurt%2Fs3%2Faws4_request&X-Amz-Date=20260207T123158Z&X-Amz-SignedHeaders=host&X-Amz-Expires=86400&X-Amz-Signature=cb8eb27a87ec55c5a40c52cf0d32f3f3987b885ad31e9c293871ddb12e1b4b04"", ""https://b3g4.fra01.idrivee2-68.com/images-mirror/55330/27665198_298645143.jpg?response-content-type=image%2Fjpeg&response-cache-control=public%2C%20max-age%3D31536000%2C%20immutable&X-Amz-Content-Sha256=UNSIGNED-PAYLOAD&X-Amz-Algorithm=AWS4-HMAC-SHA256&X-Amz-Credential=Bhs7rzoWz1jkU0yRURAn%2F20260207%2FFrankfurt%2Fs3%2Faws4_request&X-Amz-Date=20260207T123158Z&X-Amz-SignedHeaders=host&X-Amz-Expires=86400&X-Amz-Signature=299d3e07a11fb23bfb374edf956054cb9e3ef776412a96071dad63a6e7742eab"", ""https://b3g4.fra01.idrivee2-68.com/images-mirror/55330/27665198_298645144.jpg?response-content-type=image%2Fjpeg&response-cache-control=public%2C%20max-age%3D31536000%2C%20immutable&X-Amz-Content-Sha256=UNSIGNED-PAYLOAD&X-Amz-Algorithm=AWS4-HMAC-SHA256&X-Amz-Credential=Bhs7rzoWz1jkU0yRURAn%2F20260207%2FFrankfurt%2Fs3%2Faws4_request&X-Amz-Date=20260207T123158Z&X-Amz-SignedHeaders=host&X-Amz-Expires=86400&X-Amz-Signature=8d551f5d98b511197331b8572f59f0230cdca2b5d5be01bead74bec2b3b5fb54"", ""https://b3g4.fra01.idrivee2-68.com/images-mirror/55330/27665198_298645145.jpg?response-content-type=image%2Fjpeg&response-cache-control=public%2C%20max-age%3D31536000%2C%20immutable&X-Amz-Content-Sha256=UNSIGNED-PAYLOAD&X-Amz-Algorithm=AWS4-HMAC-SHA256&X-Amz-Credential=Bhs7rzoWz1jkU0yRURAn%2F20260207%2FFrankfurt%2Fs3%2Faws4_request&X-Amz-Date=20260207T123158Z&X-Amz-SignedHeaders=host&X-Amz-Expires=86400&X-Amz-Signature=0e51bff78245d858a5fe046d57a76e3877ed207dd9119b3ef957584992d05eb0"", ""https://b3g4.fra01.idrivee2-68.com/images-mirror/55330/27665198_298645146.jpg?response-content-type=image%2Fjpeg&response-cache-control=public%2C%20max-age%3D31536000%2C%20immutable&X-Amz-Content-Sha256=UNSIGNED-PAYLOAD&X-Amz-Algorithm=AWS4-HMAC-SHA256&X-Amz-Credential=Bhs7rzoWz1jkU0yRURAn%2F20260207%2FFrankfurt%2Fs3%2Faws4_request&X-Amz-Date=20260207T123158Z&X-Amz-SignedHeaders=host&X-Amz-Expires=86400&X-Amz-Signature=7753015dcd8665b7da06d40a8bd10af5e4c161c446e01c88aa3976c0f0f248d3"", ""https://b3g4.fra01.idrivee2-68.com/images-mirror/55330/27665198_298645147.jpg?response-content-type=image%2Fjpeg&response-cache-control=public%2C%20max-age%3D31536000%2C%20immutable&X-Amz-Content-Sha256=UNSIGNED-PAYLOAD&X-Amz-Algorithm=AWS4-HMAC-SHA256&X-Amz-Credential=Bhs7rzoWz1jkU0yRURAn%2F20260207%2FFrankfurt%2Fs3%2Faws4_request&X-Amz-Date=20260207T123158Z&X-Amz-SignedHeaders=host&X-Amz-Expires=86400&X-Amz-Signature=6a4f31c8c5e1c93fbec867fdafb93c065bb0562ec713b7f2788e976d4625cfbc"", ""https://b3g4.fra01.idrivee2-68.com/images-mirror/55330/27665198_298645148.jpg?response-content-type=image%2Fjpeg&response-cache-control=public%2C%20max-age%3D31536000%2C%20immutable&X-Amz-Content-Sha256=UNSIGNED-PAYLOAD&X-Amz-Algorithm=AWS4-HMAC-SHA256&X-Amz-Credential=Bhs7rzoWz1jkU0yRURAn%2F20260207%2FFrankfurt%2Fs3%2Faws4_request&X-Amz-Date=20260207T123158Z&X-Amz-SignedHeaders=host&X-Amz-Expires=86400&X-Amz-Signature=e92bf2dee089eece6c619150e3657eafb18cc606b6796730ce84e853f5dffe72"", ""https://b3g4.fra01.idrivee2-68.com/images-mirror/55330/27665198_298645149.jpg?response-content-type=image%2Fjpeg&response-cache-control=public%2C%20max-age%3D31536000%2C%20immutable&X-Amz-Content-Sha256=UNSIGNED-PAYLOAD&X-Amz-Algorithm=AWS4-HMAC-SHA256&X-Amz-Credential=Bhs7rzoWz1jkU0yRURAn%2F20260207%2FFrankfurt%2Fs3%2Faws4_request&X-Amz-Date=20260207T123158Z&X-Amz-SignedHeaders=host&X-Amz-Expires=86400&X-Amz-Signature=adf56902473a0c81a7ee7740e28096375721cc1147acfd1ce6b8fbc57460a096"", ""https://b3g4.fra01.idrivee2-68.com/images-mirror/55330/27665198_298645150.jpg?response-content-type=image%2Fjpeg&response-cache-control=public%2C%20max-age%3D31536000%2C%20immutable&X-Amz-Content-Sha256=UNSIGNED-PAYLOAD&X-Amz-Algorithm=AWS4-HMAC-SHA256&X-Amz-Credential=Bhs7rzoWz1jkU0yRURAn%2F20260207%2FFrankfurt%2Fs3%2Faws4_request&X-Amz-Date=20260207T123158Z&X-Amz-SignedHeaders=host&X-Amz-Expires=86400&X-Amz-Signature=277f40ec095e9cbbd28e817fdc55083819a510b8688dd722b85f977eb64b792d"", ""https://b3g4.fra01.idrivee2-68.com/images-mirror/55330/27665198_298645151.jpg?response-content-type=image%2Fjpeg&response-cache-control=public%2C%20max-age%3D31536000%2C%20immutable&X-Amz-Content-Sha256=UNSIGNED-PAYLOAD&X-Amz-Algorithm=AWS4-HMAC-SHA256&X-Amz-Credential=Bhs7rzoWz1jkU0yRURAn%2F20260207%2FFrankfurt%2Fs3%2Faws4_request&X-Amz-Date=20260207T123158Z&X-Amz-SignedHeaders=host&X-Amz-Expires=86400&X-Amz-Signature=2a81474ee5c59f03c73d26643b22aa4e0afd96a589ae335edee3a3f652086b6b""]","[{""url"": ""https://b3g4.fra01.idrivee2-68.com/images-mirror/55330/27665198_298645142.jpg?response-content-type=image%2Fjpeg&response-cache-control=public%2C%20max-age%3D31536000%2C%20immutable&X-Amz-Content-Sha256=UNSIGNED-PAYLOAD&X-Amz-Algorithm=AWS4-HMAC-SHA256&X-Amz-Credential=Bhs7rzoWz1jkU0yRURAn%2F20260207%2FFrankfurt%2Fs3%2Faws4_request&X-Amz-Date=20260207T123158Z&X-Amz-SignedHeaders=host&X-Amz-Expires=86400&X-Amz-Signature=cb8eb27a87ec55c5a40c52cf0d32f3f3987b885ad31e9c293871ddb12e1b4b04"", ""sourceId"": 12, ""adUrl"": ""https://www.facebook.com/marketplace/item/2337204210071169/""}, {""url"": ""https://b3g4.fra01.idrivee2-68.com/images-mirror/55330/27665198_298645143.jpg?response-content-type=image%2Fjpeg&response-cache-control=public%2C%20max-age%3D31536000%2C%20immutable&X-Amz-Content-Sha256=UNSIGNED-PAYLOAD&X-Amz-Algorithm=AWS4-HMAC-SHA256&X-Amz-Credential=Bhs7rzoWz1jkU0yRURAn%2F20260207%2FFrankfurt%2Fs3%2Faws4_request&X-Amz-Date=20260207T123158Z&X-Amz-SignedHeaders=host&X-Amz-Expires=86400&X-Amz-Signature=299d3e07a11fb23bfb374edf956054cb9e3ef776412a96071dad63a6e7742eab"", ""sourceId"": 12, ""adUrl"": ""https://www.facebook.com/marketplace/item/2337204210071169/""}, {""url"": ""https://b3g4.fra01.idrivee2-68.com/images-mirror/55330/27665198_298645144.jpg?response-content-type=image%2Fjpeg&response-cache-control=public%2C%20max-age%3D31536000%2C%20immutable&X-Amz-Content-Sha256=UNSIGNED-PAYLOAD&X-Amz-Algorithm=AWS4-HMAC-SHA256&X-Amz-Credential=Bhs7rzoWz1jkU0yRURAn%2F20260207%2FFrankfurt%2Fs3%2Faws4_request&X-Amz-Date=20260207T123158Z&X-Amz-SignedHeaders=host&X-Amz-Expires=86400&X-Amz-Signature=8d551f5d98b511197331b8572f59f0230cdca2b5d5be01bead74bec2b3b5fb54"", ""sourceId"": 12, ""adUrl"": ""https://www.facebook.com/marketplace/item/2337204210071169/""}, {""url"": ""https://b3g4.fra01.idrivee2-68.com/images-mirror/55330/27665198_298645145.jpg?response-content-type=image%2Fjpeg&response-cache-control=public%2C%20max-age%3D31536000%2C%20immutable&X-Amz-Content-Sha256=UNSIGNED-PAYLOAD&X-Amz-Algorithm=AWS4-HMAC-SHA256&X-Amz-Credential=Bhs7rzoWz1jkU0yRURAn%2F20260207%2FFrankfurt%2Fs3%2Faws4_request&X-Amz-Date=20260207T123158Z&X-Amz-SignedHeaders=host&X-Amz-Expires=86400&X-Amz-Signature=0e51bff78245d858a5fe046d57a76e3877ed207dd9119b3ef957584992d05eb0"", ""sourceId"": 12, ""adUrl"": ""https://www.facebook.com/marketplace/item/2337204210071169/""}, {""url"": ""https://b3g4.fra01.idrivee2-68.com/images-mirror/55330/27665198_298645146.jpg?response-content-type=image%2Fjpeg&response-cache-control=public%2C%20max-age%3D31536000%2C%20immutable&X-Amz-Content-Sha256=UNSIGNED-PAYLOAD&X-Amz-Algorithm=AWS4-HMAC-SHA256&X-Amz-Credential=Bhs7rzoWz1jkU0yRURAn%2F20260207%2FFrankfurt%2Fs3%2Faws4_request&X-Amz-Date=20260207T123158Z&X-Amz-SignedHeaders=host&X-Amz-Expires=86400&X-Amz-Signature=7753015dcd8665b7da06d40a8bd10af5e4c161c446e01c88aa3976c0f0f248d3"", ""sourceId"": 12, ""adUrl"": ""https://www.facebook.com/marketplace/item/2337204210071169/""}, {""url"": ""https://b3g4.fra01.idrivee2-68.com/images-mirror/55330/27665198_298645147.jpg?response-content-type=image%2Fjpeg&response-cache-control=public%2C%20max-age%3D31536000%2C%20immutable&X-Amz-Content-Sha256=UNSIGNED-PAYLOAD&X-Amz-Algorithm=AWS4-HMAC-SHA256&X-Amz-Credential=Bhs7rzoWz1jkU0yRURAn%2F20260207%2FFrankfurt%2Fs3%2Faws4_request&X-Amz-Date=20260207T123158Z&X-Amz-SignedHeaders=host&X-Amz-Expires=86400&X-Amz-Signature=6a4f31c8c5e1c93fbec867fdafb93c065bb0562ec713b7f2788e976d4625cfbc"", ""sourceId"": 12, ""adUrl"": ""https://www.facebook.com/marketplace/item/2337204210071169/""}, {""url"": ""https://b3g4.fra01.idrivee2-68.com/images-mirror/55330/27665198_298645148.jpg?response-content-type=image%2Fjpeg&response-cache-control=public%2C%20max-age%3D31536000%2C%20immutable&X-Amz-Content-Sha256=UNSIGNED-PAYLOAD&X-Amz-Algorithm=AWS4-HMAC-SHA256&X-Amz-Credential=Bhs7rzoWz1jkU0yRURAn%2F20260207%2FFrankfurt%2Fs3%2Faws4_request&X-Amz-Date=20260207T123158Z&X-Amz-SignedHeaders=host&X-Amz-Expires=86400&X-Amz-Signature=e92bf2dee089eece6c619150e3657eafb18cc606b6796730ce84e853f5dffe72"", ""sourceId"": 12, ""adUrl"": ""https://www.facebook.com/marketplace/item/2337204210071169/""}, {""url"": ""https://b3g4.fra01.idrivee2-68.com/images-mirror/55330/27665198_298645149.jpg?response-content-type=image%2Fjpeg&response-cache-control=public%2C%20max-age%3D31536000%2C%20immutable&X-Amz-Content-Sha256=UNSIGNED-PAYLOAD&X-Amz-Algorithm=AWS4-HMAC-SHA256&X-Amz-Credential=Bhs7rzoWz1jkU0yRURAn%2F20260207%2FFrankfurt%2Fs3%2Faws4_request&X-Amz-Date=20260207T123158Z&X-Amz-SignedHeaders=host&X-Amz-Expires=86400&X-Amz-Signature=adf56902473a0c81a7ee7740e28096375721cc1147acfd1ce6b8fbc57460a096"", ""sourceId"": 12, ""adUrl"": ""https://www.facebook.com/marketplace/item/2337204210071169/""}, {""url"": ""https://b3g4.fra01.idrivee2-68.com/images-mirror/55330/27665198_298645150.jpg?response-content-type=image%2Fjpeg&response-cache-control=public%2C%20max-age%3D31536000%2C%20immutable&X-Amz-Content-Sha256=UNSIGNED-PAYLOAD&X-Amz-Algorithm=AWS4-HMAC-SHA256&X-Amz-Credential=Bhs7rzoWz1jkU0yRURAn%2F20260207%2FFrankfurt%2Fs3%2Faws4_request&X-Amz-Date=20260207T123158Z&X-Amz-SignedHeaders=host&X-Amz-Expires=86400&X-Amz-Signature=277f40ec095e9cbbd28e817fdc55083819a510b8688dd722b85f977eb64b792d"", ""sourceId"": 12, ""adUrl"": ""https://www.facebook.com/marketplace/item/2337204210071169/""}, {""url"": ""https://b3g4.fra01.idrivee2-68.com/images-mirror/55330/27665198_298645151.jpg?response-content-type=image%2Fjpeg&response-cache-control=public%2C%20max-age%3D31536000%2C%20immutable&X-Amz-Content-Sha256=UNSIGNED-PAYLOAD&X-Amz-Algorithm=AWS4-HMAC-SHA256&X-Amz-Credential=Bhs7rzoWz1jkU0yRURAn%2F20260207%2FFrankfurt%2Fs3%2Faws4_request&X-Amz-Date=20260207T123158Z&X-Amz-SignedHeaders=host&X-Amz-Expires=86400&X-Amz-Signature=2a81474ee5c59f03c73d26643b22aa4e0afd96a589ae335edee3a3f652086b6b"", ""sourceId"": 12, ""adUrl"": ""https://www.facebook.com/marketplace/item/2337204210071169/""}]","[{""sourceId"": 12, ""url"": ""https://www.facebook.com/marketplace/item/2337204210071169/"", ""price"": 38000, ""sellerType"": ""agency"", ""lastModified"": ""2026-01-14 20:02:00""}, {""sourceId"": 1, ""url"": ""http://www.tunisie-annonce.com/DetailsAnnonceImmobilier.asp?cod_ann=3425909"", ""price"": 45000, ""sellerType"": ""agency"", ""lastModified"": ""2025-11-21 00:00:00""}]","[{""sellerType"": ""agency"", ""contactName"": null, ""active"": true}]",2,2,1,1,2,2,[],2025-09-13 23:37:31,2025-09-19 11:00:38,2026-01-14 20:02:00,2026-01-14 20:02:00,1,2026-02-07 13:32:00
1233826,À VENDRE – IMMEUBLE R+2 À ARIANA,"À VENDRE – IMMEUBLE R+2 À ARIANA 
Immeuble R+2 composé de :
✔️ 4 appartements
✔️ 2 garages déja loué
✔️ Quartier recherché – idéal investissement ou habitation

📍 Ariana
📈 Fort potentiel locatif

📞 Pour plus d’informations, contactez :
PRESTIGE IMMODAB
☎️ <a type=""phone"">+21653XXXXXX</a>",950000.0,,Immeuble de bureaux,officeBuilding,sale,agency,286,56071/28035966_96968eaa8a8eaa8e.jpg,"[""https://storage.googleapis.com/tayara-migration-yams-pro/03/03eba0f1-64ad-4c18-b53a-71b2fd87de58""]","[{""url"": ""https://storage.googleapis.com/tayara-migration-yams-pro/03/03eba0f1-64ad-4c18-b53a-71b2fd87de58"", ""sourceId"": 2, ""adUrl"": ""https://www.tayara.tn/item/6965f9050fe250585263f27b/?v=2""}]","[{""sourceId"": 2, ""url"": ""https://www.tayara.tn/item/6965f9050fe250585263f27b/?v=2"", ""price"": 950000, ""sellerType"": ""agency"", ""lastModified"": ""2026-01-13 08:49:27""}]","[{""sellerType"": ""agency"", ""contactName"": ""PRESTIGE IMMODAB"", ""active"": true}]",1,1,1,1,1,1,[],2026-01-13 09:00:07,2026-01-13 08:49:25,2026-01-13 08:49:27,2026-01-13 08:49:25,1,2026-02-07 13:32:03
1234382,Immeuble avec sous sol avecrdc et mezanine,"a vendre un immeuble de superficie de 2400 m² composé de sous sol de 1200m² et un rdc de superficie de 800m² et 1etage de forme mezanine de 400m² 
emplacement stratigique
prix demandé 3.5milliards tunisienne
contacter <a type=""phone"">+21697XXXXXX</a>",3500000.0,2400.0,Immeuble de bureaux,officeBuilding,sale,agency,3609,,[],,"[{""sourceId"": 1, ""url"": ""http://www.tunisie-annonce.com/DetailsAnnonceImmobilier.asp?cod_ann=3446132"", ""price"": 3500000, ""sellerType"": ""agency"", ""lastModified"": ""2026-01-13 00:00:00""}]","[{""sellerType"": ""agency"", ""contactName"": null, ""active"": true}]",1,1,1,1,1,1,[],2026-01-13 21:30:05,2026-01-13 00:00:00,2026-01-13 00:00:00,2026-01-13 00:00:00,1,2026-02-07 13:32:05
1182209,Bardo vnt immeuble 1300m2,"ketata immo vous présente à la vente au bardo.

immeuble en r+3 construit sur un terrain 378 m2,  couvert 1300 m2, des espaces commerciaux au rdc, tout l'immeuble est  bureautique  loué à une seule société.

l'apport locatif est de 247.000 dt/an

prix de vente : 2 milliards 600.000 dt

honoraire agence de 2 % .

pour visite veuillez contacter le conseiller en immobilier , mr ketata chafik au <a type=""phone"">+21656XXXXXX</a>.

svp pas d'autres agences ou intermédiaires.",2000000.0,1300.0,Immeuble de bureaux,officeBuilding,sale,agency,4988,55734/27867290_2fb626b6a6b792b6.jpg,"[""https://server.bigdatis.com/api/properties/image/306411846""]","[{""url"": ""https://server.bigdatis.com/api/properties/image/306411846"", ""sourceId"": 1, ""adUrl"": ""http://www.tunisie-annonce.com/DetailsAnnonceImmobilier.asp?cod_ann=3433014""}]","[{""sourceId"": 1, ""url"": ""http://www.tunisie-annonce.com/DetailsAnnonceImmobilier.asp?cod_ann=3433014"", ""price"": 2000000, ""sellerType"": ""agency"", ""lastModified"": ""2026-01-11 00:00:00""}]","[{""sellerType"": ""agency"", ""contactName"": null, ""active"": true}]",1,1,1,1,1,1,[],2025-10-31 09:00:09,2025-10-31 09:00:09,2026-01-11 00:00:00,2025-12-09 00:00:00,1,2026-02-07 13:32:08
732709,Très beau immeuble 4500 m2 au lac 3 kram,"l'agence darek immob met en location un très jolie immeuble en open space dans la zone d'affaire kheireddine ,le kram (lac3)  , il présente les caractéristiques suivantes :

4500 m² en open space 

terrasse

toilettes

gardien

ascenseur s

fibre optique

près de commerces

accès par gp9 ou tunis marine

transport public à 10 min

orienté est et sud est

climatisation centrale

double vitrage

parking

nb: plan sur demande
prix : 100000 dt/ht/mois
merci de nous contactez au <a type=""phone"">+21651XXXXXX</a>/<a type=""phone"">+21699XXXXXX</a>",100000.0,4500.0,Immeuble de bureaux,officeBuilding,sale,agency,5202,http://tunisie-annonce.com/upload2/202404/tunisie-annonce.com/photos/660363_20240412_110837.jpg,"[""https://www.affare.tn/image/04_2024_ebb4d7ee.JPG"", ""https://www.affare.tn/image/04_2024_6b338740.JPG"", ""https://www.menzili.tn/upload/photos/2025/01/09/10/34/726r49979e.jpg"", ""https://www.menzili.tn/upload/photos/2025/01/09/10/34/d2sfp76961.jpg""]","[{""url"": ""https://www.affare.tn/image/04_2024_ebb4d7ee.JPG"", ""sourceId"": 6, ""adUrl"": ""https://www.affare.tn/annonce/iemmuble-bureautique-neuf-4500-m-au-lac-3-kram-207723""}, {""url"": ""https://www.affare.tn/image/04_2024_6b338740.JPG"", ""sourceId"": 6, ""adUrl"": ""https://www.affare.tn/annonce/iemmuble-bureautique-neuf-4500-m-au-lac-3-kram-207723""}, {""url"": ""https://www.menzili.tn/upload/photos/2025/01/09/10/34/726r49979e.jpg"", ""sourceId"": 13, ""adUrl"": ""https://www.menzili.tn/annonce/annonce-79828""}, {""url"": ""https://www.menzili.tn/upload/photos/2025/01/09/10/34/d2sfp76961.jpg"", ""sourceId"": 13, ""adUrl"": ""https://www.menzili.tn/annonce/annonce-79828""}]","[{""sourceId"": 1, ""url"": ""http://www.tunisie-annonce.com/DetailsAnnonceImmobilier.asp?cod_ann=3305404"", ""price"": 100000, ""sellerType"": ""agency"", ""lastModified"": ""2026-01-11 00:00:00""}, {""sourceId"": 6, ""url"": ""https://www.affare.tn/annonce/iemmuble-bureautique-neuf-4500-m-au-lac-3-kram-207723"", ""price"": 100000, ""sellerType"": ""agency"", ""lastModified"": ""2024-04-12 21:54:36""}, {""sourceId"": 13, ""url"": ""https://www.menzili.tn/annonce/annonce-79828"", ""price"": 100000, ""sellerType"": ""agency"", ""lastModified"": ""2022-02-08 23:11:06""}]","[{""sellerType"": ""agency"", ""contactName"": ""Darek Immobilière "", ""active"": true}]",3,3,1,1,5,3,"[""airConditioning"", ""garage"", ""garden"", ""elevator""]",2024-04-12 10:22:06,2022-02-08 23:11:06,2026-01-11 00:00:00,2022-02-08 23:11:06,1,2026-02-07 13:32:10
1212776,Immeuble à vendre à charguia,"À vendre – Immeuble à Charguia

Un immeuble d’une superficie couverte de 2200 m² répartie sur 4 étages, comprenant 55 bureaux, édifié sur un terrain de 1600 m².

Ce bien convient parfaitement pour accueillir :

le siège d’une société,

une école ou un institut de formation,

un centre d’appels,

ou toute autre activité professionnelle.

Pour toute visite ou demande d’informations supplémentaires, veuillez nous contacter.",,2200.0,Immeuble de bureaux,officeBuilding,sale,private,347,55934/27967141_2ed7d6e6e6f6f478.jpg,"[""https://b3g4.fra01.idrivee2-68.com/images-mirror/55934/27967141_314520675.jpg?response-content-type=image%2Fjpeg&response-cache-control=public%2C%20max-age%3D31536000%2C%20immutable&X-Amz-Content-Sha256=UNSIGNED-PAYLOAD&X-Amz-Algorithm=AWS4-HMAC-SHA256&X-Amz-Credential=Bhs7rzoWz1jkU0yRURAn%2F20260207%2FFrankfurt%2Fs3%2Faws4_request&X-Amz-Date=20260207T123212Z&X-Amz-SignedHeaders=host&X-Amz-Expires=86400&X-Amz-Signature=1b196e3738928316732b6d092d7b1510e462154858d8c0b8053521d9b043a997"", ""https://b3g4.fra01.idrivee2-68.com/images-mirror/55934/27967141_1.jpg?response-content-type=image%2Fjpeg&response-cache-control=public%2C%20max-age%3D31536000%2C%20immutable&X-Amz-Content-Sha256=UNSIGNED-PAYLOAD&X-Amz-Algorithm=AWS4-HMAC-SHA256&X-Amz-Credential=Bhs7rzoWz1jkU0yRURAn%2F20260207%2FFrankfurt%2Fs3%2Faws4_request&X-Amz-Date=20260207T123212Z&X-Amz-SignedHeaders=host&X-Amz-Expires=86400&X-Amz-Signature=5a76e183101c5dd2eee263b70fd0bf3033e2fb67ead91bafdecdd35c7680fe63"", ""https://b3g4.fra01.idrivee2-68.com/images-mirror/55934/27967141_314520677.jpg?response-content-type=image%2Fjpeg&response-cache-control=public%2C%20max-age%3D31536000%2C%20immutable&X-Amz-Content-Sha256=UNSIGNED-PAYLOAD&X-Amz-Algorithm=AWS4-HMAC-SHA256&X-Amz-Credential=Bhs7rzoWz1jkU0yRURAn%2F20260207%2FFrankfurt%2Fs3%2Faws4_request&X-Amz-Date=20260207T123212Z&X-Amz-SignedHeaders=host&X-Amz-Expires=86400&X-Amz-Signature=38c9fd0564c795d594b2e3309932538d7dcd233568afe7328e2d3bd36e82c01d"", ""https://b3g4.fra01.idrivee2-68.com/images-mirror/55934/27967141_314520678.jpg?response-content-type=image%2Fjpeg&response-cache-control=public%2C%20max-age%3D31536000%2C%20immutable&X-Amz-Content-Sha256=UNSIGNED-PAYLOAD&X-Amz-Algorithm=AWS4-HMAC-SHA256&X-Amz-Credential=Bhs7rzoWz1jkU0yRURAn%2F20260207%2FFrankfurt%2Fs3%2Faws4_request&X-Amz-Date=20260207T123212Z&X-Amz-SignedHeaders=host&X-Amz-Expires=86400&X-Amz-Signature=925e2c77a97da0cb608f0361ae5a65346cd9f197d4280cb7b2cb09343a25bced"", ""https://b3g4.fra01.idrivee2-68.com/images-mirror/55934/27967141_314520679.jpg?response-content-type=image%2Fjpeg&response-cache-control=public%2C%20max-age%3D31536000%2C%20immutable&X-Amz-Content-Sha256=UNSIGNED-PAYLOAD&X-Amz-Algorithm=AWS4-HMAC-SHA256&X-Amz-Credential=Bhs7rzoWz1jkU0yRURAn%2F20260207%2FFrankfurt%2Fs3%2Faws4_request&X-Amz-Date=20260207T123212Z&X-Amz-SignedHeaders=host&X-Amz-Expires=86400&X-Amz-Signature=fc9cb273ff78c31181b538cf39dd1be66186978dd67c021faffd56842fa96836"", ""https://b3g4.fra01.idrivee2-68.com/images-mirror/55934/27967141_314520680.jpg?response-content-type=image%2Fjpeg&response-cache-control=public%2C%20max-age%3D31536000%2C%20immutable&X-Amz-Content-Sha256=UNSIGNED-PAYLOAD&X-Amz-Algorithm=AWS4-HMAC-SHA256&X-Amz-Credential=Bhs7rzoWz1jkU0yRURAn%2F20260207%2FFrankfurt%2Fs3%2Faws4_request&X-Amz-Date=20260207T123212Z&X-Amz-SignedHeaders=host&X-Amz-Expires=86400&X-Amz-Signature=04969e9c9eaa916975145c7d528b7aec668d15df5af0b3933a6bd3c45bd170e8"", ""https://b3g4.fra01.idrivee2-68.com/images-mirror/55934/27967141_314520681.jpg?response-content-type=image%2Fjpeg&response-cache-control=public%2C%20max-age%3D31536000%2C%20immutable&X-Amz-Content-Sha256=UNSIGNED-PAYLOAD&X-Amz-Algorithm=AWS4-HMAC-SHA256&X-Amz-Credential=Bhs7rzoWz1jkU0yRURAn%2F20260207%2FFrankfurt%2Fs3%2Faws4_request&X-Amz-Date=20260207T123212Z&X-Amz-SignedHeaders=host&X-Amz-Expires=86400&X-Amz-Signature=535ab22f7f513da2c4f05c11809f8a6e1cb4cf6dbf4371927d1a16f79b2cb8fe"", ""https://b3g4.fra01.idrivee2-68.com/images-mirror/55934/27967141_314520682.jpg?response-content-type=image%2Fjpeg&response-cache-control=public%2C%20max-age%3D31536000%2C%20immutable&X-Amz-Content-Sha256=UNSIGNED-PAYLOAD&X-Amz-Algorithm=AWS4-HMAC-SHA256&X-Amz-Credential=Bhs7rzoWz1jkU0yRURAn%2F20260207%2FFrankfurt%2Fs3%2Faws4_request&X-Amz-Date=20260207T123212Z&X-Amz-SignedHeaders=host&X-Amz-Expires=86400&X-Amz-Signature=0529479d4fe3d85988d049886df851ce980a6c2b690c6d4499ac3decf9cb3961"", ""https://b3g4.fra01.idrivee2-68.com/images-mirror/55934/27967141_314520683.jpg?response-content-type=image%2Fjpeg&response-cache-control=public%2C%20max-age%3D31536000%2C%20immutable&X-Amz-Content-Sha256=UNSIGNED-PAYLOAD&X-Amz-Algorithm=AWS4-HMAC-SHA256&X-Amz-Credential=Bhs7rzoWz1jkU0yRURAn%2F20260207%2FFrankfurt%2Fs3%2Faws4_request&X-Amz-Date=20260207T123212Z&X-Amz-SignedHeaders=host&X-Amz-Expires=86400&X-Amz-Signature=41ebd46b9ff678b29aa2d988dc6fd5ed2085b073380752b2f3d35d464733f40a"", ""https://b3g4.fra01.idrivee2-68.com/images-mirror/55934/27967141_314520684.jpg?response-content-type=image%2Fjpeg&response-cache-control=public%2C%20max-age%3D31536000%2C%20immutable&X-Amz-Content-Sha256=UNSIGNED-PAYLOAD&X-Amz-Algorithm=AWS4-HMAC-SHA256&X-Amz-Credential=Bhs7rzoWz1jkU0yRURAn%2F20260207%2FFrankfurt%2Fs3%2Faws4_request&X-Amz-Date=20260207T123212Z&X-Amz-SignedHeaders=host&X-Amz-Expires=86400&X-Amz-Signature=143f43776296c4649cd4253431eedc10f7f98ae3840beea71192b1a2a35cbaa4"", ""https://b3g4.fra01.idrivee2-68.com/images-mirror/55934/27967141_314520685.jpg?response-content-type=image%2Fjpeg&response-cache-control=public%2C%20max-age%3D31536000%2C%20immutable&X-Amz-Content-Sha256=UNSIGNED-PAYLOAD&X-Amz-Algorithm=AWS4-HMAC-SHA256&X-Amz-Credential=Bhs7rzoWz1jkU0yRURAn%2F20260207%2FFrankfurt%2Fs3%2Faws4_request&X-Amz-Date=20260207T123212Z&X-Amz-SignedHeaders=host&X-Amz-Expires=86400&X-Amz-Signature=330ad414150291dff538f33c5a87cdc9638abea88cb68b19dd9dc5d1de622abd"", ""https://b3g4.fra01.idrivee2-68.com/images-mirror/55934/27967141_314520686.jpg?response-content-type=image%2Fjpeg&response-cache-control=public%2C%20max-age%3D31536000%2C%20immutable&X-Amz-Content-Sha256=UNSIGNED-PAYLOAD&X-Amz-Algorithm=AWS4-HMAC-SHA256&X-Amz-Credential=Bhs7rzoWz1jkU0yRURAn%2F20260207%2FFrankfurt%2Fs3%2Faws4_request&X-Amz-Date=20260207T123212Z&X-Amz-SignedHeaders=host&X-Amz-Expires=86400&X-Amz-Signature=c43d886cfc2731511897628768293bc0ca5e5592a6c109da7abf8b174b2d4669"", ""https://b3g4.fra01.idrivee2-68.com/images-mirror/55934/27967141_314520687.jpg?response-content-type=image%2Fjpeg&response-cache-control=public%2C%20max-age%3D31536000%2C%20immutable&X-Amz-Content-Sha256=UNSIGNED-PAYLOAD&X-Amz-Algorithm=AWS4-HMAC-SHA256&X-Amz-Credential=Bhs7rzoWz1jkU0yRURAn%2F20260207%2FFrankfurt%2Fs3%2Faws4_request&X-Amz-Date=20260207T123212Z&X-Amz-SignedHeaders=host&X-Amz-Expires=86400&X-Amz-Signature=3375f19b54e3df725166b37a0ac050264fe59c38c187b915b7f93dd47575b7ba"", ""https://b3g4.fra01.idrivee2-68.com/images-mirror/55934/27967141_314520688.jpg?response-content-type=image%2Fjpeg&response-cache-control=public%2C%20max-age%3D31536000%2C%20immutable&X-Amz-Content-Sha256=UNSIGNED-PAYLOAD&X-Amz-Algorithm=AWS4-HMAC-SHA256&X-Amz-Credential=Bhs7rzoWz1jkU0yRURAn%2F20260207%2FFrankfurt%2Fs3%2Faws4_request&X-Amz-Date=20260207T123212Z&X-Amz-SignedHeaders=host&X-Amz-Expires=86400&X-Amz-Signature=e143771ef7482821188e20c00e24a2d7abfa2fec440e42520a59c9950a7ac7ab"", ""https://b3g4.fra01.idrivee2-68.com/images-mirror/55934/27967141_314520689.jpg?response-content-type=image%2Fjpeg&response-cache-control=public%2C%20max-age%3D31536000%2C%20immutable&X-Amz-Content-Sha256=UNSIGNED-PAYLOAD&X-Amz-Algorithm=AWS4-HMAC-SHA256&X-Amz-Credential=Bhs7rzoWz1jkU0yRURAn%2F20260207%2FFrankfurt%2Fs3%2Faws4_request&X-Amz-Date=20260207T123212Z&X-Amz-SignedHeaders=host&X-Amz-Expires=86400&X-Amz-Signature=70b2a8bc0bff3ae433874d4adda140decc755b87730cb25e562102b5fb4c836c"", ""https://b3g4.fra01.idrivee2-68.com/images-mirror/55934/27967141_314520690.jpg?response-content-type=image%2Fjpeg&response-cache-control=public%2C%20max-age%3D31536000%2C%20immutable&X-Amz-Content-Sha256=UNSIGNED-PAYLOAD&X-Amz-Algorithm=AWS4-HMAC-SHA256&X-Amz-Credential=Bhs7rzoWz1jkU0yRURAn%2F20260207%2FFrankfurt%2Fs3%2Faws4_request&X-Amz-Date=20260207T123212Z&X-Amz-SignedHeaders=host&X-Amz-Expires=86400&X-Amz-Signature=2c22f5752a785f50293e5d34d1b0acd3dfb5b6ecd4f2de6cfd50d5c691bb540f"", ""https://b3g4.fra01.idrivee2-68.com/images-mirror/55934/27967141_314520691.jpg?response-content-type=image%2Fjpeg&response-cache-control=public%2C%20max-age%3D31536000%2C%20immutable&X-Amz-Content-Sha256=UNSIGNED-PAYLOAD&X-Amz-Algorithm=AWS4-HMAC-SHA256&X-Amz-Credential=Bhs7rzoWz1jkU0yRURAn%2F20260207%2FFrankfurt%2Fs3%2Faws4_request&X-Amz-Date=20260207T123212Z&X-Amz-SignedHeaders=host&X-Amz-Expires=86400&X-Amz-Signature=683efa50b67790ac74e80a57e3a0549b0ff39f884902b3822ddf154d810566ba"", ""https://b3g4.fra01.idrivee2-68.com/images-mirror/55934/27967141_314520692.jpg?response-content-type=image%2Fjpeg&response-cache-control=public%2C%20max-age%3D31536000%2C%20immutable&X-Amz-Content-Sha256=UNSIGNED-PAYLOAD&X-Amz-Algorithm=AWS4-HMAC-SHA256&X-Amz-Credential=Bhs7rzoWz1jkU0yRURAn%2F20260207%2FFrankfurt%2Fs3%2Faws4_request&X-Amz-Date=20260207T123212Z&X-Amz-SignedHeaders=host&X-Amz-Expires=86400&X-Amz-Signature=67389d4ce30be8fa804e22373dccd423fa8eff9293aba56cf8ddcb235fba957a"", ""https://b3g4.fra01.idrivee2-68.com/images-mirror/55934/27967141_314520693.jpg?response-content-type=image%2Fjpeg&response-cache-control=public%2C%20max-age%3D31536000%2C%20immutable&X-Amz-Content-Sha256=UNSIGNED-PAYLOAD&X-Amz-Algorithm=AWS4-HMAC-SHA256&X-Amz-Credential=Bhs7rzoWz1jkU0yRURAn%2F20260207%2FFrankfurt%2Fs3%2Faws4_request&X-Amz-Date=20260207T123212Z&X-Amz-SignedHeaders=host&X-Amz-Expires=86400&X-Amz-Signature=aba9b44fbd4bb3495ab7de936c63707dde7c944b88905dc715d62d933b4f1578"", ""https://b3g4.fra01.idrivee2-68.com/images-mirror/55934/27967141_314520694.jpg?response-content-type=image%2Fjpeg&response-cache-control=public%2C%20max-age%3D31536000%2C%20immutable&X-Amz-Content-Sha256=UNSIGNED-PAYLOAD&X-Amz-Algorithm=AWS4-HMAC-SHA256&X-Amz-Credential=Bhs7rzoWz1jkU0yRURAn%2F20260207%2FFrankfurt%2Fs3%2Faws4_request&X-Amz-Date=20260207T123212Z&X-Amz-SignedHeaders=host&X-Amz-Expires=86400&X-Amz-Signature=7ac0a075e569e0b466b2ec1140dcf597d12dc40850f2aa7fe4fe7eb99d248158"", ""https://www.mubawab-media.com/ad/8/269/723F/h/1000012385_81605905.avif"", ""https://www.mubawab-media.com/ad/8/269/723F/h/1000012380_81605909.avif"", ""https://www.mubawab-media.com/ad/8/269/723F/h/1000012379_81605910.avif"", ""https://www.mubawab-media.com/ad/8/269/723F/h/1000012378_81605911.avif"", ""https://www.mubawab-media.com/ad/8/269/723F/h/1000012371_81605915.avif"", ""https://www.mubawab-media.com/ad/8/269/723F/h/1000012375_81605916.avif"", ""https://www.mubawab-media.com/ad/8/269/723F/h/1000012365_81605920.avif"", ""https://www.mubawab-media.com/ad/8/269/723F/h/1000012362_81605921.avif""]","[{""url"": ""https://b3g4.fra01.idrivee2-68.com/images-mirror/55934/27967141_314520675.jpg?response-content-type=image%2Fjpeg&response-cache-control=public%2C%20max-age%3D31536000%2C%20immutable&X-Amz-Content-Sha256=UNSIGNED-PAYLOAD&X-Amz-Algorithm=AWS4-HMAC-SHA256&X-Amz-Credential=Bhs7rzoWz1jkU0yRURAn%2F20260207%2FFrankfurt%2Fs3%2Faws4_request&X-Amz-Date=20260207T123212Z&X-Amz-SignedHeaders=host&X-Amz-Expires=86400&X-Amz-Signature=1b196e3738928316732b6d092d7b1510e462154858d8c0b8053521d9b043a997"", ""sourceId"": 12, ""adUrl"": ""https://www.facebook.com/marketplace/item/1025516963100206/""}, {""url"": ""https://b3g4.fra01.idrivee2-68.com/images-mirror/55934/27967141_1.jpg?response-content-type=image%2Fjpeg&response-cache-control=public%2C%20max-age%3D31536000%2C%20immutable&X-Amz-Content-Sha256=UNSIGNED-PAYLOAD&X-Amz-Algorithm=AWS4-HMAC-SHA256&X-Amz-Credential=Bhs7rzoWz1jkU0yRURAn%2F20260207%2FFrankfurt%2Fs3%2Faws4_request&X-Amz-Date=20260207T123212Z&X-Amz-SignedHeaders=host&X-Amz-Expires=86400&X-Amz-Signature=5a76e183101c5dd2eee263b70fd0bf3033e2fb67ead91bafdecdd35c7680fe63"", ""sourceId"": 12, ""adUrl"": ""https://www.facebook.com/marketplace/item/1025516963100206/""}, {""url"": ""https://b3g4.fra01.idrivee2-68.com/images-mirror/55934/27967141_314520677.jpg?response-content-type=image%2Fjpeg&response-cache-control=public%2C%20max-age%3D31536000%2C%20immutable&X-Amz-Content-Sha256=UNSIGNED-PAYLOAD&X-Amz-Algorithm=AWS4-HMAC-SHA256&X-Amz-Credential=Bhs7rzoWz1jkU0yRURAn%2F20260207%2FFrankfurt%2Fs3%2Faws4_request&X-Amz-Date=20260207T123212Z&X-Amz-SignedHeaders=host&X-Amz-Expires=86400&X-Amz-Signature=38c9fd0564c795d594b2e3309932538d7dcd233568afe7328e2d3bd36e82c01d"", ""sourceId"": 12, ""adUrl"": ""https://www.facebook.com/marketplace/item/1025516963100206/""}, {""url"": ""https://b3g4.fra01.idrivee2-68.com/images-mirror/55934/27967141_314520678.jpg?response-content-type=image%2Fjpeg&response-cache-control=public%2C%20max-age%3D31536000%2C%20immutable&X-Amz-Content-Sha256=UNSIGNED-PAYLOAD&X-Amz-Algorithm=AWS4-HMAC-SHA256&X-Amz-Credential=Bhs7rzoWz1jkU0yRURAn%2F20260207%2FFrankfurt%2Fs3%2Faws4_request&X-Amz-Date=20260207T123212Z&X-Amz-SignedHeaders=host&X-Amz-Expires=86400&X-Amz-Signature=925e2c77a97da0cb608f0361ae5a65346cd9f197d4280cb7b2cb09343a25bced"", ""sourceId"": 12, ""adUrl"": ""https://www.facebook.com/marketplace/item/1025516963100206/""}, {""url"": ""https://b3g4.fra01.idrivee2-68.com/images-mirror/55934/27967141_314520679.jpg?response-content-type=image%2Fjpeg&response-cache-control=public%2C%20max-age%3D31536000%2C%20immutable&X-Amz-Content-Sha256=UNSIGNED-PAYLOAD&X-Amz-Algorithm=AWS4-HMAC-SHA256&X-Amz-Credential=Bhs7rzoWz1jkU0yRURAn%2F20260207%2FFrankfurt%2Fs3%2Faws4_request&X-Amz-Date=20260207T123212Z&X-Amz-SignedHeaders=host&X-Amz-Expires=86400&X-Amz-Signature=fc9cb273ff78c31181b538cf39dd1be66186978dd67c021faffd56842fa96836"", ""sourceId"": 12, ""adUrl"": ""https://www.facebook.com/marketplace/item/1025516963100206/""}, {""url"": ""https://b3g4.fra01.idrivee2-68.com/images-mirror/55934/27967141_314520680.jpg?response-content-type=image%2Fjpeg&response-cache-control=public%2C%20max-age%3D31536000%2C%20immutable&X-Amz-Content-Sha256=UNSIGNED-PAYLOAD&X-Amz-Algorithm=AWS4-HMAC-SHA256&X-Amz-Credential=Bhs7rzoWz1jkU0yRURAn%2F20260207%2FFrankfurt%2Fs3%2Faws4_request&X-Amz-Date=20260207T123212Z&X-Amz-SignedHeaders=host&X-Amz-Expires=86400&X-Amz-Signature=04969e9c9eaa916975145c7d528b7aec668d15df5af0b3933a6bd3c45bd170e8"", ""sourceId"": 12, ""adUrl"": ""https://www.facebook.com/marketplace/item/1025516963100206/""}, {""url"": ""https://b3g4.fra01.idrivee2-68.com/images-mirror/55934/27967141_314520681.jpg?response-content-type=image%2Fjpeg&response-cache-control=public%2C%20max-age%3D31536000%2C%20immutable&X-Amz-Content-Sha256=UNSIGNED-PAYLOAD&X-Amz-Algorithm=AWS4-HMAC-SHA256&X-Amz-Credential=Bhs7rzoWz1jkU0yRURAn%2F20260207%2FFrankfurt%2Fs3%2Faws4_request&X-Amz-Date=20260207T123212Z&X-Amz-SignedHeaders=host&X-Amz-Expires=86400&X-Amz-Signature=535ab22f7f513da2c4f05c11809f8a6e1cb4cf6dbf4371927d1a16f79b2cb8fe"", ""sourceId"": 12, ""adUrl"": ""https://www.facebook.com/marketplace/item/1025516963100206/""}, {""url"": ""https://b3g4.fra01.idrivee2-68.com/images-mirror/55934/27967141_314520682.jpg?response-content-type=image%2Fjpeg&response-cache-control=public%2C%20max-age%3D31536000%2C%20immutable&X-Amz-Content-Sha256=UNSIGNED-PAYLOAD&X-Amz-Algorithm=AWS4-HMAC-SHA256&X-Amz-Credential=Bhs7rzoWz1jkU0yRURAn%2F20260207%2FFrankfurt%2Fs3%2Faws4_request&X-Amz-Date=20260207T123212Z&X-Amz-SignedHeaders=host&X-Amz-Expires=86400&X-Amz-Signature=0529479d4fe3d85988d049886df851ce980a6c2b690c6d4499ac3decf9cb3961"", ""sourceId"": 12, ""adUrl"": ""https://www.facebook.com/marketplace/item/1025516963100206/""}, {""url"": ""https://b3g4.fra01.idrivee2-68.com/images-mirror/55934/27967141_314520683.jpg?response-content-type=image%2Fjpeg&response-cache-control=public%2C%20max-age%3D31536000%2C%20immutable&X-Amz-Content-Sha256=UNSIGNED-PAYLOAD&X-Amz-Algorithm=AWS4-HMAC-SHA256&X-Amz-Credential=Bhs7rzoWz1jkU0yRURAn%2F20260207%2FFrankfurt%2Fs3%2Faws4_request&X-Amz-Date=20260207T123212Z&X-Amz-SignedHeaders=host&X-Amz-Expires=86400&X-Amz-Signature=41ebd46b9ff678b29aa2d988dc6fd5ed2085b073380752b2f3d35d464733f40a"", ""sourceId"": 12, ""adUrl"": ""https://www.facebook.com/marketplace/item/1025516963100206/""}, {""url"": ""https://b3g4.fra01.idrivee2-68.com/images-mirror/55934/27967141_314520684.jpg?response-content-type=image%2Fjpeg&response-cache-control=public%2C%20max-age%3D31536000%2C%20immutable&X-Amz-Content-Sha256=UNSIGNED-PAYLOAD&X-Amz-Algorithm=AWS4-HMAC-SHA256&X-Amz-Credential=Bhs7rzoWz1jkU0yRURAn%2F20260207%2FFrankfurt%2Fs3%2Faws4_request&X-Amz-Date=20260207T123212Z&X-Amz-SignedHeaders=host&X-Amz-Expires=86400&X-Amz-Signature=143f43776296c4649cd4253431eedc10f7f98ae3840beea71192b1a2a35cbaa4"", ""sourceId"": 12, ""adUrl"": ""https://www.facebook.com/marketplace/item/1025516963100206/""}, {""url"": ""https://b3g4.fra01.idrivee2-68.com/images-mirror/55934/27967141_314520685.jpg?response-content-type=image%2Fjpeg&response-cache-control=public%2C%20max-age%3D31536000%2C%20immutable&X-Amz-Content-Sha256=UNSIGNED-PAYLOAD&X-Amz-Algorithm=AWS4-HMAC-SHA256&X-Amz-Credential=Bhs7rzoWz1jkU0yRURAn%2F20260207%2FFrankfurt%2Fs3%2Faws4_request&X-Amz-Date=20260207T123212Z&X-Amz-SignedHeaders=host&X-Amz-Expires=86400&X-Amz-Signature=330ad414150291dff538f33c5a87cdc9638abea88cb68b19dd9dc5d1de622abd"", ""sourceId"": 12, ""adUrl"": ""https://www.facebook.com/marketplace/item/1025516963100206/""}, {""url"": ""https://b3g4.fra01.idrivee2-68.com/images-mirror/55934/27967141_314520686.jpg?response-content-type=image%2Fjpeg&response-cache-control=public%2C%20max-age%3D31536000%2C%20immutable&X-Amz-Content-Sha256=UNSIGNED-PAYLOAD&X-Amz-Algorithm=AWS4-HMAC-SHA256&X-Amz-Credential=Bhs7rzoWz1jkU0yRURAn%2F20260207%2FFrankfurt%2Fs3%2Faws4_request&X-Amz-Date=20260207T123212Z&X-Amz-SignedHeaders=host&X-Amz-Expires=86400&X-Amz-Signature=c43d886cfc2731511897628768293bc0ca5e5592a6c109da7abf8b174b2d4669"", ""sourceId"": 12, ""adUrl"": ""https://www.facebook.com/marketplace/item/1025516963100206/""}, {""url"": ""https://b3g4.fra01.idrivee2-68.com/images-mirror/55934/27967141_314520687.jpg?response-content-type=image%2Fjpeg&response-cache-control=public%2C%20max-age%3D31536000%2C%20immutable&X-Amz-Content-Sha256=UNSIGNED-PAYLOAD&X-Amz-Algorithm=AWS4-HMAC-SHA256&X-Amz-Credential=Bhs7rzoWz1jkU0yRURAn%2F20260207%2FFrankfurt%2Fs3%2Faws4_request&X-Amz-Date=20260207T123212Z&X-Amz-SignedHeaders=host&X-Amz-Expires=86400&X-Amz-Signature=3375f19b54e3df725166b37a0ac050264fe59c38c187b915b7f93dd47575b7ba"", ""sourceId"": 12, ""adUrl"": ""https://www.facebook.com/marketplace/item/1025516963100206/""}, {""url"": ""https://b3g4.fra01.idrivee2-68.com/images-mirror/55934/27967141_314520688.jpg?response-content-type=image%2Fjpeg&response-cache-control=public%2C%20max-age%3D31536000%2C%20immutable&X-Amz-Content-Sha256=UNSIGNED-PAYLOAD&X-Amz-Algorithm=AWS4-HMAC-SHA256&X-Amz-Credential=Bhs7rzoWz1jkU0yRURAn%2F20260207%2FFrankfurt%2Fs3%2Faws4_request&X-Amz-Date=20260207T123212Z&X-Amz-SignedHeaders=host&X-Amz-Expires=86400&X-Amz-Signature=e143771ef7482821188e20c00e24a2d7abfa2fec440e42520a59c9950a7ac7ab"", ""sourceId"": 12, ""adUrl"": ""https://www.facebook.com/marketplace/item/1025516963100206/""}, {""url"": ""https://b3g4.fra01.idrivee2-68.com/images-mirror/55934/27967141_314520689.jpg?response-content-type=image%2Fjpeg&response-cache-control=public%2C%20max-age%3D31536000%2C%20immutable&X-Amz-Content-Sha256=UNSIGNED-PAYLOAD&X-Amz-Algorithm=AWS4-HMAC-SHA256&X-Amz-Credential=Bhs7rzoWz1jkU0yRURAn%2F20260207%2FFrankfurt%2Fs3%2Faws4_request&X-Amz-Date=20260207T123212Z&X-Amz-SignedHeaders=host&X-Amz-Expires=86400&X-Amz-Signature=70b2a8bc0bff3ae433874d4adda140decc755b87730cb25e562102b5fb4c836c"", ""sourceId"": 12, ""adUrl"": ""https://www.facebook.com/marketplace/item/1025516963100206/""}, {""url"": ""https://b3g4.fra01.idrivee2-68.com/images-mirror/55934/27967141_314520690.jpg?response-content-type=image%2Fjpeg&response-cache-control=public%2C%20max-age%3D31536000%2C%20immutable&X-Amz-Content-Sha256=UNSIGNED-PAYLOAD&X-Amz-Algorithm=AWS4-HMAC-SHA256&X-Amz-Credential=Bhs7rzoWz1jkU0yRURAn%2F20260207%2FFrankfurt%2Fs3%2Faws4_request&X-Amz-Date=20260207T123212Z&X-Amz-SignedHeaders=host&X-Amz-Expires=86400&X-Amz-Signature=2c22f5752a785f50293e5d34d1b0acd3dfb5b6ecd4f2de6cfd50d5c691bb540f"", ""sourceId"": 12, ""adUrl"": ""https://www.facebook.com/marketplace/item/1025516963100206/""}, {""url"": ""https://b3g4.fra01.idrivee2-68.com/images-mirror/55934/27967141_314520691.jpg?response-content-type=image%2Fjpeg&response-cache-control=public%2C%20max-age%3D31536000%2C%20immutable&X-Amz-Content-Sha256=UNSIGNED-PAYLOAD&X-Amz-Algorithm=AWS4-HMAC-SHA256&X-Amz-Credential=Bhs7rzoWz1jkU0yRURAn%2F20260207%2FFrankfurt%2Fs3%2Faws4_request&X-Amz-Date=20260207T123212Z&X-Amz-SignedHeaders=host&X-Amz-Expires=86400&X-Amz-Signature=683efa50b67790ac74e80a57e3a0549b0ff39f884902b3822ddf154d810566ba"", ""sourceId"": 12, ""adUrl"": ""https://www.facebook.com/marketplace/item/1025516963100206/""}, {""url"": ""https://b3g4.fra01.idrivee2-68.com/images-mirror/55934/27967141_314520692.jpg?response-content-type=image%2Fjpeg&response-cache-control=public%2C%20max-age%3D31536000%2C%20immutable&X-Amz-Content-Sha256=UNSIGNED-PAYLOAD&X-Amz-Algorithm=AWS4-HMAC-SHA256&X-Amz-Credential=Bhs7rzoWz1jkU0yRURAn%2F20260207%2FFrankfurt%2Fs3%2Faws4_request&X-Amz-Date=20260207T123212Z&X-Amz-SignedHeaders=host&X-Amz-Expires=86400&X-Amz-Signature=67389d4ce30be8fa804e22373dccd423fa8eff9293aba56cf8ddcb235fba957a"", ""sourceId"": 12, ""adUrl"": ""https://www.facebook.com/marketplace/item/1025516963100206/""}, {""url"": ""https://b3g4.fra01.idrivee2-68.com/images-mirror/55934/27967141_314520693.jpg?response-content-type=image%2Fjpeg&response-cache-control=public%2C%20max-age%3D31536000%2C%20immutable&X-Amz-Content-Sha256=UNSIGNED-PAYLOAD&X-Amz-Algorithm=AWS4-HMAC-SHA256&X-Amz-Credential=Bhs7rzoWz1jkU0yRURAn%2F20260207%2FFrankfurt%2Fs3%2Faws4_request&X-Amz-Date=20260207T123212Z&X-Amz-SignedHeaders=host&X-Amz-Expires=86400&X-Amz-Signature=aba9b44fbd4bb3495ab7de936c63707dde7c944b88905dc715d62d933b4f1578"", ""sourceId"": 12, ""adUrl"": ""https://www.facebook.com/marketplace/item/1025516963100206/""}, {""url"": ""https://b3g4.fra01.idrivee2-68.com/images-mirror/55934/27967141_314520694.jpg?response-content-type=image%2Fjpeg&response-cache-control=public%2C%20max-age%3D31536000%2C%20immutable&X-Amz-Content-Sha256=UNSIGNED-PAYLOAD&X-Amz-Algorithm=AWS4-HMAC-SHA256&X-Amz-Credential=Bhs7rzoWz1jkU0yRURAn%2F20260207%2FFrankfurt%2Fs3%2Faws4_request&X-Amz-Date=20260207T123212Z&X-Amz-SignedHeaders=host&X-Amz-Expires=86400&X-Amz-Signature=7ac0a075e569e0b466b2ec1140dcf597d12dc40850f2aa7fe4fe7eb99d248158"", ""sourceId"": 12, ""adUrl"": ""https://www.facebook.com/marketplace/item/1025516963100206/""}, {""url"": ""https://www.mubawab-media.com/ad/8/269/723F/h/1000012385_81605905.avif"", ""sourceId"": 5, ""adUrl"": ""https://www.mubawab.tn/fr/a/8269723/immeuble-%C3%A0-vendre-%C3%A0-charguia""}, {""url"": ""https://www.mubawab-media.com/ad/8/269/723F/h/1000012380_81605909.avif"", ""sourceId"": 5, ""adUrl"": ""https://www.mubawab.tn/fr/a/8269723/immeuble-%C3%A0-vendre-%C3%A0-charguia""}, {""url"": ""https://www.mubawab-media.com/ad/8/269/723F/h/1000012379_81605910.avif"", ""sourceId"": 5, ""adUrl"": ""https://www.mubawab.tn/fr/a/8269723/immeuble-%C3%A0-vendre-%C3%A0-charguia""}, {""url"": ""https://www.mubawab-media.com/ad/8/269/723F/h/1000012378_81605911.avif"", ""sourceId"": 5, ""adUrl"": ""https://www.mubawab.tn/fr/a/8269723/immeuble-%C3%A0-vendre-%C3%A0-charguia""}, {""url"": ""https://www.mubawab-media.com/ad/8/269/723F/h/1000012371_81605915.avif"", ""sourceId"": 5, ""adUrl"": ""https://www.mubawab.tn/fr/a/8269723/immeuble-%C3%A0-vendre-%C3%A0-charguia""}, {""url"": ""https://www.mubawab-media.com/ad/8/269/723F/h/1000012375_81605916.avif"", ""sourceId"": 5, ""adUrl"": ""https://www.mubawab.tn/fr/a/8269723/immeuble-%C3%A0-vendre-%C3%A0-charguia""}, {""url"": ""https://www.mubawab-media.com/ad/8/269/723F/h/1000012365_81605920.avif"", ""sourceId"": 5, ""adUrl"": ""https://www.mubawab.tn/fr/a/8269723/immeuble-%C3%A0-vendre-%C3%A0-charguia""}, {""url"": ""https://www.mubawab-media.com/ad/8/269/723F/h/1000012362_81605921.avif"", ""sourceId"": 5, ""adUrl"": ""https://www.mubawab.tn/fr/a/8269723/immeuble-%C3%A0-vendre-%C3%A0-charguia""}]","[{""sourceId"": 12, ""url"": ""https://www.facebook.com/marketplace/item/1025516963100206/"", ""price"": null, ""sellerType"": ""private"", ""lastModified"": ""2026-01-09 05:34:34""}, {""sourceId"": 5, ""url"": ""https://www.mubawab.tn/fr/a/8269723/immeuble-%C3%A0-vendre-%C3%A0-charguia"", ""price"": null, ""sellerType"": ""agency"", ""lastModified"": ""2025-12-10 23:15:34""}]","[{""sellerType"": ""agency"", ""contactName"": ""Immobilier Ennakil"", ""active"": true}]",2,2,1,1,2,2,[],2025-12-10 23:15:36,2025-12-10 23:15:34,2026-01-09 05:34:34,2025-12-10 23:15:34,1,2026-02-07 13:32:12
806572,Immeuble a vendre à la zone d'activité kheireddine,"NEWKEY LAC 2 vous propose à la vente un immeuble de bureaux de haut standing, neuf et de 8 étages, d'une superficie totale de 2100 m².

Situé dans la zone d'activité de Kheireddine, cet immeuble bénéficie d'un emplacement stratégique offrant une visibilité maximale.

Il se compose de deux blocs, avec chaque étage comprenant une partie sanitaire et une kitchenette.

De plus, le sous-sol dispose de 64 places de parking.

N'attendez plus pour investir dans cet immeuble idéalement situé.

.  Référence du bien: Ref6485a",,2100.0,Immeuble de bureaux,officeBuilding,sale,agency,5202,53632/26816146_f0ccc8e8e8e8f0f0.jpg,"[""https://www.mubawab-media.com/ad/7/961/017F/h/thumb_866858_property_xlarge_78474427.avif"", ""https://www.mubawab-media.com/ad/7/934/538F/h/thumb_841089_property_xlarge_78388041.avif""]","[{""url"": ""https://www.mubawab-media.com/ad/7/961/017F/h/thumb_866858_property_xlarge_78474427.avif"", ""sourceId"": 5, ""adUrl"": ""https://www.mubawab.tn/fr/a/7961017/immeuble-a-vendre-%C3%A0-la-zone-d-activit%C3%A9-kheireddine""}, {""url"": ""https://www.mubawab-media.com/ad/7/934/538F/h/thumb_841089_property_xlarge_78388041.avif"", ""sourceId"": 5, ""adUrl"": ""https://www.mubawab.tn/fr/a/7934538/immeuble-de-2100m%C2%B2-%C3%A0-vendre-au-lac-3""}]","[{""sourceId"": 5, ""url"": ""https://www.mubawab.tn/fr/a/7961017/immeuble-a-vendre-%C3%A0-la-zone-d-activit%C3%A9-kheireddine"", ""price"": null, ""sellerType"": ""agency"", ""lastModified"": ""2026-01-09 04:31:21""}]","[{""sellerType"": ""agency"", ""contactName"": ""NewKey les berges du lac 2"", ""active"": true}]",1,1,1,1,2,2,[],2024-06-13 08:24:04,2024-06-13 08:24:04,2026-01-09 04:31:21,2024-06-13 08:24:04,1,2026-02-07 13:32:14
1037762,Bab khadra vnt immeuble r5,"ketata immo, met en vente au centre ville entre le passage et bab-khadra un  immeuble en r+5 construction 2011 près clinique secours.

limmeuble est composé de 10 appartements s+2 de 70 m2 (net) chacun.
immeuble à usage bureautique ou habitation.
le terrain est de 230 m2 avec un couvert de 1460 m2.
les appartements sont dans un très bon standing, des fenêtres en alu, de cuisines équipé, revêtement  du sol en marbre, des caméras de surveillances, 
lapport locatif mensuel est de 10.000 dt.

limmeuble avec un grand potentiel, dhôtel de ville, foyer universitaire, ou habitation, le métro est à côté.
prix proposé : 2milliard 600.000 dt (+2% frais agence)

pour visite veuillez contacter le courtier en immobilier mr ketata chafik au <a type=""phone"">+21656XXXXXX</a>",2000000.0,1460.0,Immeuble de bureaux,officeBuilding,sale,agency,4819,http://tunisie-annonce.com/upload2/202506/tunisie-annonce.com/photos/698780_20250616_185740.jpg,"[""https://server.bigdatis.com/api/properties/image/285392621"", ""https://server.bigdatis.com/api/properties/image/285392622"", ""https://server.bigdatis.com/api/properties/image/285392623""]","[{""url"": ""https://server.bigdatis.com/api/properties/image/285392621"", ""sourceId"": 1, ""adUrl"": ""http://www.tunisie-annonce.com/DetailsAnnonceImmobilier.asp?cod_ann=3408067""}, {""url"": ""https://server.bigdatis.com/api/properties/image/285392622"", ""sourceId"": 1, ""adUrl"": ""http://www.tunisie-annonce.com/DetailsAnnonceImmobilier.asp?cod_ann=3408067""}, {""url"": ""https://server.bigdatis.com/api/properties/image/285392623"", ""sourceId"": 1, ""adUrl"": ""http://www.tunisie-annonce.com/DetailsAnnonceImmobilier.asp?cod_ann=3408067""}]","[{""sourceId"": 1, ""url"": ""http://www.tunisie-annonce.com/DetailsAnnonceImmobilier.asp?cod_ann=3408067"", ""price"": 2000000, ""sellerType"": ""agency"", ""lastModified"": ""2026-01-09 00:00:00""}]","[{""sellerType"": ""agency"", ""contactName"": null, ""active"": true}]",1,1,1,1,1,1,[],2025-06-16 18:00:48,2025-06-16 18:00:48,2026-01-09 00:00:00,2026-01-09 00:00:00,1,2026-02-07 13:32:16
1229126,Joli immeuble bureautique au centre ville Tunis,"à vendre immeuble de bureaux de bon standing, entièrement loué à tunis centre ville (rue hédi nouira med v)

l’agence Darek immobilière vous propose à la vente un immeuble de bureaux entièrement loué, offrant une rentabilité immédiate et un revenu locatif sécurisé dès l’acquisition.

le bien est couvert par des contrats de location en cours (plus de 5 ans ), garantissant une continuité des revenus sans vacance locative. idéalement situé sur la rue hédi nouira, en plein centre ville de tunis, il bénéficie d’un emplacement stratégique à forte demande locative, assurant la pérennité et la valorisation de l’investissement à moyen et long terme.

caractéristiques :

surface totale : envirant 2 720 m²

configuration : 5 étages + sous-sol de 650 m²

chaque étage comprend plus de 13 bureaux et une salle de réunion

équipements :

2 ascenseurs

contrôle d’accès et vidéosurveillance

système anti-intrusion et sécurité incendie

climatisation centrale chaud/froid

immeuble fonctionnel et sécurisé, idéal pour sièges sociaux, administrations, banques ou grandes entreprises.

prix : 8 000 000 dt
 contact : <a type=""phone"">+21651XXXXXX</a> / <a type=""phone"">+21651XXXXXX</a> / <a type=""phone"">+21699XXXXXX</a>",8000000.0,720.0,Immeuble de bureaux,officeBuilding,sale,agency,5201,56052/28026498_fef8f0e1f3f3c884.jpg,"[""https://www.affare.tn/image/01_2026_8f0f12d8.JPG"", ""https://www.affare.tn/image/01_2026_9f76ca1f.JPG"", ""https://www.affare.tn/image/01_2026_cbf709b3.JPG"", ""https://www.affare.tn/image/01_2026_712d1074.JPG"", ""https://www.affare.tn/image/01_2026_ad9d4446.JPG"", ""https://www.affare.tn/image/01_2026_609d325f.JPG"", ""https://www.affare.tn/image/01_2026_42a7e56c.JPG"", ""https://fi-dari.tn/./uploads/1767860745742blob"", ""https://fi-dari.tn/./uploads/1767860745753blob""]","[{""url"": ""https://www.affare.tn/image/01_2026_8f0f12d8.JPG"", ""sourceId"": 6, ""adUrl"": ""https://www.affare.tn/annonce/joli-immeuble-bureautique-au-centre-ville-tunis-256532""}, {""url"": ""https://www.affare.tn/image/01_2026_9f76ca1f.JPG"", ""sourceId"": 6, ""adUrl"": ""https://www.affare.tn/annonce/joli-immeuble-bureautique-au-centre-ville-tunis-256532""}, {""url"": ""https://www.affare.tn/image/01_2026_cbf709b3.JPG"", ""sourceId"": 6, ""adUrl"": ""https://www.affare.tn/annonce/joli-immeuble-bureautique-au-centre-ville-tunis-256532""}, {""url"": ""https://www.affare.tn/image/01_2026_712d1074.JPG"", ""sourceId"": 6, ""adUrl"": ""https://www.affare.tn/annonce/joli-immeuble-bureautique-au-centre-ville-tunis-256532""}, {""url"": ""https://www.affare.tn/image/01_2026_ad9d4446.JPG"", ""sourceId"": 6, ""adUrl"": ""https://www.affare.tn/annonce/joli-immeuble-bureautique-au-centre-ville-tunis-256532""}, {""url"": ""https://www.affare.tn/image/01_2026_609d325f.JPG"", ""sourceId"": 6, ""adUrl"": ""https://www.affare.tn/annonce/joli-immeuble-bureautique-au-centre-ville-tunis-256532""}, {""url"": ""https://www.affare.tn/image/01_2026_42a7e56c.JPG"", ""sourceId"": 6, ""adUrl"": ""https://www.affare.tn/annonce/joli-immeuble-bureautique-au-centre-ville-tunis-256532""}, {""url"": ""https://fi-dari.tn/./uploads/1767860745742blob"", ""sourceId"": 10, ""adUrl"": ""https://fi-dari.tn/bien/Tunis centre-AI31649-1""}, {""url"": ""https://fi-dari.tn/./uploads/1767860745753blob"", ""sourceId"": 10, ""adUrl"": ""https://fi-dari.tn/bien/Tunis centre-AI31649-1""}]","[{""sourceId"": 6, ""url"": ""https://www.affare.tn/annonce/joli-immeuble-bureautique-au-centre-ville-tunis-256532"", ""price"": 8000000, ""sellerType"": ""agency"", ""lastModified"": ""2026-01-08 16:44:24""}, {""sourceId"": 10, ""url"": ""https://fi-dari.tn/bien/Tunis centre-AI31649-1"", ""price"": 8000000, ""sellerType"": ""agency"", ""lastModified"": ""2026-01-08 08:25:43""}, {""sourceId"": 7, ""url"": ""https://www.cava.tn/bureaux_et_commerces/joli-immeuble-bureautique-au-centre-de-tunis-978871"", ""price"": 8000000, ""sellerType"": ""agency"", ""lastModified"": ""2026-01-08 08:24:12""}, {""sourceId"": 1, ""url"": ""http://www.tunisie-annonce.com/DetailsAnnonceImmobilier.asp?cod_ann=3444628"", ""price"": 8000000, ""sellerType"": ""agency"", ""lastModified"": ""2026-01-06 00:00:00""}]","[{""sellerType"": ""agency"", ""contactName"": ""Darek Immobilière "", ""active"": true}]",4,4,1,1,4,4,"[""elevator"", ""heating"", ""airConditioning"", ""garden"", ""parking""]",2026-01-06 11:30:37,2026-01-06 00:00:00,2026-01-08 16:44:24,2026-01-06 00:00:00,1,2026-02-07 13:32:19
845189,Immeuble 5 niv 3150 m aux berges du lac 2,"découvrez cet immeuble de bureaux idéalement situé aux berges du lac 2, offrant une surface totale de 3 150 m² répartis sur 5 étages et un sous-sol de 1105 m
le rez-de-chaussée 710 m comprend 12 bureaux individuels, 2 open space, 3 salles de réunion, une kitchenette, ainsi qu'une salle de conférence de 90 m avec accès indépendant. une salle de réunion avec sanitaires a également été prévue à l'extérieur, proche de l'accueil, parfaite pour recevoir des visiteurs externes.

au 1er étage (630 m²), l'espace comprend 2 bureaux, 2 open spaces, un local technique, une kitchenette et 8 points d'eau.

le 2ème étage (710 m²) propose 5 bureaux, 2 open spaces, une salle de réunion, un local technique, une kitchenette et 8 points d'eau.
le 3ème étage (570 m²) offre également 5 bureaux, 2 open spaces, une salle de réunion, un local technique, une kitchenette et 8 points d'eau.
enfin, le 4ème étage 530 m dispose de 14 bureaux, 1 open space, une salle de réunion, un local technique, une kitchenette et 10 points d'eau.
en plus de ces espaces de travail fonctionnels, cet immeuble est doté d'un sous-sol avec 44 places de stationnement, accessible par badge.
vous bénéficierez de 2 ascense",65650.0,3150.0,Immeuble de bureaux,officeBuilding,sale,agency,5199,53955/26977770_0f6d0be8eca4d0b0.jpg,"[""https://server.bigdatis.com/api/properties/image/276476603"", ""https://server.bigdatis.com/api/properties/image/276476604"", ""https://server.bigdatis.com/api/properties/image/276476605"", ""https://server.bigdatis.com/api/properties/image/276476606"", ""https://server.bigdatis.com/api/properties/image/276476607"", ""https://server.bigdatis.com/api/properties/image/275607888"", ""https://server.bigdatis.com/api/properties/image/275607890""]","[{""url"": ""https://server.bigdatis.com/api/properties/image/276476603"", ""sourceId"": 1, ""adUrl"": ""http://www.tunisie-annonce.com/DetailsAnnonceImmobilier.asp?cod_ann=3364346""}, {""url"": ""https://server.bigdatis.com/api/properties/image/276476604"", ""sourceId"": 1, ""adUrl"": ""http://www.tunisie-annonce.com/DetailsAnnonceImmobilier.asp?cod_ann=3364346""}, {""url"": ""https://server.bigdatis.com/api/properties/image/276476605"", ""sourceId"": 1, ""adUrl"": ""http://www.tunisie-annonce.com/DetailsAnnonceImmobilier.asp?cod_ann=3364346""}, {""url"": ""https://server.bigdatis.com/api/properties/image/276476606"", ""sourceId"": 1, ""adUrl"": ""http://www.tunisie-annonce.com/DetailsAnnonceImmobilier.asp?cod_ann=3364346""}, {""url"": ""https://server.bigdatis.com/api/properties/image/276476607"", ""sourceId"": 1, ""adUrl"": ""http://www.tunisie-annonce.com/DetailsAnnonceImmobilier.asp?cod_ann=3364346""}, {""url"": ""https://server.bigdatis.com/api/properties/image/275607888"", ""sourceId"": 1, ""adUrl"": ""http://www.tunisie-annonce.com/DetailsAnnonceImmobilier.asp?cod_ann=3356096""}, {""url"": ""https://server.bigdatis.com/api/properties/image/275607890"", ""sourceId"": 1, ""adUrl"": ""http://www.tunisie-annonce.com/DetailsAnnonceImmobilier.asp?cod_ann=3356096""}]","[{""sourceId"": 1, ""url"": ""http://www.tunisie-annonce.com/DetailsAnnonceImmobilier.asp?cod_ann=3364346"", ""price"": 65650, ""sellerType"": ""agency"", ""lastModified"": ""2026-01-05 00:00:00""}]","[{""sellerType"": ""agency"", ""contactName"": null, ""active"": true}]",1,1,1,1,2,2,[],2024-10-29 10:15:13,2024-10-29 10:15:11,2026-01-05 00:00:00,2024-12-23 13:34:30,1,2026-02-07 13:32:25
1067323,Immeuble R+1 à Ariana,"A vendre murs immeuble commercial R+1 proche Carrefour Riadh Landalous sur la route RN8 , rez-de-chaussée 524 m² plus 1ér étage de 524 m², Possibilité de bâtir un deuxième étage (R+2) . Façade de 25 mètres, Parking privé de 200 m². Titre foncier",2000000.0,524.0,Immeuble de bureaux,officeBuilding,sale,agency,320,https://storage.googleapis.com/tayara-migration-yams-pro/1f/1fb16df8-7336-4593-9af4-5217e1b065cf,"[""https://storage.googleapis.com/tayara-migration-yams-pro/1f/1fb16df8-7336-4593-9af4-5217e1b065cf""]","[{""url"": ""https://storage.googleapis.com/tayara-migration-yams-pro/1f/1fb16df8-7336-4593-9af4-5217e1b065cf"", ""sourceId"": 2, ""adUrl"": ""https://www.tayara.tn/item/69500a528914daae51a27bd0/?v=2""}]","[{""sourceId"": 2, ""url"": ""https://www.tayara.tn/item/69500a528914daae51a27bd0/?v=2"", ""price"": 2000000, ""sellerType"": ""agency"", ""lastModified"": ""2025-12-27 17:33:24""}]","[{""sellerType"": ""agency"", ""contactName"": ""N B"", ""active"": true}]",1,1,1,1,24,1,[],2025-07-13 15:45:27,2025-07-13 15:37:17,2025-12-27 17:33:24,2025-07-13 15:37:17,1,2026-02-07 13:32:27
1223962,Immeuble madele à zaghouan,"un immeuble commercial sur un terrain de 308 m² situé dans un bon quartier à zaghouan . au rdc, on a 4 garages . au 1 er étage, on a des bureaux inachevés.  pour plus de renseignements, veuillez contacter lagent sur le <a type=""phone"">+21656XXXXXX</a>.",800000.0,308.0,Immeuble de bureaux,officeBuilding,sale,agency,5145,http://tunisie-annonce.com/upload2/202512/tunisie-annonce.com/photos/632246_20251227_112722.jpg,"[""https://server.bigdatis.com/api/properties/image/317405378"", ""https://server.bigdatis.com/api/properties/image/317405379"", ""https://server.bigdatis.com/api/properties/image/317405380"", ""https://server.bigdatis.com/api/properties/image/317405381""]","[{""url"": ""https://server.bigdatis.com/api/properties/image/317405378"", ""sourceId"": 1, ""adUrl"": ""http://www.tunisie-annonce.com/DetailsAnnonceImmobilier.asp?cod_ann=3443143""}, {""url"": ""https://server.bigdatis.com/api/properties/image/317405379"", ""sourceId"": 1, ""adUrl"": ""http://www.tunisie-annonce.com/DetailsAnnonceImmobilier.asp?cod_ann=3443143""}, {""url"": ""https://server.bigdatis.com/api/properties/image/317405380"", ""sourceId"": 1, ""adUrl"": ""http://www.tunisie-annonce.com/DetailsAnnonceImmobilier.asp?cod_ann=3443143""}, {""url"": ""https://server.bigdatis.com/api/properties/image/317405381"", ""sourceId"": 1, ""adUrl"": ""http://www.tunisie-annonce.com/DetailsAnnonceImmobilier.asp?cod_ann=3443143""}]","[{""sourceId"": 1, ""url"": ""http://www.tunisie-annonce.com/DetailsAnnonceImmobilier.asp?cod_ann=3443143"", ""price"": 800000, ""sellerType"": ""agency"", ""lastModified"": ""2025-12-27 00:00:00""}]","[{""sellerType"": ""agency"", ""contactName"": ""HOME SWEET HOME"", ""active"": true}]",1,1,1,1,1,1,[],2025-12-27 11:45:06,2025-12-27 00:00:00,2025-12-27 00:00:00,2025-12-27 00:00:00,1,2026-02-07 13:32:29
1223421,Immeuble invest maicol au centre ville tunis,"un immeuble r3 pour investissement idéal pour bureaux, école, centre de formation, université, centre dappel, groupement de société, hôtel situé au cur du centre ville de tunis. chaque niveau comprend 2 bureaux s3 qui se compose par un salon, une kitchenette, 3 chambres et une salle de bain. nb: possibilité de bâtir un 4 éme étage. pour tous les renseignements, contacter l'agent sur le <a type=""phone"">+21654XXXXXX</a>.",1500000.0,640.0,Immeuble de bureaux,officeBuilding,sale,agency,5201,http://tunisie-annonce.com/upload2/202512/tunisie-annonce.com/photos/632246_20251226_145128.jpg,"[""https://server.bigdatis.com/api/properties/image/317239420"", ""https://server.bigdatis.com/api/properties/image/317239421"", ""https://server.bigdatis.com/api/properties/image/317239422"", ""https://server.bigdatis.com/api/properties/image/317239423"", ""https://server.bigdatis.com/api/properties/image/317239424""]","[{""url"": ""https://server.bigdatis.com/api/properties/image/317239420"", ""sourceId"": 1, ""adUrl"": ""http://www.tunisie-annonce.com/DetailsAnnonceImmobilier.asp?cod_ann=3443038""}, {""url"": ""https://server.bigdatis.com/api/properties/image/317239421"", ""sourceId"": 1, ""adUrl"": ""http://www.tunisie-annonce.com/DetailsAnnonceImmobilier.asp?cod_ann=3443038""}, {""url"": ""https://server.bigdatis.com/api/properties/image/317239422"", ""sourceId"": 1, ""adUrl"": ""http://www.tunisie-annonce.com/DetailsAnnonceImmobilier.asp?cod_ann=3443038""}, {""url"": ""https://server.bigdatis.com/api/properties/image/317239423"", ""sourceId"": 1, ""adUrl"": ""http://www.tunisie-annonce.com/DetailsAnnonceImmobilier.asp?cod_ann=3443038""}, {""url"": ""https://server.bigdatis.com/api/properties/image/317239424"", ""sourceId"": 1, ""adUrl"": ""http://www.tunisie-annonce.com/DetailsAnnonceImmobilier.asp?cod_ann=3443038""}]","[{""sourceId"": 1, ""url"": ""http://www.tunisie-annonce.com/DetailsAnnonceImmobilier.asp?cod_ann=3443038"", ""price"": 1500000, ""sellerType"": ""agency"", ""lastModified"": ""2025-12-26 00:00:00""}]","[{""sellerType"": ""agency"", ""contactName"": ""HOME SWEET HOME"", ""active"": true}]",1,1,1,1,1,1,[],2025-12-26 15:00:26,2025-12-26 00:00:00,2025-12-26 00:00:00,2025-12-26 00:00:00,1,2026-02-07 13:32:32
1117153,Immeuble inachevé  zone industrielle el bokri,"a vendre  petit immeuble  inachevé  r+2  zone  industrielle el bokri  avec autorisation de nature valable pour deux ans   sur terrain de 260 m2   pourrait convenir  activité commerciale  et autres papiers en règle  accès  facile  possibilité  construction un troisième étage  visite sur rdv  contacter le <a type=""phone"">+21627XXXXXX</a> ou le whatsapp au 216 / <a type=""phone"">+21650XXXXXX</a> agence ben chaabane",400000.0,260.0,Immeuble de bureaux,officeBuilding,sale,agency,476,,[],,"[{""sourceId"": 1, ""url"": ""http://www.tunisie-annonce.com/DetailsAnnonceImmobilier.asp?cod_ann=3424421"", ""price"": 400000, ""sellerType"": ""agency"", ""lastModified"": ""2025-12-19 00:00:00""}]","[{""sellerType"": ""agency"", ""contactName"": ""Agence  Ben Chaabane"", ""active"": true}]",1,1,1,1,1,1,[],2025-09-11 09:46:09,2025-09-11 09:45:50,2025-12-19 00:00:00,2025-09-11 09:45:50,1,2026-02-07 13:32:34
1217409,immeuble a vendrelac1 2800m2,"immeuble de bureaux a vendre lac1 d'une superficie de 2800m2 de couverte sur un terrain de 560m2 .située ou lac1 elle est renforcée sous-sol est 4 niveaux ll est équipée par la fibre optique avec parking au sous-sol ,d 'une architecture agréable est moderne   pour plus d'info ou visite appeler agence Colombus lac <a type=""phone"">+21695XXXXXX</a>",13000000.0,2800.0,Immeuble de bureaux,officeBuilding,sale,agency,4942,https://storage.googleapis.com/tayara-migration-yams-pro/0a/0a1bc2ad-7737-495a-826a-f694ea091b51,"[""https://storage.googleapis.com/tayara-migration-yams-pro/0a/0a1bc2ad-7737-495a-826a-f694ea091b51""]","[{""url"": ""https://storage.googleapis.com/tayara-migration-yams-pro/0a/0a1bc2ad-7737-495a-826a-f694ea091b51"", ""sourceId"": 2, ""adUrl"": ""https://www.tayara.tn/item/6942c945cd04d08be74c7f98/?v=2""}]","[{""sourceId"": 2, ""url"": ""https://www.tayara.tn/item/6942c945cd04d08be74c7f98/?v=2"", ""price"": 13000000, ""sellerType"": ""agency"", ""lastModified"": ""2025-12-17 16:22:27""}]","[{""sellerType"": ""agency"", ""contactName"": ""set immobilière Colombus"", ""active"": true}]",1,1,1,1,1,1,[],2025-12-17 16:30:12,2025-12-17 16:16:21,2025-12-17 16:22:27,2025-12-17 16:16:21,1,2026-02-07 13:32:36
698082,Immeuble bureautique de bon standing au lac 2,"l'agence darek immob met en location un très jolie immeuble haut standing au lac 2, il présente les caractéristiques suivantes : 
2100 m² de surface
 open space plus des bureaux
 terrasse
 toilettes
 gardien
 ascenseurs 
fibre optique
 près de commerces
 accès par gp9
 transport public à 5 min
 orienté est et sud est
 climatisation centrale
 double vitrage 
parking 
nb: plan et photos sur demande

prix : 52000 dt/ht/mois

 pour plus d'info merci de contacter notre agence au <a type=""phone"">+21651XXXXXX</a>/<a type=""phone"">+21699XXXXXX</a>",52000.0,2100.0,Immeuble de bureaux,officeBuilding,sale,agency,5199,http://tunisie-annonce.com/upload2/202401/tunisie-annonce.com/photos/660363_20240122_102905.jpg,"[""https://www.affare.tn/image/01_2024_0fbcba9a.JPG"", ""https://www.affare.tn/image/01_2024_db7768cf.JPG"", ""https://www.affare.tn/image/01_2024_7af14582.JPG"", ""https://www.affare.tn/image/01_2024_6ab8b606.JPG"", ""https://www.affare.tn/image/01_2024_d1c36a7a.JPG"", ""https://www.affare.tn/image/01_2024_8217f4ad.JPG"", ""https://server.bigdatis.com/api/properties/image/269873813"", ""https://server.bigdatis.com/api/properties/image/269873814"", ""https://server.bigdatis.com/api/properties/image/269873816""]","[{""url"": ""https://www.affare.tn/image/01_2024_0fbcba9a.JPG"", ""sourceId"": 6, ""adUrl"": ""https://www.affare.tn/annonce/immeuble-bureautique-haut-standing-au-lac-2-201642""}, {""url"": ""https://www.affare.tn/image/01_2024_db7768cf.JPG"", ""sourceId"": 6, ""adUrl"": ""https://www.affare.tn/annonce/immeuble-bureautique-haut-standing-au-lac-2-201642""}, {""url"": ""https://www.affare.tn/image/01_2024_7af14582.JPG"", ""sourceId"": 6, ""adUrl"": ""https://www.affare.tn/annonce/immeuble-bureautique-haut-standing-au-lac-2-201642""}, {""url"": ""https://www.affare.tn/image/01_2024_6ab8b606.JPG"", ""sourceId"": 6, ""adUrl"": ""https://www.affare.tn/annonce/immeuble-bureautique-haut-standing-au-lac-2-201642""}, {""url"": ""https://www.affare.tn/image/01_2024_d1c36a7a.JPG"", ""sourceId"": 6, ""adUrl"": ""https://www.affare.tn/annonce/immeuble-bureautique-haut-standing-au-lac-2-201642""}, {""url"": ""https://www.affare.tn/image/01_2024_8217f4ad.JPG"", ""sourceId"": 6, ""adUrl"": ""https://www.affare.tn/annonce/immeuble-bureautique-haut-standing-au-lac-2-201642""}, {""url"": ""https://server.bigdatis.com/api/properties/image/269873813"", ""sourceId"": 1, ""adUrl"": ""http://www.tunisie-annonce.com/DetailsAnnonceImmobilier.asp?cod_ann=3284919""}, {""url"": ""https://server.bigdatis.com/api/properties/image/269873814"", ""sourceId"": 1, ""adUrl"": ""http://www.tunisie-annonce.com/DetailsAnnonceImmobilier.asp?cod_ann=3284919""}, {""url"": ""https://server.bigdatis.com/api/properties/image/269873816"", ""sourceId"": 1, ""adUrl"": ""http://www.tunisie-annonce.com/DetailsAnnonceImmobilier.asp?cod_ann=3284919""}]","[{""sourceId"": 1, ""url"": ""http://www.tunisie-annonce.com/DetailsAnnonceImmobilier.asp?cod_ann=3284919"", ""price"": 52000, ""sellerType"": ""agency"", ""lastModified"": ""2025-12-14 00:00:00""}, {""sourceId"": 6, ""url"": ""https://www.affare.tn/annonce/immeuble-bureautique-haut-standing-au-lac-2-201642"", ""price"": 52000, ""sellerType"": ""agency"", ""lastModified"": ""2024-01-22 15:27:53""}]","[{""sellerType"": ""agency"", ""contactName"": ""Darek Immobilière "", ""active"": true}]",2,2,1,1,5,2,[],2024-01-22 10:49:12,2024-01-22 10:49:09,2025-12-14 00:00:00,2024-01-22 10:49:09,1,2026-02-07 13:32:38
1214899,Immeuble chavez à megrine,"un immeuble d'une superficie de 785 m² idéale pour une société industrielle situé à mégrine. au rdc, on a un open space de 700 m², avec 500 m² dédiés au dépôt  et 200 m² réservés à un bureau, un bloc sanitaire et une salle d'eau. au 1er étage, on trouve un espace de stockage de 600 m2, 10 bureaux, 4 grandes salles et une vestiaire. a l'extérieur, on a un parking de voitures. pour tous renseignements contacter lagent sur le <a type=""phone"">+21651XXXXXX</a>.",2500000.0,785.0,Immeuble de bureaux,officeBuilding,sale,agency,995,http://tunisie-annonce.com/upload2/202512/tunisie-annonce.com/photos/788636_20251213_110018.jpg,"[""https://server.bigdatis.com/api/properties/image/314930990"", ""https://server.bigdatis.com/api/properties/image/314930991"", ""https://server.bigdatis.com/api/properties/image/314930992"", ""https://server.bigdatis.com/api/properties/image/314930993"", ""https://server.bigdatis.com/api/properties/image/314930994""]","[{""url"": ""https://server.bigdatis.com/api/properties/image/314930990"", ""sourceId"": 1, ""adUrl"": ""http://www.tunisie-annonce.com/DetailsAnnonceImmobilier.asp?cod_ann=3440833""}, {""url"": ""https://server.bigdatis.com/api/properties/image/314930991"", ""sourceId"": 1, ""adUrl"": ""http://www.tunisie-annonce.com/DetailsAnnonceImmobilier.asp?cod_ann=3440833""}, {""url"": ""https://server.bigdatis.com/api/properties/image/314930992"", ""sourceId"": 1, ""adUrl"": ""http://www.tunisie-annonce.com/DetailsAnnonceImmobilier.asp?cod_ann=3440833""}, {""url"": ""https://server.bigdatis.com/api/properties/image/314930993"", ""sourceId"": 1, ""adUrl"": ""http://www.tunisie-annonce.com/DetailsAnnonceImmobilier.asp?cod_ann=3440833""}, {""url"": ""https://server.bigdatis.com/api/properties/image/314930994"", ""sourceId"": 1, ""adUrl"": ""http://www.tunisie-annonce.com/DetailsAnnonceImmobilier.asp?cod_ann=3440833""}]","[{""sourceId"": 1, ""url"": ""http://www.tunisie-annonce.com/DetailsAnnonceImmobilier.asp?cod_ann=3440833"", ""price"": 2500000, ""sellerType"": ""agency"", ""lastModified"": ""2025-12-13 00:00:00""}]","[{""sellerType"": ""agency"", ""contactName"": null, ""active"": true}]",1,1,1,1,1,1,[],2025-12-13 11:30:15,2025-12-13 00:00:00,2025-12-13 00:00:00,2025-12-13 00:00:00,1,2026-02-07 13:32:41
860397,Immeuble 5050 m au centre ville tunis,"en exclusivité, la maison de limmobilier vous propose la location dun immeuble à usage de bureaux situé à proximité de toutes les commodités au centre-ville tunis.

cest un immeuble érigé en 11 niveaux répartis entre : un sous-sol, un rez de chaussée, une mezzanine et huit étages.
le rez de chaussee est dune superficie de 505 m², abrite un hall de réception en double hauteur, diverses pièces en structure légère, un bloc sanitaire et un bloc de service.

le 1 er étage est dune superficie couverte de 355 m².
du 2 ième étage au 7 ième étage, chaque niveau est de 456 m².
le 8 ième étage est dune superficie de 376 m² est complété par une terrasse exploitable de 80 m².
le 9 ième étage est dune superficie de 342 m²
le sous-sol est dune superficie de 750 m² aménagé en pièces darchives et parking.

cet immeuble est équipé par deux ascenseurs, climatisation (chaud/froid), réseau informatique.",65000.0,750.0,Immeuble de bureaux,officeBuilding,sale,agency,5201,http://tunisie-annonce.com/upload2/202411/tunisie-annonce.com/photos/769864_20241128_150030.jpg,"[""https://server.bigdatis.com/api/properties/image/314426891""]","[{""url"": ""https://server.bigdatis.com/api/properties/image/314426891"", ""sourceId"": 1, ""adUrl"": ""http://www.tunisie-annonce.com/DetailsAnnonceImmobilier.asp?cod_ann=3364318""}]","[{""sourceId"": 1, ""url"": ""http://www.tunisie-annonce.com/DetailsAnnonceImmobilier.asp?cod_ann=3364318"", ""price"": 65000, ""sellerType"": ""agency"", ""lastModified"": ""2025-12-13 00:00:00""}]","[{""sellerType"": ""agency"", ""contactName"": null, ""active"": true}]",1,1,1,1,1,1,[],2024-11-28 15:15:17,2024-11-28 15:15:15,2025-12-13 00:00:00,2024-11-28 15:15:15,1,2026-02-07 13:32:43
1213944,Petite immeuble  de 3 appts  en finition  306m2,"clé  en main  pour  petite immeuble  de  3 appartements  102m2  (  s+3  )  par 
 appt  en finition  de haute standing  -  el-omrane   supérieur   prés  tt  commodité  a  2mn  du  pont  et  rompoint  x3  vers  el-manar - - pour visite  sur  rdv  /  <a type=""phone"">+21653XXXXXX</a>",900000.0,306.0,Immeuble de bureaux,officeBuilding,sale,agency,4901,,[],,"[{""sourceId"": 1, ""url"": ""http://www.tunisie-annonce.com/DetailsAnnonceImmobilier.asp?cod_ann=3440607"", ""price"": 900000, ""sellerType"": ""agency"", ""lastModified"": ""2025-12-12 00:00:00""}]","[{""sellerType"": ""agency"", ""contactName"": null, ""active"": true}]",1,1,1,1,1,1,[],2025-12-12 08:15:39,2025-12-12 00:00:00,2025-12-12 00:00:00,2025-12-12 00:00:00,1,2026-02-07 13:32:46
1211366,Immeuble a lafayette,"nous mettons a la vente d'un immeuble de 1000m2 situé au coeur deu centre ville a lafayette, cet immeuble est composé d'un sous sol de 910m2 et trois étages de 910 m2 a chaque étage convient parfaitement a une université, hotel , appart hôtel, administration ou même des appartements, cet immeuble nécessite des travaux pour le rendre plus moderne cet immeuble a été construit en 1990 , pour toute information supplémentaire veuillez nous contacter sur le <a type=""phone"">+21623XXXXXX</a> pour une éventuelle viste.",4000000.0,910.0,Immeuble de bureaux,officeBuilding,sale,private,5197,,[],,"[{""sourceId"": 1, ""url"": ""http://www.tunisie-annonce.com/DetailsAnnonceImmobilier.asp?cod_ann=3440068"", ""price"": 4000000, ""sellerType"": ""private"", ""lastModified"": ""2025-12-09 00:00:00""}]","[{""sellerType"": ""private"", ""contactName"": null, ""active"": true}]",1,1,1,1,1,1,[],2025-12-09 11:30:48,2025-12-09 00:00:00,2025-12-09 00:00:00,2025-12-09 00:00:00,1,2026-02-07 13:32:48
836240,Immeuble inachvèe a la goulette,agence kamel la goulette met en vente  immeuble inachvèe  900 m² couvert se compose de 5 appartements plus local comercial,2200000.0,900.0,Immeuble de bureaux,officeBuilding,sale,agency,4940,http://tunisie-annonce.com/upload2/202512/tunisie-annonce.com/photos/148812_20251209_170355.jpg,"[""https://server.bigdatis.com/api/properties/image/314273598"", ""https://server.bigdatis.com/api/properties/image/314273599"", ""https://server.bigdatis.com/api/properties/image/314273600"", ""https://server.bigdatis.com/api/properties/image/314273601"", ""https://server.bigdatis.com/api/properties/image/314273602""]","[{""url"": ""https://server.bigdatis.com/api/properties/image/314273598"", ""sourceId"": 1, ""adUrl"": ""http://www.tunisie-annonce.com/DetailsAnnonceImmobilier.asp?cod_ann=3440186""}, {""url"": ""https://server.bigdatis.com/api/properties/image/314273599"", ""sourceId"": 1, ""adUrl"": ""http://www.tunisie-annonce.com/DetailsAnnonceImmobilier.asp?cod_ann=3440186""}, {""url"": ""https://server.bigdatis.com/api/properties/image/314273600"", ""sourceId"": 1, ""adUrl"": ""http://www.tunisie-annonce.com/DetailsAnnonceImmobilier.asp?cod_ann=3440186""}, {""url"": ""https://server.bigdatis.com/api/properties/image/314273601"", ""sourceId"": 1, ""adUrl"": ""http://www.tunisie-annonce.com/DetailsAnnonceImmobilier.asp?cod_ann=3440186""}, {""url"": ""https://server.bigdatis.com/api/properties/image/314273602"", ""sourceId"": 1, ""adUrl"": ""http://www.tunisie-annonce.com/DetailsAnnonceImmobilier.asp?cod_ann=3440186""}]","[{""sourceId"": 1, ""url"": ""http://www.tunisie-annonce.com/DetailsAnnonceImmobilier.asp?cod_ann=3440186"", ""price"": 2200000, ""sellerType"": ""agency"", ""lastModified"": ""2025-12-09 00:00:00""}]","[{""sellerType"": ""agency"", ""contactName"": ""immoblière Kamel la goulette"", ""active"": true}]",1,1,1,1,2,1,[],2024-10-14 20:07:39,2024-10-14 20:07:39,2025-12-09 00:00:00,2024-10-14 20:07:39,1,2026-02-07 13:32:51
1210917,Achat immeuble a 4 milliard,"achat un immeuble bureautique avec des grandes salles a montplaisir lafayette ou med 5 budget de 4 milliard tel <a type=""phone"">+21698XXXXXX</a>",4000000.0,1400.0,Immeuble de bureaux,officeBuilding,sale,agency,4812,,[],,"[{""sourceId"": 1, ""url"": ""http://www.tunisie-annonce.com/DetailsAnnonceImmobilier.asp?cod_ann=3439963"", ""price"": 4000000, ""sellerType"": ""agency"", ""lastModified"": ""2025-12-08 00:00:00""}]","[{""sellerType"": ""agency"", ""contactName"": null, ""active"": true}]",1,1,1,1,1,1,[],2025-12-08 17:30:22,2025-12-08 00:00:00,2025-12-08 00:00:00,2025-12-08 00:00:00,1,2026-02-07 13:32:54
1117441,Immeuble bureautique à fort potentiel à charguia 2,"à vendre : immeuble à usage bureautique avec fort potentiel à charguia 2 
 
lagence darek immobilière vous propose à la vente un immeuble à usage professionnel situé dans la zone de charguia 2, reconnu pour sa forte activité économique et sa proximité immédiate des grands axes. 
emplacement  : 
situé sur un axe principal de la zone, limmeuble bénéficie dune excellente visibilité et dun accès facile grâce à un réseau routier bien desservi. 
 
caractéristiques  : 
 
surface terrain : 1 500 m² 
 
surface bâtie : 2 200 m² 
 
vocation : bureaux / activité professionnelle 
 
titre foncier individuel 
 
 à noter : 
limmeuble, bien que solide dans sa structure, nécessite d'importants travaux de rénovation et de rafraîchissement afin de répondre aux standards actuels. il constitue une opportunité idéale pour les investisseurs ou entreprises souhaitant réaménager selon leurs besoins. 
 
points forts : 
 
emplacement premium à charguia 2 
 
terrain de grande superficie 
 
gros potentiel après rénovation 
 
possibilité d'aménagements sur mesure 
 
prix : 5 millions de dinars 
 
 pour plus de détails ou pour organiser une visite, contactez-nous : 
 
<a type=""phone"">+21651XXXXXX</a>/<a type=""phone"">+21699XXXXXX</a>/<a type=""phone"">+21651XXXXXX</a>",5000.0,1500.0,Immeuble de bureaux,officeBuilding,sale,agency,348,http://tunisie-annonce.com/upload2/202509/tunisie-annonce.com/photos/660363_20250911_145128.jpg,"[""https://www.affare.tn/image/09_2025_54e2be00.JPG"", ""https://www.affare.tn/image/09_2025_e773bf71.JPG"", ""https://www.affare.tn/image/09_2025_de151e8e.JPG"", ""https://www.affare.tn/image/09_2025_f1a02b47.JPG""]","[{""url"": ""https://www.affare.tn/image/09_2025_54e2be00.JPG"", ""sourceId"": 6, ""adUrl"": ""https://www.affare.tn/annonce/immeuble-bureautique-1600-m-a-charguia-2-248332""}, {""url"": ""https://www.affare.tn/image/09_2025_e773bf71.JPG"", ""sourceId"": 6, ""adUrl"": ""https://www.affare.tn/annonce/immeuble-bureautique-1600-m-a-charguia-2-248332""}, {""url"": ""https://www.affare.tn/image/09_2025_de151e8e.JPG"", ""sourceId"": 6, ""adUrl"": ""https://www.affare.tn/annonce/immeuble-bureautique-1600-m-a-charguia-2-248332""}, {""url"": ""https://www.affare.tn/image/09_2025_f1a02b47.JPG"", ""sourceId"": 6, ""adUrl"": ""https://www.affare.tn/annonce/immeuble-bureautique-1600-m-a-charguia-2-248332""}]","[{""sourceId"": 1, ""url"": ""http://www.tunisie-annonce.com/DetailsAnnonceImmobilier.asp?cod_ann=3424506"", ""price"": 5000, ""sellerType"": ""agency"", ""lastModified"": ""2025-12-07 00:00:00""}, {""sourceId"": 6, ""url"": ""https://www.affare.tn/annonce/immeuble-bureautique-1600-m-a-charguia-2-248332"", ""price"": 5000, ""sellerType"": ""agency"", ""lastModified"": ""2025-09-23 23:47:16""}, {""sourceId"": 7, ""url"": ""https://www.cava.tn/bureaux_et_commerces/immeuble-bureautique-2200-m-chaguia-2-962211"", ""price"": 5000, ""sellerType"": ""agency"", ""lastModified"": ""2025-09-23 09:44:06""}, {""sourceId"": 13, ""url"": ""https://www.menzili.tn/annonce/annonce-146720"", ""price"": 5000, ""sellerType"": ""agency"", ""lastModified"": ""2025-09-11 23:11:12""}, {""sourceId"": 10, ""url"": ""https://fi-dari.tn/bien/Soukra-AI30293-1"", ""price"": 5000, ""sellerType"": ""agency"", ""lastModified"": ""2025-09-11 13:02:32""}]","[{""sellerType"": ""agency"", ""contactName"": ""Darek immobilière et consultin"", ""active"": true}]",5,5,1,1,5,5,[],2025-09-11 14:00:47,2025-09-11 13:59:10,2025-12-07 00:00:00,2025-09-11 13:59:10,1,2026-02-07 13:33:00
1209406,Opportunité d’investissement rare au Kram — Immeuble R+4 à vendre,"À vendre un immeuble R+4 angle de rues, idéalement situé à El Kram Charkia, à quelques pas de la plage et proche de toutes commodités : commerces, transports, gare, centre-ville de Tunis.

📍 Localisation premium :
Quartier très dynamique, fort passage piéton et commercial, parfait pour rendement locatif ou projet d’exploitation mixte.

🏗️ Description de l’immeuble

Superficie par étage : 92 m²

Rez-de-chaussée :
➤ 3 locaux commerciaux à fort potentiel

1er étage :
➤ Appartement S+2

2e étage :
➤ Appartement S+2

3e étage :
➤ Studio S+1

Immeuble lumineux, faisant l’angle de deux rues, offrant une excellente visibilité commerciale.

📄 Documents & situation juridique

Titre foncier

Dossier administratif complet et en règle

💰 Prix de vente

650 000 DT, légèrement négociable.

📞 Contact

Pour plus d’informations ou pour une visite, veuillez me contacter au : <a type=""phone"">+21628XXXXXX</a>",650000.0,92.0,Immeuble de bureaux,officeBuilding,sale,private,4868,https://storage.googleapis.com/tayara-migration-yams-pro/e7/e7eb900b-a790-4c2b-bd0f-8105c4cc836d,"[""https://storage.googleapis.com/tayara-migration-yams-pro/e7/e7eb900b-a790-4c2b-bd0f-8105c4cc836d"", ""https://storage.googleapis.com/tayara-migration-yams-pro/7d/7dacdad1-6910-47fc-a998-a102aa23d7fa"", ""https://storage.googleapis.com/tayara-migration-yams-pro/f9/f93bebd4-09fc-4fa1-9062-9cb5454dca75""]","[{""url"": ""https://storage.googleapis.com/tayara-migration-yams-pro/e7/e7eb900b-a790-4c2b-bd0f-8105c4cc836d"", ""sourceId"": 2, ""adUrl"": ""https://www.tayara.tn/item/693431398914daae5196e03b/?v=2""}, {""url"": ""https://storage.googleapis.com/tayara-migration-yams-pro/7d/7dacdad1-6910-47fc-a998-a102aa23d7fa"", ""sourceId"": 2, ""adUrl"": ""https://www.tayara.tn/item/693431398914daae5196e03b/?v=2""}, {""url"": ""https://storage.googleapis.com/tayara-migration-yams-pro/f9/f93bebd4-09fc-4fa1-9062-9cb5454dca75"", ""sourceId"": 2, ""adUrl"": ""https://www.tayara.tn/item/693431398914daae5196e03b/?v=2""}]","[{""sourceId"": 2, ""url"": ""https://www.tayara.tn/item/693431398914daae5196e03b/?v=2"", ""price"": 650000, ""sellerType"": ""private"", ""lastModified"": ""2025-12-06 14:35:55""}]","[{""sellerType"": ""private"", ""contactName"": ""maher "", ""active"": true}]",1,1,1,1,1,1,[],2025-12-06 14:45:09,2025-12-06 14:35:53,2025-12-06 14:35:55,2025-12-06 14:35:53,1,2026-02-07 13:33:02
1206172,immeuble,a v endre immeuble R+3 situé en plein centre ville de Grombalia avec 4 appartement de bureau et 2 appartement d habitation l immeuble est bien entretenu construit depuis une disaine d année tres bon investissement completement loué.,600000.0,,Immeuble de bureaux,officeBuilding,sale,private,4616,https://storage.googleapis.com/tayara-migration-yams-pro/48/48137570-1038-4ca2-b24e-952ca305cbb9,"[""https://storage.googleapis.com/tayara-migration-yams-pro/48/48137570-1038-4ca2-b24e-952ca305cbb9"", ""https://storage.googleapis.com/tayara-migration-yams-pro/c4/c43ae2ad-f489-4f19-954b-565838cecc85"", ""https://storage.googleapis.com/tayara-migration-yams-pro/ce/cef321fe-31a5-400e-b588-397938175772"", ""https://storage.googleapis.com/tayara-migration-yams-pro/7c/7c901bb2-28df-4716-993b-a66401058ada"", ""https://storage.googleapis.com/tayara-migration-yams-pro/2f/2f1cd6eb-4159-4a71-a76b-64247f54077d"", ""https://storage.googleapis.com/tayara-migration-yams-pro/c5/c5714322-1f43-4e5e-b045-11278f9d7c89"", ""https://storage.googleapis.com/tayara-migration-yams-pro/ad/ad8dfa52-d505-415e-9219-dc51e6dc4880"", ""https://storage.googleapis.com/tayara-migration-yams-pro/c1/c1632046-7773-4644-befa-04db6d7e6794"", ""https://storage.googleapis.com/tayara-migration-yams-pro/11/11d189de-8b91-4a22-a0e5-b4c714c48f10""]","[{""url"": ""https://storage.googleapis.com/tayara-migration-yams-pro/48/48137570-1038-4ca2-b24e-952ca305cbb9"", ""sourceId"": 2, ""adUrl"": ""https://www.tayara.tn/item/692f38dc145e1617cbaf88cc/?v=2""}, {""url"": ""https://storage.googleapis.com/tayara-migration-yams-pro/c4/c43ae2ad-f489-4f19-954b-565838cecc85"", ""sourceId"": 2, ""adUrl"": ""https://www.tayara.tn/item/692f38dc145e1617cbaf88cc/?v=2""}, {""url"": ""https://storage.googleapis.com/tayara-migration-yams-pro/ce/cef321fe-31a5-400e-b588-397938175772"", ""sourceId"": 2, ""adUrl"": ""https://www.tayara.tn/item/692f38dc145e1617cbaf88cc/?v=2""}, {""url"": ""https://storage.googleapis.com/tayara-migration-yams-pro/7c/7c901bb2-28df-4716-993b-a66401058ada"", ""sourceId"": 2, ""adUrl"": ""https://www.tayara.tn/item/692f38dc145e1617cbaf88cc/?v=2""}, {""url"": ""https://storage.googleapis.com/tayara-migration-yams-pro/2f/2f1cd6eb-4159-4a71-a76b-64247f54077d"", ""sourceId"": 2, ""adUrl"": ""https://www.tayara.tn/item/692f38dc145e1617cbaf88cc/?v=2""}, {""url"": ""https://storage.googleapis.com/tayara-migration-yams-pro/c5/c5714322-1f43-4e5e-b045-11278f9d7c89"", ""sourceId"": 2, ""adUrl"": ""https://www.tayara.tn/item/692f38dc145e1617cbaf88cc/?v=2""}, {""url"": ""https://storage.googleapis.com/tayara-migration-yams-pro/ad/ad8dfa52-d505-415e-9219-dc51e6dc4880"", ""sourceId"": 2, ""adUrl"": ""https://www.tayara.tn/item/692f38dc145e1617cbaf88cc/?v=2""}, {""url"": ""https://storage.googleapis.com/tayara-migration-yams-pro/c1/c1632046-7773-4644-befa-04db6d7e6794"", ""sourceId"": 2, ""adUrl"": ""https://www.tayara.tn/item/692f38dc145e1617cbaf88cc/?v=2""}, {""url"": ""https://storage.googleapis.com/tayara-migration-yams-pro/11/11d189de-8b91-4a22-a0e5-b4c714c48f10"", ""sourceId"": 2, ""adUrl"": ""https://www.tayara.tn/item/692f38dc145e1617cbaf88cc/?v=2""}]","[{""sourceId"": 2, ""url"": ""https://www.tayara.tn/item/692f38dc145e1617cbaf88cc/?v=2"", ""price"": 600000, ""sellerType"": ""private"", ""lastModified"": ""2025-12-02 20:14:40""}]","[{""sellerType"": ""private"", ""contactName"": ""leila Zahaf"", ""active"": true}]",1,1,1,1,1,1,[],2025-12-02 20:15:13,2025-12-02 20:07:08,2025-12-02 20:14:40,2025-12-02 20:07:08,1,2026-02-07 13:33:04
807088,imm à vendre,A vendre immeuble R + 2 donnant sur une place publique et 2 rues en plein centre ville de menzel bourguiba constitué de 8 app bureaux + un magasin + un appartement S + 4 haut standing le tout sur une superficie de 239 m2 et 1000 m2 bâti prix 750 MD légèrement négociable.,750000.0,239.0,Immeuble de bureaux,officeBuilding,sale,private,1263,https://storage.googleapis.com/tayara-migration-yams-pro/43/4331d0f3-f4b4-490a-aa90-fb208db1dd58,"[""https://storage.googleapis.com/tayara-migration-yams-pro/43/4331d0f3-f4b4-490a-aa90-fb208db1dd58"", ""https://storage.googleapis.com/tayara-migration-yams-pro/66/66b59a7b-71e9-46d5-8720-2a064fc26f3d"", ""https://storage.googleapis.com/tayara-migration-yams-pro/69/69c2a85b-30e6-480a-87f5-44b240b5437e"", ""https://storage.googleapis.com/tayara-migration-yams-pro/0f/0ff1e4e6-b464-4f41-831b-5ff1005d20a9"", ""https://storage.googleapis.com/tayara-migration-yams-pro/a6/a6cc3be9-00e0-42f4-af11-374f2f05fc30"", ""https://storage.googleapis.com/tayara-migration-yams-pro/f9/f900b620-351f-4264-886a-36744812a72b"", ""https://storage.googleapis.com/tayara-migration-yams-pro/9f/9f775957-ec21-4e0b-8691-b5f2a795fcfe"", ""https://storage.googleapis.com/tayara-migration-yams-pro/7f/7f388e3f-b29d-4fbf-be98-fd0af1322d43"", ""https://storage.googleapis.com/tayara-migration-yams-pro/2e/2e0b6380-4199-46f6-88ab-d225169ac8b6"", ""https://storage.googleapis.com/tayara-migration-yams-pro/be/be338ddc-e458-41cc-a740-77c35f0696e7""]","[{""url"": ""https://storage.googleapis.com/tayara-migration-yams-pro/43/4331d0f3-f4b4-490a-aa90-fb208db1dd58"", ""sourceId"": 2, ""adUrl"": ""https://www.tayara.tn/item/692db5a0265523b710ee068a/?v=2""}, {""url"": ""https://storage.googleapis.com/tayara-migration-yams-pro/66/66b59a7b-71e9-46d5-8720-2a064fc26f3d"", ""sourceId"": 2, ""adUrl"": ""https://www.tayara.tn/item/692db5a0265523b710ee068a/?v=2""}, {""url"": ""https://storage.googleapis.com/tayara-migration-yams-pro/69/69c2a85b-30e6-480a-87f5-44b240b5437e"", ""sourceId"": 2, ""adUrl"": ""https://www.tayara.tn/item/692db5a0265523b710ee068a/?v=2""}, {""url"": ""https://storage.googleapis.com/tayara-migration-yams-pro/0f/0ff1e4e6-b464-4f41-831b-5ff1005d20a9"", ""sourceId"": 2, ""adUrl"": ""https://www.tayara.tn/item/692db5a0265523b710ee068a/?v=2""}, {""url"": ""https://storage.googleapis.com/tayara-migration-yams-pro/a6/a6cc3be9-00e0-42f4-af11-374f2f05fc30"", ""sourceId"": 2, ""adUrl"": ""https://www.tayara.tn/item/692db5a0265523b710ee068a/?v=2""}, {""url"": ""https://storage.googleapis.com/tayara-migration-yams-pro/f9/f900b620-351f-4264-886a-36744812a72b"", ""sourceId"": 2, ""adUrl"": ""https://www.tayara.tn/item/692db5a0265523b710ee068a/?v=2""}, {""url"": ""https://storage.googleapis.com/tayara-migration-yams-pro/9f/9f775957-ec21-4e0b-8691-b5f2a795fcfe"", ""sourceId"": 2, ""adUrl"": ""https://www.tayara.tn/item/692db5a0265523b710ee068a/?v=2""}, {""url"": ""https://storage.googleapis.com/tayara-migration-yams-pro/7f/7f388e3f-b29d-4fbf-be98-fd0af1322d43"", ""sourceId"": 2, ""adUrl"": ""https://www.tayara.tn/item/692db5a0265523b710ee068a/?v=2""}, {""url"": ""https://storage.googleapis.com/tayara-migration-yams-pro/2e/2e0b6380-4199-46f6-88ab-d225169ac8b6"", ""sourceId"": 2, ""adUrl"": ""https://www.tayara.tn/item/692db5a0265523b710ee068a/?v=2""}, {""url"": ""https://storage.googleapis.com/tayara-migration-yams-pro/be/be338ddc-e458-41cc-a740-77c35f0696e7"", ""sourceId"": 2, ""adUrl"": ""https://www.tayara.tn/item/692db5a0265523b710ee068a/?v=2""}]","[{""sourceId"": 2, ""url"": ""https://www.tayara.tn/item/692db5a0265523b710ee068a/?v=2"", ""price"": 750000, ""sellerType"": ""private"", ""lastModified"": ""2025-12-01 16:34:58""}]","[{""sellerType"": ""private"", ""contactName"": ""adnane tekaya"", ""active"": true}]",1,1,1,1,3,1,[],2024-08-16 11:40:04,2024-08-16 11:39:31,2025-12-01 16:34:58,2024-08-16 11:39:31,1,2026-02-07 13:33:06
30064,Immeuble haut standing 2000 m au lac1,"l'agence darek immob propose à la vente au lac 1 ,un joli  immeuble bureautique haut standing de 2000 m² sur 5 étage, il présente les caractéristiques suivantes : 
 
rdc commercial plus 4 étages  
 
-5 plateaux open space  plus des bureaux   
 
1500 surface bureautique et 500 sous sol 
 
séparation allu 
 
- toilettes 
 
-kitchenettes 
 
-parking sous sol 
 
-station de bus à 8 min 
 
- accès par route gp9  
 
-orienté est 
 
-double vitrage 
 
-câblage réseau 
 
-climatisation central 
 
-terrasse 
 
prix: 10000000 dt 
 
merci de contacter notre agence <a type=""phone"">+21651XXXXXX</a>/<a type=""phone"">+21699XXXXXX</a>",10000000.0,2000.0,Immeuble de bureaux,officeBuilding,sale,agency,4942,http://tunisie-annonce.com/upload2/2022All/tunisie-annonce.com/photos/660363_20210908_114858.jpg,"[""https://server.bigdatis.com/api/properties/image/269423506""]","[{""url"": ""https://server.bigdatis.com/api/properties/image/269423506"", ""sourceId"": 1, ""adUrl"": ""http://www.tunisie-annonce.com/DetailsAnnonceImmobilier.asp?cod_ann=3011299""}]","[{""sourceId"": 1, ""url"": ""http://www.tunisie-annonce.com/DetailsAnnonceImmobilier.asp?cod_ann=3011299"", ""price"": 10000000, ""sellerType"": ""agency"", ""lastModified"": ""2025-11-30 00:00:00""}]","[{""sellerType"": ""agency"", ""contactName"": null, ""active"": true}]",1,1,1,1,1,1,[],2023-04-12 10:48:42,2021-09-08 10:48:42,2025-11-30 00:00:00,2021-09-08 10:48:42,1,2026-02-07 13:33:08
1001186,immeuble a louer mutuelleville 1800m2,"immeuble de bureaux a louer mutuelleville d'une superficie de 1800m2  .située a mutuelleville notre dame .elle est renforcée sur 3 niveaux ll est équipée par la fibre optique avec parking au sous-sol ,d 'une architecture agréable est moderne prix,30000 DM légèrement négociable pour plus d'info ou visite appeler agence Colombus lac <a type=""phone"">+21695XXXXXX</a>",30000.0,1800.0,Immeuble de bureaux,officeBuilding,sale,agency,4885,https://storage.googleapis.com/tayara-migration-yams-pro/0a/0a1bc2ad-7737-495a-826a-f694ea091b51,"[""https://storage.googleapis.com/tayara-migration-yams-pro/0a/0a1bc2ad-7737-495a-826a-f694ea091b51""]","[{""url"": ""https://storage.googleapis.com/tayara-migration-yams-pro/0a/0a1bc2ad-7737-495a-826a-f694ea091b51"", ""sourceId"": 2, ""adUrl"": ""https://www.tayara.tn/item/6929b8e0145e1617cbad85d6/?v=2""}]","[{""sourceId"": 2, ""url"": ""https://www.tayara.tn/item/6929b8e0145e1617cbad85d6/?v=2"", ""price"": 30000, ""sellerType"": ""agency"", ""lastModified"": ""2025-11-28 15:59:46""}]","[{""sellerType"": ""agency"", ""contactName"": ""set immobilière Colombus"", ""active"": true}]",1,1,1,1,3,1,[],2025-05-09 08:00:28,2025-05-09 07:59:46,2025-11-28 15:59:46,2025-05-09 08:04:40,1,2026-02-07 13:33:10
1203005,Immeuble de 4 étages,"a.v, immeuble r+3,d'une superficie couverte de 1350m²,batis sur un terrain de 447m².
cet immeuble se compose de :
-rdc: un local commercial de 300m²,plus un local de 180m².
-1er étg : 5 appts bureautiques en (s+2).
-2 éme étg: 5 appts bureautiques en (s+2).
-3 éme étg: 1 appt (s+3).
titre foncier individuel.
prix: 2700.000 dt.
pour plus d'informations ou visite veuiller contacter:
p/ <a type=""phone"">+21627XXXXXX</a> agence (ds reality).",2700000.0,1350.0,Immeuble de bureaux,officeBuilding,sale,private,286,http://tunisie-annonce.com/upload2/202511/tunisie-annonce.com/photos/780198_20251127_205218.jpg,"[""https://server.bigdatis.com/api/properties/image/311615704""]","[{""url"": ""https://server.bigdatis.com/api/properties/image/311615704"", ""sourceId"": 1, ""adUrl"": ""http://www.tunisie-annonce.com/DetailsAnnonceImmobilier.asp?cod_ann=3438058""}]","[{""sourceId"": 1, ""url"": ""http://www.tunisie-annonce.com/DetailsAnnonceImmobilier.asp?cod_ann=3438058"", ""price"": 2700000, ""sellerType"": ""private"", ""lastModified"": ""2025-11-27 00:00:00""}]","[{""sellerType"": ""private"", ""contactName"": null, ""active"": true}]",1,1,1,1,1,1,[],2025-11-27 21:30:20,2025-11-27 00:00:00,2025-11-27 00:00:00,2025-11-27 00:00:00,1,2026-02-07 13:33:12
1223168,Immeuble invest martin à morouj1,"un immeuble pour investissement situé dans un bon quartier a mourouj 1 . au rdc on a 3 locaux et un studio avec garage . au 1ére étage on a un open space idéal pour une salle de sport . au 2éme étage on a un appartement s3 qui se compose  par un salon, une cuisine , une salle de bain. de meme au 3 éme étage . pour tous les renseignements contacter l'agent sur le <a type=""phone"">+21651XXXXXX</a>.",3000000.0,560.0,Immeuble de bureaux,officeBuilding,sale,agency,5174,http://tunisie-annonce.com/upload2/202511/tunisie-annonce.com/photos/632246_20251126_091942.jpg,"[""https://b3g4.fra01.idrivee2-68.com/images-mirror/56001/28000826_317178670.jpg?response-content-type=image%2Fjpeg&response-cache-control=public%2C%20max-age%3D31536000%2C%20immutable&X-Amz-Content-Sha256=UNSIGNED-PAYLOAD&X-Amz-Algorithm=AWS4-HMAC-SHA256&X-Amz-Credential=Bhs7rzoWz1jkU0yRURAn%2F20260207%2FFrankfurt%2Fs3%2Faws4_request&X-Amz-Date=20260207T123314Z&X-Amz-SignedHeaders=host&X-Amz-Expires=86400&X-Amz-Signature=3e9f5c1488ee935aa22d2e7b3fd2f20f29b785f9688ef4f023a09ce1237ebb2c"", ""https://b3g4.fra01.idrivee2-68.com/images-mirror/56001/28000826_317178671.jpg?response-content-type=image%2Fjpeg&response-cache-control=public%2C%20max-age%3D31536000%2C%20immutable&X-Amz-Content-Sha256=UNSIGNED-PAYLOAD&X-Amz-Algorithm=AWS4-HMAC-SHA256&X-Amz-Credential=Bhs7rzoWz1jkU0yRURAn%2F20260207%2FFrankfurt%2Fs3%2Faws4_request&X-Amz-Date=20260207T123314Z&X-Amz-SignedHeaders=host&X-Amz-Expires=86400&X-Amz-Signature=21d4b8d0d586c78eecb3cd4679a3cacb22f7b9af91d1df3fe3547cae355ad808"", ""https://b3g4.fra01.idrivee2-68.com/images-mirror/56001/28000826_317178672.jpg?response-content-type=image%2Fjpeg&response-cache-control=public%2C%20max-age%3D31536000%2C%20immutable&X-Amz-Content-Sha256=UNSIGNED-PAYLOAD&X-Amz-Algorithm=AWS4-HMAC-SHA256&X-Amz-Credential=Bhs7rzoWz1jkU0yRURAn%2F20260207%2FFrankfurt%2Fs3%2Faws4_request&X-Amz-Date=20260207T123314Z&X-Amz-SignedHeaders=host&X-Amz-Expires=86400&X-Amz-Signature=b25ba633c55abfbc6b03746960edcd8ed3f2370dc7ae1afdeafa3f649d21e220"", ""https://b3g4.fra01.idrivee2-68.com/images-mirror/56001/28000826_317178673.jpg?response-content-type=image%2Fjpeg&response-cache-control=public%2C%20max-age%3D31536000%2C%20immutable&X-Amz-Content-Sha256=UNSIGNED-PAYLOAD&X-Amz-Algorithm=AWS4-HMAC-SHA256&X-Amz-Credential=Bhs7rzoWz1jkU0yRURAn%2F20260207%2FFrankfurt%2Fs3%2Faws4_request&X-Amz-Date=20260207T123314Z&X-Amz-SignedHeaders=host&X-Amz-Expires=86400&X-Amz-Signature=12e236881b69ad3d2addb7a0e7d0aa3f050044c3ded4ceccbacf87d11be6b58a"", ""https://b3g4.fra01.idrivee2-68.com/images-mirror/56001/28000826_317178674.jpg?response-content-type=image%2Fjpeg&response-cache-control=public%2C%20max-age%3D31536000%2C%20immutable&X-Amz-Content-Sha256=UNSIGNED-PAYLOAD&X-Amz-Algorithm=AWS4-HMAC-SHA256&X-Amz-Credential=Bhs7rzoWz1jkU0yRURAn%2F20260207%2FFrankfurt%2Fs3%2Faws4_request&X-Amz-Date=20260207T123314Z&X-Amz-SignedHeaders=host&X-Amz-Expires=86400&X-Amz-Signature=8fc24fdaa1ad1a8841eba68a2da641501e17dd8212f6ae8f83447a0a85178067"", ""https://b3g4.fra01.idrivee2-68.com/images-mirror/56001/28000826_317178675.jpg?response-content-type=image%2Fjpeg&response-cache-control=public%2C%20max-age%3D31536000%2C%20immutable&X-Amz-Content-Sha256=UNSIGNED-PAYLOAD&X-Amz-Algorithm=AWS4-HMAC-SHA256&X-Amz-Credential=Bhs7rzoWz1jkU0yRURAn%2F20260207%2FFrankfurt%2Fs3%2Faws4_request&X-Amz-Date=20260207T123314Z&X-Amz-SignedHeaders=host&X-Amz-Expires=86400&X-Amz-Signature=fdae585e4d03411e3e310bc38dbfe276da70ddc9a1d68fb3eadda96e2635cb6c"", ""https://b3g4.fra01.idrivee2-68.com/images-mirror/56001/28000826_317178676.jpg?response-content-type=image%2Fjpeg&response-cache-control=public%2C%20max-age%3D31536000%2C%20immutable&X-Amz-Content-Sha256=UNSIGNED-PAYLOAD&X-Amz-Algorithm=AWS4-HMAC-SHA256&X-Amz-Credential=Bhs7rzoWz1jkU0yRURAn%2F20260207%2FFrankfurt%2Fs3%2Faws4_request&X-Amz-Date=20260207T123314Z&X-Amz-SignedHeaders=host&X-Amz-Expires=86400&X-Amz-Signature=3230dc33cfe0633736484a6b97b295656f0c871f0b38e6b120e36d8d00fd9124"", ""https://b3g4.fra01.idrivee2-68.com/images-mirror/56001/28000826_317178677.jpg?response-content-type=image%2Fjpeg&response-cache-control=public%2C%20max-age%3D31536000%2C%20immutable&X-Amz-Content-Sha256=UNSIGNED-PAYLOAD&X-Amz-Algorithm=AWS4-HMAC-SHA256&X-Amz-Credential=Bhs7rzoWz1jkU0yRURAn%2F20260207%2FFrankfurt%2Fs3%2Faws4_request&X-Amz-Date=20260207T123314Z&X-Amz-SignedHeaders=host&X-Amz-Expires=86400&X-Amz-Signature=b1c6c4778697485611edb913293a9f539d02406af15bc0c45fc1e266c83861e9"", ""https://b3g4.fra01.idrivee2-68.com/images-mirror/56001/28000826_317178678.jpg?response-content-type=image%2Fjpeg&response-cache-control=public%2C%20max-age%3D31536000%2C%20immutable&X-Amz-Content-Sha256=UNSIGNED-PAYLOAD&X-Amz-Algorithm=AWS4-HMAC-SHA256&X-Amz-Credential=Bhs7rzoWz1jkU0yRURAn%2F20260207%2FFrankfurt%2Fs3%2Faws4_request&X-Amz-Date=20260207T123314Z&X-Amz-SignedHeaders=host&X-Amz-Expires=86400&X-Amz-Signature=60afe3096c4915a882a177542fa063975a4ed8a072c0e34b5b7ab4c975d7fc38"", ""https://b3g4.fra01.idrivee2-68.com/images-mirror/56001/28000826_317178679.jpg?response-content-type=image%2Fjpeg&response-cache-control=public%2C%20max-age%3D31536000%2C%20immutable&X-Amz-Content-Sha256=UNSIGNED-PAYLOAD&X-Amz-Algorithm=AWS4-HMAC-SHA256&X-Amz-Credential=Bhs7rzoWz1jkU0yRURAn%2F20260207%2FFrankfurt%2Fs3%2Faws4_request&X-Amz-Date=20260207T123314Z&X-Amz-SignedHeaders=host&X-Amz-Expires=86400&X-Amz-Signature=d9f155219e2fbf2e2c8431efd213da6aa1b8f94bb4f5bc4a176448b34407db0d"", ""https://b3g4.fra01.idrivee2-68.com/images-mirror/56001/28000826_317178680.jpg?response-content-type=image%2Fjpeg&response-cache-control=public%2C%20max-age%3D31536000%2C%20immutable&X-Amz-Content-Sha256=UNSIGNED-PAYLOAD&X-Amz-Algorithm=AWS4-HMAC-SHA256&X-Amz-Credential=Bhs7rzoWz1jkU0yRURAn%2F20260207%2FFrankfurt%2Fs3%2Faws4_request&X-Amz-Date=20260207T123314Z&X-Amz-SignedHeaders=host&X-Amz-Expires=86400&X-Amz-Signature=ad62fa29736cc839f3c416cdb0c6eea6ba1d704a1b3e950c7e40ed5bc70c3f76"", ""https://b3g4.fra01.idrivee2-68.com/images-mirror/56001/28000826_317178681.jpg?response-content-type=image%2Fjpeg&response-cache-control=public%2C%20max-age%3D31536000%2C%20immutable&X-Amz-Content-Sha256=UNSIGNED-PAYLOAD&X-Amz-Algorithm=AWS4-HMAC-SHA256&X-Amz-Credential=Bhs7rzoWz1jkU0yRURAn%2F20260207%2FFrankfurt%2Fs3%2Faws4_request&X-Amz-Date=20260207T123314Z&X-Amz-SignedHeaders=host&X-Amz-Expires=86400&X-Amz-Signature=379c33ac852c15e017f7cbc6922b9d15b1e93371dec975190053e4c0304b66ca"", ""https://b3g4.fra01.idrivee2-68.com/images-mirror/56001/28000826_317178682.jpg?response-content-type=image%2Fjpeg&response-cache-control=public%2C%20max-age%3D31536000%2C%20immutable&X-Amz-Content-Sha256=UNSIGNED-PAYLOAD&X-Amz-Algorithm=AWS4-HMAC-SHA256&X-Amz-Credential=Bhs7rzoWz1jkU0yRURAn%2F20260207%2FFrankfurt%2Fs3%2Faws4_request&X-Amz-Date=20260207T123314Z&X-Amz-SignedHeaders=host&X-Amz-Expires=86400&X-Amz-Signature=9769d799fefc0dd4c84cd902dce0556d6ffbecaff50228b109c3dfe34bc922b8"", ""https://b3g4.fra01.idrivee2-68.com/images-mirror/56001/28000826_317178683.jpg?response-content-type=image%2Fjpeg&response-cache-control=public%2C%20max-age%3D31536000%2C%20immutable&X-Amz-Content-Sha256=UNSIGNED-PAYLOAD&X-Amz-Algorithm=AWS4-HMAC-SHA256&X-Amz-Credential=Bhs7rzoWz1jkU0yRURAn%2F20260207%2FFrankfurt%2Fs3%2Faws4_request&X-Amz-Date=20260207T123314Z&X-Amz-SignedHeaders=host&X-Amz-Expires=86400&X-Amz-Signature=bd576466f845f139179f10f2caac07f997bc4d05c514f839c5563769da5210fe"", ""https://b3g4.fra01.idrivee2-68.com/images-mirror/56001/28000826_317178685.jpg?response-content-type=image%2Fjpeg&response-cache-control=public%2C%20max-age%3D31536000%2C%20immutable&X-Amz-Content-Sha256=UNSIGNED-PAYLOAD&X-Amz-Algorithm=AWS4-HMAC-SHA256&X-Amz-Credential=Bhs7rzoWz1jkU0yRURAn%2F20260207%2FFrankfurt%2Fs3%2Faws4_request&X-Amz-Date=20260207T123314Z&X-Amz-SignedHeaders=host&X-Amz-Expires=86400&X-Amz-Signature=c143240a209becf20b37affbf4d5d8a5c594945bc1cc1bb4fc30f9fd1fc8c07e"", ""https://b3g4.fra01.idrivee2-68.com/images-mirror/56001/28000826_317178686.jpg?response-content-type=image%2Fjpeg&response-cache-control=public%2C%20max-age%3D31536000%2C%20immutable&X-Amz-Content-Sha256=UNSIGNED-PAYLOAD&X-Amz-Algorithm=AWS4-HMAC-SHA256&X-Amz-Credential=Bhs7rzoWz1jkU0yRURAn%2F20260207%2FFrankfurt%2Fs3%2Faws4_request&X-Amz-Date=20260207T123314Z&X-Amz-SignedHeaders=host&X-Amz-Expires=86400&X-Amz-Signature=ac8a00c3c520f006e57d6aa551ce202b346e2143266b0eafb533bab6f7bf4a5b"", ""https://b3g4.fra01.idrivee2-68.com/images-mirror/56001/28000826_317178687.jpg?response-content-type=image%2Fjpeg&response-cache-control=public%2C%20max-age%3D31536000%2C%20immutable&X-Amz-Content-Sha256=UNSIGNED-PAYLOAD&X-Amz-Algorithm=AWS4-HMAC-SHA256&X-Amz-Credential=Bhs7rzoWz1jkU0yRURAn%2F20260207%2FFrankfurt%2Fs3%2Faws4_request&X-Amz-Date=20260207T123314Z&X-Amz-SignedHeaders=host&X-Amz-Expires=86400&X-Amz-Signature=9686fa2f2771e826dfd920e377d6c8d1f5d780daa017c14f0b72d17fd77dcadd"", ""https://server.bigdatis.com/api/properties/image/311146787""]","[{""url"": ""https://b3g4.fra01.idrivee2-68.com/images-mirror/56001/28000826_317178670.jpg?response-content-type=image%2Fjpeg&response-cache-control=public%2C%20max-age%3D31536000%2C%20immutable&X-Amz-Content-Sha256=UNSIGNED-PAYLOAD&X-Amz-Algorithm=AWS4-HMAC-SHA256&X-Amz-Credential=Bhs7rzoWz1jkU0yRURAn%2F20260207%2FFrankfurt%2Fs3%2Faws4_request&X-Amz-Date=20260207T123314Z&X-Amz-SignedHeaders=host&X-Amz-Expires=86400&X-Amz-Signature=3e9f5c1488ee935aa22d2e7b3fd2f20f29b785f9688ef4f023a09ce1237ebb2c"", ""sourceId"": 12, ""adUrl"": ""https://www.facebook.com/marketplace/item/1040044824944265/""}, {""url"": ""https://b3g4.fra01.idrivee2-68.com/images-mirror/56001/28000826_317178671.jpg?response-content-type=image%2Fjpeg&response-cache-control=public%2C%20max-age%3D31536000%2C%20immutable&X-Amz-Content-Sha256=UNSIGNED-PAYLOAD&X-Amz-Algorithm=AWS4-HMAC-SHA256&X-Amz-Credential=Bhs7rzoWz1jkU0yRURAn%2F20260207%2FFrankfurt%2Fs3%2Faws4_request&X-Amz-Date=20260207T123314Z&X-Amz-SignedHeaders=host&X-Amz-Expires=86400&X-Amz-Signature=21d4b8d0d586c78eecb3cd4679a3cacb22f7b9af91d1df3fe3547cae355ad808"", ""sourceId"": 12, ""adUrl"": ""https://www.facebook.com/marketplace/item/1040044824944265/""}, {""url"": ""https://b3g4.fra01.idrivee2-68.com/images-mirror/56001/28000826_317178672.jpg?response-content-type=image%2Fjpeg&response-cache-control=public%2C%20max-age%3D31536000%2C%20immutable&X-Amz-Content-Sha256=UNSIGNED-PAYLOAD&X-Amz-Algorithm=AWS4-HMAC-SHA256&X-Amz-Credential=Bhs7rzoWz1jkU0yRURAn%2F20260207%2FFrankfurt%2Fs3%2Faws4_request&X-Amz-Date=20260207T123314Z&X-Amz-SignedHeaders=host&X-Amz-Expires=86400&X-Amz-Signature=b25ba633c55abfbc6b03746960edcd8ed3f2370dc7ae1afdeafa3f649d21e220"", ""sourceId"": 12, ""adUrl"": ""https://www.facebook.com/marketplace/item/1040044824944265/""}, {""url"": ""https://b3g4.fra01.idrivee2-68.com/images-mirror/56001/28000826_317178673.jpg?response-content-type=image%2Fjpeg&response-cache-control=public%2C%20max-age%3D31536000%2C%20immutable&X-Amz-Content-Sha256=UNSIGNED-PAYLOAD&X-Amz-Algorithm=AWS4-HMAC-SHA256&X-Amz-Credential=Bhs7rzoWz1jkU0yRURAn%2F20260207%2FFrankfurt%2Fs3%2Faws4_request&X-Amz-Date=20260207T123314Z&X-Amz-SignedHeaders=host&X-Amz-Expires=86400&X-Amz-Signature=12e236881b69ad3d2addb7a0e7d0aa3f050044c3ded4ceccbacf87d11be6b58a"", ""sourceId"": 12, ""adUrl"": ""https://www.facebook.com/marketplace/item/1040044824944265/""}, {""url"": ""https://b3g4.fra01.idrivee2-68.com/images-mirror/56001/28000826_317178674.jpg?response-content-type=image%2Fjpeg&response-cache-control=public%2C%20max-age%3D31536000%2C%20immutable&X-Amz-Content-Sha256=UNSIGNED-PAYLOAD&X-Amz-Algorithm=AWS4-HMAC-SHA256&X-Amz-Credential=Bhs7rzoWz1jkU0yRURAn%2F20260207%2FFrankfurt%2Fs3%2Faws4_request&X-Amz-Date=20260207T123314Z&X-Amz-SignedHeaders=host&X-Amz-Expires=86400&X-Amz-Signature=8fc24fdaa1ad1a8841eba68a2da641501e17dd8212f6ae8f83447a0a85178067"", ""sourceId"": 12, ""adUrl"": ""https://www.facebook.com/marketplace/item/1040044824944265/""}, {""url"": ""https://b3g4.fra01.idrivee2-68.com/images-mirror/56001/28000826_317178675.jpg?response-content-type=image%2Fjpeg&response-cache-control=public%2C%20max-age%3D31536000%2C%20immutable&X-Amz-Content-Sha256=UNSIGNED-PAYLOAD&X-Amz-Algorithm=AWS4-HMAC-SHA256&X-Amz-Credential=Bhs7rzoWz1jkU0yRURAn%2F20260207%2FFrankfurt%2Fs3%2Faws4_request&X-Amz-Date=20260207T123314Z&X-Amz-SignedHeaders=host&X-Amz-Expires=86400&X-Amz-Signature=fdae585e4d03411e3e310bc38dbfe276da70ddc9a1d68fb3eadda96e2635cb6c"", ""sourceId"": 12, ""adUrl"": ""https://www.facebook.com/marketplace/item/1040044824944265/""}, {""url"": ""https://b3g4.fra01.idrivee2-68.com/images-mirror/56001/28000826_317178676.jpg?response-content-type=image%2Fjpeg&response-cache-control=public%2C%20max-age%3D31536000%2C%20immutable&X-Amz-Content-Sha256=UNSIGNED-PAYLOAD&X-Amz-Algorithm=AWS4-HMAC-SHA256&X-Amz-Credential=Bhs7rzoWz1jkU0yRURAn%2F20260207%2FFrankfurt%2Fs3%2Faws4_request&X-Amz-Date=20260207T123314Z&X-Amz-SignedHeaders=host&X-Amz-Expires=86400&X-Amz-Signature=3230dc33cfe0633736484a6b97b295656f0c871f0b38e6b120e36d8d00fd9124"", ""sourceId"": 12, ""adUrl"": ""https://www.facebook.com/marketplace/item/1040044824944265/""}, {""url"": ""https://b3g4.fra01.idrivee2-68.com/images-mirror/56001/28000826_317178677.jpg?response-content-type=image%2Fjpeg&response-cache-control=public%2C%20max-age%3D31536000%2C%20immutable&X-Amz-Content-Sha256=UNSIGNED-PAYLOAD&X-Amz-Algorithm=AWS4-HMAC-SHA256&X-Amz-Credential=Bhs7rzoWz1jkU0yRURAn%2F20260207%2FFrankfurt%2Fs3%2Faws4_request&X-Amz-Date=20260207T123314Z&X-Amz-SignedHeaders=host&X-Amz-Expires=86400&X-Amz-Signature=b1c6c4778697485611edb913293a9f539d02406af15bc0c45fc1e266c83861e9"", ""sourceId"": 12, ""adUrl"": ""https://www.facebook.com/marketplace/item/1040044824944265/""}, {""url"": ""https://b3g4.fra01.idrivee2-68.com/images-mirror/56001/28000826_317178678.jpg?response-content-type=image%2Fjpeg&response-cache-control=public%2C%20max-age%3D31536000%2C%20immutable&X-Amz-Content-Sha256=UNSIGNED-PAYLOAD&X-Amz-Algorithm=AWS4-HMAC-SHA256&X-Amz-Credential=Bhs7rzoWz1jkU0yRURAn%2F20260207%2FFrankfurt%2Fs3%2Faws4_request&X-Amz-Date=20260207T123314Z&X-Amz-SignedHeaders=host&X-Amz-Expires=86400&X-Amz-Signature=60afe3096c4915a882a177542fa063975a4ed8a072c0e34b5b7ab4c975d7fc38"", ""sourceId"": 12, ""adUrl"": ""https://www.facebook.com/marketplace/item/1040044824944265/""}, {""url"": ""https://b3g4.fra01.idrivee2-68.com/images-mirror/56001/28000826_317178679.jpg?response-content-type=image%2Fjpeg&response-cache-control=public%2C%20max-age%3D31536000%2C%20immutable&X-Amz-Content-Sha256=UNSIGNED-PAYLOAD&X-Amz-Algorithm=AWS4-HMAC-SHA256&X-Amz-Credential=Bhs7rzoWz1jkU0yRURAn%2F20260207%2FFrankfurt%2Fs3%2Faws4_request&X-Amz-Date=20260207T123314Z&X-Amz-SignedHeaders=host&X-Amz-Expires=86400&X-Amz-Signature=d9f155219e2fbf2e2c8431efd213da6aa1b8f94bb4f5bc4a176448b34407db0d"", ""sourceId"": 12, ""adUrl"": ""https://www.facebook.com/marketplace/item/1040044824944265/""}, {""url"": ""https://b3g4.fra01.idrivee2-68.com/images-mirror/56001/28000826_317178680.jpg?response-content-type=image%2Fjpeg&response-cache-control=public%2C%20max-age%3D31536000%2C%20immutable&X-Amz-Content-Sha256=UNSIGNED-PAYLOAD&X-Amz-Algorithm=AWS4-HMAC-SHA256&X-Amz-Credential=Bhs7rzoWz1jkU0yRURAn%2F20260207%2FFrankfurt%2Fs3%2Faws4_request&X-Amz-Date=20260207T123314Z&X-Amz-SignedHeaders=host&X-Amz-Expires=86400&X-Amz-Signature=ad62fa29736cc839f3c416cdb0c6eea6ba1d704a1b3e950c7e40ed5bc70c3f76"", ""sourceId"": 12, ""adUrl"": ""https://www.facebook.com/marketplace/item/1040044824944265/""}, {""url"": ""https://b3g4.fra01.idrivee2-68.com/images-mirror/56001/28000826_317178681.jpg?response-content-type=image%2Fjpeg&response-cache-control=public%2C%20max-age%3D31536000%2C%20immutable&X-Amz-Content-Sha256=UNSIGNED-PAYLOAD&X-Amz-Algorithm=AWS4-HMAC-SHA256&X-Amz-Credential=Bhs7rzoWz1jkU0yRURAn%2F20260207%2FFrankfurt%2Fs3%2Faws4_request&X-Amz-Date=20260207T123314Z&X-Amz-SignedHeaders=host&X-Amz-Expires=86400&X-Amz-Signature=379c33ac852c15e017f7cbc6922b9d15b1e93371dec975190053e4c0304b66ca"", ""sourceId"": 12, ""adUrl"": ""https://www.facebook.com/marketplace/item/1040044824944265/""}, {""url"": ""https://b3g4.fra01.idrivee2-68.com/images-mirror/56001/28000826_317178682.jpg?response-content-type=image%2Fjpeg&response-cache-control=public%2C%20max-age%3D31536000%2C%20immutable&X-Amz-Content-Sha256=UNSIGNED-PAYLOAD&X-Amz-Algorithm=AWS4-HMAC-SHA256&X-Amz-Credential=Bhs7rzoWz1jkU0yRURAn%2F20260207%2FFrankfurt%2Fs3%2Faws4_request&X-Amz-Date=20260207T123314Z&X-Amz-SignedHeaders=host&X-Amz-Expires=86400&X-Amz-Signature=9769d799fefc0dd4c84cd902dce0556d6ffbecaff50228b109c3dfe34bc922b8"", ""sourceId"": 12, ""adUrl"": ""https://www.facebook.com/marketplace/item/1040044824944265/""}, {""url"": ""https://b3g4.fra01.idrivee2-68.com/images-mirror/56001/28000826_317178683.jpg?response-content-type=image%2Fjpeg&response-cache-control=public%2C%20max-age%3D31536000%2C%20immutable&X-Amz-Content-Sha256=UNSIGNED-PAYLOAD&X-Amz-Algorithm=AWS4-HMAC-SHA256&X-Amz-Credential=Bhs7rzoWz1jkU0yRURAn%2F20260207%2FFrankfurt%2Fs3%2Faws4_request&X-Amz-Date=20260207T123314Z&X-Amz-SignedHeaders=host&X-Amz-Expires=86400&X-Amz-Signature=bd576466f845f139179f10f2caac07f997bc4d05c514f839c5563769da5210fe"", ""sourceId"": 12, ""adUrl"": ""https://www.facebook.com/marketplace/item/1040044824944265/""}, {""url"": ""https://b3g4.fra01.idrivee2-68.com/images-mirror/56001/28000826_317178685.jpg?response-content-type=image%2Fjpeg&response-cache-control=public%2C%20max-age%3D31536000%2C%20immutable&X-Amz-Content-Sha256=UNSIGNED-PAYLOAD&X-Amz-Algorithm=AWS4-HMAC-SHA256&X-Amz-Credential=Bhs7rzoWz1jkU0yRURAn%2F20260207%2FFrankfurt%2Fs3%2Faws4_request&X-Amz-Date=20260207T123314Z&X-Amz-SignedHeaders=host&X-Amz-Expires=86400&X-Amz-Signature=c143240a209becf20b37affbf4d5d8a5c594945bc1cc1bb4fc30f9fd1fc8c07e"", ""sourceId"": 12, ""adUrl"": ""https://www.facebook.com/marketplace/item/1040044824944265/""}, {""url"": ""https://b3g4.fra01.idrivee2-68.com/images-mirror/56001/28000826_317178686.jpg?response-content-type=image%2Fjpeg&response-cache-control=public%2C%20max-age%3D31536000%2C%20immutable&X-Amz-Content-Sha256=UNSIGNED-PAYLOAD&X-Amz-Algorithm=AWS4-HMAC-SHA256&X-Amz-Credential=Bhs7rzoWz1jkU0yRURAn%2F20260207%2FFrankfurt%2Fs3%2Faws4_request&X-Amz-Date=20260207T123314Z&X-Amz-SignedHeaders=host&X-Amz-Expires=86400&X-Amz-Signature=ac8a00c3c520f006e57d6aa551ce202b346e2143266b0eafb533bab6f7bf4a5b"", ""sourceId"": 12, ""adUrl"": ""https://www.facebook.com/marketplace/item/1040044824944265/""}, {""url"": ""https://b3g4.fra01.idrivee2-68.com/images-mirror/56001/28000826_317178687.jpg?response-content-type=image%2Fjpeg&response-cache-control=public%2C%20max-age%3D31536000%2C%20immutable&X-Amz-Content-Sha256=UNSIGNED-PAYLOAD&X-Amz-Algorithm=AWS4-HMAC-SHA256&X-Amz-Credential=Bhs7rzoWz1jkU0yRURAn%2F20260207%2FFrankfurt%2Fs3%2Faws4_request&X-Amz-Date=20260207T123314Z&X-Amz-SignedHeaders=host&X-Amz-Expires=86400&X-Amz-Signature=9686fa2f2771e826dfd920e377d6c8d1f5d780daa017c14f0b72d17fd77dcadd"", ""sourceId"": 12, ""adUrl"": ""https://www.facebook.com/marketplace/item/1040044824944265/""}, {""url"": ""https://server.bigdatis.com/api/properties/image/311146787"", ""sourceId"": 1, ""adUrl"": ""http://www.tunisie-annonce.com/DetailsAnnonceImmobilier.asp?cod_ann=3437660""}]","[{""sourceId"": 1, ""url"": ""http://www.tunisie-annonce.com/DetailsAnnonceImmobilier.asp?cod_ann=3437660"", ""price"": 3000000, ""sellerType"": ""agency"", ""lastModified"": ""2025-11-26 00:00:00""}, {""sourceId"": 12, ""url"": ""https://www.facebook.com/marketplace/item/1040044824944265/"", ""price"": 3000000, ""sellerType"": ""agency"", ""lastModified"": null}]","[{""sellerType"": ""agency"", ""contactName"": ""HOME SWEET HOME"", ""active"": true}]",2,2,1,1,2,2,[],2025-11-26 09:45:25,2025-11-26 00:00:00,2025-11-26 00:00:00,2025-11-26 00:00:00,1,2026-02-07 13:33:14
824876,Immeuble bureatique neuf au lac3  kram,"l'agence darek immob propose à la vente au lac 3 kram ,un nouveau immeuble bureautique de haut standing surface totale y compris sous sol 4350 m² sur 5 étages, il présente les caractéristiques suivantes : -
- open space sur 4 étage
-surface par étage 775 m²
-surface amovible
-vue dégagé
- toilettes
-parking sous sol
-stationnement facile
- transport commun
- accès par route gp9
-orienté sud est et nord
-double vitrage
- câblage réseau
-climatisation centrale
-fibre optique
prix: 15500000 dt
nb: photos et plan sur demande

pour plus d'info veuillez rappeler notre agence au <a type=""phone"">+21651XXXXXX</a>/<a type=""phone"">+21699XXXXXX</a>",15500000.0,4350.0,Immeuble de bureaux,officeBuilding,sale,agency,5202,http://tunisie-annonce.com/upload2/202409/tunisie-annonce.com/photos/660363_20240924_123349.jpg,"[""https://www.affare.tn/image/09_2024_4c8faf58.JPG"", ""https://www.affare.tn/image/09_2024_e7befd2c.JPG"", ""https://www.affare.tn/image/09_2024_b4b7b5e2.JPG"", ""https://www.affare.tn/image/09_2024_a6221978.JPG"", ""https://www.affare.tn/image/09_2024_be86c463.JPG"", ""https://www.affare.tn/image/09_2024_efad85a1.JPG""]","[{""url"": ""https://www.affare.tn/image/09_2024_4c8faf58.JPG"", ""sourceId"": 6, ""adUrl"": ""https://www.affare.tn/annonce/immeuble-bureautique-neuf-a-vendre-au-lac-3-kram-221256""}, {""url"": ""https://www.affare.tn/image/09_2024_e7befd2c.JPG"", ""sourceId"": 6, ""adUrl"": ""https://www.affare.tn/annonce/immeuble-bureautique-neuf-a-vendre-au-lac-3-kram-221256""}, {""url"": ""https://www.affare.tn/image/09_2024_b4b7b5e2.JPG"", ""sourceId"": 6, ""adUrl"": ""https://www.affare.tn/annonce/immeuble-bureautique-neuf-a-vendre-au-lac-3-kram-221256""}, {""url"": ""https://www.affare.tn/image/09_2024_a6221978.JPG"", ""sourceId"": 6, ""adUrl"": ""https://www.affare.tn/annonce/immeuble-bureautique-neuf-a-vendre-au-lac-3-kram-221256""}, {""url"": ""https://www.affare.tn/image/09_2024_be86c463.JPG"", ""sourceId"": 6, ""adUrl"": ""https://www.affare.tn/annonce/immeuble-bureautique-neuf-a-vendre-au-lac-3-kram-221256""}, {""url"": ""https://www.affare.tn/image/09_2024_efad85a1.JPG"", ""sourceId"": 6, ""adUrl"": ""https://www.affare.tn/annonce/immeuble-bureautique-neuf-a-vendre-au-lac-3-kram-221256""}]","[{""sourceId"": 1, ""url"": ""http://www.tunisie-annonce.com/DetailsAnnonceImmobilier.asp?cod_ann=3347593"", ""price"": 15500000, ""sellerType"": ""agency"", ""lastModified"": ""2025-11-25 00:00:00""}, {""sourceId"": 6, ""url"": ""https://www.affare.tn/annonce/immeuble-bureautique-neuf-a-vendre-au-lac-3-kram-221256"", ""price"": 13500000, ""sellerType"": ""agency"", ""lastModified"": ""2024-09-24 13:45:11""}]","[{""sellerType"": ""agency"", ""contactName"": ""Darek Immobilière "", ""active"": true}]",2,2,1,1,3,2,[],2024-09-24 11:42:05,2024-09-24 11:42:05,2025-11-25 00:00:00,2024-09-24 11:42:05,1,2026-02-07 13:33:16
1200062,Immeuble de sept appartements à chott meriam,"deal immobilier vous propose à la vente une opportunité à ne pas rater : immeuble r+3 composé de 6 appartements de type s+1 et une de type s+2.
immeuble idéal pour : investissement, habitation familiale ou location estivale.
l'immeuble s'étale sur un terrain de 100 m² .
emplacement : à proximité de la mosquée el bochra .
à environ 70 mètres de la mer .
 titre de propriété disponible.",600000.0,100.0,Immeuble de bureaux,officeBuilding,sale,agency,4439,http://tunisie-annonce.com/upload2/202511/tunisie-annonce.com/photos/771306_20251124_111810.jpg,"[""https://server.bigdatis.com/api/properties/image/310722320"", ""https://server.bigdatis.com/api/properties/image/310722321"", ""https://server.bigdatis.com/api/properties/image/310722322""]","[{""url"": ""https://server.bigdatis.com/api/properties/image/310722320"", ""sourceId"": 1, ""adUrl"": ""http://www.tunisie-annonce.com/DetailsAnnonceImmobilier.asp?cod_ann=3437249""}, {""url"": ""https://server.bigdatis.com/api/properties/image/310722321"", ""sourceId"": 1, ""adUrl"": ""http://www.tunisie-annonce.com/DetailsAnnonceImmobilier.asp?cod_ann=3437249""}, {""url"": ""https://server.bigdatis.com/api/properties/image/310722322"", ""sourceId"": 1, ""adUrl"": ""http://www.tunisie-annonce.com/DetailsAnnonceImmobilier.asp?cod_ann=3437249""}]","[{""sourceId"": 1, ""url"": ""http://www.tunisie-annonce.com/DetailsAnnonceImmobilier.asp?cod_ann=3437249"", ""price"": 600000, ""sellerType"": ""agency"", ""lastModified"": ""2025-11-24 00:00:00""}]","[{""sellerType"": ""agency"", ""contactName"": ""Deal immobilier"", ""active"": true}]",1,1,1,1,1,1,"[""furnished""]",2025-11-24 11:30:06,2025-11-24 00:00:00,2025-11-24 00:00:00,2025-11-24 00:00:00,1,2026-02-07 13:33:18
631520,Très beau immeuble bureautique au lac1,"l'agence darek immob propose à la location au lac 1 ,un très beau immeuble bureautique de haut standing, surface 2470 m², il présente les caractéristiques suivantes :

-5 plateaux en open space sur 5 étages +rooftop et terrasse 

_surface utile :2050 m²

- toilettes

-kitchenettes

-parking sous sol

-station de bus à 8 min

- accès par route gp9 

-orienté est

-double vitrage

-câblage réseau

-climatisation central

-terrasse

prix : 70000 dt/ht/mois


merci de contacter notre agence <a type=""phone"">+21651XXXXXX</a>/<a type=""phone"">+21699XXXXXX</a>",70000.0,2470.0,Immeuble de bureaux,officeBuilding,sale,agency,4942,http://tunisie-annonce.com/upload2/2022All/tunisie-annonce.com/photos/660363_20210908_114858.jpg,"[""https://server.bigdatis.com/api/properties/image/242221641""]","[{""url"": ""https://server.bigdatis.com/api/properties/image/242221641"", ""sourceId"": 1, ""adUrl"": ""http://www.tunisie-annonce.com/DetailsAnnonceImmobilier.asp?cod_ann=3011290""}]","[{""sourceId"": 1, ""url"": ""http://www.tunisie-annonce.com/DetailsAnnonceImmobilier.asp?cod_ann=3011290"", ""price"": 70000, ""sellerType"": ""agency"", ""lastModified"": ""2025-11-24 00:00:00""}]","[{""sellerType"": ""agency"", ""contactName"": null, ""active"": true}]",1,1,1,1,2,2,[],2022-05-22 13:16:15,2021-09-08 11:14:11,2025-11-24 00:00:00,2023-09-03 18:35:07,1,2026-02-07 13:33:21
1198677,Immobilier,"Excellente opportunité d’investissement !
À vendre, un immeuble bien situé à rue Mohamed Ali en face institut supérieur des sciences infirmières 

comprenant deux boutiques actives et un studio au rez-de-chaussée ainsi un étage supérieur comprend plusieurs pièces et peut être aménagé selon vos besoins (habitation, bureaux, location…)

📍 Emplacement stratégique, visible et très fréquenté à rue mohamed ali 

✅ Idéal pour un projet commercial, investissement locatif ou habitation avec revenus. 

✅ Surface de 200 m²
✅Titre bleu 

📞 Pour plus d’informations ou pour visiter, contactez le : 25<a type=""phone"">+21625XXXXXX</a>",,200.0,Immeuble de bureaux,officeBuilding,sale,private,1410,https://storage.googleapis.com/tayara-migration-yams-pro/b8/b8a2dc64-ffdf-4af8-91ff-27b37207bf46,"[""https://storage.googleapis.com/tayara-migration-yams-pro/b8/b8a2dc64-ffdf-4af8-91ff-27b37207bf46""]","[{""url"": ""https://storage.googleapis.com/tayara-migration-yams-pro/b8/b8a2dc64-ffdf-4af8-91ff-27b37207bf46"", ""sourceId"": 2, ""adUrl"": ""https://www.tayara.tn/item/692095ca145e1617cba9f59c/?v=2""}]","[{""sourceId"": 2, ""url"": ""https://www.tayara.tn/item/692095ca145e1617cba9f59c/?v=2"", ""price"": null, ""sellerType"": ""private"", ""lastModified"": ""2025-11-21 17:39:46""}]","[{""sellerType"": ""private"", ""contactName"": ""Marwa chaabane "", ""active"": true}]",1,1,1,1,1,1,[],2025-11-21 17:45:26,2025-11-21 17:39:38,2025-11-21 17:39:46,2025-11-21 17:39:38,1,2026-02-07 13:33:24
1108034,Immeuble à vendre,"Je vend mon immeuble composé de 4 appartements et 2 studios , ainsi que 3 garages 
Un très bon projet , très bonne source de revenus",680000.0,,Immeuble de bureaux,officeBuilding,sale,private,4894,https://storage.googleapis.com/tayara-migration-yams-pro/32/32f0aa6b-0f06-45df-a873-e34dc1ec5ee9,"[""https://storage.googleapis.com/tayara-migration-yams-pro/32/32f0aa6b-0f06-45df-a873-e34dc1ec5ee9""]","[{""url"": ""https://storage.googleapis.com/tayara-migration-yams-pro/32/32f0aa6b-0f06-45df-a873-e34dc1ec5ee9"", ""sourceId"": 2, ""adUrl"": ""https://www.tayara.tn/item/691ef236265523b710e83eb3/?v=2""}]","[{""sourceId"": 2, ""url"": ""https://www.tayara.tn/item/691ef236265523b710e83eb3/?v=2"", ""price"": 680000, ""sellerType"": ""private"", ""lastModified"": ""2025-11-20 11:49:28""}]","[{""sellerType"": ""private"", ""contactName"": ""Bouras Lowey "", ""active"": true}]",1,1,1,1,2,1,[],2025-08-30 14:31:24,2025-08-30 14:22:34,2025-11-20 11:49:28,2025-08-30 14:22:34,1,2026-02-07 13:33:28
1067964,A vendre un immeuble R+3 à Ezzahra,A vendre un immeuble R+3 à Ezzahra constitué d'un rez de chaussée commercial ( comporte 8 locaux commerciaux ) et trois étage ( 8 bureaux par étage ) avec un revenu mensuel de 15000 dt/mois. La superficie du terrain est 850 m2 et la superficie total de la partie couverte est 1784 m2 .,,1784.0,Immeuble de bureaux,officeBuilding,sale,agency,934,https://storage.googleapis.com/tayara-migration-yams-pro/05/0505bde8-c9e4-4bdc-9fc1-c9696580f576,"[""https://storage.googleapis.com/tayara-migration-yams-pro/05/0505bde8-c9e4-4bdc-9fc1-c9696580f576""]","[{""url"": ""https://storage.googleapis.com/tayara-migration-yams-pro/05/0505bde8-c9e4-4bdc-9fc1-c9696580f576"", ""sourceId"": 2, ""adUrl"": ""https://www.tayara.tn/item/691eda1d265523b710e82ad7/?v=2""}]","[{""sourceId"": 2, ""url"": ""https://www.tayara.tn/item/691eda1d265523b710e82ad7/?v=2"", ""price"": null, ""sellerType"": ""agency"", ""lastModified"": ""2025-11-20 10:06:39""}]","[{""sellerType"": ""agency"", ""contactName"": ""La Méditerranée EZAHRA"", ""active"": true}]",1,1,1,1,3,1,[],2025-07-14 11:00:50,2025-07-14 10:49:19,2025-11-20 10:06:39,2025-07-14 10:49:19,1,2026-02-07 13:33:30
775625,Immeuble bureautique neuf à mutuelle ville,"l'agence darek immob met en location un très joli immeuble bureautique haut standing à notre dame mutuelle ville, il présente les caractéristiques suivantes :

2600 m² en open space (extensible encore jusqu'à 3000 m²)

vu incroyable sur grand tunis

terrasse

650 m² par étage

toilettes

ascenseurs

fibre optique

près de commerces

accès par gp10 

transport public à 5 min

climatisation centrale

double vitrage

parking

prix : 65000 dt/ht/mois

nb: plan sur demande
merci de nous contactez au <a type=""phone"">+21651XXXXXX</a>/<a type=""phone"">+21699XXXXXX</a>",65000.0,2600.0,Immeuble de bureaux,officeBuilding,sale,agency,4885,http://tunisie-annonce.com/upload2/202406/tunisie-annonce.com/photos/660363_20240618_115935.jpg,"[""https://www.affare.tn/image/03_2025_1b7b2b85.JPG"", ""https://www.affare.tn/image/03_2025_53cfc237.JPG"", ""https://www.affare.tn/image/03_2025_20bf39b8.JPG"", ""https://www.affare.tn/image/06_2024_35f20e6e.JPG"", ""https://www.affare.tn/image/06_2024_fca3bf38.JPG"", ""https://www.affare.tn/image/06_2024_84c2fe40.JPG"", ""https://server.bigdatis.com/api/properties/image/267740670"", ""https://server.bigdatis.com/api/properties/image/267740671"", ""https://server.bigdatis.com/api/properties/image/275969847"", ""https://server.bigdatis.com/api/properties/image/275969848""]","[{""url"": ""https://www.affare.tn/image/03_2025_1b7b2b85.JPG"", ""sourceId"": 6, ""adUrl"": ""https://www.affare.tn/annonce/super-immeuble-ths-a-mutuelleville-225270""}, {""url"": ""https://www.affare.tn/image/03_2025_53cfc237.JPG"", ""sourceId"": 6, ""adUrl"": ""https://www.affare.tn/annonce/super-immeuble-ths-a-mutuelleville-225270""}, {""url"": ""https://www.affare.tn/image/03_2025_20bf39b8.JPG"", ""sourceId"": 6, ""adUrl"": ""https://www.affare.tn/annonce/super-immeuble-ths-a-mutuelleville-225270""}, {""url"": ""https://www.affare.tn/image/06_2024_35f20e6e.JPG"", ""sourceId"": 6, ""adUrl"": ""https://www.affare.tn/annonce/immeuble-bureautique-neuf-2600-m-a-mutuelle-ville-212977""}, {""url"": ""https://www.affare.tn/image/06_2024_fca3bf38.JPG"", ""sourceId"": 6, ""adUrl"": ""https://www.affare.tn/annonce/immeuble-bureautique-neuf-2600-m-a-mutuelle-ville-212977""}, {""url"": ""https://www.affare.tn/image/06_2024_84c2fe40.JPG"", ""sourceId"": 6, ""adUrl"": ""https://www.affare.tn/annonce/immeuble-bureautique-neuf-2600-m-a-mutuelle-ville-212977""}, {""url"": ""https://server.bigdatis.com/api/properties/image/267740670"", ""sourceId"": 1, ""adUrl"": ""http://www.tunisie-annonce.com/DetailsAnnonceImmobilier.asp?cod_ann=3322944""}, {""url"": ""https://server.bigdatis.com/api/properties/image/267740671"", ""sourceId"": 1, ""adUrl"": ""http://www.tunisie-annonce.com/DetailsAnnonceImmobilier.asp?cod_ann=3322944""}, {""url"": ""https://server.bigdatis.com/api/properties/image/275969847"", ""sourceId"": 1, ""adUrl"": ""http://www.tunisie-annonce.com/DetailsAnnonceImmobilier.asp?cod_ann=3358343""}, {""url"": ""https://server.bigdatis.com/api/properties/image/275969848"", ""sourceId"": 1, ""adUrl"": ""http://www.tunisie-annonce.com/DetailsAnnonceImmobilier.asp?cod_ann=3358343""}]","[{""sourceId"": 1, ""url"": ""http://www.tunisie-annonce.com/DetailsAnnonceImmobilier.asp?cod_ann=3322944"", ""price"": 65000, ""sellerType"": ""agency"", ""lastModified"": ""2025-11-19 00:00:00""}, {""sourceId"": 6, ""url"": ""https://www.affare.tn/annonce/super-immeuble-ths-a-mutuelleville-225270"", ""price"": 65000, ""sellerType"": ""agency"", ""lastModified"": ""2025-03-21 12:45:36""}]","[{""sellerType"": ""agency"", ""contactName"": ""Darek Immobilière "", ""active"": true}]",2,2,1,1,5,4,[],2024-06-18 11:11:10,2024-06-18 11:11:07,2025-11-19 00:00:00,2024-06-18 11:11:07,1,2026-02-07 13:33:35
1195853,A Vendre-Immeuble Pieds dans l’Eau au Kram,"A Vendre-Immeuble Pieds dans l’Eau au Kram :

À rénover, avec une vue panoramique sur la mer et un emplacement stratégique. Idéal pour un projet commercial ou résidentiel (hôtel, bureaux, restaurant…). Bientôt, une corniche sera aménagée, ajoutant encore plus de valeur à ce bien d’exception.

Malgré son état actuel, cet immeuble recèle un énorme potentiel : une perle rare qui, une fois rénovée, pourrait devenir un véritable emblème architectural du Kram.
tel : 98<a type=""phone"">+21698XXXXXX</a>",950000.0,171.0,Immeuble de bureaux,officeBuilding,sale,private,4868,https://storage.googleapis.com/tayara-migration-yams-pro/ae/aef5a0f5-3cfb-43be-80dc-69d8342e463f,"[""https://storage.googleapis.com/tayara-migration-yams-pro/ae/aef5a0f5-3cfb-43be-80dc-69d8342e463f"", ""https://storage.googleapis.com/tayara-migration-yams-pro/05/05be55b5-8cce-4043-9223-63709d9574a2"", ""https://storage.googleapis.com/tayara-migration-yams-pro/9f/9fd7378c-9ed9-46e9-a7c9-760b98414d50"", ""https://storage.googleapis.com/tayara-migration-yams-pro/b9/b9d391ae-600b-423f-bf01-cf804e940bbf""]","[{""url"": ""https://storage.googleapis.com/tayara-migration-yams-pro/ae/aef5a0f5-3cfb-43be-80dc-69d8342e463f"", ""sourceId"": 2, ""adUrl"": ""https://www.tayara.tn/item/691c32ff265523b710e6fd56/?v=2""}, {""url"": ""https://storage.googleapis.com/tayara-migration-yams-pro/05/05be55b5-8cce-4043-9223-63709d9574a2"", ""sourceId"": 2, ""adUrl"": ""https://www.tayara.tn/item/691c32ff265523b710e6fd56/?v=2""}, {""url"": ""https://storage.googleapis.com/tayara-migration-yams-pro/9f/9fd7378c-9ed9-46e9-a7c9-760b98414d50"", ""sourceId"": 2, ""adUrl"": ""https://www.tayara.tn/item/691c32ff265523b710e6fd56/?v=2""}, {""url"": ""https://storage.googleapis.com/tayara-migration-yams-pro/b9/b9d391ae-600b-423f-bf01-cf804e940bbf"", ""sourceId"": 2, ""adUrl"": ""https://www.tayara.tn/item/691c32ff265523b710e6fd56/?v=2""}]","[{""sourceId"": 2, ""url"": ""https://www.tayara.tn/item/691c32ff265523b710e6fd56/?v=2"", ""price"": 950000, ""sellerType"": ""private"", ""lastModified"": ""2025-11-18 09:49:05""}]","[{""sellerType"": ""private"", ""contactName"": ""M O E Z"", ""active"": true}]",1,1,1,1,1,1,[],2025-11-18 10:00:14,2025-11-18 09:49:03,2025-11-18 09:49:05,2025-11-18 09:49:03,1,2026-02-07 13:33:37
94142,Immeuble 1720 m2 très haut standing au lac 1,"l'agence darek immob vous propose à la location un immeuble récent très haut standing au lac 1 composé de 4 étages , toilettes et une kitchenette.
il présente les caractéristiques suivantes:

-surface totale: 1720 m² 


direction générale+ salle de réunion+des bureaux

-câblage réseau

-fibre optique

-chauffage et climatisation

-faux plafonds

-double vitrage

-deux ascenseurs

-gardien

-sécurité


-accès par gp 9 

-transport commun à 10 min

-parking sous-sol 

-prix: 40000 dt/ht/mois

nb plan sur demande

pour plus d'info veuillez rappeler notre agence au <a type=""phone"">+21651XXXXXX</a>/<a type=""phone"">+21699XXXXXX</a>/<a type=""phone"">+21651XXXXXX</a>",40000.0,1720.0,Immeuble de bureaux,officeBuilding,sale,agency,4942,http://tunisie-annonce.com/upload2/2022All/tunisie-annonce.com/photos/660363_20211126_105828.jpg,"[""https://server.bigdatis.com/api/properties/image/309438681""]","[{""url"": ""https://server.bigdatis.com/api/properties/image/309438681"", ""sourceId"": 1, ""adUrl"": ""http://www.tunisie-annonce.com/DetailsAnnonceImmobilier.asp?cod_ann=3041251""}]","[{""sourceId"": 1, ""url"": ""http://www.tunisie-annonce.com/DetailsAnnonceImmobilier.asp?cod_ann=3041251"", ""price"": 40000, ""sellerType"": ""agency"", ""lastModified"": ""2025-11-16 00:00:00""}]","[{""sellerType"": ""agency"", ""contactName"": null, ""active"": true}]",1,1,1,1,3,1,[],2022-01-06 19:07:44,2021-11-26 00:35:23,2025-11-16 00:00:00,2021-11-26 00:35:23,1,2026-02-07 13:33:39
865754,Immeuble prestigieux 60 pièces montplaisir,"en exclusivité, la maison de limmobilier vous propose la location dun immeuble prestigieux, idéalement situé sur une artère principale à montplaisir.

cet immeuble, érigé sur 5 niveaux, offre une superficie couverte totale de 3 000 m².
caractéristiques principales :
rez-de-chaussée :
un hall de réception accueillant.
deux grandes salles et quatre pièces supplémentaires.
du 1er au 4e étage :

chaque niveau comprend une dizaine de pièces de bureaux de différentes superficies.
deux blocs sanitaires et une kitchenette par étage.
sous-sol :


capacité pour accueillir une trentaine de véhicules.
équipements :
double ascenseur.
climatisation en système split.
système de surveillance.

nombre total de pièces : 60.",52000.0,3000.0,Immeuble de bureaux,officeBuilding,sale,agency,4812,http://tunisie-annonce.com/upload2/202412/tunisie-annonce.com/photos/769864_20241211_132637.jpg,"[""https://server.bigdatis.com/api/properties/image/276765707""]","[{""url"": ""https://server.bigdatis.com/api/properties/image/276765707"", ""sourceId"": 1, ""adUrl"": ""http://www.tunisie-annonce.com/DetailsAnnonceImmobilier.asp?cod_ann=3367536""}]","[{""sourceId"": 1, ""url"": ""http://www.tunisie-annonce.com/DetailsAnnonceImmobilier.asp?cod_ann=3367536"", ""price"": 52000, ""sellerType"": ""agency"", ""lastModified"": ""2025-11-13 00:00:00""}]","[{""sellerType"": ""agency"", ""contactName"": null, ""active"": true}]",1,1,1,1,1,1,[],2024-12-11 13:30:17,2024-12-11 13:30:15,2025-11-13 00:00:00,2024-12-11 13:30:15,1,2026-02-07 13:33:41
1189628,,"L’agence immobilière Century 21 Invest vous propose pour la location un immeuble bureautique de 2150 m² au Lac 3.

Superficie : 2150 m²

Il se compose de :

– Un rez- de -chaussée

– Un étage

– Un sous-sol

– Loge Gardien

Pour plus d’informations , veuillez nous contacter au <a type=""phone"">+21650XXXXXX</a>",21000.0,2150.0,Immeuble de bureaux,officeBuilding,sale,agency,5202,https://logis.fra1.digitaloceanspaces.com/4/Properties/128216/conversions/KBzYU803ZlgyRLvl-thumb.jpg,"[""https://logis.fra1.digitaloceanspaces.com/4/Properties/128216/conversions/KBzYU803ZlgyRLvl-thumb.jpg""]","[{""url"": ""https://logis.fra1.digitaloceanspaces.com/4/Properties/128216/conversions/KBzYU803ZlgyRLvl-thumb.jpg"", ""sourceId"": 11, ""adUrl"": ""https://century21.tn/property/a-louer-immeuble-bureautique-de-2150-m²-au-lac-3/""}]","[{""sourceId"": 11, ""url"": ""https://century21.tn/property/a-louer-immeuble-bureautique-de-2150-m²-au-lac-3/"", ""price"": 21000, ""sellerType"": ""agency"", ""lastModified"": ""2025-11-10 09:36:14""}]","[{""sellerType"": ""agency"", ""contactName"": ""CENTURY 21 Invest"", ""active"": true}]",1,1,1,1,1,1,[],2025-11-10 10:45:38,2025-11-10 09:36:14,2025-11-10 09:36:14,2025-11-10 09:36:14,1,2026-02-07 13:33:43
1179382,Bardo vnt immeuble,"ketata immo, met en vente au bardo, un immeuble en r+3.

l'immeuble est bâti sur un terrain de 500m2, le couvert total 2000m2.

tout l'immeuble est loué, avec une très bonne rentabilité de 200.000 dt/ans.

pour visite veuillez contacter l'agence au <a type=""phone"">+21656XXXXXX</a>",2600000.0,2000.0,Immeuble de bureaux,officeBuilding,sale,agency,4995,,[],,"[{""sourceId"": 1, ""url"": ""http://www.tunisie-annonce.com/DetailsAnnonceImmobilier.asp?cod_ann=3433234"", ""price"": 2600000, ""sellerType"": ""agency"", ""lastModified"": ""2025-11-02 09:15:04""}]","[{""sellerType"": ""agency"", ""contactName"": null, ""active"": true}]",1,1,1,1,2,1,[],2025-10-27 21:15:31,2025-10-27 21:15:28,2025-11-04 11:15:41,2025-10-27 21:15:28,1,2026-02-07 13:33:45
746542,Immeuble bureautique haut standing au lac3,"l'agence darek immobilière propose à la vente dans la zone d'affaire lac 3 kram ,un ensemble de batiment neuf haut standing de 8000 m², cet immeuble , il présente les caractéristiques suivantes :

-plateaux en open plus des bureaux 

- toilettes

-kitchenettes

-parking sous sol 

place de parking extérieurs

-5 min station de bus

- accès par route gp9 ou tunis marine

-transport public

-double vitrage

-câblage réseau

-climatisation central

-terrasse

prix:30 millions de dinars 

pour plus d'info merci de contacter notre agence au <a type=""phone"">+21651XXXXXX</a>/<a type=""phone"">+21699XXXXXX</a>",30000.0,8000.0,Immeuble de bureaux,officeBuilding,sale,agency,5202,http://tunisie-annonce.com/upload2/202204/tunisie-annonce.com/photos/660363_20220405_124942.jpg,"[""https://server.bigdatis.com/api/properties/image/216537569""]","[{""url"": ""https://server.bigdatis.com/api/properties/image/216537569"", ""sourceId"": 1, ""adUrl"": ""http://www.tunisie-annonce.com/DetailsAnnonceImmobilier.asp?cod_ann=3086165""}]","[{""sourceId"": 1, ""url"": ""http://www.tunisie-annonce.com/DetailsAnnonceImmobilier.asp?cod_ann=3086165"", ""price"": 30000, ""sellerType"": ""agency"", ""lastModified"": ""2025-10-27 21:14:19""}]","[{""sellerType"": ""agency"", ""contactName"": null, ""active"": true}]",1,1,1,1,1,1,[],2023-03-12 15:28:41,2022-04-05 15:28:33,2025-10-27 21:14:19,2025-01-13 15:00:08,1,2026-02-07 13:33:47
1179044,Immeuble malva à ariana,"un immeuble r1 situé dans un quartier résidentiel à ariana idéale pour cabinet avocat, bureau. au rdc on a un appartement qui se compose par un salon, une cuisine, 2 chambres et une salle de bain. au 1ére étage on a un appartement qui se compose par un salon, une cuisine, 2 chambres et une salle de bain.",350000.0,136.0,Immeuble de bureaux,officeBuilding,sale,agency,286,http://tunisie-annonce.com/upload2/202510/tunisie-annonce.com/photos/632246_20251027_143341.jpg,"[""https://server.bigdatis.com/api/properties/image/306042400"", ""https://server.bigdatis.com/api/properties/image/306042401"", ""https://server.bigdatis.com/api/properties/image/306042402"", ""https://server.bigdatis.com/api/properties/image/306042403"", ""https://server.bigdatis.com/api/properties/image/306042404""]","[{""url"": ""https://server.bigdatis.com/api/properties/image/306042400"", ""sourceId"": 1, ""adUrl"": ""http://www.tunisie-annonce.com/DetailsAnnonceImmobilier.asp?cod_ann=3432415""}, {""url"": ""https://server.bigdatis.com/api/properties/image/306042401"", ""sourceId"": 1, ""adUrl"": ""http://www.tunisie-annonce.com/DetailsAnnonceImmobilier.asp?cod_ann=3432415""}, {""url"": ""https://server.bigdatis.com/api/properties/image/306042402"", ""sourceId"": 1, ""adUrl"": ""http://www.tunisie-annonce.com/DetailsAnnonceImmobilier.asp?cod_ann=3432415""}, {""url"": ""https://server.bigdatis.com/api/properties/image/306042403"", ""sourceId"": 1, ""adUrl"": ""http://www.tunisie-annonce.com/DetailsAnnonceImmobilier.asp?cod_ann=3432415""}, {""url"": ""https://server.bigdatis.com/api/properties/image/306042404"", ""sourceId"": 1, ""adUrl"": ""http://www.tunisie-annonce.com/DetailsAnnonceImmobilier.asp?cod_ann=3432415""}]","[{""sourceId"": 1, ""url"": ""http://www.tunisie-annonce.com/DetailsAnnonceImmobilier.asp?cod_ann=3432415"", ""price"": 350000, ""sellerType"": ""agency"", ""lastModified"": ""2025-10-27 14:45:45""}]","[{""sellerType"": ""agency"", ""contactName"": ""HOME SWEET HOME"", ""active"": true}]",1,1,1,1,1,1,[],2025-10-27 14:45:45,2025-10-27 14:45:45,2025-10-27 14:45:45,2025-10-27 14:45:45,1,2026-02-07 13:33:48
1178985,Immeuble R+1 à vocation R+2,"Immeuble R+1 à vocation R+2
RDC: Open-space de 320 m² per étage : Open-space de 320 m²
Bâti total : 640 m²
V Superficie terrain : 400 m²
l est à 150 mètres de la mer

Immeuble R+1 à vocation R+2 à Nabeul - Une Opportunité Unique

Situé dans la ville charmante de Nabeul, à seulement 150 mètres de la mer, cet immeuble R+1 à vocation R+2 est une véritable opportunité pour les investisseurs et les propriétaires souhaitant profiter d'un emplacement exceptionnel. Pour un prix de vente compétitif de 420.000 TND, vous pouvez acquérir un bien immobilier qui offre non seulement un cadre de vie agréable mais également un potentiel important de développement.

Caractéristiques du Bien

Pour Qui ?

Ce bien immobilier est idéal pour les investisseurs qui cherchent à diversifier leur portefeuille avec un actif à fort potentiel de location ou de revente. Les familles ou les célibataires qui souhaitent vivre dans un environnement calme et proche de la mer y trouveront également leur compte. De plus, les entrepreneurs pourraient être attirés par la possibilité d'y installer leur entreprise, profitant ainsi de la visibilité et de l'accessibilité offertes par cet emplacement stratégique.

Conclusion

L'acquisition de cet immeuble R+1 à vocation R+2 à Nabeul représente une occasion unique de combiner la qualité de vie avec les perspectives d'investissement. Que vous soyez à la recherche d'un nouveau lieu de vie ou d'un investissement lucratif, ce bien immobilier a le potentiel de répondre à vos attentes. N'hésitez pas à explorer cette opportunité pour découvrir comment elle",420000.0,640.0,Immeuble de bureaux,officeBuilding,sale,private,3609,https://www.bnb.tn/wp-content/uploads/2025/10/Capture-decran-2025-10-27-a-11.05.41-AM-1024x760.png,"[""https://www.bnb.tn/wp-content/uploads/2025/10/Capture-decran-2025-10-27-a-11.05.41-AM-1024x760.png"", ""https://www.bnb.tn/wp-content/uploads/2025/10/www-1024x576.jpeg"", ""https://www.bnb.tn/wp-content/uploads/2025/10/hh.jpeg"", ""https://www.bnb.tn/wp-content/uploads/2025/10/WhatsApp-Image-2025-10-25-at-16.37.29.jpeg"", ""https://www.bnb.tn/wp-content/uploads/2025/10/WhatsApp-Image-2025-10-25-at-16.37.30.jpeg""]","[{""url"": ""https://www.bnb.tn/wp-content/uploads/2025/10/Capture-decran-2025-10-27-a-11.05.41-AM-1024x760.png"", ""sourceId"": 8, ""adUrl"": ""https://www.bnb.tn/properties/immeuble-r1-a-vocation-r2/""}, {""url"": ""https://www.bnb.tn/wp-content/uploads/2025/10/www-1024x576.jpeg"", ""sourceId"": 8, ""adUrl"": ""https://www.bnb.tn/properties/immeuble-r1-a-vocation-r2/""}, {""url"": ""https://www.bnb.tn/wp-content/uploads/2025/10/hh.jpeg"", ""sourceId"": 8, ""adUrl"": ""https://www.bnb.tn/properties/immeuble-r1-a-vocation-r2/""}, {""url"": ""https://www.bnb.tn/wp-content/uploads/2025/10/WhatsApp-Image-2025-10-25-at-16.37.29.jpeg"", ""sourceId"": 8, ""adUrl"": ""https://www.bnb.tn/properties/immeuble-r1-a-vocation-r2/""}, {""url"": ""https://www.bnb.tn/wp-content/uploads/2025/10/WhatsApp-Image-2025-10-25-at-16.37.30.jpeg"", ""sourceId"": 8, ""adUrl"": ""https://www.bnb.tn/properties/immeuble-r1-a-vocation-r2/""}]","[{""sourceId"": 8, ""url"": ""https://www.bnb.tn/properties/immeuble-r1-a-vocation-r2/"", ""price"": 420000, ""sellerType"": ""private"", ""lastModified"": ""2025-10-27 13:00:57""}]","[{""sellerType"": ""private"", ""contactName"": null, ""active"": true}]",1,1,1,1,1,1,[],2025-10-27 13:01:06,2025-10-27 13:00:57,2025-10-27 13:00:57,2025-10-27 13:00:57,1,2026-02-07 13:33:50
839827,Immeuble bureautique à L’aouina MBV0020,"La Croisette Immobilière Tunisie vous propose à la vente la totalité d’un immeuble R+4 situé sur une route très animée de L’aouina.

Ce dernier fait 2380 mètres carrés sur un terrain de 500 mètres carrés.

L’immeuble comprend :

Au rez-de-chaussée : trois locaux commerciaux, une grande entrée avec la réception et l’escalier avec une superficie totale de 300 mètres carrés.

Au sous sol : treize places de parking avec une superficie de 325 mètres carrés.

A la mezzanine : un grand open-space de 270 mètres carrés.

Le premier, deuxième et troisième étage font chacun 360 mètres carrés de superficie et se composent de cinq bureaux H+1 / H+2 et H+3 chacun.

Au quatrième : un penthouse d’une superficie d’une 375 mètres carrés.

L’immeuble est équipé du chauffage central et dispose d’une terrasse.

Réf : MBV0020

Immeuble Bureautique à L'Aouina - Une Opportunité d'Investissement Exceptionnelle

Situé au cœur de Tunis, dans le quartier animé de L'Aouina, nous vous proposons une occasion unique d'acquérir un immeuble bureautique de standing, offrant un potentiel considérable pour les investisseurs et les entreprises en quête d'un espace professionnel de qualité.

Caractéristiques de l'Immeuble

Distribution des Espaces

Équipements et Avantages

Référence : MBV0020

Cette propriété est idéale pour les entreprises cherchant à établir leur siège social ou pour les investisseurs souhaitant louer des bureaux à des sociétés. L'emplacement stratégique, la superficie généreuse et les équipements modernes font de cet immeuble une opportunité rare sur le marché immobilier tunisien. N'hésitez pas à saisir cette chance unique d'investir dans un actif immobilier de haute valeur à Tunis.",4700000.0,2380.0,Immeuble de bureaux,officeBuilding,sale,agency,5191,https://www.bnb.tn/wp-content/uploads/2024/10/5c8a3140-5241-4385-ad78-397517ad446b.jpeg,"[""https://www.bnb.tn/wp-content/uploads/2024/10/5c8a3140-5241-4385-ad78-397517ad446b.jpeg"", ""https://www.bnb.tn/wp-content/uploads/2024/10/86d18aa0-6623-4049-92a5-f5fbc8c0321a.jpeg"", ""https://www.bnb.tn/wp-content/uploads/2024/10/207d81dd-d84f-461e-97f7-8dbb943db1bf.jpeg"", ""https://www.bnb.tn/wp-content/uploads/2024/10/b8d7ee6f-6c57-4b7e-adc4-2420f4e6b1be.jpeg"", ""https://www.bnb.tn/wp-content/uploads/2024/10/dd728d8a-fc6b-4683-94a3-7c215375e3d7.jpeg"", ""https://www.bnb.tn/wp-content/uploads/2024/10/e58b6cff-ac5b-49a3-8415-65bc56efec7d.jpeg"", ""https://server.bigdatis.com/api/properties/image/305727649""]","[{""url"": ""https://www.bnb.tn/wp-content/uploads/2024/10/5c8a3140-5241-4385-ad78-397517ad446b.jpeg"", ""sourceId"": 8, ""adUrl"": ""https://www.bnb.tn/properties/immeuble-bureautique-a-laouina-mbv0020/""}, {""url"": ""https://www.bnb.tn/wp-content/uploads/2024/10/86d18aa0-6623-4049-92a5-f5fbc8c0321a.jpeg"", ""sourceId"": 8, ""adUrl"": ""https://www.bnb.tn/properties/immeuble-bureautique-a-laouina-mbv0020/""}, {""url"": ""https://www.bnb.tn/wp-content/uploads/2024/10/207d81dd-d84f-461e-97f7-8dbb943db1bf.jpeg"", ""sourceId"": 8, ""adUrl"": ""https://www.bnb.tn/properties/immeuble-bureautique-a-laouina-mbv0020/""}, {""url"": ""https://www.bnb.tn/wp-content/uploads/2024/10/b8d7ee6f-6c57-4b7e-adc4-2420f4e6b1be.jpeg"", ""sourceId"": 8, ""adUrl"": ""https://www.bnb.tn/properties/immeuble-bureautique-a-laouina-mbv0020/""}, {""url"": ""https://www.bnb.tn/wp-content/uploads/2024/10/dd728d8a-fc6b-4683-94a3-7c215375e3d7.jpeg"", ""sourceId"": 8, ""adUrl"": ""https://www.bnb.tn/properties/immeuble-bureautique-a-laouina-mbv0020/""}, {""url"": ""https://www.bnb.tn/wp-content/uploads/2024/10/e58b6cff-ac5b-49a3-8415-65bc56efec7d.jpeg"", ""sourceId"": 8, ""adUrl"": ""https://www.bnb.tn/properties/immeuble-bureautique-a-laouina-mbv0020/""}, {""url"": ""https://server.bigdatis.com/api/properties/image/305727649"", ""sourceId"": 3, ""adUrl"": ""https://www.ballouchi.com/annonces/immobilier/bureaux/immeuble-bureautique-a-l-aouina-mbv0020.html""}]","[{""sourceId"": 8, ""url"": ""https://www.bnb.tn/properties/immeuble-bureautique-a-laouina-mbv0020/"", ""price"": 4700000, ""sellerType"": ""agency"", ""lastModified"": ""2025-10-26 02:18:36""}, {""sourceId"": 3, ""url"": ""https://www.ballouchi.com/annonces/immobilier/bureaux/immeuble-bureautique-a-l-aouina-mbv0020.html"", ""price"": 4700000, ""sellerType"": ""agency"", ""lastModified"": ""2024-10-21 01:04:48""}]","[{""sellerType"": ""agency"", ""contactName"": ""la croisette immobiliere"", ""active"": true}]",2,2,1,1,4,2,[],2024-10-21 12:40:26,2024-10-21 01:04:48,2025-10-26 02:18:36,2024-10-21 01:04:48,1,2026-02-07 13:33:52
853338,Immeuble invest feka à tunis,"un immeuble d'investissement situé au centre ville, tunis.   au rdc, on a un local commercial open space. au 1 er étage, on a 3 bureaux avec un bloc sanitaire. pour plus de renseignements, veuillez contacter l'agent sur le <a type=""phone"">+21656XXXXXX</a>.",500000.0,100.0,Immeuble de bureaux,officeBuilding,sale,agency,5201,http://tunisie-annonce.com/upload2/202411/dev.tunisie-annonce.com/photos/632246_20241112_143057.jpg,"[""https://server.bigdatis.com/api/properties/image/276114670"", ""https://server.bigdatis.com/api/properties/image/276114671"", ""https://server.bigdatis.com/api/properties/image/276114672"", ""https://server.bigdatis.com/api/properties/image/276114673""]","[{""url"": ""https://server.bigdatis.com/api/properties/image/276114670"", ""sourceId"": 1, ""adUrl"": ""http://www.tunisie-annonce.com/DetailsAnnonceImmobilier.asp?cod_ann=3360180""}, {""url"": ""https://server.bigdatis.com/api/properties/image/276114671"", ""sourceId"": 1, ""adUrl"": ""http://www.tunisie-annonce.com/DetailsAnnonceImmobilier.asp?cod_ann=3360180""}, {""url"": ""https://server.bigdatis.com/api/properties/image/276114672"", ""sourceId"": 1, ""adUrl"": ""http://www.tunisie-annonce.com/DetailsAnnonceImmobilier.asp?cod_ann=3360180""}, {""url"": ""https://server.bigdatis.com/api/properties/image/276114673"", ""sourceId"": 1, ""adUrl"": ""http://www.tunisie-annonce.com/DetailsAnnonceImmobilier.asp?cod_ann=3360180""}]","[{""sourceId"": 1, ""url"": ""http://www.tunisie-annonce.com/DetailsAnnonceImmobilier.asp?cod_ann=3360180"", ""price"": 500000, ""sellerType"": ""agency"", ""lastModified"": ""2025-10-25 16:42:31""}]","[{""sellerType"": ""agency"", ""contactName"": ""HOME SWEET HOME"", ""active"": true}]",1,1,1,1,1,1,[],2024-11-12 14:45:21,2024-11-12 14:45:18,2025-10-25 16:42:31,2024-11-12 14:45:18,1,2026-02-07 13:33:54
42440,Immeuble INVEST Feka à Vendre à Tunis,"Un immeuble d'investissement situé au centre ville, Tunis.   Au RDC, On a un local commercial open space. Au 1 er étage, On a 3 bureaux avec un bloc sanitaire. Pour plus de renseignements, Veuillez contacter L'agent sur le <a type=""phone"">+21651XXXXXX</a>.",500000.0,68.0,Immeuble de bureaux,officeBuilding,sale,agency,5201,https://www.menzili.tn/upload/photos/2022/10/06/17/31/a98fd0qi78.jpg,"[""https://www.menzili.tn/upload/photos/2022/10/06/17/31/a98fd0qi78.jpg"", ""https://www.menzili.tn/upload/photos/2022/10/06/17/31/sh477q3987.jpg"", ""https://www.menzili.tn/upload/photos/2022/10/06/17/32/6h2z630ioz.jpg"", ""https://www.menzili.tn/upload/photos/2022/10/06/17/32/26ef710q4e.jpg"", ""https://www.menzili.tn/upload/photos/2022/10/06/17/32/27124q9is4.jpg""]","[{""url"": ""https://www.menzili.tn/upload/photos/2022/10/06/17/31/a98fd0qi78.jpg"", ""sourceId"": 13, ""adUrl"": ""https://www.menzili.tn/annonce/annonce-98247""}, {""url"": ""https://www.menzili.tn/upload/photos/2022/10/06/17/31/sh477q3987.jpg"", ""sourceId"": 13, ""adUrl"": ""https://www.menzili.tn/annonce/annonce-98247""}, {""url"": ""https://www.menzili.tn/upload/photos/2022/10/06/17/32/6h2z630ioz.jpg"", ""sourceId"": 13, ""adUrl"": ""https://www.menzili.tn/annonce/annonce-98247""}, {""url"": ""https://www.menzili.tn/upload/photos/2022/10/06/17/32/26ef710q4e.jpg"", ""sourceId"": 13, ""adUrl"": ""https://www.menzili.tn/annonce/annonce-98247""}, {""url"": ""https://www.menzili.tn/upload/photos/2022/10/06/17/32/27124q9is4.jpg"", ""sourceId"": 13, ""adUrl"": ""https://www.menzili.tn/annonce/annonce-98247""}]","[{""sourceId"": 13, ""url"": ""https://www.menzili.tn/annonce/annonce-98247"", ""price"": 500000, ""sellerType"": ""agency"", ""lastModified"": ""2022-10-06 00:49:21""}]","[{""sellerType"": ""agency"", ""contactName"": ""Home Sweet Home"", ""active"": true}]",1,1,1,1,4,1,[],2022-10-06 16:30:05,2022-10-06 00:49:21,2025-10-25 10:11:28,2022-10-06 00:49:21,1,2026-02-07 13:33:55
979464,Immeuble bureautique neuf 4800 m2 au lac 3 kram,"l'agence darek immob met en location un immeuble bureautique neuf,  haut standing au lac 3 kram, il présente les caractéristiques suivantes :

4800 m² de surface bâti
3820 m² de surface de travail
4 étages
open space plus un bureau dans chaque étage
terrasse
toilettes
ascenseurs
fibre optique
près de commerces
accès par gp9
transport public à 3 min
climatisation centrale
double vitrage

parking: 32 places

prix : 70000 dt/ht/mois

nb: plan sur demande
merci de nous contactez au <a type=""phone"">+21651XXXXXX</a>/<a type=""phone"">+21699XXXXXX</a>/<a type=""phone"">+21651XXXXXX</a>",70000.0,4800.0,Immeuble de bureaux,officeBuilding,sale,agency,5202,http://tunisie-annonce.com/upload2/202504/tunisie-annonce.com/photos/660363_20250427_193627.jpg,"[""https://www.affare.tn/image/04_2025_fb5d05b8.JPG"", ""https://www.affare.tn/image/04_2025_7185a65d.JPG"", ""https://www.affare.tn/image/04_2025_93f067e8.JPG"", ""https://www.affare.tn/image/04_2025_ed70753a.JPG"", ""https://www.affare.tn/image/04_2025_70fcbf12.JPG"", ""https://img.cava.tn/cava/items/0d2e7404-56aa-4cc7-8eab-8a402d529201/1745776367608.webp"", ""https://fi-dari.tn/./uploads/1745776084394blob"", ""https://fi-dari.tn/./uploads/1745776084402blob""]","[{""url"": ""https://www.affare.tn/image/04_2025_fb5d05b8.JPG"", ""sourceId"": 6, ""adUrl"": ""https://www.affare.tn/annonce/super-immeuble-bureautique-neuf-au-lac-3-kram-238113""}, {""url"": ""https://www.affare.tn/image/04_2025_7185a65d.JPG"", ""sourceId"": 6, ""adUrl"": ""https://www.affare.tn/annonce/super-immeuble-bureautique-neuf-au-lac-3-kram-238113""}, {""url"": ""https://www.affare.tn/image/04_2025_93f067e8.JPG"", ""sourceId"": 6, ""adUrl"": ""https://www.affare.tn/annonce/super-immeuble-bureautique-neuf-au-lac-3-kram-238113""}, {""url"": ""https://www.affare.tn/image/04_2025_ed70753a.JPG"", ""sourceId"": 6, ""adUrl"": ""https://www.affare.tn/annonce/super-immeuble-bureautique-neuf-au-lac-3-kram-238113""}, {""url"": ""https://www.affare.tn/image/04_2025_70fcbf12.JPG"", ""sourceId"": 6, ""adUrl"": ""https://www.affare.tn/annonce/super-immeuble-bureautique-neuf-au-lac-3-kram-238113""}, {""url"": ""https://img.cava.tn/cava/items/0d2e7404-56aa-4cc7-8eab-8a402d529201/1745776367608.webp"", ""sourceId"": 7, ""adUrl"": ""https://www.cava.tn/bureaux_et_commerces/immeuble-bureautique-neuf-au-lac-3-kram-936183""}, {""url"": ""https://fi-dari.tn/./uploads/1745776084394blob"", ""sourceId"": 10, ""adUrl"": ""https://fi-dari.tn/bien/Lac 3-AI28552-1""}, {""url"": ""https://fi-dari.tn/./uploads/1745776084402blob"", ""sourceId"": 10, ""adUrl"": ""https://fi-dari.tn/bien/Lac 3-AI28552-1""}]","[{""sourceId"": 1, ""url"": ""http://www.tunisie-annonce.com/DetailsAnnonceImmobilier.asp?cod_ann=3397944"", ""price"": 70000, ""sellerType"": ""agency"", ""lastModified"": ""2025-10-23 16:32:28""}, {""sourceId"": 6, ""url"": ""https://www.affare.tn/annonce/super-immeuble-bureautique-neuf-au-lac-3-kram-238113"", ""price"": 70000, ""sellerType"": ""agency"", ""lastModified"": ""2025-04-27 21:33:52""}, {""sourceId"": 7, ""url"": ""https://www.cava.tn/bureaux_et_commerces/immeuble-bureautique-neuf-au-lac-3-kram-936183"", ""price"": 70000, ""sellerType"": ""agency"", ""lastModified"": ""2025-04-27 18:56:17""}, {""sourceId"": 10, ""url"": ""https://fi-dari.tn/bien/Lac 3-AI28552-1"", ""price"": 70000, ""sellerType"": ""agency"", ""lastModified"": ""2025-04-27 17:47:54""}, {""sourceId"": 13, ""url"": ""https://www.menzili.tn/annonce/annonce-84413"", ""price"": 70000, ""sellerType"": ""agency"", ""lastModified"": ""2022-04-18 23:11:12""}]","[{""sellerType"": ""agency"", ""contactName"": ""Darek immobilière et consultin"", ""active"": true}]",5,5,1,1,7,5,"[""elevator"", ""heating"", ""airConditioning"", ""garden"", ""parking"", ""garage""]",2025-04-27 18:45:21,2022-04-18 23:11:12,2025-10-23 16:32:28,2022-04-18 23:11:12,1,2026-02-07 13:33:57
101078,Immeuble invest bénévent à bizerte,"un immeuble pour promoteur en cour de finition et qui fait l'ongle sur un terrain de 556 m situé au cour du centre ville de bizerte. au sous sol, on a un local louer  pour une banque et un parking de voitures. au rdc, on a 5 locaux commerciaux l'un est loué  aussi pour une banque. au 1 er étage, on a un grand open space idéale pour une salle de réunion. de même au 2 éme étage. au 3 éme étage, on a 5 bureaux avec une grande terrasse. au 4 éme et 5 éme étage, on a de même 5 bureaux, une grande terrasse avec une vue dégagée et un 6 éme étage en cours de construction. pour tous les renseignements, contacter l'agent sur le <a type=""phone"">+21651XXXXXX</a>.",9000000.0,556.0,Immeuble de bureaux,officeBuilding,sale,agency,1120,http://tunisie-annonce.com/upload2/202411/tunisie-annonce.com/photos/632246_20241111_093608.jpg,"[""https://www.menzili.tn/upload/photos/2023/01/25/10/38/h2rf33ddz2.jpg"", ""https://server.bigdatis.com/api/properties/image/276081788"", ""https://server.bigdatis.com/api/properties/image/276081789"", ""https://server.bigdatis.com/api/properties/image/276081791"", ""https://server.bigdatis.com/api/properties/image/276081792""]","[{""url"": ""https://www.menzili.tn/upload/photos/2023/01/25/10/38/h2rf33ddz2.jpg"", ""sourceId"": 13, ""adUrl"": ""https://www.menzili.tn/annonce/annonce-107896""}, {""url"": ""https://server.bigdatis.com/api/properties/image/276081788"", ""sourceId"": 1, ""adUrl"": ""http://www.tunisie-annonce.com/DetailsAnnonceImmobilier.asp?cod_ann=3359631""}, {""url"": ""https://server.bigdatis.com/api/properties/image/276081789"", ""sourceId"": 1, ""adUrl"": ""http://www.tunisie-annonce.com/DetailsAnnonceImmobilier.asp?cod_ann=3359631""}, {""url"": ""https://server.bigdatis.com/api/properties/image/276081791"", ""sourceId"": 1, ""adUrl"": ""http://www.tunisie-annonce.com/DetailsAnnonceImmobilier.asp?cod_ann=3359631""}, {""url"": ""https://server.bigdatis.com/api/properties/image/276081792"", ""sourceId"": 1, ""adUrl"": ""http://www.tunisie-annonce.com/DetailsAnnonceImmobilier.asp?cod_ann=3359631""}]","[{""sourceId"": 1, ""url"": ""http://www.tunisie-annonce.com/DetailsAnnonceImmobilier.asp?cod_ann=3359631"", ""price"": 9000000, ""sellerType"": ""agency"", ""lastModified"": ""2025-10-22 20:31:04""}, {""sourceId"": 13, ""url"": ""https://www.menzili.tn/annonce/annonce-107896"", ""price"": 9000000, ""sellerType"": ""agency"", ""lastModified"": ""2023-01-25 00:51:17""}]","[{""sellerType"": ""agency"", ""contactName"": ""HOME SWEET HOME"", ""active"": true}]",2,2,1,1,5,2,[],2023-01-25 10:32:04,2023-01-25 00:51:17,2025-10-22 20:31:04,2023-01-25 00:51:17,1,2026-02-07 13:33:59
1170618,A vendre immeuble à rénover sup 5600 m² centre ville,"La Maison de l’Immobilier vous propose à la vente, un immeuble à rénover, idéalement situé sur l’artère principale de l’avenue de la Liberté à Tunis.

Érigé sur 8 niveaux, il développe une superficie couverte de 5 600 m² sur un terrain de 1000 m².

Grâce à son emplacement stratégique offrant une excellente visibilité et une proximité immédiate avec toutes les commodités, cet immeuble présente un fort potentiel pour divers projets : hôtel, siège social, établissement scolaire ou centre de formation.",6500000.0,5600.0,Immeuble de bureaux,officeBuilding,sale,agency,5197,https://www.mubawab-media.com/ad/8/239/226F/h/e852c199-a74e-4085-84b1-31a378d7c9bb-w1000__81274822.avif,"[""https://www.mubawab-media.com/ad/8/239/226F/h/e852c199-a74e-4085-84b1-31a378d7c9bb-w1000__81274822.avif"", ""https://storage.googleapis.com/tayara-migration-yams-pro/7d/7df0fcc1-42f2-46de-82bb-240bb5bfd0dd""]","[{""url"": ""https://www.mubawab-media.com/ad/8/239/226F/h/e852c199-a74e-4085-84b1-31a378d7c9bb-w1000__81274822.avif"", ""sourceId"": 5, ""adUrl"": ""https://www.mubawab.tn/fr/a/8239226/a-vendre-immeuble-%C3%A0-r%C3%A9nover-sup-5600-m%C2%B2-centre-ville""}, {""url"": ""https://storage.googleapis.com/tayara-migration-yams-pro/7d/7df0fcc1-42f2-46de-82bb-240bb5bfd0dd"", ""sourceId"": 2, ""adUrl"": ""https://www.tayara.tn/item/68f8d12db756576ab4062ff8/?v=2""}]","[{""sourceId"": 5, ""url"": ""https://www.mubawab.tn/fr/a/8239226/a-vendre-immeuble-%C3%A0-r%C3%A9nover-sup-5600-m%C2%B2-centre-ville"", ""price"": 6500000, ""sellerType"": ""agency"", ""lastModified"": ""2025-10-22 14:16:20""}, {""sourceId"": 2, ""url"": ""https://www.tayara.tn/item/68f8d12db756576ab4062ff8/?v=2"", ""price"": 6500000, ""sellerType"": ""agency"", ""lastModified"": ""2025-10-22 13:42:22""}]","[{""sellerType"": ""agency"", ""contactName"": ""Maison de l'immobilier 2"", ""active"": true}]",2,2,1,1,2,2,[],2025-10-22 11:30:46,2025-10-22 11:30:40,2025-10-22 14:16:20,2025-10-22 11:30:40,1,2026-02-07 13:34:01
1133883,Immeuble bureautique à la goulette casino,"immeuble à usage bureautique sur 3 niveaux à la goulette casino à vendre ou à louer. 

cet immeuble moderne, entièrement dédié à un usage professionnel, est conçu pour accueillir des bureaux et des activités administratives.

*répartition des espaces :
*au rez-de-chaussée :
hall d'accueil / réception
open space modulable ou bureaux cloisonnés
une pièce polyvalente
bloc sanitaire
cuisine équipée

*au 1er étage :
un spacieux hall d'accueil / réception
un open space idéal pour une salle de réunion ou de formation avec son bloc sanitaire
4 bureaux 
2 bloc sanitaires

*au 2ème étage:
une salle de conférence ou grande salle de réunion
une pièce (polyvalente : cuisine / bureau /archive/local technique selon le besoin)
trois bureaux
2 blocs sanitaires 

*un studio indépendant au 3ème étage avec accès au toit idéal pour un local de conciergerie/sécurité.

*caractéristiques générales :
superficie totale de la bâtisse: 900m2 (300m2 par étage) sur un terrain de 352m2
stationnement : 4 places de parking , possibilité de stationner à l'extérieur.
climatisation en split et chauffage central
réseau informatique et téléphonique pré-installé.",8500.0,900.0,Immeuble de bureaux,officeBuilding,sale,agency,4934,http://tunisie-annonce.com/upload2/202510/tunisie-annonce.com/photos/669733_20251001_220225.jpg,"[""https://fi-dari.tn/./uploads/1759349648589blob"", ""https://fi-dari.tn/./uploads/1759349648620blob"", ""https://fi-dari.tn/./uploads/1759349648634blob"", ""https://fi-dari.tn/./uploads/1759349648616blob"", ""https://fi-dari.tn/./uploads/1759349648609blob"", ""https://fi-dari.tn/./uploads/1759349648623blob"", ""https://fi-dari.tn/./uploads/1759349648627blob"", ""https://fi-dari.tn/./uploads/1759349648645blob"", ""https://fi-dari.tn/./uploads/1759349648637blob"", ""https://fi-dari.tn/./uploads/1759349648680blob"", ""https://fi-dari.tn/./uploads/1759349648630blob"", ""https://fi-dari.tn/./uploads/1759349648641blob"", ""https://fi-dari.tn/./uploads/1759349648649blob"", ""https://fi-dari.tn/./uploads/1759349648653blob"", ""https://fi-dari.tn/./uploads/1759349648672blob"", ""https://fi-dari.tn/./uploads/1759349648656blob""]","[{""url"": ""https://fi-dari.tn/./uploads/1759349648589blob"", ""sourceId"": 10, ""adUrl"": ""https://fi-dari.tn/bien/Casino La Goulette-AI30510-1""}, {""url"": ""https://fi-dari.tn/./uploads/1759349648620blob"", ""sourceId"": 10, ""adUrl"": ""https://fi-dari.tn/bien/Casino La Goulette-AI30510-1""}, {""url"": ""https://fi-dari.tn/./uploads/1759349648634blob"", ""sourceId"": 10, ""adUrl"": ""https://fi-dari.tn/bien/Casino La Goulette-AI30510-1""}, {""url"": ""https://fi-dari.tn/./uploads/1759349648616blob"", ""sourceId"": 10, ""adUrl"": ""https://fi-dari.tn/bien/Casino La Goulette-AI30510-1""}, {""url"": ""https://fi-dari.tn/./uploads/1759349648609blob"", ""sourceId"": 10, ""adUrl"": ""https://fi-dari.tn/bien/Casino La Goulette-AI30510-1""}, {""url"": ""https://fi-dari.tn/./uploads/1759349648623blob"", ""sourceId"": 10, ""adUrl"": ""https://fi-dari.tn/bien/Casino La Goulette-AI30510-1""}, {""url"": ""https://fi-dari.tn/./uploads/1759349648627blob"", ""sourceId"": 10, ""adUrl"": ""https://fi-dari.tn/bien/Casino La Goulette-AI30510-1""}, {""url"": ""https://fi-dari.tn/./uploads/1759349648645blob"", ""sourceId"": 10, ""adUrl"": ""https://fi-dari.tn/bien/Casino La Goulette-AI30510-1""}, {""url"": ""https://fi-dari.tn/./uploads/1759349648637blob"", ""sourceId"": 10, ""adUrl"": ""https://fi-dari.tn/bien/Casino La Goulette-AI30510-1""}, {""url"": ""https://fi-dari.tn/./uploads/1759349648680blob"", ""sourceId"": 10, ""adUrl"": ""https://fi-dari.tn/bien/Casino La Goulette-AI30510-1""}, {""url"": ""https://fi-dari.tn/./uploads/1759349648630blob"", ""sourceId"": 10, ""adUrl"": ""https://fi-dari.tn/bien/Casino La Goulette-AI30510-1""}, {""url"": ""https://fi-dari.tn/./uploads/1759349648641blob"", ""sourceId"": 10, ""adUrl"": ""https://fi-dari.tn/bien/Casino La Goulette-AI30510-1""}, {""url"": ""https://fi-dari.tn/./uploads/1759349648649blob"", ""sourceId"": 10, ""adUrl"": ""https://fi-dari.tn/bien/Casino La Goulette-AI30510-1""}, {""url"": ""https://fi-dari.tn/./uploads/1759349648653blob"", ""sourceId"": 10, ""adUrl"": ""https://fi-dari.tn/bien/Casino La Goulette-AI30510-1""}, {""url"": ""https://fi-dari.tn/./uploads/1759349648672blob"", ""sourceId"": 10, ""adUrl"": ""https://fi-dari.tn/bien/Casino La Goulette-AI30510-1""}, {""url"": ""https://fi-dari.tn/./uploads/1759349648656blob"", ""sourceId"": 10, ""adUrl"": ""https://fi-dari.tn/bien/Casino La Goulette-AI30510-1""}]","[{""sourceId"": 1, ""url"": ""http://www.tunisie-annonce.com/DetailsAnnonceImmobilier.asp?cod_ann=3428014"", ""price"": 8500, ""sellerType"": ""agency"", ""lastModified"": ""2025-10-01 21:30:17""}, {""sourceId"": 10, ""url"": ""https://fi-dari.tn/bien/Casino La Goulette-AI30510-1"", ""price"": 8500, ""sellerType"": ""agency"", ""lastModified"": ""2025-10-01 20:12:52""}]","[{""sellerType"": ""agency"", ""contactName"": ""RE/MAX Masters"", ""active"": true}]",2,2,1,1,5,2,[],2025-10-01 21:15:23,2025-10-01 21:12:52,2025-10-01 21:45:14,2025-10-01 21:12:52,1,2026-02-07 13:34:03
1133403,"À  vendre Un  Immeuble Neuf  

  Côté  LAC 3   Centre D'affaires","À  vendre Un  Immeuble Neuf  

  Côté  LAC 3   Centre D'affaires 
     
       Immeuble  neuf en 𝐑+𝟑 



*** Terrain : 1662 m²
*** Surface bâti  : 2752 m²

 
📞 Contact: <a type=""phone"">+21622XXXXXX</a>",,2752.0,Immeuble de bureaux,officeBuilding,sale,agency,5202,https://storage.googleapis.com/tayara-migration-yams-pro/bd/bde3bb79-30b8-490c-b882-1392f36629f7,"[""https://storage.googleapis.com/tayara-migration-yams-pro/bd/bde3bb79-30b8-490c-b882-1392f36629f7""]","[{""url"": ""https://storage.googleapis.com/tayara-migration-yams-pro/bd/bde3bb79-30b8-490c-b882-1392f36629f7"", ""sourceId"": 2, ""adUrl"": ""https://www.tayara.tn/item/68dd12d907c7711d7c79f929/?v=2""}]","[{""sourceId"": 2, ""url"": ""https://www.tayara.tn/item/68dd12d907c7711d7c79f929/?v=2"", ""price"": null, ""sellerType"": ""agency"", ""lastModified"": ""2025-10-01 15:22:13""}]","[{""sellerType"": ""agency"", ""contactName"": ""AL-BAYT IMMOBILIER "", ""active"": true}]",1,1,1,1,1,1,[],2025-10-01 12:45:50,2025-10-01 12:39:05,2025-10-01 15:22:13,2025-10-01 12:39:05,1,2026-02-07 13:34:04
749836,Immeuble bureautique 14000 m2 à charguia 1,"l'agence darek immob propose à la location à charguia 1,un immeuble bureautique en cours de construction  surface totale 14000 m² sur 5 étages, il présente les caractéristiques suivantes : -
- open space sur 5  étages
-surface amovible 
-vue dégagé
 - toilettes 
-parking sous sol 
-stationnement facile 
- transport commun 
- accès par route gp9 
-orienté sud est et nord
 -double vitrage 
- câblage réseau
 -climatisation centrale 
-fibre optique
 prix : 280000 dt/ht/mois 
nb: plan sur demande
nb: livraison dans 6 mois
 pour plus d'info veuillez rappeler notre agence au <a type=""phone"">+21651XXXXXX</a>/<a type=""phone"">+21699XXXXXX</a>/<a type=""phone"">+21651XXXXXX</a>",280000.0,14000.0,Immeuble de bureaux,officeBuilding,sale,agency,347,http://tunisie-annonce.com/upload2/202405/tunisie-annonce.com/photos/660363_20240521_112655.jpg,"[""https://www.affare.tn/image/05_2024_306d4c92.JPG"", ""https://www.affare.tn/image/05_2024_3e02d411.JPG"", ""https://www.affare.tn/image/05_2024_2b3826a9.JPG"", ""https://www.affare.tn/image/05_2024_3d5ee289.JPG"", ""https://fi-dari.tn/uploads/1716284174359blob"", ""https://fi-dari.tn/uploads/1716284174374blob"", ""https://www.menzili.tn/upload/photos/2025/01/08/11/06/9dzfs9d95z.jpg"", ""https://www.menzili.tn/upload/photos/2025/01/08/11/06/aj1962q281.jpg""]","[{""url"": ""https://www.affare.tn/image/05_2024_306d4c92.JPG"", ""sourceId"": 6, ""adUrl"": ""https://www.affare.tn/annonce/immeuble-bureautique-neuf-14000-m-a-charguia-1-210958""}, {""url"": ""https://www.affare.tn/image/05_2024_3e02d411.JPG"", ""sourceId"": 6, ""adUrl"": ""https://www.affare.tn/annonce/immeuble-bureautique-neuf-14000-m-a-charguia-1-210958""}, {""url"": ""https://www.affare.tn/image/05_2024_2b3826a9.JPG"", ""sourceId"": 6, ""adUrl"": ""https://www.affare.tn/annonce/immeuble-bureautique-neuf-14000-m-a-charguia-1-210958""}, {""url"": ""https://www.affare.tn/image/05_2024_3d5ee289.JPG"", ""sourceId"": 6, ""adUrl"": ""https://www.affare.tn/annonce/immeuble-bureautique-neuf-14000-m-a-charguia-1-210958""}, {""url"": ""https://fi-dari.tn/uploads/1716284174359blob"", ""sourceId"": 10, ""adUrl"": ""https://fi-dari.tn/bien/Soukra-AI22278-1""}, {""url"": ""https://fi-dari.tn/uploads/1716284174374blob"", ""sourceId"": 10, ""adUrl"": ""https://fi-dari.tn/bien/Soukra-AI22278-1""}, {""url"": ""https://www.menzili.tn/upload/photos/2025/01/08/11/06/9dzfs9d95z.jpg"", ""sourceId"": 13, ""adUrl"": ""https://www.menzili.tn/annonce/annonce-79017""}, {""url"": ""https://www.menzili.tn/upload/photos/2025/01/08/11/06/aj1962q281.jpg"", ""sourceId"": 13, ""adUrl"": ""https://www.menzili.tn/annonce/annonce-79017""}]","[{""sourceId"": 1, ""url"": ""http://www.tunisie-annonce.com/DetailsAnnonceImmobilier.asp?cod_ann=3315711"", ""price"": 280000, ""sellerType"": ""agency"", ""lastModified"": ""2025-09-28 23:30:20""}, {""sourceId"": 6, ""url"": ""https://www.affare.tn/annonce/immeuble-bureautique-neuf-14000-m-a-charguia-1-210958"", ""price"": 280000, ""sellerType"": ""agency"", ""lastModified"": ""2024-05-21 12:39:11""}, {""sourceId"": 10, ""url"": ""https://fi-dari.tn/bien/Soukra-AI22278-1"", ""price"": 280000, ""sellerType"": ""agency"", ""lastModified"": ""2024-05-21 09:35:41""}, {""sourceId"": 13, ""url"": ""https://www.menzili.tn/annonce/annonce-79017"", ""price"": 280000, ""sellerType"": ""agency"", ""lastModified"": ""2022-01-29 17:20:30""}]","[{""sellerType"": ""agency"", ""contactName"": ""Darek Immobilière "", ""active"": true}]",4,4,1,1,5,4,"[""elevator"", ""heating"", ""airConditioning"", ""garden"", ""parking"", ""garage""]",2024-05-21 10:36:49,2022-01-29 17:20:30,2025-09-28 23:30:20,2022-01-29 17:20:30,1,2026-02-07 13:34:09
1130182,Immeuble de bureaux city jardin 1050m2,"immeuble de bureaux a louer city jardin d'une superficie de 1050m2 .située a 2 minute de alain savary est 10 minute de centre ville .elle est renforcée sur 3 niveaux ll est équipée par la fibre optique ascenseur ria alarme parking au sous-sol de quatre voitures 4x salle de réunion et 8x bureaux espace d'archive ou sous sol ,d 'une architecture agréable a la foi moderne prix,30000 dm légèrement négociable pour plus d'info ou visite appeler agence colombus lac",30000.0,1050.0,Immeuble de bureaux,officeBuilding,sale,agency,4840,,[],,"[{""sourceId"": 1, ""url"": ""http://www.tunisie-annonce.com/DetailsAnnonceImmobilier.asp?cod_ann=3427200"", ""price"": 30000, ""sellerType"": ""agency"", ""lastModified"": ""2025-09-27 10:15:09""}]","[{""sellerType"": ""agency"", ""contactName"": null, ""active"": true}]",1,1,1,1,1,1,[],2025-09-27 10:15:23,2025-09-27 10:15:09,2025-09-27 10:15:09,2025-09-27 10:15:09,1,2026-02-07 13:34:11
1129810,Immeuble centre ville proche avenue bourguiba,immeuble de rapport avec belle architecture au centre ville de tunis entre place barcelone et l'avenue bourguiba . affaire d'angle situe sur l'une des rue les plus animer de la capitale . le rez de chausse se compose de 3 locaux commerciaux . l'immeuble est composer de 16 appartement repartie sur 3 niveau . emplacement numero 1 / belle rentabilite mensuel,2550000.0,470.0,Immeuble de bureaux,officeBuilding,sale,private,5201,,[],,"[{""sourceId"": 1, ""url"": ""http://www.tunisie-annonce.com/DetailsAnnonceImmobilier.asp?cod_ann=3427156"", ""price"": 2550000, ""sellerType"": ""private"", ""lastModified"": ""2025-09-26 19:00:15""}]","[{""sellerType"": ""private"", ""contactName"": null, ""active"": true}]",1,1,1,1,1,1,[],2025-09-26 19:00:22,2025-09-26 19:00:15,2025-09-26 19:00:15,2025-09-26 19:00:15,1,2026-02-07 13:34:12
1078222,Super immeuble bureautique avec vue au lac 3 kram,"l'agence darek immob propose à la location au lac 3 ,un superbe immeuble neuf haut standing de 2150 m²de surface totale et 1700 m² de surface utile, il présente les caractéristiques suivantes :

-4 plateaux en open space

-vue super sur le lac

- toilettes

-kitchenettes

-parking sous sol et extérieurs

-5 min station de bus

- accès par route gp9 ou tunis marine

-transport public

-orienté est

-double vitrage

-câblage réseau

-climatisation centrale

-terrasse

-sécurité

-double vitrage

prix : 43000 dt/ht/mois

merci de contactez notre agence au <a type=""phone"">+21651XXXXXX</a>/<a type=""phone"">+21699XXXXXX</a>/<a type=""phone"">+21651XXXXXX</a>",43000.0,2150.0,Immeuble de bureaux,officeBuilding,sale,agency,5202,http://tunisie-annonce.com/upload2/202507/tunisie-annonce.com/photos/660363_20250728_112741.jpg,"[""https://www.affare.tn/image/07_2025_381c018c.JPG"", ""https://www.affare.tn/image/07_2025_01557a3f.JPG"", ""https://www.affare.tn/image/07_2025_aead0822.JPG"", ""https://www.affare.tn/image/07_2025_f64660a5.JPG"", ""https://img.cava.tn/cava/items/7d377447-b176-47a5-a1ca-9fa53bc020e0/1753695163276.webp""]","[{""url"": ""https://www.affare.tn/image/07_2025_381c018c.JPG"", ""sourceId"": 6, ""adUrl"": ""https://www.affare.tn/annonce/superbe-immeuble-bureautique-avec-vue-au-lac-3-kram-245138""}, {""url"": ""https://www.affare.tn/image/07_2025_01557a3f.JPG"", ""sourceId"": 6, ""adUrl"": ""https://www.affare.tn/annonce/superbe-immeuble-bureautique-avec-vue-au-lac-3-kram-245138""}, {""url"": ""https://www.affare.tn/image/07_2025_aead0822.JPG"", ""sourceId"": 6, ""adUrl"": ""https://www.affare.tn/annonce/superbe-immeuble-bureautique-avec-vue-au-lac-3-kram-245138""}, {""url"": ""https://www.affare.tn/image/07_2025_f64660a5.JPG"", ""sourceId"": 6, ""adUrl"": ""https://www.affare.tn/annonce/superbe-immeuble-bureautique-avec-vue-au-lac-3-kram-245138""}, {""url"": ""https://img.cava.tn/cava/items/7d377447-b176-47a5-a1ca-9fa53bc020e0/1753695163276.webp"", ""sourceId"": 7, ""adUrl"": ""https://www.cava.tn/bureaux_et_commerces/superbe-immeuble-bureautique-avec-vue-au-lac-3-kram-954589""}]","[{""sourceId"": 1, ""url"": ""http://www.tunisie-annonce.com/DetailsAnnonceImmobilier.asp?cod_ann=3416259"", ""price"": 43000, ""sellerType"": ""agency"", ""lastModified"": ""2025-09-24 13:48:14""}, {""sourceId"": 6, ""url"": ""https://www.affare.tn/annonce/superbe-immeuble-bureautique-avec-vue-au-lac-3-kram-245138"", ""price"": 43000, ""sellerType"": ""agency"", ""lastModified"": ""2025-07-28 10:37:18""}, {""sourceId"": 7, ""url"": ""https://www.cava.tn/bureaux_et_commerces/superbe-immeuble-bureautique-avec-vue-au-lac-3-kram-954589"", ""price"": 43000, ""sellerType"": ""agency"", ""lastModified"": ""2025-07-28 10:33:48""}, {""sourceId"": 10, ""url"": ""https://fi-dari.tn/bien/Lac 3-AI29832-1"", ""price"": 43000, ""sellerType"": ""agency"", ""lastModified"": ""2025-07-28 09:36:38""}]","[{""sellerType"": ""agency"", ""contactName"": ""Darek Immobilière "", ""active"": true}]",4,4,1,1,4,4,[],2025-07-28 10:45:29,2025-07-28 10:33:48,2025-09-24 13:48:14,2025-07-28 10:33:48,1,2026-02-07 13:34:14
1100101,,"L’Agence Century 21 Invest met en vente un immeuble R+3, idéal pour un investissement locatif ou pour un usage bureautique.

 Situé dans une artère principale, à proximité de l’Ecole internationale ISC aux Jardins de Carthage.

– Superficie terrain : 1073m²

– Superficie Bâtie : 1280m²  

– Titre de propriété individuel

Pour plus d’informations, veuillez nous contacter au <a type=""phone"">+21658XXXXXX</a>",3900000.0,1280.0,Immeuble de bureaux,officeBuilding,sale,agency,5146,https://logis.fra1.digitaloceanspaces.com/4/Properties/114844/conversions/PwzHemSKcswfR4Ed-thumb.jpg,"[""https://logis.fra1.digitaloceanspaces.com/4/Properties/114844/conversions/PwzHemSKcswfR4Ed-thumb.jpg""]","[{""url"": ""https://logis.fra1.digitaloceanspaces.com/4/Properties/114844/conversions/PwzHemSKcswfR4Ed-thumb.jpg"", ""sourceId"": 11, ""adUrl"": ""https://century21.tn/property/a-vendre-immeuble-r3-aux-jardins-de-carthage/""}]","[{""sourceId"": 11, ""url"": ""https://century21.tn/property/a-vendre-immeuble-r3-aux-jardins-de-carthage/"", ""price"": 3900000, ""sellerType"": ""agency"", ""lastModified"": ""2025-09-23 13:34:42""}]","[{""sellerType"": ""agency"", ""contactName"": ""CENTURY 21 Invest"", ""active"": true}]",1,1,1,1,1,1,[],2025-08-22 14:30:44,2025-08-22 14:28:14,2025-09-23 13:34:42,2025-08-22 14:28:14,1,2026-02-07 13:34:16
963851,Immeuble bureautique haut standing au lac 3 kram,"l'agence darek immob propose à la vente au lac 3 le kram,un jolie immeuble bureautique récent ,surface hors sous sol 4200m² y compris sous sol , il présente les caractéristiques suivantes :

-5 niveaux

-surface bureau: 4200

surface sous sol :850 m²

-open space plus des bureaux

-surfaces amovibles

-toilettes

-kitchenettes

-câbl age réseau

-issue de secours

-parking sous sol: plus de 22 places

-transport à 7 min

- accès par route gp9  et tunis marine 

-très bien orienté 

-double vitrage

-faux plafond

-climatisation 


photos et plan sur demande

merci de contacter notre agence au <a type=""phone"">+21651XXXXXX</a>/<a type=""phone"">+21699XXXXXX</a>/<a type=""phone"">+21651XXXXXX</a>",14000000.0,4200.0,Immeuble de bureaux,officeBuilding,sale,agency,5202,http://tunisie-annonce.com/upload2/202305/tunisie-annonce.com/photos/660363_20230525_114418.jpg,"[""https://server.bigdatis.com/api/properties/image/224808458""]","[{""url"": ""https://server.bigdatis.com/api/properties/image/224808458"", ""sourceId"": 1, ""adUrl"": ""http://www.tunisie-annonce.com/DetailsAnnonceImmobilier.asp?cod_ann=3213706""}]","[{""sourceId"": 1, ""url"": ""http://www.tunisie-annonce.com/DetailsAnnonceImmobilier.asp?cod_ann=3213706"", ""price"": 14000000, ""sellerType"": ""agency"", ""lastModified"": ""2025-09-16 17:06:50""}]","[{""sellerType"": ""agency"", ""contactName"": null, ""active"": true}]",1,1,1,1,1,1,[],2023-05-25 10:50:05,2023-05-25 10:50:05,2025-09-16 17:06:50,2023-05-25 10:50:05,1,2026-02-07 13:34:18
1113420,Immeuble tunis centre ville,"vente immeuble occupé. 
à vendre immeuble occupé  idéalement situé à tunis en plein centre-ville en bonne état se compose dun rez de chaussée plus 5 étages , surface terrain 715 m2 , titres fonciers disponibles. 
prix : 1 800 000 mdt.",1800000.0,715.0,Immeuble de bureaux,officeBuilding,sale,agency,5201,http://tunisie-annonce.com/upload2/202509/tunisie-annonce.com/photos/6836_20250906_130515.jpg,"[""https://server.bigdatis.com/api/properties/image/297468946"", ""https://server.bigdatis.com/api/properties/image/297468947"", ""https://server.bigdatis.com/api/properties/image/297468948"", ""https://server.bigdatis.com/api/properties/image/297468949""]","[{""url"": ""https://server.bigdatis.com/api/properties/image/297468946"", ""sourceId"": 1, ""adUrl"": ""http://www.tunisie-annonce.com/DetailsAnnonceImmobilier.asp?cod_ann=3423456""}, {""url"": ""https://server.bigdatis.com/api/properties/image/297468947"", ""sourceId"": 1, ""adUrl"": ""http://www.tunisie-annonce.com/DetailsAnnonceImmobilier.asp?cod_ann=3423456""}, {""url"": ""https://server.bigdatis.com/api/properties/image/297468948"", ""sourceId"": 1, ""adUrl"": ""http://www.tunisie-annonce.com/DetailsAnnonceImmobilier.asp?cod_ann=3423456""}, {""url"": ""https://server.bigdatis.com/api/properties/image/297468949"", ""sourceId"": 1, ""adUrl"": ""http://www.tunisie-annonce.com/DetailsAnnonceImmobilier.asp?cod_ann=3423456""}]","[{""sourceId"": 1, ""url"": ""http://www.tunisie-annonce.com/DetailsAnnonceImmobilier.asp?cod_ann=3423456"", ""price"": 1800000, ""sellerType"": ""agency"", ""lastModified"": ""2025-09-06 18:00:55""}]","[{""sellerType"": ""agency"", ""contactName"": ""AGENCE IMMOBILIERE MRAD"", ""active"": true}]",1,1,1,1,1,1,[],2025-09-06 12:30:16,2025-09-06 12:30:16,2025-09-06 18:00:55,2025-09-06 12:30:16,1,2026-02-07 13:34:20
946778,Immeuble à rénover,"A vendre 
Opportunité investisseurs « immeuble a rénove »  
Immeuble R5 contient 15 appartements 300 mètres carrés par étages 
Rez-de-chaussée pour tout usages avec studio pour concierge
Gain d’ascenseur prévu 
Parking 
Pieds dans l’eau 
S'abstenir de courtiers immobiliers et d'agences immobilières 
sousse : sidi abdelhamid (localisation exact par message privé) 
Visite, prix sur place avec propriétaire",1400000.0,300.0,Immeuble de bureaux,officeBuilding,sale,private,5372,https://www.mubawab-media.com/ad/8/100/525F/h/IMG_9239_79850974.avif,"[""https://www.mubawab-media.com/ad/8/100/525F/h/IMG_9239_79850974.avif"", ""https://www.mubawab-media.com/ad/8/100/525F/h/IMG_9241_79850975.avif"", ""https://www.mubawab-media.com/ad/8/100/525F/h/IMG_9242_79850976.avif"", ""https://www.mubawab-media.com/ad/8/100/525F/h/IMG_9271_79850977.avif"", ""https://www.mubawab-media.com/ad/8/100/525F/h/IMG_9273_79850978.avif""]","[{""url"": ""https://www.mubawab-media.com/ad/8/100/525F/h/IMG_9239_79850974.avif"", ""sourceId"": 5, ""adUrl"": ""https://www.mubawab.tn/fr/a/8100525/immeuble-%C3%A0-r%C3%A9nover""}, {""url"": ""https://www.mubawab-media.com/ad/8/100/525F/h/IMG_9241_79850975.avif"", ""sourceId"": 5, ""adUrl"": ""https://www.mubawab.tn/fr/a/8100525/immeuble-%C3%A0-r%C3%A9nover""}, {""url"": ""https://www.mubawab-media.com/ad/8/100/525F/h/IMG_9242_79850976.avif"", ""sourceId"": 5, ""adUrl"": ""https://www.mubawab.tn/fr/a/8100525/immeuble-%C3%A0-r%C3%A9nover""}, {""url"": ""https://www.mubawab-media.com/ad/8/100/525F/h/IMG_9271_79850977.avif"", ""sourceId"": 5, ""adUrl"": ""https://www.mubawab.tn/fr/a/8100525/immeuble-%C3%A0-r%C3%A9nover""}, {""url"": ""https://www.mubawab-media.com/ad/8/100/525F/h/IMG_9273_79850978.avif"", ""sourceId"": 5, ""adUrl"": ""https://www.mubawab.tn/fr/a/8100525/immeuble-%C3%A0-r%C3%A9nover""}]","[{""sourceId"": 5, ""url"": ""https://www.mubawab.tn/fr/a/8100525/immeuble-%C3%A0-r%C3%A9nover"", ""price"": 1400000, ""sellerType"": ""private"", ""lastModified"": ""2025-09-04 00:18:32""}]","[{""sellerType"": ""private"", ""contactName"": ""makram Particulier"", ""active"": true}]",1,1,1,1,2,1,[],2025-02-26 00:16:08,2025-02-26 00:16:08,2025-09-04 00:18:32,2025-02-26 00:16:08,1,2026-02-07 13:34:22
958645,Immeuble de 5 appartements à vendre,Immeuble de 5 appartements à vendre a tazarka nabeul,375000.0,138.0,Immeuble de bureaux,officeBuilding,sale,private,3526,https://www.affare.tn/image/03_2025_5dd5842d.JPG,"[""https://www.affare.tn/image/03_2025_5dd5842d.JPG""]","[{""url"": ""https://www.affare.tn/image/03_2025_5dd5842d.JPG"", ""sourceId"": 6, ""adUrl"": ""https://www.affare.tn/annonce/immeuble-de-5-appartements-a-vendre-235753""}]","[{""sourceId"": 6, ""url"": ""https://www.affare.tn/annonce/immeuble-de-5-appartements-a-vendre-235753"", ""price"": 375000, ""sellerType"": ""private"", ""lastModified"": ""2025-08-23 07:17:28""}]","[{""sellerType"": ""private"", ""contactName"": ""Hajri Amira "", ""active"": true}]",1,1,1,1,1,1,[],2025-03-23 23:14:14,2025-03-23 23:13:42,2025-08-23 07:17:28,2025-03-23 23:13:42,1,2026-02-07 13:34:24
754477,mmeuble à Bouhsina,"Superbe Immeuble de 3 Étages avec 7 Appartements - Opportunité Exceptionnelle !
Nous sommes ravis de vous présenter cet immeuble unique situé dans un quartier recherché. Avec ses 3 étages et ses 7 appartements, cet immeuble représente une excellente opportunité d'investissement pour les acheteurs avisés.
Superficie Totale : 370m²
Emplacement : Bouhsina sousse 
Nombre d'Étages : 3
Nombre d'Appartements : 7
Ne manquez pas cette chance unique d'acquérir un immeuble avec un potentiel de rentabilité exceptionnel.
Nous sommes à votre disposition pour toute information. N'hésitez pas à nous contacter <a type=""phone"">+21653XXXXXX</a> / <a type=""phone"">+21625XXXXXX</a> / <a type=""phone"">+21626XXXXXX</a> /<a type=""phone"">+21624XXXXXX</a> , ou par email : contact@novacasa.tn
N'oubliez pas de visiter notre site web www.novacasa.tn",700000.0,370.0,Immeuble de bureaux,officeBuilding,sale,agency,5306,https://www.affare.tn/image/02_2025_31084b6e.JPG,"[""https://www.affare.tn/image/02_2025_31084b6e.JPG"", ""https://www.affare.tn/image/02_2025_3b9bbf69.JPG"", ""https://www.affare.tn/image/02_2025_e90904c9.JPG"", ""https://www.affare.tn/image/02_2025_ceecbd26.JPG"", ""https://www.affare.tn/image/02_2025_25f4ffb8.JPG"", ""https://www.affare.tn/image/02_2025_b524fbfa.JPG"", ""https://www.affare.tn/image/02_2025_20191d80.JPG"", ""https://www.affare.tn/image/02_2025_6adef985.JPG"", ""https://fi-dari.tn/uploads/1721992679577blob""]","[{""url"": ""https://www.affare.tn/image/02_2025_31084b6e.JPG"", ""sourceId"": 6, ""adUrl"": ""https://www.affare.tn/annonce/mmeuble-a-bouhsina-233519""}, {""url"": ""https://www.affare.tn/image/02_2025_3b9bbf69.JPG"", ""sourceId"": 6, ""adUrl"": ""https://www.affare.tn/annonce/mmeuble-a-bouhsina-233519""}, {""url"": ""https://www.affare.tn/image/02_2025_e90904c9.JPG"", ""sourceId"": 6, ""adUrl"": ""https://www.affare.tn/annonce/mmeuble-a-bouhsina-233519""}, {""url"": ""https://www.affare.tn/image/02_2025_ceecbd26.JPG"", ""sourceId"": 6, ""adUrl"": ""https://www.affare.tn/annonce/mmeuble-a-bouhsina-233519""}, {""url"": ""https://www.affare.tn/image/02_2025_25f4ffb8.JPG"", ""sourceId"": 6, ""adUrl"": ""https://www.affare.tn/annonce/mmeuble-a-bouhsina-233519""}, {""url"": ""https://www.affare.tn/image/02_2025_b524fbfa.JPG"", ""sourceId"": 6, ""adUrl"": ""https://www.affare.tn/annonce/mmeuble-a-bouhsina-233519""}, {""url"": ""https://www.affare.tn/image/02_2025_20191d80.JPG"", ""sourceId"": 6, ""adUrl"": ""https://www.affare.tn/annonce/mmeuble-a-bouhsina-233519""}, {""url"": ""https://www.affare.tn/image/02_2025_6adef985.JPG"", ""sourceId"": 6, ""adUrl"": ""https://www.affare.tn/annonce/mmeuble-a-bouhsina-233519""}, {""url"": ""https://fi-dari.tn/uploads/1721992679577blob"", ""sourceId"": 10, ""adUrl"": ""https://fi-dari.tn/bien/Sousse centre-AI23643-1""}]","[{""sourceId"": 6, ""url"": ""https://www.affare.tn/annonce/mmeuble-a-bouhsina-233519"", ""price"": 700000, ""sellerType"": ""agency"", ""lastModified"": ""2025-08-23 07:09:26""}, {""sourceId"": 5, ""url"": ""https://www.mubawab.tn/fr/a/7926110/a-vendre-un-immeuble-%C3%A0-bouhsina-sousse"", ""price"": 700000, ""sellerType"": ""agency"", ""lastModified"": ""2024-12-11 17:30:16""}, {""sourceId"": 10, ""url"": ""https://fi-dari.tn/bien/Sousse centre-AI23643-1"", ""price"": 630000, ""sellerType"": ""agency"", ""lastModified"": ""2024-07-26 11:17:57""}]","[{""sellerType"": ""agency"", ""contactName"": ""NOVACASA"", ""active"": true}]",3,3,1,1,6,3,[],2024-05-30 17:52:03,2024-05-30 17:51:45,2025-08-23 07:09:26,2024-07-26 12:14:10,1,2026-02-07 13:34:27
997191,"Immeuble R+1 à vocation R+2 à Tazerka, Nabeul","À VENDRE – Immeuble R+1 à vocation R+2 à Tazerka, Nabeul 
L’agence ADAM Immobilière vous propose un immeuble R+1 à usage résidentiel ou un dépôt , situé en 2ᵉ position par rapport à la route principale de Tazerka, offrant une vue mer dès le premier étage.
- Description du bien
-RDC : Open-space de 320 m²
-1ᵉʳ étage : Open-space de 320 m²
- Bâti total : 640 m²
- Superficie terrain : 400 m²
-Vocation R+2 possible
- Prix : 400 000 TND
- Référence : 924a",400000.0,640.0,Immeuble de bureaux,officeBuilding,sale,agency,3526,https://www.affare.tn/image/05_2025_955425cc.JPG,"[""https://www.affare.tn/image/05_2025_955425cc.JPG"", ""https://www.affare.tn/image/05_2025_44e1aec2.JPG"", ""https://www.affare.tn/image/05_2025_26673182.JPG"", ""https://www.affare.tn/image/05_2025_eaf2ae1c.JPG"", ""https://www.affare.tn/image/05_2025_511e7d8d.JPG"", ""https://www.affare.tn/image/05_2025_e5b98d9c.JPG"", ""https://www.affare.tn/image/05_2025_b4ede504.JPG""]","[{""url"": ""https://www.affare.tn/image/05_2025_955425cc.JPG"", ""sourceId"": 6, ""adUrl"": ""https://www.affare.tn/annonce/immeuble-r-1-a-vocation-r-2-a-tazerka-nabeul-238683""}, {""url"": ""https://www.affare.tn/image/05_2025_44e1aec2.JPG"", ""sourceId"": 6, ""adUrl"": ""https://www.affare.tn/annonce/immeuble-r-1-a-vocation-r-2-a-tazerka-nabeul-238683""}, {""url"": ""https://www.affare.tn/image/05_2025_26673182.JPG"", ""sourceId"": 6, ""adUrl"": ""https://www.affare.tn/annonce/immeuble-r-1-a-vocation-r-2-a-tazerka-nabeul-238683""}, {""url"": ""https://www.affare.tn/image/05_2025_eaf2ae1c.JPG"", ""sourceId"": 6, ""adUrl"": ""https://www.affare.tn/annonce/immeuble-r-1-a-vocation-r-2-a-tazerka-nabeul-238683""}, {""url"": ""https://www.affare.tn/image/05_2025_511e7d8d.JPG"", ""sourceId"": 6, ""adUrl"": ""https://www.affare.tn/annonce/immeuble-r-1-a-vocation-r-2-a-tazerka-nabeul-238683""}, {""url"": ""https://www.affare.tn/image/05_2025_e5b98d9c.JPG"", ""sourceId"": 6, ""adUrl"": ""https://www.affare.tn/annonce/immeuble-r-1-a-vocation-r-2-a-tazerka-nabeul-238683""}, {""url"": ""https://www.affare.tn/image/05_2025_b4ede504.JPG"", ""sourceId"": 6, ""adUrl"": ""https://www.affare.tn/annonce/immeuble-r-1-a-vocation-r-2-a-tazerka-nabeul-238683""}]","[{""sourceId"": 6, ""url"": ""https://www.affare.tn/annonce/immeuble-r-1-a-vocation-r-2-a-tazerka-nabeul-238683"", ""price"": 400000, ""sellerType"": ""agency"", ""lastModified"": ""2025-08-23 05:46:35""}, {""sourceId"": 7, ""url"": ""https://www.cava.tn/maisons_et_villas/immeuble-r1-vocation-r2-tazerka-nabeul-937933"", ""price"": 400000, ""sellerType"": ""agency"", ""lastModified"": ""2025-05-05 13:34:40""}]","[{""sellerType"": ""agency"", ""contactName"": ""ADAM IMMOBILIERE"", ""active"": true}]",2,2,1,1,2,2,[],2025-05-05 13:45:38,2025-05-05 13:34:40,2025-08-23 05:46:35,2025-05-05 13:34:40,1,2026-02-07 13:34:29
75505,Immeuble INVEST Maicol à Vendre au Centre Ville Tunis,"Un immeuble R3 pour Investissement idéal pour bureaux, école, centre de formation, université, centre d’appel, groupement de société, hôtel... situé au cœur du Centre-ville de Tunis. Chaque niveau comprend 2 bureaux S3 qui se compose par un salon, une kitchenette, 3 chambres et une salle de bain. NB: Possibilité de bâtir un 4 éme étage. Pour tous les renseignements, contacter l'agent sur le <a type=""phone"">+21651XXXXXX</a>.",2000000.0,640.0,Immeuble de bureaux,officeBuilding,sale,agency,5201,https://www.menzili.tn/upload/photos/2023/01/02/09/39/6t26nqq95v.jpg,"[""https://www.menzili.tn/upload/photos/2023/01/02/09/39/6t26nqq95v.jpg"", ""https://www.menzili.tn/upload/photos/2023/01/02/09/40/32pd6q4247.jpg"", ""https://www.menzili.tn/upload/photos/2023/01/02/09/40/76ps7g9921.jpg"", ""https://www.menzili.tn/upload/photos/2023/01/02/09/40/yfn30d9294.jpg"", ""https://www.menzili.tn/upload/photos/2023/01/02/09/40/s610id576e.jpg"", ""https://www.menzili.tn/upload/photos/2023/01/02/09/40/792n37m4tv.jpg"", ""https://www.menzili.tn/upload/photos/2023/01/02/09/40/1p19qt2954.jpg"", ""https://www.menzili.tn/upload/photos/2023/01/02/09/40/2sq3dq7267.jpg"", ""https://www.menzili.tn/upload/photos/2023/01/02/09/40/9dzpnio524.jpg""]","[{""url"": ""https://www.menzili.tn/upload/photos/2023/01/02/09/39/6t26nqq95v.jpg"", ""sourceId"": 13, ""adUrl"": ""https://www.menzili.tn/annonce/annonce-105867""}, {""url"": ""https://www.menzili.tn/upload/photos/2023/01/02/09/40/32pd6q4247.jpg"", ""sourceId"": 13, ""adUrl"": ""https://www.menzili.tn/annonce/annonce-105867""}, {""url"": ""https://www.menzili.tn/upload/photos/2023/01/02/09/40/76ps7g9921.jpg"", ""sourceId"": 13, ""adUrl"": ""https://www.menzili.tn/annonce/annonce-105867""}, {""url"": ""https://www.menzili.tn/upload/photos/2023/01/02/09/40/yfn30d9294.jpg"", ""sourceId"": 13, ""adUrl"": ""https://www.menzili.tn/annonce/annonce-105867""}, {""url"": ""https://www.menzili.tn/upload/photos/2023/01/02/09/40/s610id576e.jpg"", ""sourceId"": 13, ""adUrl"": ""https://www.menzili.tn/annonce/annonce-105867""}, {""url"": ""https://www.menzili.tn/upload/photos/2023/01/02/09/40/792n37m4tv.jpg"", ""sourceId"": 13, ""adUrl"": ""https://www.menzili.tn/annonce/annonce-105867""}, {""url"": ""https://www.menzili.tn/upload/photos/2023/01/02/09/40/1p19qt2954.jpg"", ""sourceId"": 13, ""adUrl"": ""https://www.menzili.tn/annonce/annonce-105867""}, {""url"": ""https://www.menzili.tn/upload/photos/2023/01/02/09/40/2sq3dq7267.jpg"", ""sourceId"": 13, ""adUrl"": ""https://www.menzili.tn/annonce/annonce-105867""}, {""url"": ""https://www.menzili.tn/upload/photos/2023/01/02/09/40/9dzpnio524.jpg"", ""sourceId"": 13, ""adUrl"": ""https://www.menzili.tn/annonce/annonce-105867""}]","[{""sourceId"": 13, ""url"": ""https://www.menzili.tn/annonce/annonce-105867"", ""price"": 2000000, ""sellerType"": ""agency"", ""lastModified"": ""2023-01-02 23:34:30""}]","[{""sellerType"": ""agency"", ""contactName"": ""Home Sweet Home"", ""active"": true}]",1,1,1,1,7,1,[],2022-12-30 16:10:03,2022-12-30 16:09:08,2025-08-14 15:13:00,2024-11-11 14:45:10,1,2026-02-07 13:34:32
1091536,Immeuble lac 2,"immeuble lac 2 
hauteur 7 étages
usage bureautique ou habitation
les superficie des appartement entre
180 m2 et 194 m2 (s+3) 
(14 appartement )
surface couvert totale : 2600 m2
prix : 13 milliards",13000000.0,2600.0,Immeuble de bureaux,officeBuilding,sale,agency,5199,http://tunisie-annonce.com/upload2/202508/tunisie-annonce.com/photos/477298_20250812_153027.jpg,"[""https://server.bigdatis.com/api/properties/image/293172263"", ""https://server.bigdatis.com/api/properties/image/293188630"", ""https://server.bigdatis.com/api/properties/image/293188631"", ""https://server.bigdatis.com/api/properties/image/293188632"", ""https://server.bigdatis.com/api/properties/image/293188633""]","[{""url"": ""https://server.bigdatis.com/api/properties/image/293172263"", ""sourceId"": 1, ""adUrl"": ""http://www.tunisie-annonce.com/DetailsAnnonceImmobilier.asp?cod_ann=3419307""}, {""url"": ""https://server.bigdatis.com/api/properties/image/293188630"", ""sourceId"": 1, ""adUrl"": ""http://www.tunisie-annonce.com/DetailsAnnonceImmobilier.asp?cod_ann=3419307""}, {""url"": ""https://server.bigdatis.com/api/properties/image/293188631"", ""sourceId"": 1, ""adUrl"": ""http://www.tunisie-annonce.com/DetailsAnnonceImmobilier.asp?cod_ann=3419307""}, {""url"": ""https://server.bigdatis.com/api/properties/image/293188632"", ""sourceId"": 1, ""adUrl"": ""http://www.tunisie-annonce.com/DetailsAnnonceImmobilier.asp?cod_ann=3419307""}, {""url"": ""https://server.bigdatis.com/api/properties/image/293188633"", ""sourceId"": 1, ""adUrl"": ""http://www.tunisie-annonce.com/DetailsAnnonceImmobilier.asp?cod_ann=3419307""}]","[{""sourceId"": 1, ""url"": ""http://www.tunisie-annonce.com/DetailsAnnonceImmobilier.asp?cod_ann=3419307"", ""price"": 13000000, ""sellerType"": ""agency"", ""lastModified"": ""2025-08-12 16:39:24""}]","[{""sellerType"": ""agency"", ""contactName"": null, ""active"": true}]",1,1,1,1,1,1,[],2025-08-12 14:30:37,2025-08-12 14:30:36,2025-08-12 16:39:24,2025-08-12 14:30:36,1,2026-02-07 13:34:35
117417,Immeuble à Hammam Sousse,"Immeuble à vendre à Hammam Sousse 💥💥 #agence_letaief_immobilière vous propose un Immeuble de Type R+1 bien situé à Trik Chatt Hammam Sousse un prix raisonnable

Immeuble à Hammam Sousse : Votre Nouvel Havre de Paix

Situé dans le cœur vibrant de Hammam Sousse, cet immeuble exceptionnel est proposé à la vente pour 850 000 TND.

Caractéristiques :

Malgré le nombre limité de salles de bain, cet immeuble offre un potentiel immense pour une rénovation ou une personnalisation selon vos besoins et vos goûts.

Localisation :
Hammam Sousse est une ville côtière dynamique, réputée pour ses sources thermales, son riche patrimoine historique et sa proximité avec les plages.

Investissement ou Résidence :
Que vous soyez un investisseur avisé cherchant à diversifier son portefeuille immobilier ou un particulier à la recherche d'un logement à vivre, cet immeuble représente une opportunité à ne pas manquer.

Équipé et prêt à être personnalisé, cet immeuble vous offre la toile de fond parfaite pour créer votre espace de vie idéal. N'attendez plus pour saisir cette chance unique de devenir propriétaire dans l'une des villes les plus charmantes de Tunisie !",850000.0,500.0,Immeuble de bureaux,officeBuilding,sale,agency,4495,,[],,"[{""sourceId"": 8, ""url"": ""https://www.bnb.tn/properties/immeuble-a-hammam-sousse/"", ""price"": 850000, ""sellerType"": ""agency"", ""lastModified"": ""2025-08-01 13:55:49""}]","[{""sellerType"": ""agency"", ""contactName"": ""agence letaief immobilère"", ""active"": true}]",1,1,1,1,1,1,"[""elevator"", ""balcony"", ""heating"", ""airConditioning"", ""pool""]",2023-02-28 11:12:06,2023-02-28 11:12:06,2025-08-01 13:55:49,2023-02-28 11:12:06,1,2026-02-07 13:34:38
73484,Immeuble à rénover à Bab El khadra,"Immeuble à rénover à Bab El khadra, convient pour un projet de clinique ou pour un établissement, près du foyer, Nahj El kawach Bab El khadra.

Immeuble à Rénover à Bab El Khadra - Tunis

Vous cherchez un projet immobilier exceptionnel à Tunis ? Ne cherchez plus ! Nous vous présentons un immeuble à rénover situé à Bab El Khadra, un emplacement stratégique et dynamique de la capitale.

Un Emplacement de Choix

Situé près du foyer et de Nahj El Kawach, cet immeuble bénéficie d'une localisation idéale pour tout type de projet. Que vous envisagiez de créer une clinique, un établissement ou tout autre type d'activité, cet immeuble offre un potentiel immense.

Caractéristiques de l'Immeuble

Un Projet en Plein Potentiel

Cet immeuble à rénover représente une page blanche prête à être transformée en un lieu vibrant et fonctionnel. Avec un peu de créativité et d'investissement, vous pouvez créer un espace qui répond parfaitement à vos besoins et à ceux de votre clientèle.

Ne Manquez Pas cette Opportunité

Si vous êtes à la recherche d'un projet immobilier stimulant à Tunis, cet immeuble à rénover à Bab El Khadra est l'occasion parfaite de laisser votre empreinte dans la ville. Saisissez cette chance unique de créer quelque chose de spécial.

N'attendez plus pour découvrir et saisir cette opportunité exceptionnelle !",600000.0,200.0,Immeuble de bureaux,officeBuilding,sale,private,4819,,[],,"[{""sourceId"": 8, ""url"": ""https://www.bnb.tn/properties/immeuble-a-renover-a-bab-el-khadra/"", ""price"": 600000, ""sellerType"": ""private"", ""lastModified"": ""2025-08-01 13:52:59""}]","[{""sellerType"": ""private"", ""contactName"": ""Hatem"", ""active"": true}]",1,1,1,1,1,1,"[""garage"", ""balcony""]",2023-02-22 12:00:09,2023-02-22 12:00:09,2025-08-01 13:52:59,2023-02-22 12:00:09,1,2026-02-07 13:34:44
1001434,Immeuble à Kala ekbira Sousse,"Immeuble à vendre à Kala Ekbira Sousse 💥💥 #agence_letaief_immobilière vous propose un Immeuble de Type R+2 bien situé à kala ekbira Sousse un prix raisonnable

Immeuble à Kala ekbira Sousse : Investissement Idéal

Situé dans le quartier dynamique de Kala ekbira à Sousse, cet immeuble représente une opportunité d'investissement exceptionnelle pour les acheteurs avisés. Avec un prix de vente attractif de 400 000 TND, cette propriété offre un potentiel de rendement intéressant.

Caractéristiques Principales :

Localisation Stratégique : Implanté à Kala ekbira, l'un des secteurs les plus prisés de Sousse, cet immeuble bénéficie d'une localisation idéale, proche des principaux axes de transport et des commodités.

Prix Compétitif : À 400 000 TND, cette propriété offre une valeur exceptionnelle, compte tenu de son emplacement et de son potentiel.

Description Détaillée :

Malheureusement, les détails spécifiques sur le nombre de chambres, de lits et de salles de bain n'ont pas été fournis. Pour une description plus précise et engageante, ces informations sont cruciales.

Pourquoi Investir dans cet Immeuble ?

Conclusion

Cet immeuble à Kala ekbira, Sousse, représente une occasion unique pour les investisseurs immobiliers. Avec son prix compétitif et son emplacement stratégique, il offre un potentiel d'appréciation et de rendement attractif. Ne manquez pas cette opportunité d'investir dans un secteur prometteur.",400000.0,400.0,Immeuble de bureaux,officeBuilding,sale,agency,4526,,[],,"[{""sourceId"": 8, ""url"": ""https://www.bnb.tn/properties/immeuble-a-kala-ekbira-sousse/"", ""price"": 400000, ""sellerType"": ""agency"", ""lastModified"": ""2025-08-01 13:49:49""}]","[{""sellerType"": ""agency"", ""contactName"": ""letaief maha"", ""active"": true}]",1,1,1,1,1,1,"[""elevator"", ""balcony"", ""heating"", ""airConditioning"", ""pool""]",2023-02-06 18:26:09,2023-02-06 18:26:09,2025-08-01 13:49:49,2023-02-06 18:26:09,1,2026-02-07 13:34:47
70429,Immeuble à Kala Esghira Sousse,"Immeuble à vendre à Kala Esghira Sousse 💥💥
#agence_letaief_immobilière vous propose un Immeuble de Type R+2 bien situé à kala Esghira  Sousse
un prix raisonnable✅

Immeuble à Kala Esghira Sousse : Une Opportunité Exceptionnelle !

Situé dans le quartier dynamique de Kala Esghira à Sousse, cet immeuble offre une opportunité unique pour les investisseurs et les particuliers à la recherche d'un espace de vie ou professionnel de qualité.

Caractéristiques Principales :

Localisation Stratégique : Implanté à Kala Esghira, Sousse, cet immeuble bénéficie d'une localisation idéale, proche des principaux axes de transport, des commerces et des services.

Prix de Vente : 500 000 TND

Espace Intérieur :

Pourquoi Investir dans cet Immeuble ?

Ne manquez pas cette opportunité ! Venez découvrir cet immeuble prometteur qui correspond à vos critères de recherche. Un investissement judicieux pour votre avenir !",500000.0,400.0,Immeuble de bureaux,officeBuilding,sale,agency,4534,http://cdn2.ballouchi.com/800x600/364214-1.png,"[""https://server.bigdatis.com/api/properties/image/305638164""]","[{""url"": ""https://server.bigdatis.com/api/properties/image/305638164"", ""sourceId"": 3, ""adUrl"": ""https://www.ballouchi.com/annonces/immobilier/appartements/immeuble-a-vendre-a-kala-esghira-sousse.html""}]","[{""sourceId"": 8, ""url"": ""https://www.bnb.tn/properties/immeuble-a-kala-esghira-sousse/"", ""price"": 500000, ""sellerType"": ""agency"", ""lastModified"": ""2025-08-01 13:49:48""}, {""sourceId"": 3, ""url"": ""https://www.ballouchi.com/annonces/immobilier/appartements/immeuble-a-vendre-a-kala-esghira-sousse.html"", ""price"": 500000, ""sellerType"": ""agency"", ""lastModified"": ""2023-02-07 23:54:18""}]","[{""sellerType"": ""agency"", ""contactName"": ""letaief maha"", ""active"": true}]",2,2,1,1,2,2,"[""elevator"", ""balcony"", ""heating"", ""airConditioning"", ""pool""]",2023-02-07 18:13:07,2023-02-07 18:13:07,2025-08-01 13:49:48,2023-02-07 18:13:07,1,2026-02-07 13:34:50
927658,Immeuble à vendre,"Un immeuble R+3 situé dans un quartier dynamique, proche des transports et l'hôpital Habib Bayar de Kalaa Kbira est situé sur un terrain d'une superficie de 252m² . Cet immeuble est composé d'un RDC, trois étages et studio de 50m².
Le dossier juridique est disponible à l'agence.",775000.0,252.0,Immeuble de bureaux,officeBuilding,sale,agency,4526,https://storage.googleapis.com/tayara-migration-yams-pro/d9/d9bc4ea6-ded2-4865-a3ba-5dedbb99186d,"[""https://storage.googleapis.com/tayara-migration-yams-pro/d9/d9bc4ea6-ded2-4865-a3ba-5dedbb99186d"", ""https://storage.googleapis.com/tayara-migration-yams-pro/6a/6aa6db39-71be-45e0-9e29-fe4bc7e86c06"", ""https://storage.googleapis.com/tayara-migration-yams-pro/3f/3f9294c8-2f78-42d3-b23c-b7ab2b0df0b9"", ""https://storage.googleapis.com/tayara-migration-yams-pro/b5/b57bbbe7-151d-4798-8c0c-bdd15d93e33b""]","[{""url"": ""https://storage.googleapis.com/tayara-migration-yams-pro/d9/d9bc4ea6-ded2-4865-a3ba-5dedbb99186d"", ""sourceId"": 2, ""adUrl"": ""https://www.tayara.tn/item/6787c48ced6f33de58c32889/?v=2""}, {""url"": ""https://storage.googleapis.com/tayara-migration-yams-pro/6a/6aa6db39-71be-45e0-9e29-fe4bc7e86c06"", ""sourceId"": 2, ""adUrl"": ""https://www.tayara.tn/item/6787c48ced6f33de58c32889/?v=2""}, {""url"": ""https://storage.googleapis.com/tayara-migration-yams-pro/3f/3f9294c8-2f78-42d3-b23c-b7ab2b0df0b9"", ""sourceId"": 2, ""adUrl"": ""https://www.tayara.tn/item/6787c48ced6f33de58c32889/?v=2""}, {""url"": ""https://storage.googleapis.com/tayara-migration-yams-pro/b5/b57bbbe7-151d-4798-8c0c-bdd15d93e33b"", ""sourceId"": 2, ""adUrl"": ""https://www.tayara.tn/item/6787c48ced6f33de58c32889/?v=2""}]","[{""sourceId"": 2, ""url"": ""https://www.tayara.tn/item/6787c48ced6f33de58c32889/?v=2"", ""price"": 775000, ""sellerType"": ""agency"", ""lastModified"": ""2025-07-31 11:29:51""}]","[{""sellerType"": ""agency"", ""contactName"": ""Mi Casa Immobilière "", ""active"": true}]",1,1,1,1,1,1,[],2025-01-15 15:30:15,2025-01-15 15:22:04,2025-07-31 11:29:51,2025-07-31 11:29:51,1,2026-02-07 13:34:52
992946,Lafayette immeuble r4 au coeur cv de tunis,"offre de vente d'un superbe immeuble (r+4) sup:465m2 composé de:12 apparts + 2 gd es salles de sports pour hommes et femmes + centre d'appels + café .sise au coeur du centre ville de tunis.
prix:3.000 md
rentabilité annuelle:280md 
frais de commission:1%",3000.0,465.0,Immeuble de bureaux,officeBuilding,sale,agency,5197,,[],,"[{""sourceId"": 1, ""url"": ""http://www.tunisie-annonce.com/DetailsAnnonceImmobilier.asp?cod_ann=3398873"", ""price"": 3000, ""sellerType"": ""agency"", ""lastModified"": ""2025-07-30 00:01:58""}]","[{""sellerType"": ""agency"", ""contactName"": null, ""active"": true}]",1,1,1,1,1,1,[],2025-05-01 11:45:27,2025-05-01 11:45:26,2025-07-30 00:01:58,2025-07-30 00:01:58,1,2026-02-07 13:34:54
1150507,Immeuble 4200 m très haut standing à charguia 2,"l'agence darek immob met en location un très jolie immeuble haut standing àcharguia 2, il présente les caractéristiques suivantes :

4200 m² en open space plus des bureaux

terrasse

1400 m² par étage

toilettes

gardien

ascenseurs

fi bre optique

près de commerces

accès par gp10 

transport public à 5 min

orienté nord

climatisation centrale

double vitrage

parking
prix : 84000 dt/ht/mois
nb: plan sur demande
merci de nous contactez au <a type=""phone"">+21651XXXXXX</a>/<a type=""phone"">+21699XXXXXX</a>",84000.0,4200.0,Immeuble de bureaux,officeBuilding,sale,agency,348,http://tunisie-annonce.com/upload2/2022All/tunisie-annonce.com/photos/660363_20210916_144308.jpg,"[""https://www.menzili.tn/upload/photos/2025/01/09/10/21/230diq997e.png"", ""https://www.menzili.tn/upload/photos/2025/01/09/10/21/6mtzd2tg94.png"", ""https://www.menzili.tn/upload/photos/2025/01/09/10/21/95b4p079v1.png"", ""https://www.menzili.tn/upload/photos/2025/01/09/10/21/366q62g6s9.png"", ""https://server.bigdatis.com/api/properties/image/207312209""]","[{""url"": ""https://www.menzili.tn/upload/photos/2025/01/09/10/21/230diq997e.png"", ""sourceId"": 13, ""adUrl"": ""https://www.menzili.tn/annonce/annonce-79012""}, {""url"": ""https://www.menzili.tn/upload/photos/2025/01/09/10/21/6mtzd2tg94.png"", ""sourceId"": 13, ""adUrl"": ""https://www.menzili.tn/annonce/annonce-79012""}, {""url"": ""https://www.menzili.tn/upload/photos/2025/01/09/10/21/95b4p079v1.png"", ""sourceId"": 13, ""adUrl"": ""https://www.menzili.tn/annonce/annonce-79012""}, {""url"": ""https://www.menzili.tn/upload/photos/2025/01/09/10/21/366q62g6s9.png"", ""sourceId"": 13, ""adUrl"": ""https://www.menzili.tn/annonce/annonce-79012""}, {""url"": ""https://server.bigdatis.com/api/properties/image/207312209"", ""sourceId"": 1, ""adUrl"": ""http://www.tunisie-annonce.com/DetailsAnnonceImmobilier.asp?cod_ann=3014891""}]","[{""sourceId"": 1, ""url"": ""http://www.tunisie-annonce.com/DetailsAnnonceImmobilier.asp?cod_ann=3014891"", ""price"": 84000, ""sellerType"": ""agency"", ""lastModified"": ""2025-07-17 13:21:31""}, {""sourceId"": 13, ""url"": ""https://www.menzili.tn/annonce/annonce-79012"", ""price"": 98000, ""sellerType"": ""agency"", ""lastModified"": ""2022-01-29 17:20:30""}]","[{""sellerType"": ""agency"", ""contactName"": ""Darek Immobilière & Consulting"", ""active"": true}]",2,2,1,1,2,2,"[""airConditioning"", ""elevator"", ""garage""]",2022-10-28 07:43:07,2021-09-16 07:43:06,2025-07-17 13:21:31,2023-04-02 17:05:41,1,2026-02-07 13:34:56
1168157,A vendre immeuble au centre manouba,Immeuble rez-de-chaussée indépendante +2 étages le méme entrée chacune à conteur de steg+ gaz et sonede,,350.0,Immeuble de bureaux,officeBuilding,sale,private,2386,,[],,"[{""sourceId"": 13, ""url"": ""https://www.menzili.tn/annonce/annonce-144761"", ""price"": null, ""sellerType"": ""private"", ""lastModified"": ""2025-07-12 01:51:56""}]",[],1,1,0,0,1,1,[],2025-10-19 01:51:58,2025-07-12 01:51:56,2025-07-12 01:51:56,2025-07-12 01:51:56,1,2026-02-07 13:34:59
1061429,,"l'agence darek immob met en location un joli immeuble à Montplaisir, il présente les caractéristiques suivantes : 
2900 m² de surface
 plus de 75 bureaux
 terrasse
 toilettes
 ascenseurs 
fibre optique
 près de commerces
 accès par gp9
 transport public à 5 min
 orienté est et sud est
 climatisation centrale
 double vitrage 
 parking 
nb: plan et photos sur demande

prix : 530000 dt/ht/mois

 pour plus d'info merci de contacter notre agence au <a type=""phone"">+21651XXXXXX</a>/<a type=""phone"">+21699XXXXXX</a>/<a type=""phone"">+21651XXXXXX</a>",530000.0,2900.0,Immeuble de bureaux,officeBuilding,sale,agency,4812,https://fi-dari.tn/./uploads/1751968388374blob,"[""https://fi-dari.tn/./uploads/1751968388374blob"", ""https://fi-dari.tn/./uploads/1751968388367blob"", ""https://fi-dari.tn/./uploads/1751968388360blob"", ""https://fi-dari.tn/./uploads/1751968388363blob"", ""https://fi-dari.tn/./uploads/1751968388368blob"", ""https://fi-dari.tn/./uploads/1751968388372blob""]","[{""url"": ""https://fi-dari.tn/./uploads/1751968388374blob"", ""sourceId"": 10, ""adUrl"": ""https://fi-dari.tn/bien/Montplaisir-AI29548-1""}, {""url"": ""https://fi-dari.tn/./uploads/1751968388367blob"", ""sourceId"": 10, ""adUrl"": ""https://fi-dari.tn/bien/Montplaisir-AI29548-1""}, {""url"": ""https://fi-dari.tn/./uploads/1751968388360blob"", ""sourceId"": 10, ""adUrl"": ""https://fi-dari.tn/bien/Montplaisir-AI29548-1""}, {""url"": ""https://fi-dari.tn/./uploads/1751968388363blob"", ""sourceId"": 10, ""adUrl"": ""https://fi-dari.tn/bien/Montplaisir-AI29548-1""}, {""url"": ""https://fi-dari.tn/./uploads/1751968388368blob"", ""sourceId"": 10, ""adUrl"": ""https://fi-dari.tn/bien/Montplaisir-AI29548-1""}, {""url"": ""https://fi-dari.tn/./uploads/1751968388372blob"", ""sourceId"": 10, ""adUrl"": ""https://fi-dari.tn/bien/Montplaisir-AI29548-1""}]","[{""sourceId"": 10, ""url"": ""https://fi-dari.tn/bien/Montplaisir-AI29548-1"", ""price"": 530000, ""sellerType"": ""agency"", ""lastModified"": ""2025-07-08 09:53:07""}]","[{""sellerType"": ""agency"", ""contactName"": ""DAREK IMMOBILIERE & CONSULTING"", ""active"": true}]",1,1,1,1,1,1,[],2025-07-08 11:00:52,2025-07-08 10:53:07,2025-07-08 09:53:07,2025-07-08 10:53:07,1,2026-02-07 13:35:01
1017219,,"BATIMENT A VENDRE POUR PROJETS

Excellente Situation:

Batiment sur 1000m2 protégés  d'un mure de 4m d'hauteur
Sur la Route de Bizerte a 50m   d'autoroute X20 et a (~ 15mn de l'airport Carthage Tunis)  
3  Etages
~ 1800m2  Couvert
~ 600m2 chaque  étage 
 Chaque étage a 15 chambres de (~5x4m2) et 5 autres  chambres utilitaires,   
Bureau administrative et autres chambres utilitaires  

Objectives Et Avantages
 
Le bâtiment Facile a transformé avec minimum d'investissement pour:
Clinique privée  
Ecole privée  
Bureaux: affaires,    administratives, locations, Etc..",4750.0,1800.0,Immeuble de bureaux,officeBuilding,sale,private,415,,[],,"[{""sourceId"": 10, ""url"": ""https://fi-dari.tn/bien/Mnihla-PA29002-1"", ""price"": 4750, ""sellerType"": ""private"", ""lastModified"": ""2025-06-01 20:05:36""}]","[{""sellerType"": ""private"", ""contactName"": ""kouki ali"", ""active"": true}]",1,1,1,1,2,1,"[""heating"", ""garden"", ""parking""]",2025-05-23 17:30:16,2025-05-23 17:19:18,2025-06-01 20:05:36,2025-05-23 17:19:18,1,2026-02-07 13:35:03
995580,🏡 À Vendre –Immeuble R+1 à L’Aouina   📍 Superficie 85 m² – Immeuble R+1 (2 appartements seulement),"🏡 À Vendre –Immeuble R+1 à L’Aouina
 📍 Superficie 85 m² – Immeuble R+1 (2 appartements seulement)
 💡 Forsa d’investissement sans gros apport !
 ✅ Quartier calme
 ✅ Bon potentiel locatif
 📞 Contactez-nous vite !
<a type=""phone"">+21627XXXXXX</a>
Référence : TN903",,85.0,Immeuble de bureaux,officeBuilding,sale,agency,5191,https://img.cava.tn/cava/items/0407cbd4-afb3-4c8a-917f-c2f60692de2f/1748771837620.webp,"[""https://img.cava.tn/cava/items/0407cbd4-afb3-4c8a-917f-c2f60692de2f/1748771837620.webp"", ""https://img.cava.tn/cava/items/f80acb3a-6979-4542-bd5f-8cdd979e9f4f/1746279400133.webp""]","[{""url"": ""https://img.cava.tn/cava/items/0407cbd4-afb3-4c8a-917f-c2f60692de2f/1748771837620.webp"", ""sourceId"": 7, ""adUrl"": ""https://www.cava.tn/immobilier/-vendre-immeuble-r1-laouina-superficie-85-m-immeuble-r1-2-appartements-seulement-944470""}, {""url"": ""https://img.cava.tn/cava/items/f80acb3a-6979-4542-bd5f-8cdd979e9f4f/1746279400133.webp"", ""sourceId"": 7, ""adUrl"": ""https://www.cava.tn/immobilier/-vendre-immeuble-r1-laouina-937448""}]","[{""sourceId"": 7, ""url"": ""https://www.cava.tn/immobilier/-vendre-immeuble-r1-laouina-superficie-85-m-immeuble-r1-2-appartements-seulement-944470"", ""price"": null, ""sellerType"": ""agency"", ""lastModified"": ""2025-06-01 10:58:09""}]","[{""sellerType"": ""agency"", ""contactName"": ""abaidi"", ""active"": true}]",1,1,1,1,6,4,[],2025-05-03 14:45:23,2025-05-03 14:37:39,2025-06-01 10:58:09,2025-05-03 14:37:39,1,2026-02-07 13:35:06
1013124,💥 Investissez à La Marsa : Immeuble R+2 avec 6 Appartements Loués – Rentabilité Immédiate ! 💸,"💼 INVESTISSEMENT CLÉ EN MAIN À LA MARSA🔖 Réf : TN1410
🏢 Immeuble R+2 – 6 Appartements S+2 loués
 📍 Situé à La Marsa, quartier résidentiel
 📐 150 m² bâtis
 📆 Construction 2024
💸 Revenus locatifs mensuels déjà en place
 ✅ Chaque appartement est loué !
 🏠 6 S+2 avec cuisines indépendantes
 🔥 Chauffage central | Interphone | Vue Rue
 🚗 Stationnement libre dans la résidence
💰 Prix fixe : 990,000 DT
 ❌ Pas de négociation – Rendement immédiat !
📞 Infos & visites : <a type=""phone"">+21627XXXXXX</a>
 Leaders Immobilier – L’Aouina 🏡",990000.0,150.0,Immeuble de bureaux,officeBuilding,sale,agency,5220,https://img.cava.tn/cava/items/b9fc5648-3574-4428-99d4-bf4565731034/1747736384191.webp,"[""https://img.cava.tn/cava/items/b9fc5648-3574-4428-99d4-bf4565731034/1747736384191.webp"", ""https://img.cava.tn/cava/items/b9fc5648-3574-4428-99d4-bf4565731034/1747736385263.webp"", ""https://img.cava.tn/cava/items/b9fc5648-3574-4428-99d4-bf4565731034/1747736390151.webp"", ""https://img.cava.tn/cava/items/b9fc5648-3574-4428-99d4-bf4565731034/1747736390580.webp"", ""https://img.cava.tn/cava/items/b9fc5648-3574-4428-99d4-bf4565731034/1747736382860.webp"", ""https://img.cava.tn/cava/items/b9fc5648-3574-4428-99d4-bf4565731034/1747736383119.webp"", ""https://img.cava.tn/cava/items/b9fc5648-3574-4428-99d4-bf4565731034/1747736387405.webp"", ""https://img.cava.tn/cava/items/b9fc5648-3574-4428-99d4-bf4565731034/1747736383718.webp"", ""https://img.cava.tn/cava/items/b9fc5648-3574-4428-99d4-bf4565731034/1747736389797.webp"", ""https://img.cava.tn/cava/items/b9fc5648-3574-4428-99d4-bf4565731034/1747736386931.webp""]","[{""url"": ""https://img.cava.tn/cava/items/b9fc5648-3574-4428-99d4-bf4565731034/1747736384191.webp"", ""sourceId"": 7, ""adUrl"": ""https://www.cava.tn/immobilier/-investissez-la-marsa-immeuble-r2-avec-6-appartements-lous-rentabilit-immdiate--941580""}, {""url"": ""https://img.cava.tn/cava/items/b9fc5648-3574-4428-99d4-bf4565731034/1747736385263.webp"", ""sourceId"": 7, ""adUrl"": ""https://www.cava.tn/immobilier/-investissez-la-marsa-immeuble-r2-avec-6-appartements-lous-rentabilit-immdiate--941580""}, {""url"": ""https://img.cava.tn/cava/items/b9fc5648-3574-4428-99d4-bf4565731034/1747736390151.webp"", ""sourceId"": 7, ""adUrl"": ""https://www.cava.tn/immobilier/-investissez-la-marsa-immeuble-r2-avec-6-appartements-lous-rentabilit-immdiate--941580""}, {""url"": ""https://img.cava.tn/cava/items/b9fc5648-3574-4428-99d4-bf4565731034/1747736390580.webp"", ""sourceId"": 7, ""adUrl"": ""https://www.cava.tn/immobilier/-investissez-la-marsa-immeuble-r2-avec-6-appartements-lous-rentabilit-immdiate--941580""}, {""url"": ""https://img.cava.tn/cava/items/b9fc5648-3574-4428-99d4-bf4565731034/1747736382860.webp"", ""sourceId"": 7, ""adUrl"": ""https://www.cava.tn/immobilier/-investissez-la-marsa-immeuble-r2-avec-6-appartements-lous-rentabilit-immdiate--941580""}, {""url"": ""https://img.cava.tn/cava/items/b9fc5648-3574-4428-99d4-bf4565731034/1747736383119.webp"", ""sourceId"": 7, ""adUrl"": ""https://www.cava.tn/immobilier/-investissez-la-marsa-immeuble-r2-avec-6-appartements-lous-rentabilit-immdiate--941580""}, {""url"": ""https://img.cava.tn/cava/items/b9fc5648-3574-4428-99d4-bf4565731034/1747736387405.webp"", ""sourceId"": 7, ""adUrl"": ""https://www.cava.tn/immobilier/-investissez-la-marsa-immeuble-r2-avec-6-appartements-lous-rentabilit-immdiate--941580""}, {""url"": ""https://img.cava.tn/cava/items/b9fc5648-3574-4428-99d4-bf4565731034/1747736383718.webp"", ""sourceId"": 7, ""adUrl"": ""https://www.cava.tn/immobilier/-investissez-la-marsa-immeuble-r2-avec-6-appartements-lous-rentabilit-immdiate--941580""}, {""url"": ""https://img.cava.tn/cava/items/b9fc5648-3574-4428-99d4-bf4565731034/1747736389797.webp"", ""sourceId"": 7, ""adUrl"": ""https://www.cava.tn/immobilier/-investissez-la-marsa-immeuble-r2-avec-6-appartements-lous-rentabilit-immdiate--941580""}, {""url"": ""https://img.cava.tn/cava/items/b9fc5648-3574-4428-99d4-bf4565731034/1747736386931.webp"", ""sourceId"": 7, ""adUrl"": ""https://www.cava.tn/immobilier/-investissez-la-marsa-immeuble-r2-avec-6-appartements-lous-rentabilit-immdiate--941580""}]","[{""sourceId"": 7, ""url"": ""https://www.cava.tn/immobilier/-investissez-la-marsa-immeuble-r2-avec-6-appartements-lous-rentabilit-immdiate--941580"", ""price"": 990000, ""sellerType"": ""agency"", ""lastModified"": ""2025-05-20 11:23:14""}]","[{""sellerType"": ""agency"", ""contactName"": ""oumaima leaders"", ""active"": true}]",1,1,1,1,1,1,[],2025-05-20 11:30:31,2025-05-20 11:23:14,2025-05-20 11:23:14,2025-05-20 11:23:14,1,2026-02-07 13:35:08
729604,Immeuble à vendre sousse,"Joli immeuble à vendre Dahmen Immobilier met sur le marché 
 un immeuble 750 m² couverts a HAY TAAMIR Sousse. il est destiné pour une habitation simple ou pour un projet d'investissement gras a son emplacement ...
 Cet immeuble est composé de3étages chaque étage à 3 appartements : 1.300.000 dt 
* Nos services : - accompagnements jusqu'a la signature du contrat. Soyez le bienvenue à notre agence Immobilière : Route de la plage, ElMenchia immeuble Panoramis hammam Sousse, ou bien nous contactez sur <a type=""phone"">+21622XXXXXX</a> <a type=""phone"">+21620XXXXXX</a> Nos agents sont à votre disposition pour toutes informations et conseils nécessaires pour acquérir le bien immobilier qui vous convient  Référence du bien: Ref1933a",1300000.0,750.0,Immeuble de bureaux,officeBuilding,sale,agency,5307,https://www.mubawab-media.com/ad/7/889/399F/h/thumb_47178_property_xlarge_71624513.avif,"[""https://www.mubawab-media.com/ad/7/889/399F/h/thumb_47178_property_xlarge_71624513.avif""]","[{""url"": ""https://www.mubawab-media.com/ad/7/889/399F/h/thumb_47178_property_xlarge_71624513.avif"", ""sourceId"": 5, ""adUrl"": ""https://www.mubawab.tn/fr/a/7889399/immeuble-%C3%A0-vendre-sousse""}]","[{""sourceId"": 5, ""url"": ""https://www.mubawab.tn/fr/a/7889399/immeuble-%C3%A0-vendre-sousse"", ""price"": 1300000, ""sellerType"": ""agency"", ""lastModified"": ""2025-05-14 12:36:43""}]","[{""sellerType"": ""agency"", ""contactName"": ""Dahmen Immobilier"", ""active"": true}]",1,1,1,1,1,1,[],2024-03-29 19:30:10,2024-03-29 19:30:10,2025-05-14 12:36:43,2024-03-29 19:30:10,1,2026-02-07 13:35:10
1001709,🌟 OPPORTUNITÉ RARE À RAOUED – Immeuble à Fort Potentiel | Réf : AR1049,"🌟 OPPORTUNITÉ RARE À RAOUED – Immeuble à Fort Potentiel | Réf : AR1049🏗️ Immeuble en construction à vendre – idéal pour investissement ou projet résidentiel !
📐 Superficie : 330 m²
 💰 Prix : 420 000 DT seulement !
🔸 Composé de :
 ✔️ 6 grandes chambres
 ✔️ 3 salons spacieux et lumineux
 ✔️ 3 terrasses
 ✔️ Jardin privatif
 ✔️ Garage pour 3 voitures
📍 Emplacement stratégique, à deux pas du poste de police rapide et proche de toutes commodités !
<a type=""phone"">+21627XXXXXX</a>",420000.0,330.0,Immeuble de bureaux,officeBuilding,sale,agency,455,https://img.cava.tn/cava/items/528e18c8-2352-423c-bacf-357a5935ce2b/1746957118839.webp,"[""https://img.cava.tn/cava/items/528e18c8-2352-423c-bacf-357a5935ce2b/1746957118839.webp""]","[{""url"": ""https://img.cava.tn/cava/items/528e18c8-2352-423c-bacf-357a5935ce2b/1746957118839.webp"", ""sourceId"": 7, ""adUrl"": ""https://www.cava.tn/immobilier/-opportunit-rare-raoued-immeuble-fort-potentiel-rf-ar1049-939624""}]","[{""sourceId"": 7, ""url"": ""https://www.cava.tn/immobilier/-opportunit-rare-raoued-immeuble-fort-potentiel-rf-ar1049-939624"", ""price"": 420000, ""sellerType"": ""agency"", ""lastModified"": ""2025-05-11 10:52:46""}]","[{""sellerType"": ""agency"", ""contactName"": ""abaidi"", ""active"": true}, {""sellerType"": ""agency"", ""contactName"": ""oumaima leaders"", ""active"": true}]",1,1,2,2,2,2,[],2025-05-09 16:30:28,2025-05-09 16:27:26,2025-05-11 10:52:46,2025-05-09 16:27:26,1,2026-02-07 13:35:12
991085,🏢 À Vendre | Immeuble R+2 – El Kram | 300 m²,"🏢 À Vendre | Immeuble R+2 – El Kram | 300 m²
 📍 Idéal pour investissement ou usage familial
🔸 RDC : S+2
 🔸 1er étage : S+3
 🔸 2e étage : S+2
 🔹 Total : 3 logements / 7 pièces
💰 Prix : 1 200 000 DT
 📌 Réf : TN1577
📞 Opportunité rare à saisir !
<a type=""phone"">+21627XXXXXX</a>",1200000.0,300.0,Immeuble de bureaux,officeBuilding,sale,agency,4868,https://img.cava.tn/cava/items/e86d2bf0-660a-4a81-8f84-24d16838dcc3/1746528284216.webp,"[""https://img.cava.tn/cava/items/d689a22b-8919-46c1-b1bd-230621eaa189/1746630160179.webp""]","[{""url"": ""https://img.cava.tn/cava/items/d689a22b-8919-46c1-b1bd-230621eaa189/1746630160179.webp"", ""sourceId"": 7, ""adUrl"": ""https://www.cava.tn/immobilier/-vendre-immeuble-r2-el-kram-300-m-idal-pour-investissement-ou-usage-familial-938653""}]","[{""sourceId"": 7, ""url"": ""https://www.cava.tn/immobilier/-vendre-immeuble-r2-el-kram-300-m-idal-pour-investissement-ou-usage-familial-938653"", ""price"": null, ""sellerType"": ""agency"", ""lastModified"": ""2025-05-07 16:03:53""}]","[{""sellerType"": ""agency"", ""contactName"": ""abaidi"", ""active"": true}]",1,1,1,1,6,6,[],2025-04-30 13:15:10,2025-04-30 13:05:00,2025-05-07 16:03:53,2025-04-30 13:05:00,1,2026-02-07 13:35:15
998247,"🏡 Immeuble R+2 à El Kram – 3 Appartements S+2/S+3, Idéal Investissement Proche Palm Beach 🌴","🏢 Immeuble à El Kram – 3 Appartements, Idéal Investissement Proche Palm Beach 🌴
📍 Localisation : El Kram, près de l’hôtel Palm Beach
 💰 Prix : 1 200 000 TND (≈4000 TND/m²)
 📏 Superficie Totale : 300 m² | Couverte : 121 m²
 🏗️ Composition :

RDC : S+2
1er étage : S+3
2e étage : S+2
 🛏️ 7 chambres | 🛋️ 3 salons | 🚿 3 salles d’eau
 🌿 Espaces : Balcon, terrasse, jardin – Vue rue et cour, exposition Est
 🔥 Climatisation et chauffage central installés, cuisine équipée
 🔒 Sécurité : Interphone
 🚗 Stationnement libre dans la résidence
 📄 Forme juridique : Titre collectif
 🆔 Réf. : TN1577
 📱 WhatsApp : <a type=""phone"">+21627XXXXXX</a>",1200000.0,300.0,Immeuble de bureaux,officeBuilding,sale,agency,4868,https://img.cava.tn/cava/items/dad4e403-87d3-43dd-a7d7-cfd5b7b85c22/1746543260907.webp,"[""https://img.cava.tn/cava/items/dad4e403-87d3-43dd-a7d7-cfd5b7b85c22/1746543260907.webp"", ""https://img.cava.tn/cava/items/dad4e403-87d3-43dd-a7d7-cfd5b7b85c22/1746543322093.webp"", ""https://img.cava.tn/cava/items/dad4e403-87d3-43dd-a7d7-cfd5b7b85c22/1746543331066.webp"", ""https://img.cava.tn/cava/items/dad4e403-87d3-43dd-a7d7-cfd5b7b85c22/1746543284501.webp"", ""https://img.cava.tn/cava/items/dad4e403-87d3-43dd-a7d7-cfd5b7b85c22/1746543299505.webp"", ""https://img.cava.tn/cava/items/dad4e403-87d3-43dd-a7d7-cfd5b7b85c22/1746543341010.webp""]","[{""url"": ""https://img.cava.tn/cava/items/dad4e403-87d3-43dd-a7d7-cfd5b7b85c22/1746543260907.webp"", ""sourceId"": 7, ""adUrl"": ""https://www.cava.tn/immobilier/-immeuble-r2-el-kram-3-appartements-s2s3-idal-investissement-proche-palm-beach--938326""}, {""url"": ""https://img.cava.tn/cava/items/dad4e403-87d3-43dd-a7d7-cfd5b7b85c22/1746543322093.webp"", ""sourceId"": 7, ""adUrl"": ""https://www.cava.tn/immobilier/-immeuble-r2-el-kram-3-appartements-s2s3-idal-investissement-proche-palm-beach--938326""}, {""url"": ""https://img.cava.tn/cava/items/dad4e403-87d3-43dd-a7d7-cfd5b7b85c22/1746543331066.webp"", ""sourceId"": 7, ""adUrl"": ""https://www.cava.tn/immobilier/-immeuble-r2-el-kram-3-appartements-s2s3-idal-investissement-proche-palm-beach--938326""}, {""url"": ""https://img.cava.tn/cava/items/dad4e403-87d3-43dd-a7d7-cfd5b7b85c22/1746543284501.webp"", ""sourceId"": 7, ""adUrl"": ""https://www.cava.tn/immobilier/-immeuble-r2-el-kram-3-appartements-s2s3-idal-investissement-proche-palm-beach--938326""}, {""url"": ""https://img.cava.tn/cava/items/dad4e403-87d3-43dd-a7d7-cfd5b7b85c22/1746543299505.webp"", ""sourceId"": 7, ""adUrl"": ""https://www.cava.tn/immobilier/-immeuble-r2-el-kram-3-appartements-s2s3-idal-investissement-proche-palm-beach--938326""}, {""url"": ""https://img.cava.tn/cava/items/dad4e403-87d3-43dd-a7d7-cfd5b7b85c22/1746543341010.webp"", ""sourceId"": 7, ""adUrl"": ""https://www.cava.tn/immobilier/-immeuble-r2-el-kram-3-appartements-s2s3-idal-investissement-proche-palm-beach--938326""}]","[{""sourceId"": 7, ""url"": ""https://www.cava.tn/immobilier/-immeuble-r2-el-kram-3-appartements-s2s3-idal-investissement-proche-palm-beach--938326"", ""price"": 1200000, ""sellerType"": ""agency"", ""lastModified"": ""2025-05-06 15:57:07""}]","[{""sellerType"": ""agency"", ""contactName"": ""oumaima leaders"", ""active"": true}]",1,1,1,1,1,1,[],2025-05-06 16:00:54,2025-05-06 15:57:07,2025-05-06 15:57:07,2025-05-06 15:57:07,1,2026-02-07 13:35:20
998248,🔥 Immeuble à La Marsa Safsaf – Salon de thé + bureaux + S+1 avec terrasse & vue mer 🌊🏢,"🏢 Immeuble polyvalent à La Marsa – Emplacement stratégique à Safsaf ! 🌊
📍 Emplacement : La Marsa – Safsaf
 💰 Prix : 2 280 000 TND (≈6609 TND/m²)
 📏 Superficie totale : 345 m²
 🏗️ Composition :

Sous-sol + RDC : Salon de thé
1er & 2e étages : Bureaux
3e étage : S+1 avec grande terrasse
 🌅 Vue : Mer, jardin, rue, panoramique – Exposition Est
 📹 Sécurité : Caméras, interphone
 🔥 Confort : Chauffage central, clim installée, cuisine équipée
 🏡 Autres équipements : Balcon, terrasse
 🚗 Stationnement libre dans la résidence
 📄 Forme juridique : Titre collectif
 🆔 Réf. : TN1584
 📱 WhatsApp : <a type=""phone"">+21627XXXXXX</a>",2280000.0,345.0,Immeuble de bureaux,officeBuilding,sale,agency,4973,https://img.cava.tn/cava/items/6bb55cf2-3b1d-4fd4-9fa7-243698394abb/1746543095358.webp,"[""https://img.cava.tn/cava/items/6bb55cf2-3b1d-4fd4-9fa7-243698394abb/1746543095358.webp""]","[{""url"": ""https://img.cava.tn/cava/items/6bb55cf2-3b1d-4fd4-9fa7-243698394abb/1746543095358.webp"", ""sourceId"": 7, ""adUrl"": ""https://www.cava.tn/immobilier/-immeuble-la-marsa-safsaf-salon-de-th-bureaux-s1-avec-terrasse-vue-mer--938322""}]","[{""sourceId"": 7, ""url"": ""https://www.cava.tn/immobilier/-immeuble-la-marsa-safsaf-salon-de-th-bureaux-s1-avec-terrasse-vue-mer--938322"", ""price"": 2280000, ""sellerType"": ""agency"", ""lastModified"": ""2025-05-06 15:52:24""}]","[{""sellerType"": ""agency"", ""contactName"": ""oumaima leaders"", ""active"": true}]",1,1,1,1,1,1,[],2025-05-06 16:00:54,2025-05-06 15:52:24,2025-05-06 15:52:24,2025-05-06 15:52:24,1,2026-02-07 13:35:22
973600,,"L’agence immobilière Century 21 Infinity vous propose à la vente un immeuble R+3 au Lac 3

*Emplacement: Z.I Khereddine, Lac 3

*Usage: Bureautique

*Superficie:  Total couvert 1620m²/626m² terrain

*État: vide

L’immeuble est composé d’un RDC commercial et de 3 étages aménagés en Bureaux. plus un parking au sous sol. Le tout est équipé de la climatisation centrale chaud/froid, un ascenseur et toutes les installations du réseau informatique.

Pour plus d’informations ou pour réserver votre visite gratuite, veuillez nous contacter sur le  <a type=""phone"">+21625XXXXXX</a>",,1620.0,Immeuble de bureaux,officeBuilding,sale,agency,5202,https://logis.fra1.digitaloceanspaces.com/7/Properties/62646/conversions/Tt3JZlQ1uTGDMnCE-thumb.jpg,"[""https://logis.fra1.digitaloceanspaces.com/7/Properties/62646/conversions/Tt3JZlQ1uTGDMnCE-thumb.jpg"", ""https://logis.fra1.digitaloceanspaces.com/7/Properties/62647/conversions/x2R7BmsffpLNR2am-thumb.jpg"", ""https://logis.fra1.digitaloceanspaces.com/7/Properties/62648/conversions/o0hpjosSbCgmfNPG-thumb.jpg""]","[{""url"": ""https://logis.fra1.digitaloceanspaces.com/7/Properties/62646/conversions/Tt3JZlQ1uTGDMnCE-thumb.jpg"", ""sourceId"": 11, ""adUrl"": ""https://century21.tn/property/a-vendre-immeuble-au-lac-3/""}, {""url"": ""https://logis.fra1.digitaloceanspaces.com/7/Properties/62647/conversions/x2R7BmsffpLNR2am-thumb.jpg"", ""sourceId"": 11, ""adUrl"": ""https://century21.tn/property/a-vendre-immeuble-au-lac-3/""}, {""url"": ""https://logis.fra1.digitaloceanspaces.com/7/Properties/62648/conversions/o0hpjosSbCgmfNPG-thumb.jpg"", ""sourceId"": 11, ""adUrl"": ""https://century21.tn/property/a-vendre-immeuble-au-lac-3/""}]","[{""sourceId"": 11, ""url"": ""https://century21.tn/property/a-vendre-immeuble-au-lac-3/"", ""price"": null, ""sellerType"": ""agency"", ""lastModified"": ""2025-04-19 10:50:19""}]","[{""sellerType"": ""agency"", ""contactName"": ""CENTURY 21 Infinity"", ""active"": true}]",1,1,1,1,2,1,[],2025-04-19 10:00:24,2025-04-19 09:47:24,2025-04-19 10:50:19,2025-04-19 09:47:24,1,2026-02-07 13:35:25
5555,Immeuble neuf haut standing au cun,"on vous propose un immeuble haut standing au cun composé de 4 étages , toilettes et une kitchenette.
il présente les caractéristiques suivantes:

-surface totale: 3520 m²

-plus de 15 bureaux /étage

-câblage réseau

-fibre optique

-chauffage et climatisation

-faux plafonds

-double vitrage

- ascenseurs

-gardien

-sécurité

-accès par gp 9 ou route tunis-marine

-transport commun à 5 min

-parking sous-sol et extérieur

-prix: 75850 dt/ht/mois

pour plus d'info veuillez rappeler notre agence au <a type=""phone"">+21651XXXXXX</a>/<a type=""phone"">+21699XXXXXX</a>/<a type=""phone"">+21651XXXXXX</a>",75850.0,3520.0,Immeuble de bureaux,officeBuilding,sale,agency,5190,http://tunisie-annonce.com/upload2/2022All/tunisie-annonce.com/photos/660363_20210322_110305.jpg,"[""https://server.bigdatis.com/api/properties/image/227892843"", ""https://server.bigdatis.com/api/properties/image/227892844"", ""https://server.bigdatis.com/api/properties/image/227892845""]","[{""url"": ""https://server.bigdatis.com/api/properties/image/227892843"", ""sourceId"": 1, ""adUrl"": ""http://www.tunisie-annonce.com/DetailsAnnonceImmobilier.asp?cod_ann=2909203""}, {""url"": ""https://server.bigdatis.com/api/properties/image/227892844"", ""sourceId"": 1, ""adUrl"": ""http://www.tunisie-annonce.com/DetailsAnnonceImmobilier.asp?cod_ann=2909203""}, {""url"": ""https://server.bigdatis.com/api/properties/image/227892845"", ""sourceId"": 1, ""adUrl"": ""http://www.tunisie-annonce.com/DetailsAnnonceImmobilier.asp?cod_ann=2909203""}]","[{""sourceId"": 1, ""url"": ""http://www.tunisie-annonce.com/DetailsAnnonceImmobilier.asp?cod_ann=2909203"", ""price"": 75850, ""sellerType"": ""agency"", ""lastModified"": ""2025-04-13 14:45:30""}]","[{""sellerType"": ""agency"", ""contactName"": null, ""active"": true}]",1,1,1,1,2,1,[],2022-01-06 21:22:58,2021-01-09 14:04:14,2025-04-13 14:45:30,2023-03-24 16:22:04,1,2026-02-07 13:35:27
928075,A vendre immeuble 3370 m² en 74 pièces Centre ville Tunis,"En exclusivité, La maison de l’immobilier vous propose la vente d’un immeuble idéalement situé en plein cœur du centre-ville de Tunis. Érigé sur 6 niveaux, cet immeuble offre une superficie couverte de 3370 m² en 74 pièces sur un terrain de 804 m².

Le rez de chaussée abrite un hall d’accueil qui dessert une loge de gardien, un espace d’archive, 12 pièces de bureaux, une buvette et 3 points d’eau.

Du premier au cinquième étage, chaque niveau abrite 15 pièces de bureaux de différentes superficies et deux blocs sanitaire.

Un sous-sol pourra accueillir 21 voitures.

Cet immeuble est équipé d’un ascenseur et deux escalier .

La centrale de climatisation à été entièrement rounevlee, et la détection incendie a été installée en 2023.",6990000.0,3370.0,Immeuble de bureaux,officeBuilding,sale,agency,5201,https://storage.googleapis.com/tayara-migration-yams-pro/dc/dc7cf3ef-4e3a-49e2-96a2-20bc80c13ea4,"[""https://storage.googleapis.com/tayara-migration-yams-pro/dc/dc7cf3ef-4e3a-49e2-96a2-20bc80c13ea4"", ""https://storage.googleapis.com/tayara-migration-yams-pro/89/894d3215-e475-48fe-a982-7980d9a50310""]","[{""url"": ""https://storage.googleapis.com/tayara-migration-yams-pro/dc/dc7cf3ef-4e3a-49e2-96a2-20bc80c13ea4"", ""sourceId"": 2, ""adUrl"": ""https://www.tayara.tn/item/67d18266c68ce6b5539c5727/?v=2""}, {""url"": ""https://storage.googleapis.com/tayara-migration-yams-pro/89/894d3215-e475-48fe-a982-7980d9a50310"", ""sourceId"": 2, ""adUrl"": ""https://www.tayara.tn/item/67d18266c68ce6b5539c5727/?v=2""}]","[{""sourceId"": 2, ""url"": ""https://www.tayara.tn/item/67d18266c68ce6b5539c5727/?v=2"", ""price"": 6990000, ""sellerType"": ""agency"", ""lastModified"": ""2025-03-28 09:18:16""}]","[{""sellerType"": ""agency"", ""contactName"": ""Maison de l'immobilier"", ""active"": true}]",1,1,1,1,2,1,[],2025-01-16 14:45:08,2025-01-16 14:41:12,2025-03-28 09:18:16,2025-03-28 09:18:16,1,2026-02-07 13:35:29
954112,"À VENDRE | Immeuble - Centre-ville de Tunis, près de Jean Jaurès et Central Park - Réf : PA-0518","À VENDRE | Immeuble - Centre-ville de Tunis, près de Jean Jaurès et Central Park - Réf : PA-0518  

Référence : PA-0518  

Surface : 240 m² (80 m² par étage)  

Téléphone et WhatsApp : <a type=""phone"">+21629XXXXXX</a> / <a type=""phone"">+21625XXXXXX</a>  

Paradis Immobilier vous propose un immeuble de 3 étages (rez-de-chaussée + 2 étages), avec possibilité de construire 2 étages supplémentaires (R+4). Chaque étage contient un appartement S+3 de 80 m². Idéal pour un projet d'hôtel de ville, bureaux, activité médicale ou usage privé. Le rez-de-chaussée comprend un salon de thé. Immeuble avec gaz de ville, papiers en règle, et situé à proximité de l'avenue Habib Bourguiba. Une opportunité d'investissement immobilier à ne pas manquer !  

Prix : 1 300 000 Milles Dinars",1300000.0,240.0,Immeuble de bureaux,officeBuilding,sale,agency,5201,https://www.menzili.tn/upload/photos/2025/03/19/12/47/64n0459247.jpg,"[""https://www.menzili.tn/upload/photos/2025/03/19/12/47/64n0459247.jpg"", ""https://www.menzili.tn/upload/photos/2025/03/19/12/47/e9r1v9437e.jpg"", ""https://www.menzili.tn/upload/photos/2025/03/19/12/47/btf30m9t14.jpg"", ""https://www.menzili.tn/upload/photos/2025/03/19/12/47/32mv0iq4v4.jpg"", ""https://www.menzili.tn/upload/photos/2025/03/19/12/47/dr442disz9.jpg""]","[{""url"": ""https://www.menzili.tn/upload/photos/2025/03/19/12/47/64n0459247.jpg"", ""sourceId"": 13, ""adUrl"": ""https://www.menzili.tn/annonce/annonce-140766""}, {""url"": ""https://www.menzili.tn/upload/photos/2025/03/19/12/47/e9r1v9437e.jpg"", ""sourceId"": 13, ""adUrl"": ""https://www.menzili.tn/annonce/annonce-140766""}, {""url"": ""https://www.menzili.tn/upload/photos/2025/03/19/12/47/btf30m9t14.jpg"", ""sourceId"": 13, ""adUrl"": ""https://www.menzili.tn/annonce/annonce-140766""}, {""url"": ""https://www.menzili.tn/upload/photos/2025/03/19/12/47/32mv0iq4v4.jpg"", ""sourceId"": 13, ""adUrl"": ""https://www.menzili.tn/annonce/annonce-140766""}, {""url"": ""https://www.menzili.tn/upload/photos/2025/03/19/12/47/dr442disz9.jpg"", ""sourceId"": 13, ""adUrl"": ""https://www.menzili.tn/annonce/annonce-140766""}]","[{""sourceId"": 13, ""url"": ""https://www.menzili.tn/annonce/annonce-140766"", ""price"": 1300000, ""sellerType"": ""agency"", ""lastModified"": ""2025-03-19 23:15:28""}, {""sourceId"": 7, ""url"": ""https://www.cava.tn/appartemen/-vendre-immeuble---centre-ville-de-tunis-prs-de-jean-jaurs-et-central-park---rf-pa-0518-927935"", ""price"": 1300000, ""sellerType"": ""agency"", ""lastModified"": ""2025-03-19 13:01:14""}]","[{""sellerType"": ""agency"", ""contactName"": ""Paradis Immobilier"", ""active"": true}]",2,2,1,1,3,2,[],2025-03-19 13:00:08,2025-03-19 13:00:08,2025-03-19 23:15:28,2025-03-19 13:00:08,1,2026-02-07 13:35:31
949469,Immeuble a vendre à la zone d'activité kheireddine,"NEWKEY LAC 2 propose à vente un immeuble sur trois niveau R3 situé à la zone d'activité kheireddine.
Cet immeuble est d'une superficie totale de 3200m² et se compose d'un rez-de-chaussée, d'une mezzanine, deux étages, un studio, et d'un sous-sol qui abrite 29 places de parking.
   Référence du bien: Ref7764a",8500000.0,3200.0,Immeuble de bureaux,officeBuilding,sale,agency,5202,https://www.mubawab-media.com/ad/8/102/587F/h/thumb_1028141_property_xlarge_79871927.avif,"[""https://www.mubawab-media.com/ad/8/102/587F/h/thumb_1028141_property_xlarge_79871927.avif"", ""https://www.mubawab-media.com/ad/8/102/587F/h/thumb_1028134_property_xlarge_79871928.avif"", ""https://www.mubawab-media.com/ad/8/102/587F/h/thumb_1028137_property_xlarge_79871929.avif"", ""https://www.mubawab-media.com/ad/8/102/587F/h/thumb_1028132_property_xlarge_79871930.avif"", ""https://www.mubawab-media.com/ad/8/102/587F/h/thumb_1028144_property_xlarge_79871931.avif"", ""https://www.mubawab-media.com/ad/8/102/587F/h/thumb_1028143_property_xlarge_79871932.avif"", ""https://www.mubawab-media.com/ad/8/102/587F/h/thumb_1028142_property_xlarge_79871933.avif"", ""https://www.mubawab-media.com/ad/8/102/587F/h/thumb_1028140_property_xlarge_79871934.avif"", ""https://www.mubawab-media.com/ad/8/102/587F/h/thumb_1028139_property_xlarge_79871935.avif"", ""https://www.mubawab-media.com/ad/8/102/587F/h/thumb_1028138_property_xlarge_79871936.avif"", ""https://www.mubawab-media.com/ad/8/102/587F/h/thumb_1028136_property_xlarge_79871937.avif"", ""https://www.mubawab-media.com/ad/8/102/587F/h/thumb_1028135_property_xlarge_79871938.avif"", ""https://www.mubawab-media.com/ad/8/102/587F/h/thumb_1028133_property_xlarge_79871939.avif"", ""https://www.mubawab-media.com/ad/8/102/587F/h/thumb_1028147_property_xlarge_79871940.avif""]","[{""url"": ""https://www.mubawab-media.com/ad/8/102/587F/h/thumb_1028141_property_xlarge_79871927.avif"", ""sourceId"": 5, ""adUrl"": ""https://www.mubawab.tn/fr/a/8102587/immeuble-a-vendre-%C3%A0-la-zone-d-activit%C3%A9-kheireddine""}, {""url"": ""https://www.mubawab-media.com/ad/8/102/587F/h/thumb_1028134_property_xlarge_79871928.avif"", ""sourceId"": 5, ""adUrl"": ""https://www.mubawab.tn/fr/a/8102587/immeuble-a-vendre-%C3%A0-la-zone-d-activit%C3%A9-kheireddine""}, {""url"": ""https://www.mubawab-media.com/ad/8/102/587F/h/thumb_1028137_property_xlarge_79871929.avif"", ""sourceId"": 5, ""adUrl"": ""https://www.mubawab.tn/fr/a/8102587/immeuble-a-vendre-%C3%A0-la-zone-d-activit%C3%A9-kheireddine""}, {""url"": ""https://www.mubawab-media.com/ad/8/102/587F/h/thumb_1028132_property_xlarge_79871930.avif"", ""sourceId"": 5, ""adUrl"": ""https://www.mubawab.tn/fr/a/8102587/immeuble-a-vendre-%C3%A0-la-zone-d-activit%C3%A9-kheireddine""}, {""url"": ""https://www.mubawab-media.com/ad/8/102/587F/h/thumb_1028144_property_xlarge_79871931.avif"", ""sourceId"": 5, ""adUrl"": ""https://www.mubawab.tn/fr/a/8102587/immeuble-a-vendre-%C3%A0-la-zone-d-activit%C3%A9-kheireddine""}, {""url"": ""https://www.mubawab-media.com/ad/8/102/587F/h/thumb_1028143_property_xlarge_79871932.avif"", ""sourceId"": 5, ""adUrl"": ""https://www.mubawab.tn/fr/a/8102587/immeuble-a-vendre-%C3%A0-la-zone-d-activit%C3%A9-kheireddine""}, {""url"": ""https://www.mubawab-media.com/ad/8/102/587F/h/thumb_1028142_property_xlarge_79871933.avif"", ""sourceId"": 5, ""adUrl"": ""https://www.mubawab.tn/fr/a/8102587/immeuble-a-vendre-%C3%A0-la-zone-d-activit%C3%A9-kheireddine""}, {""url"": ""https://www.mubawab-media.com/ad/8/102/587F/h/thumb_1028140_property_xlarge_79871934.avif"", ""sourceId"": 5, ""adUrl"": ""https://www.mubawab.tn/fr/a/8102587/immeuble-a-vendre-%C3%A0-la-zone-d-activit%C3%A9-kheireddine""}, {""url"": ""https://www.mubawab-media.com/ad/8/102/587F/h/thumb_1028139_property_xlarge_79871935.avif"", ""sourceId"": 5, ""adUrl"": ""https://www.mubawab.tn/fr/a/8102587/immeuble-a-vendre-%C3%A0-la-zone-d-activit%C3%A9-kheireddine""}, {""url"": ""https://www.mubawab-media.com/ad/8/102/587F/h/thumb_1028138_property_xlarge_79871936.avif"", ""sourceId"": 5, ""adUrl"": ""https://www.mubawab.tn/fr/a/8102587/immeuble-a-vendre-%C3%A0-la-zone-d-activit%C3%A9-kheireddine""}, {""url"": ""https://www.mubawab-media.com/ad/8/102/587F/h/thumb_1028136_property_xlarge_79871937.avif"", ""sourceId"": 5, ""adUrl"": ""https://www.mubawab.tn/fr/a/8102587/immeuble-a-vendre-%C3%A0-la-zone-d-activit%C3%A9-kheireddine""}, {""url"": ""https://www.mubawab-media.com/ad/8/102/587F/h/thumb_1028135_property_xlarge_79871938.avif"", ""sourceId"": 5, ""adUrl"": ""https://www.mubawab.tn/fr/a/8102587/immeuble-a-vendre-%C3%A0-la-zone-d-activit%C3%A9-kheireddine""}, {""url"": ""https://www.mubawab-media.com/ad/8/102/587F/h/thumb_1028133_property_xlarge_79871939.avif"", ""sourceId"": 5, ""adUrl"": ""https://www.mubawab.tn/fr/a/8102587/immeuble-a-vendre-%C3%A0-la-zone-d-activit%C3%A9-kheireddine""}, {""url"": ""https://www.mubawab-media.com/ad/8/102/587F/h/thumb_1028147_property_xlarge_79871940.avif"", ""sourceId"": 5, ""adUrl"": ""https://www.mubawab.tn/fr/a/8102587/immeuble-a-vendre-%C3%A0-la-zone-d-activit%C3%A9-kheireddine""}]","[{""sourceId"": 5, ""url"": ""https://www.mubawab.tn/fr/a/8102587/immeuble-a-vendre-%C3%A0-la-zone-d-activit%C3%A9-kheireddine"", ""price"": 8500000, ""sellerType"": ""agency"", ""lastModified"": ""2025-03-05 15:15:18""}]","[{""sellerType"": ""agency"", ""contactName"": ""NewKey les berges du lac 2"", ""active"": true}]",1,1,1,1,1,1,[],2025-03-05 15:15:18,2025-03-05 15:15:18,2025-03-05 15:15:18,2025-03-05 15:15:18,1,2026-02-07 13:35:32
938533,A vendre immeuble de 5 étages,A vendre immeuble de 5 étages à corniche rafraf,550000.0,,Immeuble de bureaux,officeBuilding,sale,private,1135,https://www.affare.tn/image/02_2025_79fff98a.JPG,"[""https://www.affare.tn/image/02_2025_79fff98a.JPG"", ""https://www.affare.tn/image/02_2025_76dc0cb7.JPG"", ""https://www.affare.tn/image/02_2025_5696ad94.JPG"", ""https://www.affare.tn/image/02_2025_5e302e1a.JPG"", ""https://www.affare.tn/image/02_2025_ccfca5ce.JPG"", ""https://www.affare.tn/image/02_2025_21f2af33.JPG""]","[{""url"": ""https://www.affare.tn/image/02_2025_79fff98a.JPG"", ""sourceId"": 6, ""adUrl"": ""https://www.affare.tn/annonce/a-vendre-immeuble-de-5-etages-232603""}, {""url"": ""https://www.affare.tn/image/02_2025_76dc0cb7.JPG"", ""sourceId"": 6, ""adUrl"": ""https://www.affare.tn/annonce/a-vendre-immeuble-de-5-etages-232603""}, {""url"": ""https://www.affare.tn/image/02_2025_5696ad94.JPG"", ""sourceId"": 6, ""adUrl"": ""https://www.affare.tn/annonce/a-vendre-immeuble-de-5-etages-232603""}, {""url"": ""https://www.affare.tn/image/02_2025_5e302e1a.JPG"", ""sourceId"": 6, ""adUrl"": ""https://www.affare.tn/annonce/a-vendre-immeuble-de-5-etages-232603""}, {""url"": ""https://www.affare.tn/image/02_2025_ccfca5ce.JPG"", ""sourceId"": 6, ""adUrl"": ""https://www.affare.tn/annonce/a-vendre-immeuble-de-5-etages-232603""}, {""url"": ""https://www.affare.tn/image/02_2025_21f2af33.JPG"", ""sourceId"": 6, ""adUrl"": ""https://www.affare.tn/annonce/a-vendre-immeuble-de-5-etages-232603""}]","[{""sourceId"": 6, ""url"": ""https://www.affare.tn/annonce/a-vendre-immeuble-de-5-etages-232603"", ""price"": 550000, ""sellerType"": ""private"", ""lastModified"": ""2025-02-06 09:37:04""}]","[{""sellerType"": ""private"", ""contactName"": ""Montassar Djess"", ""active"": true}]",1,1,1,1,1,1,[],2025-02-06 09:46:40,2025-02-06 09:37:04,2025-02-06 09:37:04,2025-02-06 09:37:04,1,2026-02-07 13:35:34
1150735,À vendre Petite immeuble bhayer hammam Sousse,Petite immeuble à vendre bhayer hammam Sousse près de collège.,600.0,265.0,Immeuble de bureaux,officeBuilding,sale,private,5312,,[],,"[{""sourceId"": 13, ""url"": ""https://www.menzili.tn/annonce/annonce-138906"", ""price"": 600, ""sellerType"": ""private"", ""lastModified"": ""2025-01-23 23:16:16""}]",[],1,1,0,0,1,1,"[""garage"", ""garden""]",2025-10-18 23:16:19,2025-01-23 23:16:16,2025-01-23 23:16:16,2025-01-23 23:16:16,1,2026-02-07 13:35:36
853628,Immeuble 1100 m² top standing à Mutuelleville,"l'agence darek immob met en location à mutuelleville un très joli immeuble bureautique neuf, il présente les caractéristiques suivantes :

1100 m² en open space 
un top standing

vu incroyable sur grand tunis

terrasse

toilettes

ascenseurs

f ibre optique

près de commerces

transport public à 5 min

climatisation centrale

double vitrage

parking

prix : 32000 dt/ht/mois

nb: plus de photos et plan sur demande
merci de nous contactez au <a type=""phone"">+21651XXXXXX</a>/<a type=""phone"">+21699XXXXXX</a>",32000.0,1100.0,Immeuble de bureaux,officeBuilding,sale,agency,4885,https://www.affare.tn/image/11_2024_e459ea51.JPG,"[""https://www.affare.tn/image/11_2024_e459ea51.JPG""]","[{""url"": ""https://www.affare.tn/image/11_2024_e459ea51.JPG"", ""sourceId"": 6, ""adUrl"": ""https://www.affare.tn/annonce/immeuble-1100-m-top-standing-a-mutuelleville-225324""}]","[{""sourceId"": 6, ""url"": ""https://www.affare.tn/annonce/immeuble-1100-m-top-standing-a-mutuelleville-225324"", ""price"": 32000, ""sellerType"": ""agency"", ""lastModified"": ""2024-11-06 23:02:24""}]","[{""sellerType"": ""agency"", ""contactName"": ""Darek Immobilière "", ""active"": true}]",1,1,1,1,4,1,[],2024-11-06 11:23:24,2024-11-06 11:23:21,2024-12-16 08:58:07,2024-11-06 11:23:21,1,2026-02-07 13:35:38
864934,Petite immeuble de trois appartements avec garage à vendre,"‼️NOUVEAUTE‼️
                  #petite immeuble sur 03 niveau",700000.0,,Immeuble de bureaux,officeBuilding,sale,agency,2825,https://www.tunisiapromo.com/gallery/photo-2-669082.jpg,"[""https://www.tunisiapromo.com/gallery/photo-2-669082.jpg"", ""https://www.tunisiapromo.com/gallery/photo-3-669083.jpg"", ""https://www.tunisiapromo.com/gallery/photo-4-669084.jpg"", ""https://www.tunisiapromo.com/gallery/photo-5-669085.jpg"", ""https://www.tunisiapromo.com/gallery/photo-6-669086.jpg"", ""https://www.tunisiapromo.com/gallery/photo-7-669087.jpg""]","[{""url"": ""https://www.tunisiapromo.com/gallery/photo-2-669082.jpg"", ""sourceId"": 4, ""adUrl"": ""https://www.tunisiapromo.com/annonce/petite-immeuble-de-trois-appartements-avec-garage-a-vendre-z147845.html""}, {""url"": ""https://www.tunisiapromo.com/gallery/photo-3-669083.jpg"", ""sourceId"": 4, ""adUrl"": ""https://www.tunisiapromo.com/annonce/petite-immeuble-de-trois-appartements-avec-garage-a-vendre-z147845.html""}, {""url"": ""https://www.tunisiapromo.com/gallery/photo-4-669084.jpg"", ""sourceId"": 4, ""adUrl"": ""https://www.tunisiapromo.com/annonce/petite-immeuble-de-trois-appartements-avec-garage-a-vendre-z147845.html""}, {""url"": ""https://www.tunisiapromo.com/gallery/photo-5-669085.jpg"", ""sourceId"": 4, ""adUrl"": ""https://www.tunisiapromo.com/annonce/petite-immeuble-de-trois-appartements-avec-garage-a-vendre-z147845.html""}, {""url"": ""https://www.tunisiapromo.com/gallery/photo-6-669086.jpg"", ""sourceId"": 4, ""adUrl"": ""https://www.tunisiapromo.com/annonce/petite-immeuble-de-trois-appartements-avec-garage-a-vendre-z147845.html""}, {""url"": ""https://www.tunisiapromo.com/gallery/photo-7-669087.jpg"", ""sourceId"": 4, ""adUrl"": ""https://www.tunisiapromo.com/annonce/petite-immeuble-de-trois-appartements-avec-garage-a-vendre-z147845.html""}]","[{""sourceId"": 4, ""url"": ""https://www.tunisiapromo.com/annonce/petite-immeuble-de-trois-appartements-avec-garage-a-vendre-z147845.html"", ""price"": 700000, ""sellerType"": ""agency"", ""lastModified"": ""2024-12-09 18:00:17""}]","[{""sellerType"": ""agency"", ""contactName"": ""EL HANA"", ""active"": true}]",1,1,1,1,1,1,[],2024-12-09 18:00:20,2024-12-09 18:00:17,2024-12-09 18:00:17,2024-12-09 18:00:17,1,2026-02-07 13:35:40
787367,Immeuble bureautique lac 2,"emna immo met à votre disposition un immeuble bureautique à lac 2 :
rdc :3 bureaux de commerce, surface totale 424,69 m². 4 bureaux de commerce, surface totale 196,24 m².
mezzanine : mezzanine 3 (commerce) : 110,69 m².mezzanine 4 (commerce) : 84,12 m².
r+1 :1 bureau  open space : 351,29 m². 2 bureaux open space : 292,81 m².
r+2 :3 bureaux  open space : 351,29 m².4 bureaux open space : 292,81 m².
r+3 :5 bureaux open space : 351,29 m².6 bureaux open space : 292,78 m².
r+4 :7 bureaux open space : 350,99 m².8 bureaux open space : 292,78 m².
r+5 :9 bureaux open space : 344,31 m².10 bureaux open space : 288,02 m².
r+6 :11 bureaux open space : 368,04 m².12 bureaux open space :298,13m².
r+7 et mezzanine 7ème :13 bureaux open space : 368,04 m².13 bureaux de type open space (mezzanine) : 214,30 m².14 bureaux open space : 298,13 m².14 bureaux mezzanine : 166,88 m².
surface totale : 1 047,35 m² pour les bureaux de type open space et 619,50 m² pour les bureaux de type commerce. 
-25 places de parking,chauffage central , climatisation centrale. 
peix : 36 milliards de dinars ttc.
pour plus dinformations, contacter nous immo sur : <a type=""phone"">+21624XXXXXX</a> / <a type=""phone"">+21698XXXXXX</a> / <a type=""phone"">+21628XXXXXX</a>",3600000.0,1047.0,Immeuble de bureaux,officeBuilding,sale,agency,5199,http://tunisie-annonce.com/upload2/202407/tunisie-annonce.com/photos/226951_20240709_121317.jpg,"[""https://server.bigdatis.com/api/properties/image/276629503"", ""https://server.bigdatis.com/api/properties/image/276629504"", ""https://server.bigdatis.com/api/properties/image/276629505"", ""https://server.bigdatis.com/api/properties/image/276629506"", ""https://server.bigdatis.com/api/properties/image/276629507""]","[{""url"": ""https://server.bigdatis.com/api/properties/image/276629503"", ""sourceId"": 1, ""adUrl"": ""http://www.tunisie-annonce.com/DetailsAnnonceImmobilier.asp?cod_ann=3328534""}, {""url"": ""https://server.bigdatis.com/api/properties/image/276629504"", ""sourceId"": 1, ""adUrl"": ""http://www.tunisie-annonce.com/DetailsAnnonceImmobilier.asp?cod_ann=3328534""}, {""url"": ""https://server.bigdatis.com/api/properties/image/276629505"", ""sourceId"": 1, ""adUrl"": ""http://www.tunisie-annonce.com/DetailsAnnonceImmobilier.asp?cod_ann=3328534""}, {""url"": ""https://server.bigdatis.com/api/properties/image/276629506"", ""sourceId"": 1, ""adUrl"": ""http://www.tunisie-annonce.com/DetailsAnnonceImmobilier.asp?cod_ann=3328534""}, {""url"": ""https://server.bigdatis.com/api/properties/image/276629507"", ""sourceId"": 1, ""adUrl"": ""http://www.tunisie-annonce.com/DetailsAnnonceImmobilier.asp?cod_ann=3328534""}]","[{""sourceId"": 1, ""url"": ""http://www.tunisie-annonce.com/DetailsAnnonceImmobilier.asp?cod_ann=3328534"", ""price"": 3600000, ""sellerType"": ""agency"", ""lastModified"": ""2024-12-05 18:23:23""}]","[{""sellerType"": ""agency"", ""contactName"": ""Emna immobiliere"", ""active"": true}]",1,1,1,1,1,1,[],2024-07-08 17:44:05,2024-07-08 17:44:05,2024-12-05 18:23:23,2024-07-08 17:44:05,1,2026-02-07 13:35:42
81495,Très beau immeuble bureautique à charguia 2,"nous vous proposons un très beau immeuble haut standing à charguia 2 , près de tout commerces, il présente les caractéristiques suivantes:

-2300 m² surface total

-rdc + 2 étages

-plus de 30 bureaux

-toilettes

-câblage réseau

-fibre optique

-double vitrage

-accès par route gp10

-transport public à 5 min à pieds

-parking

-gardien et sécurité

prix: 26833 dt/ht/mois

pour plus dinfo veuillez rappeler notre agence au <a type=""phone"">+21651XXXXXX</a>/<a type=""phone"">+21699XXXXXX</a>",26833.0,2300.0,Immeuble de bureaux,officeBuilding,sale,agency,348,http://tunisie-annonce.com/upload2/2022All/tunisie-annonce.com/photos/660363_20210821_133338.jpg,"[""https://server.bigdatis.com/api/properties/image/249859575"", ""https://server.bigdatis.com/api/properties/image/249859576""]","[{""url"": ""https://server.bigdatis.com/api/properties/image/249859575"", ""sourceId"": 1, ""adUrl"": ""http://www.tunisie-annonce.com/DetailsAnnonceImmobilier.asp?cod_ann=3004918""}, {""url"": ""https://server.bigdatis.com/api/properties/image/249859576"", ""sourceId"": 1, ""adUrl"": ""http://www.tunisie-annonce.com/DetailsAnnonceImmobilier.asp?cod_ann=3004918""}]","[{""sourceId"": 1, ""url"": ""http://www.tunisie-annonce.com/DetailsAnnonceImmobilier.asp?cod_ann=3004918"", ""price"": 26833, ""sellerType"": ""agency"", ""lastModified"": ""2024-11-24 10:00:32""}]","[{""sellerType"": ""agency"", ""contactName"": null, ""active"": true}]",1,1,1,1,1,1,[],2023-02-18 11:11:42,2021-08-21 11:11:42,2024-11-24 10:00:32,2021-08-21 11:11:42,1,2026-02-07 13:35:43
55966,Immeuble Invest Martin A VENDRE à morouj1,"Un immeuble pour investisssement situé dans un bon quartier a mourouj 1 . Au RDC on a 3 locaux et un studio avec garage . Au 1ére étage on a un open space idéal pour une salle de sport . Au 2éme étage on a un appartement s+ 3 qui se compose  par un salon, une cuisine , une salle de bain. De même au 3 éme étage . pour tous les renseignements contacter l'agent sur le <a type=""phone"">+21653XXXXXX</a>.",3000000.0,,Immeuble de bureaux,officeBuilding,sale,agency,5174,http://cdn2.ballouchi.com/800x600/367457-1.jpg,"[""https://server.bigdatis.com/api/properties/image/305480942"", ""https://server.bigdatis.com/api/properties/image/305480943"", ""https://server.bigdatis.com/api/properties/image/305480944"", ""https://server.bigdatis.com/api/properties/image/305480945"", ""https://server.bigdatis.com/api/properties/image/305480946"", ""https://server.bigdatis.com/api/properties/image/305480947"", ""https://server.bigdatis.com/api/properties/image/305480948"", ""https://server.bigdatis.com/api/properties/image/305480949"", ""https://server.bigdatis.com/api/properties/image/305480950"", ""https://server.bigdatis.com/api/properties/image/305480951"", ""https://www.menzili.tn/upload/photos/2022/11/03/12/15/d31d6mqd86.jpg"", ""https://www.menzili.tn/upload/photos/2022/11/03/12/15/3bh146ds41.jpg"", ""https://www.menzili.tn/upload/photos/2022/11/03/12/15/3282t7s1z7.jpg"", ""https://www.menzili.tn/upload/photos/2022/11/03/12/15/3etr7d9g11.jpg"", ""https://www.menzili.tn/upload/photos/2022/11/03/12/15/2732h1tps4.jpg""]","[{""url"": ""https://server.bigdatis.com/api/properties/image/305480942"", ""sourceId"": 3, ""adUrl"": ""https://www.ballouchi.com/annonces/immobilier/appartements/immeuble-invest-martin-a-vendre-a-morouj1.html""}, {""url"": ""https://server.bigdatis.com/api/properties/image/305480943"", ""sourceId"": 3, ""adUrl"": ""https://www.ballouchi.com/annonces/immobilier/appartements/immeuble-invest-martin-a-vendre-a-morouj1.html""}, {""url"": ""https://server.bigdatis.com/api/properties/image/305480944"", ""sourceId"": 3, ""adUrl"": ""https://www.ballouchi.com/annonces/immobilier/appartements/immeuble-invest-martin-a-vendre-a-morouj1.html""}, {""url"": ""https://server.bigdatis.com/api/properties/image/305480945"", ""sourceId"": 3, ""adUrl"": ""https://www.ballouchi.com/annonces/immobilier/appartements/immeuble-invest-martin-a-vendre-a-morouj1.html""}, {""url"": ""https://server.bigdatis.com/api/properties/image/305480946"", ""sourceId"": 3, ""adUrl"": ""https://www.ballouchi.com/annonces/immobilier/appartements/immeuble-invest-martin-a-vendre-a-morouj1.html""}, {""url"": ""https://server.bigdatis.com/api/properties/image/305480947"", ""sourceId"": 3, ""adUrl"": ""https://www.ballouchi.com/annonces/immobilier/appartements/immeuble-invest-martin-a-vendre-a-morouj1.html""}, {""url"": ""https://server.bigdatis.com/api/properties/image/305480948"", ""sourceId"": 3, ""adUrl"": ""https://www.ballouchi.com/annonces/immobilier/appartements/immeuble-invest-martin-a-vendre-a-morouj1.html""}, {""url"": ""https://server.bigdatis.com/api/properties/image/305480949"", ""sourceId"": 3, ""adUrl"": ""https://www.ballouchi.com/annonces/immobilier/appartements/immeuble-invest-martin-a-vendre-a-morouj1.html""}, {""url"": ""https://server.bigdatis.com/api/properties/image/305480950"", ""sourceId"": 3, ""adUrl"": ""https://www.ballouchi.com/annonces/immobilier/appartements/immeuble-invest-martin-a-vendre-a-morouj1.html""}, {""url"": ""https://server.bigdatis.com/api/properties/image/305480951"", ""sourceId"": 3, ""adUrl"": ""https://www.ballouchi.com/annonces/immobilier/appartements/immeuble-invest-martin-a-vendre-a-morouj1.html""}, {""url"": ""https://www.menzili.tn/upload/photos/2022/11/03/12/15/d31d6mqd86.jpg"", ""sourceId"": 13, ""adUrl"": ""https://www.menzili.tn/annonce/annonce-101135""}, {""url"": ""https://www.menzili.tn/upload/photos/2022/11/03/12/15/3bh146ds41.jpg"", ""sourceId"": 13, ""adUrl"": ""https://www.menzili.tn/annonce/annonce-101135""}, {""url"": ""https://www.menzili.tn/upload/photos/2022/11/03/12/15/3282t7s1z7.jpg"", ""sourceId"": 13, ""adUrl"": ""https://www.menzili.tn/annonce/annonce-101135""}, {""url"": ""https://www.menzili.tn/upload/photos/2022/11/03/12/15/3etr7d9g11.jpg"", ""sourceId"": 13, ""adUrl"": ""https://www.menzili.tn/annonce/annonce-101135""}, {""url"": ""https://www.menzili.tn/upload/photos/2022/11/03/12/15/2732h1tps4.jpg"", ""sourceId"": 13, ""adUrl"": ""https://www.menzili.tn/annonce/annonce-101135""}]","[{""sourceId"": 3, ""url"": ""https://www.ballouchi.com/annonces/immobilier/appartements/immeuble-invest-martin-a-vendre-a-morouj1.html"", ""price"": 3000000, ""sellerType"": ""agency"", ""lastModified"": ""2023-03-28 21:59:12""}, {""sourceId"": 13, ""url"": ""https://www.menzili.tn/annonce/annonce-101135"", ""price"": 3000000, ""sellerType"": ""agency"", ""lastModified"": ""2022-11-03 23:37:40""}]","[{""sellerType"": ""agency"", ""contactName"": ""Home Sweet Home"", ""active"": true}]",2,2,1,1,7,2,[],2022-11-03 12:07:04,2022-11-03 12:07:04,2024-11-12 16:45:24,2022-11-03 12:07:04,1,2026-02-07 13:35:45
1175410,immeuble open space Lac 1,,200000.0,1200.0,Immeuble de bureaux,officeBuilding,sale,agency,4942,http://cdn2.ballouchi.com/800x600/399179-1.jpg,"[""https://server.bigdatis.com/api/properties/image/305621513"", ""https://server.bigdatis.com/api/properties/image/305621514"", ""https://server.bigdatis.com/api/properties/image/305621515"", ""https://server.bigdatis.com/api/properties/image/305621516"", ""https://server.bigdatis.com/api/properties/image/305621517"", ""https://server.bigdatis.com/api/properties/image/305621518"", ""https://server.bigdatis.com/api/properties/image/305621519""]","[{""url"": ""https://server.bigdatis.com/api/properties/image/305621513"", ""sourceId"": 3, ""adUrl"": ""https://www.ballouchi.com/annonces/immobilier/bureaux/immeuble-open-space-lac-1.html""}, {""url"": ""https://server.bigdatis.com/api/properties/image/305621514"", ""sourceId"": 3, ""adUrl"": ""https://www.ballouchi.com/annonces/immobilier/bureaux/immeuble-open-space-lac-1.html""}, {""url"": ""https://server.bigdatis.com/api/properties/image/305621515"", ""sourceId"": 3, ""adUrl"": ""https://www.ballouchi.com/annonces/immobilier/bureaux/immeuble-open-space-lac-1.html""}, {""url"": ""https://server.bigdatis.com/api/properties/image/305621516"", ""sourceId"": 3, ""adUrl"": ""https://www.ballouchi.com/annonces/immobilier/bureaux/immeuble-open-space-lac-1.html""}, {""url"": ""https://server.bigdatis.com/api/properties/image/305621517"", ""sourceId"": 3, ""adUrl"": ""https://www.ballouchi.com/annonces/immobilier/bureaux/immeuble-open-space-lac-1.html""}, {""url"": ""https://server.bigdatis.com/api/properties/image/305621518"", ""sourceId"": 3, ""adUrl"": ""https://www.ballouchi.com/annonces/immobilier/bureaux/immeuble-open-space-lac-1.html""}, {""url"": ""https://server.bigdatis.com/api/properties/image/305621519"", ""sourceId"": 3, ""adUrl"": ""https://www.ballouchi.com/annonces/immobilier/bureaux/immeuble-open-space-lac-1.html""}]","[{""sourceId"": 3, ""url"": ""https://www.ballouchi.com/annonces/immobilier/bureaux/immeuble-open-space-lac-1.html"", ""price"": 200000, ""sellerType"": ""agency"", ""lastModified"": ""2024-11-06 23:42:55""}]","[{""sellerType"": ""agency"", ""contactName"": ""agence keskes"", ""active"": true}]",1,1,1,1,1,1,[],2025-10-23 23:42:59,2024-07-16 23:42:55,2024-11-06 23:42:55,2024-07-16 23:42:55,1,2026-02-07 13:35:47
775638,,"l'agence darek immob met en location un très joli immeuble bureautique haut standing à notre dame mutuelle ville, il présente les caractéristiques suivantes :

2600 m² en open space (extensible encore jusqu'à 3000 m²)

vu incroyable sur grand tunis

terrasse

650 m² par étage

toilettes

ascenseurs

fibre optique

près de commerces

accès par gp10

transport public à 5 min

climatisation centrale

double vitrage

parking

prix : 65000 dt/ht/mois

nb: plus de photos et plan sur demande
merci de nous contactez au <a type=""phone"">+21651XXXXXX</a>/<a type=""phone"">+21699XXXXXX</a>",65000.0,2600.0,Immeuble de bureaux,officeBuilding,sale,agency,5297,https://fi-dari.tn/uploads/1730887547158blob,"[""https://fi-dari.tn/uploads/1730887547158blob"", ""https://fi-dari.tn/uploads/1730887547169blob"", ""https://fi-dari.tn/uploads/1730887547182blob"", ""https://fi-dari.tn/uploads/1730887547186blob"", ""https://fi-dari.tn/uploads/1718705812716blob"", ""https://fi-dari.tn/uploads/1718705812724blob"", ""https://fi-dari.tn/uploads/1718705812731blob""]","[{""url"": ""https://fi-dari.tn/uploads/1730887547158blob"", ""sourceId"": 10, ""adUrl"": ""https://fi-dari.tn/bien/Mutuelleville-AI25805-1""}, {""url"": ""https://fi-dari.tn/uploads/1730887547169blob"", ""sourceId"": 10, ""adUrl"": ""https://fi-dari.tn/bien/Mutuelleville-AI25805-1""}, {""url"": ""https://fi-dari.tn/uploads/1730887547182blob"", ""sourceId"": 10, ""adUrl"": ""https://fi-dari.tn/bien/Mutuelleville-AI25805-1""}, {""url"": ""https://fi-dari.tn/uploads/1730887547186blob"", ""sourceId"": 10, ""adUrl"": ""https://fi-dari.tn/bien/Mutuelleville-AI25805-1""}, {""url"": ""https://fi-dari.tn/uploads/1718705812716blob"", ""sourceId"": 10, ""adUrl"": ""https://fi-dari.tn/bien/Mutuelleville-AI22830-1""}, {""url"": ""https://fi-dari.tn/uploads/1718705812724blob"", ""sourceId"": 10, ""adUrl"": ""https://fi-dari.tn/bien/Mutuelleville-AI22830-1""}, {""url"": ""https://fi-dari.tn/uploads/1718705812731blob"", ""sourceId"": 10, ""adUrl"": ""https://fi-dari.tn/bien/Mutuelleville-AI22830-1""}]","[{""sourceId"": 10, ""url"": ""https://fi-dari.tn/bien/Mutuelleville-AI25805-1"", ""price"": 65000, ""sellerType"": ""agency"", ""lastModified"": ""2024-11-06 10:05:42""}]","[{""sellerType"": ""agency"", ""contactName"": ""DAREK IMMOBILIERE & CONSULTING"", ""active"": true}]",1,1,1,1,3,2,[],2024-06-18 11:17:47,2024-06-18 11:16:38,2024-11-06 10:05:42,2024-06-18 11:16:38,1,2026-02-07 13:35:49
826456,,NB Gestion immobilière met en vente un immeuble plein centre ville de Tunis Rue Houcine bouzaiane  de 326m2 composé d'un R+3 qui se compose de 12 Appartements répartis sur 3 étages,1500000.0,326.0,Immeuble de bureaux,officeBuilding,sale,agency,5201,,[],,"[{""sourceId"": 10, ""url"": ""https://fi-dari.tn/bien/Tunis centre-AI24878-1"", ""price"": 1500000, ""sellerType"": ""agency"", ""lastModified"": ""2024-09-27 09:47:51""}]","[{""sellerType"": ""agency"", ""contactName"": ""NB gestion immobilière"", ""active"": true}]",1,1,1,1,1,1,"[""heating""]",2024-09-27 10:43:17,2024-09-27 10:43:09,2024-09-27 09:47:51,2024-09-27 10:43:09,1,2026-02-07 13:35:51
1165082,Vend immeuble ancien  3 étages à TUNIS,"Vend Immeuble 3 étages avec balcon + garage composé de 8 appartements 

prix 380 000 TND - 450 m² Couvert - Tunis DENDEN 2",171000.0,450.0,Immeuble de bureaux,officeBuilding,sale,private,5333,,[],,"[{""sourceId"": 13, ""url"": ""https://www.menzili.tn/annonce/annonce-133714"", ""price"": 171000, ""sellerType"": ""private"", ""lastModified"": ""2024-08-22 01:22:32""}]",[],1,1,0,0,1,1,"[""garage""]",2025-10-19 01:22:34,2024-08-22 01:22:32,2024-08-22 01:22:32,2024-08-22 01:22:32,1,2026-02-07 13:35:56
1172352,Immeuble à Vendre au cœur de centre- ville,"L’agence immobilière la porte neuve met en vente un immeuble de R+3 récemment rénover, Au cœur du centre-ville de capital « Tunis ». 

Emplacement ; Rue de Paris  
Vocation ; polyfonctionnel (bureau, service, commerce, restauration, hôtel, université)  
RDC ; Salon de thé, Appartement et un local de concierge  
1er étage : Cabinet de dentiste + Appartement  
2ème étage ; un bureau de ONG / bureau administrative de centre de formation  
3ème étage ; les deux appartements locaux de centre d’appel  
Possibilité de l’extension d’un 4ème étage  
Tout appartement composé de séjour, 3 chambres, kitchenette et bloc sanitaire. 

Autres caractéristiques ; 
 Caméra de surveillance  
Interphone  
 Les matériaux de construction de 1er choix ; fenêtre en Aluminium, portes en bois de meilleure qualité, volets électriques.
Prix : 2.5 M.DT/ 800 Mille Euro",800000.0,,Immeuble de bureaux,officeBuilding,sale,agency,5201,http://cdn2.ballouchi.com/800x600/399546-1.jpg,"[""https://server.bigdatis.com/api/properties/image/305438233"", ""https://server.bigdatis.com/api/properties/image/305438234"", ""https://server.bigdatis.com/api/properties/image/305438235"", ""https://server.bigdatis.com/api/properties/image/305438236""]","[{""url"": ""https://server.bigdatis.com/api/properties/image/305438233"", ""sourceId"": 3, ""adUrl"": ""https://www.ballouchi.com/annonces/immobilier/autres/immeuble-a-vendre-au-cur-de-centre-ville.html""}, {""url"": ""https://server.bigdatis.com/api/properties/image/305438234"", ""sourceId"": 3, ""adUrl"": ""https://www.ballouchi.com/annonces/immobilier/autres/immeuble-a-vendre-au-cur-de-centre-ville.html""}, {""url"": ""https://server.bigdatis.com/api/properties/image/305438235"", ""sourceId"": 3, ""adUrl"": ""https://www.ballouchi.com/annonces/immobilier/autres/immeuble-a-vendre-au-cur-de-centre-ville.html""}, {""url"": ""https://server.bigdatis.com/api/properties/image/305438236"", ""sourceId"": 3, ""adUrl"": ""https://www.ballouchi.com/annonces/immobilier/autres/immeuble-a-vendre-au-cur-de-centre-ville.html""}]","[{""sourceId"": 3, ""url"": ""https://www.ballouchi.com/annonces/immobilier/autres/immeuble-a-vendre-au-cur-de-centre-ville.html"", ""price"": 800000, ""sellerType"": ""agency"", ""lastModified"": ""2024-07-21 21:23:44""}]","[{""sellerType"": ""agency"", ""contactName"": ""PorteNeuveIMMO"", ""active"": true}]",1,1,1,1,1,1,[],2025-10-23 21:23:50,2024-07-21 21:23:44,2024-07-21 21:23:44,2024-07-21 21:23:44,1,2026-02-07 13:35:58
26855,Immeuble show à vendre au lac 3,"un immeuble R+3 de haut standing aux berges du lac 3. Au RDJ on a un open space d'une superficie de 1653m2. Au RDC on a un show room d'une superficie de 1389m2 de même pour le 1 er la 2 éme et le 3 éme étage. pour tous renseignements, contacter l'agent sur le <a type=""phone"">+21654XXXXXX</a>",14000000.0,1653.0,Immeuble de bureaux,officeBuilding,sale,agency,5202,http://cdn2.ballouchi.com/800x600/396236-1.jpg,"[""https://server.bigdatis.com/api/properties/image/305441630"", ""https://server.bigdatis.com/api/properties/image/305441631"", ""https://server.bigdatis.com/api/properties/image/305441632"", ""https://server.bigdatis.com/api/properties/image/305441633"", ""https://server.bigdatis.com/api/properties/image/305441634"", ""https://server.bigdatis.com/api/properties/image/305441635"", ""https://server.bigdatis.com/api/properties/image/305441636"", ""https://server.bigdatis.com/api/properties/image/305441637"", ""https://server.bigdatis.com/api/properties/image/305441638"", ""https://server.bigdatis.com/api/properties/image/305441639"", ""https://server.bigdatis.com/api/properties/image/305441641"", ""https://server.bigdatis.com/api/properties/image/305441642"", ""https://server.bigdatis.com/api/properties/image/305441643"", ""https://server.bigdatis.com/api/properties/image/305441644"", ""https://server.bigdatis.com/api/properties/image/305441645"", ""https://server.bigdatis.com/api/properties/image/305441646"", ""https://server.bigdatis.com/api/properties/image/305441647"", ""https://server.bigdatis.com/api/properties/image/305441648"", ""https://server.bigdatis.com/api/properties/image/305441649""]","[{""url"": ""https://server.bigdatis.com/api/properties/image/305441630"", ""sourceId"": 3, ""adUrl"": ""https://www.ballouchi.com/annonces/immobilier/fonds-de-commerce-locaux-commerciaux/immeuble-show-a-vendre-au-lac-3.html""}, {""url"": ""https://server.bigdatis.com/api/properties/image/305441631"", ""sourceId"": 3, ""adUrl"": ""https://www.ballouchi.com/annonces/immobilier/fonds-de-commerce-locaux-commerciaux/immeuble-show-a-vendre-au-lac-3.html""}, {""url"": ""https://server.bigdatis.com/api/properties/image/305441632"", ""sourceId"": 3, ""adUrl"": ""https://www.ballouchi.com/annonces/immobilier/fonds-de-commerce-locaux-commerciaux/immeuble-show-a-vendre-au-lac-3.html""}, {""url"": ""https://server.bigdatis.com/api/properties/image/305441633"", ""sourceId"": 3, ""adUrl"": ""https://www.ballouchi.com/annonces/immobilier/fonds-de-commerce-locaux-commerciaux/immeuble-show-a-vendre-au-lac-3.html""}, {""url"": ""https://server.bigdatis.com/api/properties/image/305441634"", ""sourceId"": 3, ""adUrl"": ""https://www.ballouchi.com/annonces/immobilier/fonds-de-commerce-locaux-commerciaux/immeuble-show-a-vendre-au-lac-3.html""}, {""url"": ""https://server.bigdatis.com/api/properties/image/305441635"", ""sourceId"": 3, ""adUrl"": ""https://www.ballouchi.com/annonces/immobilier/fonds-de-commerce-locaux-commerciaux/immeuble-show-a-vendre-au-lac-3.html""}, {""url"": ""https://server.bigdatis.com/api/properties/image/305441636"", ""sourceId"": 3, ""adUrl"": ""https://www.ballouchi.com/annonces/immobilier/fonds-de-commerce-locaux-commerciaux/immeuble-show-a-vendre-au-lac-3.html""}, {""url"": ""https://server.bigdatis.com/api/properties/image/305441637"", ""sourceId"": 3, ""adUrl"": ""https://www.ballouchi.com/annonces/immobilier/fonds-de-commerce-locaux-commerciaux/immeuble-show-a-vendre-au-lac-3.html""}, {""url"": ""https://server.bigdatis.com/api/properties/image/305441638"", ""sourceId"": 3, ""adUrl"": ""https://www.ballouchi.com/annonces/immobilier/fonds-de-commerce-locaux-commerciaux/immeuble-show-a-vendre-au-lac-3.html""}, {""url"": ""https://server.bigdatis.com/api/properties/image/305441639"", ""sourceId"": 3, ""adUrl"": ""https://www.ballouchi.com/annonces/immobilier/fonds-de-commerce-locaux-commerciaux/immeuble-show-a-vendre-au-lac-3.html""}, {""url"": ""https://server.bigdatis.com/api/properties/image/305441641"", ""sourceId"": 3, ""adUrl"": ""https://www.ballouchi.com/annonces/immobilier/fonds-de-commerce-locaux-commerciaux/immeuble-show-a-vendre-au-lac-3.html""}, {""url"": ""https://server.bigdatis.com/api/properties/image/305441642"", ""sourceId"": 3, ""adUrl"": ""https://www.ballouchi.com/annonces/immobilier/fonds-de-commerce-locaux-commerciaux/immeuble-show-a-vendre-au-lac-3.html""}, {""url"": ""https://server.bigdatis.com/api/properties/image/305441643"", ""sourceId"": 3, ""adUrl"": ""https://www.ballouchi.com/annonces/immobilier/fonds-de-commerce-locaux-commerciaux/immeuble-show-a-vendre-au-lac-3.html""}, {""url"": ""https://server.bigdatis.com/api/properties/image/305441644"", ""sourceId"": 3, ""adUrl"": ""https://www.ballouchi.com/annonces/immobilier/fonds-de-commerce-locaux-commerciaux/immeuble-show-a-vendre-au-lac-3.html""}, {""url"": ""https://server.bigdatis.com/api/properties/image/305441645"", ""sourceId"": 3, ""adUrl"": ""https://www.ballouchi.com/annonces/immobilier/fonds-de-commerce-locaux-commerciaux/immeuble-show-a-vendre-au-lac-3.html""}, {""url"": ""https://server.bigdatis.com/api/properties/image/305441646"", ""sourceId"": 3, ""adUrl"": ""https://www.ballouchi.com/annonces/immobilier/fonds-de-commerce-locaux-commerciaux/immeuble-show-a-vendre-au-lac-3.html""}, {""url"": ""https://server.bigdatis.com/api/properties/image/305441647"", ""sourceId"": 3, ""adUrl"": ""https://www.ballouchi.com/annonces/immobilier/fonds-de-commerce-locaux-commerciaux/immeuble-show-a-vendre-au-lac-3.html""}, {""url"": ""https://server.bigdatis.com/api/properties/image/305441648"", ""sourceId"": 3, ""adUrl"": ""https://www.ballouchi.com/annonces/immobilier/fonds-de-commerce-locaux-commerciaux/immeuble-show-a-vendre-au-lac-3.html""}, {""url"": ""https://server.bigdatis.com/api/properties/image/305441649"", ""sourceId"": 3, ""adUrl"": ""https://www.ballouchi.com/annonces/immobilier/fonds-de-commerce-locaux-commerciaux/immeuble-show-a-vendre-au-lac-3.html""}]","[{""sourceId"": 3, ""url"": ""https://www.ballouchi.com/annonces/immobilier/fonds-de-commerce-locaux-commerciaux/immeuble-show-a-vendre-au-lac-3.html"", ""price"": 14000000, ""sellerType"": ""agency"", ""lastModified"": ""2024-05-23 21:26:32""}]","[{""sellerType"": ""agency"", ""contactName"": ""hshainzaghouannord"", ""active"": true}]",1,1,1,1,4,1,[],2022-03-01 10:06:32,2022-03-01 10:06:32,2024-05-23 21:26:32,2022-03-01 10:06:32,1,2026-02-07 13:36:00
733647,Immeuble 3500 m haut standing au lac3  kram,"à louer au lac 3 ,un immeuble neuf en cours de construction, surface 3500 m² , il présente les caractéristiques suivantes :

-4 plateaux open space sur 4 étages+ rooftop+terrasse

- toilettes

-kitchenettes

-parking sous sol et extérieurs

-10 min station de bus

- accès par route gp9 ou tunis marine

-transport public

-orienté est

-double vitrage

-câblage réseau

-climatisation central

-terrasse

-vu lac

prix : 80000 dt/ht/mois

merci de contacter notre agence <a type=""phone"">+21651XXXXXX</a>/<a type=""phone"">+21699XXXXXX</a>/<a type=""phone"">+21651XXXXXX</a>",80000.0,3500.0,Immeuble de bureaux,officeBuilding,sale,agency,5202,http://tunisie-annonce.com/upload2/202404/tunisie-annonce.com/photos/660363_20240415_111257.jpg,"[""https://server.bigdatis.com/api/properties/image/215686694"", ""https://server.bigdatis.com/api/properties/image/215686695"", ""https://server.bigdatis.com/api/properties/image/215686696""]","[{""url"": ""https://server.bigdatis.com/api/properties/image/215686694"", ""sourceId"": 1, ""adUrl"": ""http://www.tunisie-annonce.com/DetailsAnnonceImmobilier.asp?cod_ann=2995813""}, {""url"": ""https://server.bigdatis.com/api/properties/image/215686695"", ""sourceId"": 1, ""adUrl"": ""http://www.tunisie-annonce.com/DetailsAnnonceImmobilier.asp?cod_ann=2995813""}, {""url"": ""https://server.bigdatis.com/api/properties/image/215686696"", ""sourceId"": 1, ""adUrl"": ""http://www.tunisie-annonce.com/DetailsAnnonceImmobilier.asp?cod_ann=2995813""}]","[{""sourceId"": 1, ""url"": ""http://www.tunisie-annonce.com/DetailsAnnonceImmobilier.asp?cod_ann=2995813"", ""price"": 80000, ""sellerType"": ""agency"", ""lastModified"": ""2024-04-15 11:20:13""}]","[{""sellerType"": ""agency"", ""contactName"": null, ""active"": true}]",1,1,1,1,1,1,[],2023-03-02 11:03:29,2021-07-26 11:03:29,2024-04-15 11:20:13,2021-07-26 11:03:29,1,2026-02-07 13:36:02
732710,,"l'agence darek immob met en location un très jolie immeuble en open space dans la zone d'affaire kheireddine ,le Kram (lac3) , il présente les caractéristiques suivantes :



4500 m² en open space (hors sous sol)



terrasse



toilettes



gardien



ascenseurs



fibre optique



près de commerces



accès par gp9 ou tunis marine



transport public à 10 min



orienté est et sud est



climatisation centrale



double vitrage



parking

nb: plan sur demande

Prix : 100000 dt/ht/mois

merci de nous contactez au <a type=""phone"">+21651XXXXXX</a>/<a type=""phone"">+21699XXXXXX</a>",100000.0,4500.0,Immeuble de bureaux,officeBuilding,sale,agency,4938,https://fi-dari.tn/uploads/1712914097807blob,"[""https://fi-dari.tn/uploads/1712914097807blob"", ""https://fi-dari.tn/uploads/1712914097817blob""]","[{""url"": ""https://fi-dari.tn/uploads/1712914097807blob"", ""sourceId"": 10, ""adUrl"": ""https://fi-dari.tn/bien/Lac 3-AI21251-1""}, {""url"": ""https://fi-dari.tn/uploads/1712914097817blob"", ""sourceId"": 10, ""adUrl"": ""https://fi-dari.tn/bien/Lac 3-AI21251-1""}]","[{""sourceId"": 10, ""url"": ""https://fi-dari.tn/bien/Lac 3-AI21251-1"", ""price"": 100000, ""sellerType"": ""agency"", ""lastModified"": ""2024-04-12 09:28:04""}]","[{""sellerType"": ""agency"", ""contactName"": ""DAREK IMMOBILIERE & CONSULTING"", ""active"": true}]",1,1,1,1,1,1,"[""elevator"", ""heating"", ""airConditioning"", ""garden"", ""parking""]",2024-04-12 10:28:15,2024-04-12 10:28:04,2024-04-12 09:28:04,2024-04-12 10:28:04,1,2026-02-07 13:36:04
72277,Immeuble rue bab saadoune,"un immeuble en plein centre ville sur une route principale la rue bab saadoune.l'immeuble est composée de rez-ch +2 étages: 6appts :deux dans chaque étage .-rez-ch -s+3+c+2sd+hall+court et un studios+c +sd court::le 1er étage : s+2+c+sd+court et  un s+1+c+sd :: le 2ém e étage s+2+c+sd et un s+1+c+sd :superficie couverte est de 450m2 :titre fonccier : construction anneé 2007 :usage : habitation , petit hotel ,  foyer universsitaire ect",580000.0,450.0,Immeuble de bureaux,officeBuilding,sale,private,4820,https://www.menzili.tn/upload/photos/2023/02/20/13/45/a1d69d2267.jpg,"[""https://www.menzili.tn/upload/photos/2023/02/20/13/45/a1d69d2267.jpg"", ""https://www.menzili.tn/upload/photos/2023/02/20/13/45/97m26nqv44.jpg"", ""https://www.menzili.tn/upload/photos/2023/02/20/13/46/aj7t732z41.jpg"", ""https://www.menzili.tn/upload/photos/2023/02/20/13/46/adfpsmq2d4.jpg"", ""https://www.menzili.tn/upload/photos/2023/02/20/13/46/2yajt42g9e.jpg"", ""https://www.menzili.tn/upload/photos/2023/02/20/13/47/i6hrq7o67v.jpg"", ""https://www.menzili.tn/upload/photos/2023/02/20/13/47/jdfim3293s.jpg"", ""https://www.menzili.tn/upload/photos/2023/02/20/13/47/y9s9p2027s.jpg"", ""https://www.menzili.tn/upload/photos/2023/02/20/13/48/9i6e3v3o21.jpg"", ""https://www.menzili.tn/upload/photos/2023/02/20/13/48/d2zqd6o9vv.jpg""]","[{""url"": ""https://www.menzili.tn/upload/photos/2023/02/20/13/45/a1d69d2267.jpg"", ""sourceId"": 13, ""adUrl"": ""https://www.menzili.tn/annonce/annonce-110710""}, {""url"": ""https://www.menzili.tn/upload/photos/2023/02/20/13/45/97m26nqv44.jpg"", ""sourceId"": 13, ""adUrl"": ""https://www.menzili.tn/annonce/annonce-110710""}, {""url"": ""https://www.menzili.tn/upload/photos/2023/02/20/13/46/aj7t732z41.jpg"", ""sourceId"": 13, ""adUrl"": ""https://www.menzili.tn/annonce/annonce-110710""}, {""url"": ""https://www.menzili.tn/upload/photos/2023/02/20/13/46/adfpsmq2d4.jpg"", ""sourceId"": 13, ""adUrl"": ""https://www.menzili.tn/annonce/annonce-110710""}, {""url"": ""https://www.menzili.tn/upload/photos/2023/02/20/13/46/2yajt42g9e.jpg"", ""sourceId"": 13, ""adUrl"": ""https://www.menzili.tn/annonce/annonce-110710""}, {""url"": ""https://www.menzili.tn/upload/photos/2023/02/20/13/47/i6hrq7o67v.jpg"", ""sourceId"": 13, ""adUrl"": ""https://www.menzili.tn/annonce/annonce-110710""}, {""url"": ""https://www.menzili.tn/upload/photos/2023/02/20/13/47/jdfim3293s.jpg"", ""sourceId"": 13, ""adUrl"": ""https://www.menzili.tn/annonce/annonce-110710""}, {""url"": ""https://www.menzili.tn/upload/photos/2023/02/20/13/47/y9s9p2027s.jpg"", ""sourceId"": 13, ""adUrl"": ""https://www.menzili.tn/annonce/annonce-110710""}, {""url"": ""https://www.menzili.tn/upload/photos/2023/02/20/13/48/9i6e3v3o21.jpg"", ""sourceId"": 13, ""adUrl"": ""https://www.menzili.tn/annonce/annonce-110710""}, {""url"": ""https://www.menzili.tn/upload/photos/2023/02/20/13/48/d2zqd6o9vv.jpg"", ""sourceId"": 13, ""adUrl"": ""https://www.menzili.tn/annonce/annonce-110710""}]","[{""sourceId"": 13, ""url"": ""https://www.menzili.tn/annonce/annonce-110710"", ""price"": 580000, ""sellerType"": ""private"", ""lastModified"": ""2023-02-20 01:17:31""}]","[{""sellerType"": ""private"", ""contactName"": ""Sehil"", ""active"": true}]",1,1,1,1,7,1,[],2022-06-23 13:00:55,2022-04-24 13:00:51,2024-03-27 00:00:35,2023-05-22 22:07:20,1,2026-02-07 13:36:07
43271,Immeuble Ishak à Vendre à Ariana,"Un immeuble en cours de construction qui se compose d'un sous-sol, un RDC, Mezzanine, 1 er et 2 éme étage urs de construction idéale pour une société, une école… Cet immeuble est situé dans un lotissement à La Zone Industrielle EL Bokri, Ariana. Pour plus de renseignements, Veuillez contacter L'agent sur le 51<a type=""phone"">+21651XXXXXX</a>",750000.0,850.0,Immeuble de bureaux,officeBuilding,sale,agency,476,https://www.menzili.tn/upload/photos/2022/10/04/11/55/59trf67q73.jpg,"[""https://www.menzili.tn/upload/photos/2022/10/04/11/55/59trf67q73.jpg"", ""https://www.menzili.tn/upload/photos/2022/10/04/11/55/9e9tndq568.jpg"", ""https://www.menzili.tn/upload/photos/2022/10/04/11/55/7d3sod9971.jpg"", ""https://www.menzili.tn/upload/photos/2022/10/04/11/56/aj9217i76v.jpg""]","[{""url"": ""https://www.menzili.tn/upload/photos/2022/10/04/11/55/59trf67q73.jpg"", ""sourceId"": 13, ""adUrl"": ""https://www.menzili.tn/annonce/annonce-97753""}, {""url"": ""https://www.menzili.tn/upload/photos/2022/10/04/11/55/9e9tndq568.jpg"", ""sourceId"": 13, ""adUrl"": ""https://www.menzili.tn/annonce/annonce-97753""}, {""url"": ""https://www.menzili.tn/upload/photos/2022/10/04/11/55/7d3sod9971.jpg"", ""sourceId"": 13, ""adUrl"": ""https://www.menzili.tn/annonce/annonce-97753""}, {""url"": ""https://www.menzili.tn/upload/photos/2022/10/04/11/56/aj9217i76v.jpg"", ""sourceId"": 13, ""adUrl"": ""https://www.menzili.tn/annonce/annonce-97753""}]","[{""sourceId"": 13, ""url"": ""https://www.menzili.tn/annonce/annonce-97753"", ""price"": 750000, ""sellerType"": ""agency"", ""lastModified"": ""2022-10-04 23:39:18""}]","[{""sellerType"": ""agency"", ""contactName"": ""Home Sweet Home"", ""active"": true}]",1,1,1,1,5,1,[],2022-10-04 10:55:06,2022-10-04 10:46:04,2024-03-20 12:41:10,2022-10-04 11:53:07,1,2026-02-07 13:36:09
107362,Immeuble Trixie à Vendre à Belle Vue Tunis,"Un immeuble pour investissement situé dans un bon quartier à Cité EL Ouardia, Belle vue, Tunis. Au RDC, On a deux grands locaux. Au 1 er étage, On trouve 4 appartements pour usage bureautique.  De même au 2 éme étage. Pour plus de renseignements, Veuillez contacter L'agent sur le <a type=""phone"">+21651XXXXXX</a>.",1590000.0,2000.0,Immeuble de bureaux,officeBuilding,sale,agency,4908,https://www.menzili.tn/upload/photos/2022/09/14/12/39/as9to99s81.jpg,"[""https://www.menzili.tn/upload/photos/2022/09/14/12/39/as9to99s81.jpg""]","[{""url"": ""https://www.menzili.tn/upload/photos/2022/09/14/12/39/as9to99s81.jpg"", ""sourceId"": 13, ""adUrl"": ""https://www.menzili.tn/annonce/annonce-95719""}]","[{""sourceId"": 13, ""url"": ""https://www.menzili.tn/annonce/annonce-95719"", ""price"": 1590000, ""sellerType"": ""agency"", ""lastModified"": ""2022-09-14 01:38:35""}]","[{""sellerType"": ""agency"", ""contactName"": ""Home Sweet Home"", ""active"": true}]",1,1,1,1,3,1,[],2022-09-14 11:35:05,2022-09-14 01:38:35,2024-03-20 11:49:58,2022-09-14 01:38:35,1,2026-02-07 13:36:11
81951,Immeuble farid réf:  :,"Immeuble farid (réf: v1329) :
ACHAT LOCAL COMMERCIAL À NABEUL NABEUL
A vendre chez l'agence TPS Immobilière Hammamet, un immeuble de standing à usage commercial récemment construit d’une surface couverte de 800 m², bien situé à l'entrée de Nabeul sur la route principal et proche de toutes les commodités.
Cet immeuble est loué avec un bon loyer annuelle, il comporte un 1er et un 2éme étages et il est extensible jusqu' à 7 étages selon la vocation de la zone.
Pour plus d'informations, veuillez contacter Mme Emna aux : <a type=""phone"">+21628XXXXXX</a> / <a type=""phone"">+21652XXXXXX</a>.",3200000.0,800.0,Immeuble de bureaux,officeBuilding,sale,agency,3609,https://www.tunisiapromo.com/images/141930.jpg,"[""https://www.tunisiapromo.com/images/141930.jpg""]","[{""url"": ""https://www.tunisiapromo.com/images/141930.jpg"", ""sourceId"": 4, ""adUrl"": ""https://www.tunisiapromo.com/annonce/immeuble-farid-ref-z141930.html""}]","[{""sourceId"": 4, ""url"": ""https://www.tunisiapromo.com/annonce/immeuble-farid-ref-z141930.html"", ""price"": 3200000, ""sellerType"": ""agency"", ""lastModified"": ""2024-03-19 19:12:05""}, {""sourceId"": 3, ""url"": ""https://www.ballouchi.com/annonces/immobilier/fonds-de-commerce-locaux-commerciaux/immeuble-farid-ref-v1329-5.html"", ""price"": 3200000, ""sellerType"": ""agency"", ""lastModified"": ""2024-03-19 00:26:29""}]","[{""sellerType"": ""agency"", ""contactName"": ""TPS"", ""active"": true}]",2,2,1,1,8,3,[],2022-01-07 00:27:53,2021-02-23 19:16:03,2024-03-19 19:12:05,2021-02-23 19:16:03,1,2026-02-07 13:36:13
717741,Immeuble 560 divisé 3 appartements s+3,"Vends Immeuble standing surface habitable 560m2 et divisé en 3 appartement de standing indépendants 
Rdc : 200 habitable 
1er étage 200m2 habitable 
2e étage : 160m2 habitable

Chaque logement est indépendant 

Chauffage individuel gaz de ville.
Immeuble récent et fonctionnel",990000.0,560.0,Immeuble de bureaux,officeBuilding,sale,private,415,,[],,"[{""sourceId"": 4, ""url"": ""https://www.tunisiapromo.com/annonce/immeuble-560-divise-3-appartements-s-3-z141646.html"", ""price"": 990000, ""sellerType"": ""private"", ""lastModified"": ""2024-02-29 05:21:34""}]","[{""sellerType"": ""private"", ""contactName"": ""Raf"", ""active"": true}]",1,1,1,1,2,1,"[""heating"", ""equippedKitchen"", ""garage"", ""garden"", ""parking"", ""terrace""]",2024-02-29 14:56:19,2024-02-29 05:21:34,2024-02-29 14:55:16,2024-02-29 05:21:34,1,2026-02-07 13:36:15
1176291,Immeuble de standing 560m2,"A vendre immeuble de standing à Mnihla quartier résidentiel et présidentiel proche jardin del menzah 2, c est un immeuble d’une surface habitable de 560m2 et divisé en 3 appartements RDC, 1er et 2 étage … chaque appartement est S+3 avec salle de bain, salle d’eau, et cuisine équipée, 2 balcons pour chaque logements..
Possibilité de louer les étages 1000 dinars / étages 
Immeuble standing travaux récents absolument rien à prévoir ..
École privé, public, et nombreux commerces à proximité.",995000.0,560.0,Immeuble de bureaux,officeBuilding,sale,private,4881,http://cdn2.ballouchi.com/800x600/392259-1.jpeg,"[""https://server.bigdatis.com/api/properties/image/305703972"", ""https://server.bigdatis.com/api/properties/image/305703973"", ""https://server.bigdatis.com/api/properties/image/305703974"", ""https://server.bigdatis.com/api/properties/image/305703975"", ""https://server.bigdatis.com/api/properties/image/305703976"", ""https://server.bigdatis.com/api/properties/image/305703977"", ""https://server.bigdatis.com/api/properties/image/305703978"", ""https://server.bigdatis.com/api/properties/image/305703979"", ""https://server.bigdatis.com/api/properties/image/305703980"", ""https://server.bigdatis.com/api/properties/image/305703981"", ""https://server.bigdatis.com/api/properties/image/305703982"", ""https://server.bigdatis.com/api/properties/image/305703983""]","[{""url"": ""https://server.bigdatis.com/api/properties/image/305703972"", ""sourceId"": 3, ""adUrl"": ""https://www.ballouchi.com/annonces/immobilier/villas/immeuble-de-standing-560m2.html""}, {""url"": ""https://server.bigdatis.com/api/properties/image/305703973"", ""sourceId"": 3, ""adUrl"": ""https://www.ballouchi.com/annonces/immobilier/villas/immeuble-de-standing-560m2.html""}, {""url"": ""https://server.bigdatis.com/api/properties/image/305703974"", ""sourceId"": 3, ""adUrl"": ""https://www.ballouchi.com/annonces/immobilier/villas/immeuble-de-standing-560m2.html""}, {""url"": ""https://server.bigdatis.com/api/properties/image/305703975"", ""sourceId"": 3, ""adUrl"": ""https://www.ballouchi.com/annonces/immobilier/villas/immeuble-de-standing-560m2.html""}, {""url"": ""https://server.bigdatis.com/api/properties/image/305703976"", ""sourceId"": 3, ""adUrl"": ""https://www.ballouchi.com/annonces/immobilier/villas/immeuble-de-standing-560m2.html""}, {""url"": ""https://server.bigdatis.com/api/properties/image/305703977"", ""sourceId"": 3, ""adUrl"": ""https://www.ballouchi.com/annonces/immobilier/villas/immeuble-de-standing-560m2.html""}, {""url"": ""https://server.bigdatis.com/api/properties/image/305703978"", ""sourceId"": 3, ""adUrl"": ""https://www.ballouchi.com/annonces/immobilier/villas/immeuble-de-standing-560m2.html""}, {""url"": ""https://server.bigdatis.com/api/properties/image/305703979"", ""sourceId"": 3, ""adUrl"": ""https://www.ballouchi.com/annonces/immobilier/villas/immeuble-de-standing-560m2.html""}, {""url"": ""https://server.bigdatis.com/api/properties/image/305703980"", ""sourceId"": 3, ""adUrl"": ""https://www.ballouchi.com/annonces/immobilier/villas/immeuble-de-standing-560m2.html""}, {""url"": ""https://server.bigdatis.com/api/properties/image/305703981"", ""sourceId"": 3, ""adUrl"": ""https://www.ballouchi.com/annonces/immobilier/villas/immeuble-de-standing-560m2.html""}, {""url"": ""https://server.bigdatis.com/api/properties/image/305703982"", ""sourceId"": 3, ""adUrl"": ""https://www.ballouchi.com/annonces/immobilier/villas/immeuble-de-standing-560m2.html""}, {""url"": ""https://server.bigdatis.com/api/properties/image/305703983"", ""sourceId"": 3, ""adUrl"": ""https://www.ballouchi.com/annonces/immobilier/villas/immeuble-de-standing-560m2.html""}]","[{""sourceId"": 3, ""url"": ""https://www.ballouchi.com/annonces/immobilier/villas/immeuble-de-standing-560m2-2.html"", ""price"": 995000, ""sellerType"": ""private"", ""lastModified"": ""2024-02-29 00:49:24""}]","[{""sellerType"": ""private"", ""contactName"": ""BOUKRAA3"", ""active"": true}]",1,1,1,1,2,2,"[""balcony"", ""centralHeating""]",2025-10-24 00:46:59,2024-02-29 00:46:55,2024-02-29 00:49:24,2024-02-29 00:46:55,1,2026-02-07 13:36:18
715795,Immeuble Daniel à Vendre à Mnihla,"Un immeuble commercial sur un terrain de 760 m², situé dans un bon quartier à Mnihla. Au RDC, on trouve un hall de réception, 4 bureaux, une grande salle, une kitchenette, des WC et un dépôt. Au 1er étage, on a 8 bureaux et 4 WC. Le 2éme étage est en cours de finition. L'immeuble est doté d'un escalier de secours pour les situations d'urgence, d'une entrée dédiée aux véhicules, ainsi que d'un petit jardin. Pour plus de renseignements, Veuillez contacter L’agent sur le <a type=""phone"">+21651XXXXXX</a>.",1200000.0,760.0,Immeuble de bureaux,officeBuilding,sale,agency,415,http://cdn2.ballouchi.com/800x600/392109-1.jpg,"[""https://server.bigdatis.com/api/properties/image/305447347"", ""https://server.bigdatis.com/api/properties/image/305447348"", ""https://server.bigdatis.com/api/properties/image/305447349"", ""https://server.bigdatis.com/api/properties/image/305447350"", ""https://server.bigdatis.com/api/properties/image/305447351"", ""https://server.bigdatis.com/api/properties/image/305447352"", ""https://server.bigdatis.com/api/properties/image/305447353"", ""https://server.bigdatis.com/api/properties/image/305447354"", ""https://server.bigdatis.com/api/properties/image/305447355"", ""https://server.bigdatis.com/api/properties/image/305447356"", ""https://server.bigdatis.com/api/properties/image/305447357"", ""https://server.bigdatis.com/api/properties/image/305447358"", ""https://server.bigdatis.com/api/properties/image/305447359"", ""https://server.bigdatis.com/api/properties/image/305447360"", ""https://server.bigdatis.com/api/properties/image/305447361"", ""https://server.bigdatis.com/api/properties/image/305447362"", ""https://server.bigdatis.com/api/properties/image/305447363"", ""https://server.bigdatis.com/api/properties/image/305447364"", ""https://server.bigdatis.com/api/properties/image/305447365"", ""https://server.bigdatis.com/api/properties/image/305447366""]","[{""url"": ""https://server.bigdatis.com/api/properties/image/305447347"", ""sourceId"": 3, ""adUrl"": ""https://www.ballouchi.com/annonces/immobilier/villas/immeuble-daniel-a-vendre-a-mnihla.html""}, {""url"": ""https://server.bigdatis.com/api/properties/image/305447348"", ""sourceId"": 3, ""adUrl"": ""https://www.ballouchi.com/annonces/immobilier/villas/immeuble-daniel-a-vendre-a-mnihla.html""}, {""url"": ""https://server.bigdatis.com/api/properties/image/305447349"", ""sourceId"": 3, ""adUrl"": ""https://www.ballouchi.com/annonces/immobilier/villas/immeuble-daniel-a-vendre-a-mnihla.html""}, {""url"": ""https://server.bigdatis.com/api/properties/image/305447350"", ""sourceId"": 3, ""adUrl"": ""https://www.ballouchi.com/annonces/immobilier/villas/immeuble-daniel-a-vendre-a-mnihla.html""}, {""url"": ""https://server.bigdatis.com/api/properties/image/305447351"", ""sourceId"": 3, ""adUrl"": ""https://www.ballouchi.com/annonces/immobilier/villas/immeuble-daniel-a-vendre-a-mnihla.html""}, {""url"": ""https://server.bigdatis.com/api/properties/image/305447352"", ""sourceId"": 3, ""adUrl"": ""https://www.ballouchi.com/annonces/immobilier/villas/immeuble-daniel-a-vendre-a-mnihla.html""}, {""url"": ""https://server.bigdatis.com/api/properties/image/305447353"", ""sourceId"": 3, ""adUrl"": ""https://www.ballouchi.com/annonces/immobilier/villas/immeuble-daniel-a-vendre-a-mnihla.html""}, {""url"": ""https://server.bigdatis.com/api/properties/image/305447354"", ""sourceId"": 3, ""adUrl"": ""https://www.ballouchi.com/annonces/immobilier/villas/immeuble-daniel-a-vendre-a-mnihla.html""}, {""url"": ""https://server.bigdatis.com/api/properties/image/305447355"", ""sourceId"": 3, ""adUrl"": ""https://www.ballouchi.com/annonces/immobilier/villas/immeuble-daniel-a-vendre-a-mnihla.html""}, {""url"": ""https://server.bigdatis.com/api/properties/image/305447356"", ""sourceId"": 3, ""adUrl"": ""https://www.ballouchi.com/annonces/immobilier/villas/immeuble-daniel-a-vendre-a-mnihla.html""}, {""url"": ""https://server.bigdatis.com/api/properties/image/305447357"", ""sourceId"": 3, ""adUrl"": ""https://www.ballouchi.com/annonces/immobilier/villas/immeuble-daniel-a-vendre-a-mnihla.html""}, {""url"": ""https://server.bigdatis.com/api/properties/image/305447358"", ""sourceId"": 3, ""adUrl"": ""https://www.ballouchi.com/annonces/immobilier/villas/immeuble-daniel-a-vendre-a-mnihla.html""}, {""url"": ""https://server.bigdatis.com/api/properties/image/305447359"", ""sourceId"": 3, ""adUrl"": ""https://www.ballouchi.com/annonces/immobilier/villas/immeuble-daniel-a-vendre-a-mnihla.html""}, {""url"": ""https://server.bigdatis.com/api/properties/image/305447360"", ""sourceId"": 3, ""adUrl"": ""https://www.ballouchi.com/annonces/immobilier/villas/immeuble-daniel-a-vendre-a-mnihla.html""}, {""url"": ""https://server.bigdatis.com/api/properties/image/305447361"", ""sourceId"": 3, ""adUrl"": ""https://www.ballouchi.com/annonces/immobilier/villas/immeuble-daniel-a-vendre-a-mnihla.html""}, {""url"": ""https://server.bigdatis.com/api/properties/image/305447362"", ""sourceId"": 3, ""adUrl"": ""https://www.ballouchi.com/annonces/immobilier/villas/immeuble-daniel-a-vendre-a-mnihla.html""}, {""url"": ""https://server.bigdatis.com/api/properties/image/305447363"", ""sourceId"": 3, ""adUrl"": ""https://www.ballouchi.com/annonces/immobilier/villas/immeuble-daniel-a-vendre-a-mnihla.html""}, {""url"": ""https://server.bigdatis.com/api/properties/image/305447364"", ""sourceId"": 3, ""adUrl"": ""https://www.ballouchi.com/annonces/immobilier/villas/immeuble-daniel-a-vendre-a-mnihla.html""}, {""url"": ""https://server.bigdatis.com/api/properties/image/305447365"", ""sourceId"": 3, ""adUrl"": ""https://www.ballouchi.com/annonces/immobilier/villas/immeuble-daniel-a-vendre-a-mnihla.html""}, {""url"": ""https://server.bigdatis.com/api/properties/image/305447366"", ""sourceId"": 3, ""adUrl"": ""https://www.ballouchi.com/annonces/immobilier/villas/immeuble-daniel-a-vendre-a-mnihla.html""}]","[{""sourceId"": 3, ""url"": ""https://www.ballouchi.com/annonces/immobilier/villas/immeuble-daniel-a-vendre-a-mnihla.html"", ""price"": 1200000, ""sellerType"": ""agency"", ""lastModified"": ""2024-02-26 21:31:31""}]","[{""sellerType"": ""agency"", ""contactName"": ""homesweethome"", ""active"": true}]",1,1,1,1,3,1,[],2024-02-26 11:06:04,2024-02-26 11:05:56,2024-02-26 21:31:31,2024-02-26 11:05:56,1,2026-02-07 13:36:20
707913,Immeuble Ellen à Vendre à Ariana,"Un immeuble inachevé avec mezzanine sur un terrain de 254 m² et d'une vocation R+2, situé dans la Zone Industrielle El Bokri à Ariana. Au sous-sol on a un parking pour 7 voitures. Pour plus de renseignements, Veuillez contacter L’agent sur le <a type=""phone"">+21651XXXXXX</a>.",790000.0,254.0,Immeuble de bureaux,officeBuilding,sale,agency,476,http://cdn2.ballouchi.com/800x600/391435-1.jpg,"[""https://server.bigdatis.com/api/properties/image/305683009"", ""https://server.bigdatis.com/api/properties/image/305683010"", ""https://server.bigdatis.com/api/properties/image/305683011""]","[{""url"": ""https://server.bigdatis.com/api/properties/image/305683009"", ""sourceId"": 3, ""adUrl"": ""https://www.ballouchi.com/annonces/immobilier/villas/immeuble-ellen-a-vendre-a-ariana.html""}, {""url"": ""https://server.bigdatis.com/api/properties/image/305683010"", ""sourceId"": 3, ""adUrl"": ""https://www.ballouchi.com/annonces/immobilier/villas/immeuble-ellen-a-vendre-a-ariana.html""}, {""url"": ""https://server.bigdatis.com/api/properties/image/305683011"", ""sourceId"": 3, ""adUrl"": ""https://www.ballouchi.com/annonces/immobilier/villas/immeuble-ellen-a-vendre-a-ariana.html""}]","[{""sourceId"": 3, ""url"": ""https://www.ballouchi.com/annonces/immobilier/villas/immeuble-ellen-a-vendre-a-ariana.html"", ""price"": 790000, ""sellerType"": ""agency"", ""lastModified"": ""2024-02-09 00:27:07""}]","[{""sellerType"": ""agency"", ""contactName"": ""homesweethome"", ""active"": true}]",1,1,1,1,2,1,[],2024-02-09 11:11:02,2024-02-09 00:27:07,2024-02-09 11:10:18,2024-02-09 00:27:07,1,2026-02-07 13:36:23
81699,VT423Immeuble au centre ville Kelibia,"A vendre un immeuble au centre ville Kelibia dans un emplacement stratégique de superficie de terrain de 400 m² avec une façade de 20 mètres .composé  d’un sous sol, en rez de chaussé un espace commercial sur deux étages (mezzanine) et 3 étages chaque étage contient 6 bureaux de superficie entre 45 m² et 65 m².
Immeuble équipé d’un ascenseur du sous sol au dernier étage.
18 Bureaux aménagé équipé de deux chambres, un salon et une toilette.
Immeuble avec titre foncier.
Prix : 3 900 000 Dt
Référence : VT423
Tel : <a type=""phone"">+21672XXXXXX</a> / <a type=""phone"">+21629XXXXXX</a> / <a type=""phone"">+21629XXXXXX</a>.",3900000.0,400.0,Immeuble de bureaux,officeBuilding,sale,agency,3496,http://cdn2.ballouchi.com/800x600/358301-2.jpg,"[""https://server.bigdatis.com/api/properties/image/305485644"", ""https://server.bigdatis.com/api/properties/image/305485645"", ""https://server.bigdatis.com/api/properties/image/305485646"", ""https://server.bigdatis.com/api/properties/image/305485647"", ""https://server.bigdatis.com/api/properties/image/305485648"", ""https://server.bigdatis.com/api/properties/image/305485649"", ""https://server.bigdatis.com/api/properties/image/305485650"", ""https://server.bigdatis.com/api/properties/image/305485651"", ""https://server.bigdatis.com/api/properties/image/305485652"", ""https://server.bigdatis.com/api/properties/image/305485653"", ""https://server.bigdatis.com/api/properties/image/305485654"", ""https://server.bigdatis.com/api/properties/image/305485655"", ""https://server.bigdatis.com/api/properties/image/305485656"", ""https://server.bigdatis.com/api/properties/image/305485657"", ""https://server.bigdatis.com/api/properties/image/305485658"", ""https://server.bigdatis.com/api/properties/image/305485659"", ""https://server.bigdatis.com/api/properties/image/305485660"", ""https://server.bigdatis.com/api/properties/image/305485661"", ""https://server.bigdatis.com/api/properties/image/305485662"", ""https://www.tunisiapromo.com/gallery/photo-2-537133.jpg""]","[{""url"": ""https://server.bigdatis.com/api/properties/image/305485644"", ""sourceId"": 3, ""adUrl"": ""https://www.ballouchi.com/annonces/immobilier/fonds-de-commerce-locaux-commerciaux/vt423immeuble-au-centre-ville-kelibia.html""}, {""url"": ""https://server.bigdatis.com/api/properties/image/305485645"", ""sourceId"": 3, ""adUrl"": ""https://www.ballouchi.com/annonces/immobilier/fonds-de-commerce-locaux-commerciaux/vt423immeuble-au-centre-ville-kelibia.html""}, {""url"": ""https://server.bigdatis.com/api/properties/image/305485646"", ""sourceId"": 3, ""adUrl"": ""https://www.ballouchi.com/annonces/immobilier/fonds-de-commerce-locaux-commerciaux/vt423immeuble-au-centre-ville-kelibia.html""}, {""url"": ""https://server.bigdatis.com/api/properties/image/305485647"", ""sourceId"": 3, ""adUrl"": ""https://www.ballouchi.com/annonces/immobilier/fonds-de-commerce-locaux-commerciaux/vt423immeuble-au-centre-ville-kelibia.html""}, {""url"": ""https://server.bigdatis.com/api/properties/image/305485648"", ""sourceId"": 3, ""adUrl"": ""https://www.ballouchi.com/annonces/immobilier/fonds-de-commerce-locaux-commerciaux/vt423immeuble-au-centre-ville-kelibia.html""}, {""url"": ""https://server.bigdatis.com/api/properties/image/305485649"", ""sourceId"": 3, ""adUrl"": ""https://www.ballouchi.com/annonces/immobilier/fonds-de-commerce-locaux-commerciaux/vt423immeuble-au-centre-ville-kelibia.html""}, {""url"": ""https://server.bigdatis.com/api/properties/image/305485650"", ""sourceId"": 3, ""adUrl"": ""https://www.ballouchi.com/annonces/immobilier/fonds-de-commerce-locaux-commerciaux/vt423immeuble-au-centre-ville-kelibia.html""}, {""url"": ""https://server.bigdatis.com/api/properties/image/305485651"", ""sourceId"": 3, ""adUrl"": ""https://www.ballouchi.com/annonces/immobilier/fonds-de-commerce-locaux-commerciaux/vt423immeuble-au-centre-ville-kelibia.html""}, {""url"": ""https://server.bigdatis.com/api/properties/image/305485652"", ""sourceId"": 3, ""adUrl"": ""https://www.ballouchi.com/annonces/immobilier/fonds-de-commerce-locaux-commerciaux/vt423immeuble-au-centre-ville-kelibia.html""}, {""url"": ""https://server.bigdatis.com/api/properties/image/305485653"", ""sourceId"": 3, ""adUrl"": ""https://www.ballouchi.com/annonces/immobilier/fonds-de-commerce-locaux-commerciaux/vt423immeuble-au-centre-ville-kelibia.html""}, {""url"": ""https://server.bigdatis.com/api/properties/image/305485654"", ""sourceId"": 3, ""adUrl"": ""https://www.ballouchi.com/annonces/immobilier/fonds-de-commerce-locaux-commerciaux/vt423immeuble-au-centre-ville-kelibia.html""}, {""url"": ""https://server.bigdatis.com/api/properties/image/305485655"", ""sourceId"": 3, ""adUrl"": ""https://www.ballouchi.com/annonces/immobilier/fonds-de-commerce-locaux-commerciaux/vt423immeuble-au-centre-ville-kelibia.html""}, {""url"": ""https://server.bigdatis.com/api/properties/image/305485656"", ""sourceId"": 3, ""adUrl"": ""https://www.ballouchi.com/annonces/immobilier/fonds-de-commerce-locaux-commerciaux/vt423immeuble-au-centre-ville-kelibia.html""}, {""url"": ""https://server.bigdatis.com/api/properties/image/305485657"", ""sourceId"": 3, ""adUrl"": ""https://www.ballouchi.com/annonces/immobilier/fonds-de-commerce-locaux-commerciaux/vt423immeuble-au-centre-ville-kelibia.html""}, {""url"": ""https://server.bigdatis.com/api/properties/image/305485658"", ""sourceId"": 3, ""adUrl"": ""https://www.ballouchi.com/annonces/immobilier/fonds-de-commerce-locaux-commerciaux/vt423immeuble-au-centre-ville-kelibia.html""}, {""url"": ""https://server.bigdatis.com/api/properties/image/305485659"", ""sourceId"": 3, ""adUrl"": ""https://www.ballouchi.com/annonces/immobilier/fonds-de-commerce-locaux-commerciaux/vt423immeuble-au-centre-ville-kelibia.html""}, {""url"": ""https://server.bigdatis.com/api/properties/image/305485660"", ""sourceId"": 3, ""adUrl"": ""https://www.ballouchi.com/annonces/immobilier/fonds-de-commerce-locaux-commerciaux/vt423immeuble-au-centre-ville-kelibia.html""}, {""url"": ""https://server.bigdatis.com/api/properties/image/305485661"", ""sourceId"": 3, ""adUrl"": ""https://www.ballouchi.com/annonces/immobilier/fonds-de-commerce-locaux-commerciaux/vt423immeuble-au-centre-ville-kelibia.html""}, {""url"": ""https://server.bigdatis.com/api/properties/image/305485662"", ""sourceId"": 3, ""adUrl"": ""https://www.ballouchi.com/annonces/immobilier/fonds-de-commerce-locaux-commerciaux/vt423immeuble-au-centre-ville-kelibia.html""}, {""url"": ""https://www.tunisiapromo.com/gallery/photo-2-537133.jpg"", ""sourceId"": 4, ""adUrl"": ""https://www.tunisiapromo.com/annonce/immeuble-au-centre-ville-kelibia-z128526.html""}]","[{""sourceId"": 3, ""url"": ""https://www.ballouchi.com/annonces/immobilier/fonds-de-commerce-locaux-commerciaux/vt423immeuble-au-centre-ville-kelibia.html"", ""price"": 3900000, ""sellerType"": ""agency"", ""lastModified"": ""2023-02-11 22:02:40""}, {""sourceId"": 4, ""url"": ""https://www.tunisiapromo.com/annonce/immeuble-au-centre-ville-kelibia-z128526.html"", ""price"": 3900000, ""sellerType"": ""agency"", ""lastModified"": ""2022-11-21 02:21:08""}]","[{""sellerType"": ""agency"", ""contactName"": ""aspisimmo"", ""active"": true}]",2,2,1,1,8,2,[],2022-01-06 19:08:13,2022-01-06 19:08:13,2024-01-10 08:28:16,2022-01-06 19:08:13,1,2026-02-07 13:36:26
116188,Joli immeuble HS en open space à charguia 1,"l'agence darek immob met en location un joli immeuble à charguia 1, conçu sur trois niveaux en open space , il présente les caractéristiques suivantes :

Surface 2000 m2

kitchenette

toilettes

gardien

ascenseur

climatisation centrale

câblage 

fibre optique

accès par gp 10

transport public à 5 min

parking

alarme

double vitrage

parking

Prix : 30000 dt/ht/mois


Pour plus d'info merci de nous contacter notre agence au <a type=""phone"">+21651XXXXXX</a>/<a type=""phone"">+21699XXXXXX</a>",30000.0,2000.0,Immeuble de bureaux,officeBuilding,sale,agency,347,http://cdn2.ballouchi.com/800x600/362178-1.jpg,"[""https://server.bigdatis.com/api/properties/image/305658669""]","[{""url"": ""https://server.bigdatis.com/api/properties/image/305658669"", ""sourceId"": 3, ""adUrl"": ""https://www.ballouchi.com/annonces/immobilier/bureaux/joli-immeuble-hs-en-open-space-a-charguia-1.html""}]","[{""sourceId"": 3, ""url"": ""https://www.ballouchi.com/annonces/immobilier/bureaux/joli-immeuble-hs-en-open-space-a-charguia-1.html"", ""price"": 30000, ""sellerType"": ""agency"", ""lastModified"": ""2023-12-05 00:08:10""}]","[{""sellerType"": ""agency"", ""contactName"": ""Darekimmob"", ""active"": true}]",1,1,1,1,3,1,"[""elevator"", ""airConditioning"", ""equippedKitchen"", ""garden"", ""parking""]",2023-01-16 10:50:06,2023-01-16 00:08:10,2023-12-05 00:08:10,2023-01-16 00:08:10,1,2026-02-07 13:36:31
674952,Locale commercial ou bureautique devant colisée à Vendre,"a vendre local au rez de chaussee a beb bhar en face immeuble colisee a usage bureautique ou commercial .

Ideale pour les notairesavocats assurancebanquescentre d appelcomprenat 6 pieces et parking.",260000.0,128.0,Immeuble de bureaux,officeBuilding,sale,agency,3924,https://www.menzili.tn/upload/photos/2023/11/29/13/02/h11d95isev.jpeg,"[""https://www.menzili.tn/upload/photos/2023/11/29/13/02/h11d95isev.jpeg"", ""https://www.menzili.tn/upload/photos/2023/11/29/13/02/ssdd423s1z.jpeg"", ""https://www.menzili.tn/upload/photos/2023/11/29/13/02/h6pns2vd9s.jpeg"", ""https://www.menzili.tn/upload/photos/2023/11/29/13/02/724n32dv64.jpeg""]","[{""url"": ""https://www.menzili.tn/upload/photos/2023/11/29/13/02/h11d95isev.jpeg"", ""sourceId"": 13, ""adUrl"": ""https://www.menzili.tn/annonce/annonce-126171""}, {""url"": ""https://www.menzili.tn/upload/photos/2023/11/29/13/02/ssdd423s1z.jpeg"", ""sourceId"": 13, ""adUrl"": ""https://www.menzili.tn/annonce/annonce-126171""}, {""url"": ""https://www.menzili.tn/upload/photos/2023/11/29/13/02/h6pns2vd9s.jpeg"", ""sourceId"": 13, ""adUrl"": ""https://www.menzili.tn/annonce/annonce-126171""}, {""url"": ""https://www.menzili.tn/upload/photos/2023/11/29/13/02/724n32dv64.jpeg"", ""sourceId"": 13, ""adUrl"": ""https://www.menzili.tn/annonce/annonce-126171""}]","[{""sourceId"": 13, ""url"": ""https://www.menzili.tn/annonce/annonce-126171"", ""price"": 260000, ""sellerType"": ""agency"", ""lastModified"": ""2023-11-29 01:18:43""}]","[{""sellerType"": ""agency"", ""contactName"": ""Agence Immobilière Saddoud"", ""active"": true}]",1,1,1,1,3,1,[],2023-11-29 13:03:04,2023-11-29 01:18:43,2023-11-29 13:04:03,2023-11-29 01:18:43,1,2026-02-07 13:36:32
673840,Immeuble bureautique hs au lac 3kram,"L'agence Darek immob met en location un joli immeuble haut standing au lac 3 le kram, il présente les caractéristiques suivantes :

2600 m² de surfaces totale

4 étages en open space plus des bureaux

climatisation chaud et froid

éclairage led

alarme

parking sous sol

orientation sud est

toilettes

parking

ascenseurs

fibre optique

près de commerces 

transport public à 10 min

double vitrage

nb: plan sur demande

Prix :50000 dt/ht/mois

merci de nous contactez au <a type=""phone"">+21651XXXXXX</a>/<a type=""phone"">+21699XXXXXX</a>",50000.0,2600.0,Immeuble de bureaux,officeBuilding,sale,agency,5202,https://www.menzili.tn/upload/photos/2023/11/27/11/23/5trv6o9vz9.jpg,"[""https://www.menzili.tn/upload/photos/2023/11/27/11/23/5trv6o9vz9.jpg"", ""https://www.menzili.tn/upload/photos/2023/11/27/11/23/2j347sddg2.jpg"", ""https://www.menzili.tn/upload/photos/2023/11/27/11/23/6fnqdm3g1v.jpg""]","[{""url"": ""https://www.menzili.tn/upload/photos/2023/11/27/11/23/5trv6o9vz9.jpg"", ""sourceId"": 13, ""adUrl"": ""https://www.menzili.tn/annonce/annonce-126014""}, {""url"": ""https://www.menzili.tn/upload/photos/2023/11/27/11/23/2j347sddg2.jpg"", ""sourceId"": 13, ""adUrl"": ""https://www.menzili.tn/annonce/annonce-126014""}, {""url"": ""https://www.menzili.tn/upload/photos/2023/11/27/11/23/6fnqdm3g1v.jpg"", ""sourceId"": 13, ""adUrl"": ""https://www.menzili.tn/annonce/annonce-126014""}]","[{""sourceId"": 13, ""url"": ""https://www.menzili.tn/annonce/annonce-126014"", ""price"": 50000, ""sellerType"": ""agency"", ""lastModified"": ""2023-11-27 01:01:43""}]","[{""sellerType"": ""agency"", ""contactName"": ""Darek Immobilière & Consulting"", ""active"": true}]",1,1,1,1,5,1,"[""airConditioning"", ""garage"", ""elevator""]",2023-11-27 11:52:03,2023-11-27 01:01:43,2023-11-27 12:01:34,2023-11-27 01:01:43,1,2026-02-07 13:36:34
551712,Immeuble bureautique retapé à neuf au lac 1,"Agence Darek Immobilière et consulting vous propose en location au Berge du Lac 1 un très beau immeuble R4 de haut standing et d’une superficie de 2820 m2  hors sous sol ,idéal pour un siège de société , il présente les caractéristiques présentes:

Immeuble totalement rénové et très bien équipé

plus d'une cinquantaine de bureaux

Orientation et vue super

Climatisation centrale

Toilettes

Faux plafond

Terrasse et patio

Sécurité et alarme incendie

Générateur électrique

Parking sous sol et extérieurs pour plus de 80 voitures.

Prix hors parking:70500 dt/ht/mois

pour plus d'info veuillez rappeler notre agence au <a type=""phone"">+21651XXXXXX</a>/<a type=""phone"">+21699XXXXXX</a>",70500.0,2820.0,Immeuble de bureaux,officeBuilding,sale,agency,4942,http://cdn2.ballouchi.com/800x600/369080-1.jpg,"[""https://server.bigdatis.com/api/properties/image/305607735"", ""https://server.bigdatis.com/api/properties/image/305607736"", ""https://server.bigdatis.com/api/properties/image/305607737"", ""https://server.bigdatis.com/api/properties/image/305607738"", ""https://server.bigdatis.com/api/properties/image/305607739""]","[{""url"": ""https://server.bigdatis.com/api/properties/image/305607735"", ""sourceId"": 3, ""adUrl"": ""https://www.ballouchi.com/annonces/immobilier/bureaux/immeuble-bureautique-retape-a-neuf-au-lac-1.html""}, {""url"": ""https://server.bigdatis.com/api/properties/image/305607736"", ""sourceId"": 3, ""adUrl"": ""https://www.ballouchi.com/annonces/immobilier/bureaux/immeuble-bureautique-retape-a-neuf-au-lac-1.html""}, {""url"": ""https://server.bigdatis.com/api/properties/image/305607737"", ""sourceId"": 3, ""adUrl"": ""https://www.ballouchi.com/annonces/immobilier/bureaux/immeuble-bureautique-retape-a-neuf-au-lac-1.html""}, {""url"": ""https://server.bigdatis.com/api/properties/image/305607738"", ""sourceId"": 3, ""adUrl"": ""https://www.ballouchi.com/annonces/immobilier/bureaux/immeuble-bureautique-retape-a-neuf-au-lac-1.html""}, {""url"": ""https://server.bigdatis.com/api/properties/image/305607739"", ""sourceId"": 3, ""adUrl"": ""https://www.ballouchi.com/annonces/immobilier/bureaux/immeuble-bureautique-retape-a-neuf-au-lac-1.html""}]","[{""sourceId"": 3, ""url"": ""https://www.ballouchi.com/annonces/immobilier/bureaux/immeuble-bureautique-retape-a-neuf-au-lac-1.html"", ""price"": 70500, ""sellerType"": ""agency"", ""lastModified"": ""2023-11-15 23:34:04""}]","[{""sellerType"": ""agency"", ""contactName"": ""Darekimmob"", ""active"": true}]",1,1,1,1,5,1,"[""elevator"", ""balcony"", ""airConditioning"", ""garden"", ""parking""]",2023-04-24 11:12:07,2023-04-24 11:12:07,2023-11-15 23:34:04,2023-04-24 11:12:07,1,2026-02-07 13:36:36
699402,Immeuble a usage de foyer univesitaire,"à louer ou à vendre immeuble neuf de 750 m2 sur 3 étages à usage administratif ou de foyer universitaire 
le rez de chaussée comprend une grande salle avec mezzanine à usage d'administration, lavomatic, distributeur automatic de boissons ou snacks. 
le premier et le deuxième étage comprennent 8 appartements (s+2, s+3), 8 cuisines, 8 salles d'eau et 8 salles communes (tv,révision.etc) pouvant contenir environ 60 lits pour étudiants. 
l'immeuble est équipé de pré-installation de chauffage central et climatisation. il est aussi équipé de 8 compteurs d'eau sonède, 5 compteurs steg, compteurs de gaz en cours.
l'immeuble a deux accès sécurisables, dont un donnant sur l'avenue principale hrairia au voisinage de la délégation ezzahrouni. à 5 km du centre de tunis et à 300 m de la station de metro rer. à quelques km du campus elmanar, la manouba, et des facultés 9 avril .etc, 
le quartier est servi par les lignes de bus 32(passage), 515 (campus), taxi de groupe et rer barchalouna.",4000.0,750.0,Immeuble de bureaux,officeBuilding,sale,private,4856,http://cdn2.ballouchi.com/800x600/224836-1.jpg,"[""https://server.bigdatis.com/api/properties/image/305699835"", ""https://server.bigdatis.com/api/properties/image/305699836"", ""https://server.bigdatis.com/api/properties/image/305699837"", ""https://server.bigdatis.com/api/properties/image/305699838"", ""https://server.bigdatis.com/api/properties/image/305699839"", ""https://server.bigdatis.com/api/properties/image/305699840"", ""https://server.bigdatis.com/api/properties/image/305699841""]","[{""url"": ""https://server.bigdatis.com/api/properties/image/305699835"", ""sourceId"": 3, ""adUrl"": ""https://www.ballouchi.com/annonces/immobilier/fonds-de-commerce-locaux-commerciaux/immeuble-a-usage-de-foyer-univesitaire.html""}, {""url"": ""https://server.bigdatis.com/api/properties/image/305699836"", ""sourceId"": 3, ""adUrl"": ""https://www.ballouchi.com/annonces/immobilier/fonds-de-commerce-locaux-commerciaux/immeuble-a-usage-de-foyer-univesitaire.html""}, {""url"": ""https://server.bigdatis.com/api/properties/image/305699837"", ""sourceId"": 3, ""adUrl"": ""https://www.ballouchi.com/annonces/immobilier/fonds-de-commerce-locaux-commerciaux/immeuble-a-usage-de-foyer-univesitaire.html""}, {""url"": ""https://server.bigdatis.com/api/properties/image/305699838"", ""sourceId"": 3, ""adUrl"": ""https://www.ballouchi.com/annonces/immobilier/fonds-de-commerce-locaux-commerciaux/immeuble-a-usage-de-foyer-univesitaire.html""}, {""url"": ""https://server.bigdatis.com/api/properties/image/305699839"", ""sourceId"": 3, ""adUrl"": ""https://www.ballouchi.com/annonces/immobilier/fonds-de-commerce-locaux-commerciaux/immeuble-a-usage-de-foyer-univesitaire.html""}, {""url"": ""https://server.bigdatis.com/api/properties/image/305699840"", ""sourceId"": 3, ""adUrl"": ""https://www.ballouchi.com/annonces/immobilier/fonds-de-commerce-locaux-commerciaux/immeuble-a-usage-de-foyer-univesitaire.html""}, {""url"": ""https://server.bigdatis.com/api/properties/image/305699841"", ""sourceId"": 3, ""adUrl"": ""https://www.ballouchi.com/annonces/immobilier/fonds-de-commerce-locaux-commerciaux/immeuble-a-usage-de-foyer-univesitaire.html""}]","[{""sourceId"": 3, ""url"": ""https://www.ballouchi.com/annonces/immobilier/fonds-de-commerce-locaux-commerciaux/immeuble-a-usage-de-foyer-univesitaire.html"", ""price"": 4000, ""sellerType"": ""private"", ""lastModified"": ""2023-09-10 00:40:59""}]","[{""sellerType"": ""private"", ""contactName"": ""AbdelkarimSofiane"", ""active"": true}]",1,1,1,1,2,1,[],2022-09-12 12:15:10,2017-08-10 00:40:59,2023-09-21 19:50:45,2017-08-10 00:40:59,1,2026-02-07 13:36:38
19791,Immeuble a usage administratif,"A Vendre en totalité 9 app s+2 s+3 usage commercial et administratif (2020) sur 2 étages ~800m2
avenue Hrairia Zahrouni Tunis  voisinage de la délégation   
Maps: 36.788461,10.112654⛳
Tel : <a type=""phone"">+21697XXXXXX</a> sur les lieux 
Whatsapp/Viber <a type=""phone"">+14389XXXXXX</a>",500.0,800.0,Immeuble de bureaux,officeBuilding,sale,private,4856,http://cdn2.ballouchi.com/800x600/353765-1.jpg,"[""https://server.bigdatis.com/api/properties/image/305696433"", ""https://server.bigdatis.com/api/properties/image/305696434"", ""https://server.bigdatis.com/api/properties/image/305696435"", ""https://server.bigdatis.com/api/properties/image/305696436"", ""https://server.bigdatis.com/api/properties/image/305696437""]","[{""url"": ""https://server.bigdatis.com/api/properties/image/305696433"", ""sourceId"": 3, ""adUrl"": ""https://www.ballouchi.com/annonces/immobilier/bureaux/immeuble-a-usage-administratif-4.html""}, {""url"": ""https://server.bigdatis.com/api/properties/image/305696434"", ""sourceId"": 3, ""adUrl"": ""https://www.ballouchi.com/annonces/immobilier/bureaux/immeuble-a-usage-administratif-4.html""}, {""url"": ""https://server.bigdatis.com/api/properties/image/305696435"", ""sourceId"": 3, ""adUrl"": ""https://www.ballouchi.com/annonces/immobilier/bureaux/immeuble-a-usage-administratif-4.html""}, {""url"": ""https://server.bigdatis.com/api/properties/image/305696436"", ""sourceId"": 3, ""adUrl"": ""https://www.ballouchi.com/annonces/immobilier/bureaux/immeuble-a-usage-administratif-4.html""}, {""url"": ""https://server.bigdatis.com/api/properties/image/305696437"", ""sourceId"": 3, ""adUrl"": ""https://www.ballouchi.com/annonces/immobilier/bureaux/immeuble-a-usage-administratif-4.html""}]","[{""sourceId"": 3, ""url"": ""https://www.ballouchi.com/annonces/immobilier/bureaux/immeuble-a-usage-administratif-4.html"", ""price"": 500, ""sellerType"": ""private"", ""lastModified"": ""2023-09-10 00:38:48""}]","[{""sellerType"": ""private"", ""contactName"": ""AbdelkarimSofiane"", ""active"": true}]",1,1,1,1,2,1,"[""balcony"", ""centralHeating""]",2022-09-15 13:41:17,2022-09-15 00:38:48,2023-09-10 16:46:21,2022-09-15 00:38:48,1,2026-02-07 13:36:40
16307,Immeuble R+4 Passage Centre Ville,"Immeuble R+4 Passage Centre Ville 
4 Bureaux Louée 7900dt
Salon de thé 
Restaurant
Emplacement ideal
Prix : 2.500.000dt
tel : <a type=""phone"">+21654XXXXXX</a>",2500000.0,,Immeuble de bureaux,officeBuilding,sale,agency,4813,http://cdn2.ballouchi.com/800x600/348050-1.jpg,"[""https://server.bigdatis.com/api/properties/image/305507549""]","[{""url"": ""https://server.bigdatis.com/api/properties/image/305507549"", ""sourceId"": 3, ""adUrl"": ""https://www.ballouchi.com/annonces/immobilier/autres/immeuble-r4-passage-centre-ville.html""}]","[{""sourceId"": 3, ""url"": ""https://www.ballouchi.com/annonces/immobilier/autres/immeuble-r4-passage-centre-ville.html"", ""price"": 2500000, ""sellerType"": ""agency"", ""lastModified"": ""2022-09-03 22:19:59""}]","[{""sellerType"": ""agency"", ""contactName"": ""AmenImmo"", ""active"": true}]",1,1,1,1,5,1,[],2022-07-26 09:13:14,2022-07-26 09:13:02,2023-05-21 11:45:56,2022-07-26 09:13:02,1,2026-02-07 13:36:41
571653,Immeuble neuf 2400 m² au lac 1,"l'agence Darek Immob propose à la location au lac 1 ,un joli immeuble retapé à neuf, surface 2400 m² , il présente les caractéristiques suivantes :

Open space

5 niveaux

- toilettes

-kitchenettes

-parking sous sol

-transport à 8 min

- accès par route gp9

-orienté est et sud

-double vitrage

-câblage réseau

-climatisation centrale

prix: 67000 dt/ht/mois

L'immeuble répond à tout les normes demandés par une firme ou institution national et international.

merci de contacter notre agence au <a type=""phone"">+21651XXXXXX</a>/<a type=""phone"">+21699XXXXXX</a>",67000.0,2400.0,Immeuble de bureaux,officeBuilding,sale,agency,4942,https://www.affare.tn/image/05_2023_1ffcf0bf.JPG,"[""https://www.affare.tn/image/05_2023_1ffcf0bf.JPG"", ""https://www.affare.tn/image/05_2023_0b697c78.JPG"", ""https://www.affare.tn/image/05_2023_df4699cd.JPG""]","[{""url"": ""https://www.affare.tn/image/05_2023_1ffcf0bf.JPG"", ""sourceId"": 6, ""adUrl"": ""https://www.affare.tn/annonce/immeuble-neuf-2400-m-au-lac-1-174325""}, {""url"": ""https://www.affare.tn/image/05_2023_0b697c78.JPG"", ""sourceId"": 6, ""adUrl"": ""https://www.affare.tn/annonce/immeuble-neuf-2400-m-au-lac-1-174325""}, {""url"": ""https://www.affare.tn/image/05_2023_df4699cd.JPG"", ""sourceId"": 6, ""adUrl"": ""https://www.affare.tn/annonce/immeuble-neuf-2400-m-au-lac-1-174325""}]","[{""sourceId"": 6, ""url"": ""https://www.affare.tn/annonce/immeuble-neuf-2400-m-au-lac-1-174325"", ""price"": 67000, ""sellerType"": ""agency"", ""lastModified"": ""2023-05-18 23:25:14""}]","[{""sellerType"": ""agency"", ""contactName"": ""Darek Immobilière "", ""active"": true}]",1,1,1,1,2,1,[],2023-05-18 16:08:10,2023-05-18 16:07:40,2023-05-18 23:25:14,2023-05-18 16:07:40,1,2026-02-07 13:36:43
17028,Immeuble R+4 Bab Saadoun,"Immeuble R+4 Bab Saadoun 
16 Appartements
4 locaux Commerciaux
Prix : 1.550.000dt
tel : <a type=""phone"">+21654XXXXXX</a>",1550000.0,,Immeuble de bureaux,officeBuilding,sale,agency,4820,http://cdn2.ballouchi.com/800x600/346085-1.jpg,"[""https://server.bigdatis.com/api/properties/image/305520846""]","[{""url"": ""https://server.bigdatis.com/api/properties/image/305520846"", ""sourceId"": 3, ""adUrl"": ""https://www.ballouchi.com/annonces/immobilier/autres/immeuble-beb-saadoun.html""}]","[{""sourceId"": 3, ""url"": ""https://www.ballouchi.com/annonces/immobilier/autres/immeuble-r4-bab-saadoun-2.html"", ""price"": 1550000, ""sellerType"": ""agency"", ""lastModified"": ""2022-07-26 23:14:48""}]","[{""sellerType"": ""agency"", ""contactName"": ""AmenImmo"", ""active"": true}]",1,1,1,1,12,3,[],2022-07-05 00:15:24,2022-07-04 00:01:34,2023-05-14 16:53:22,2023-04-14 16:48:20,1,2026-02-07 13:36:45
550086,Immeuble Caso à Vendre à Borj Cedria,"Un immeuble d'une superficie de 1428 m² idéale pour une société industrielle situé dans la zone industrielle de borj Cedria. Au RDC, on a un open space avec un hauteur sous plafond de 4,5 m² et un bureau avec un bloc sanitaire. Au 1er étage, on a un open space et 2 bureaux. Au 2éme étage, on a un open space avec 3 bureaux. A l'extérieur, on a un parking de voitures.",3900000.0,1428.0,Immeuble de bureaux,officeBuilding,sale,agency,967,https://www.menzili.tn/upload/photos/2023/04/19/13/29/2612smt2d4.jpg,"[""https://www.menzili.tn/upload/photos/2023/04/19/13/29/2612smt2d4.jpg"", ""https://www.menzili.tn/upload/photos/2023/04/19/13/30/9932f4i291.jpg"", ""https://www.menzili.tn/upload/photos/2023/04/19/13/30/926zqv5s6v.jpg"", ""https://www.menzili.tn/upload/photos/2023/04/19/13/30/7284f4nqqo.jpg"", ""https://www.menzili.tn/upload/photos/2023/04/19/13/30/53n6ig5947.jpg""]","[{""url"": ""https://www.menzili.tn/upload/photos/2023/04/19/13/29/2612smt2d4.jpg"", ""sourceId"": 13, ""adUrl"": ""https://www.menzili.tn/annonce/annonce-114285""}, {""url"": ""https://www.menzili.tn/upload/photos/2023/04/19/13/30/9932f4i291.jpg"", ""sourceId"": 13, ""adUrl"": ""https://www.menzili.tn/annonce/annonce-114285""}, {""url"": ""https://www.menzili.tn/upload/photos/2023/04/19/13/30/926zqv5s6v.jpg"", ""sourceId"": 13, ""adUrl"": ""https://www.menzili.tn/annonce/annonce-114285""}, {""url"": ""https://www.menzili.tn/upload/photos/2023/04/19/13/30/7284f4nqqo.jpg"", ""sourceId"": 13, ""adUrl"": ""https://www.menzili.tn/annonce/annonce-114285""}, {""url"": ""https://www.menzili.tn/upload/photos/2023/04/19/13/30/53n6ig5947.jpg"", ""sourceId"": 13, ""adUrl"": ""https://www.menzili.tn/annonce/annonce-114285""}]","[{""sourceId"": 13, ""url"": ""https://www.menzili.tn/annonce/annonce-114285"", ""price"": 3900000, ""sellerType"": ""agency"", ""lastModified"": ""2023-04-19 01:04:04""}]","[{""sellerType"": ""agency"", ""contactName"": ""Home Sweet Home"", ""active"": true}]",1,1,1,1,2,1,[],2023-04-19 12:48:14,2023-04-19 01:04:04,2023-04-19 12:48:13,2023-04-19 01:04:04,1,2026-02-07 13:36:47
257790,Immeuble R+2 administration et atelier,"bonjour, nous mettons en vente un immeuble r+2 sur un terrain de 752m² situé dans la zone industrielle de megrine et composé de :

1- rdc (hsp 4.5m) : un showroom de 115m², un atelier de 424m² ayant deux magasins de 28m² chacun et un vestiaire de 18m²

2- mezzanine intermédiaire de 40m² composée de 2 pièces et un bloc sanitaire

3- 1er étage de 380m² composé de 10 bureaux spacieux (dont un avec sa propre kitchenette, bloc sanitaire et terrasse), un large espace d’accueil, un local technique, 2 blocs sanitaires, une terrasse et une kitchenette

4- une 2ème mezzanine intermédiaire de 40m² ayant 2 pièces et un bloc sanitaire

5- 2ème étage open space de 320m² avec 2 blocs sanitaires, un bureau en hauteur de 15m² pour la supervision et un accès à une cage d’escalier de 28.5m² au sol ayant un emplacement pour un monte-charge (réservation 2.25m*2.25m)

la superficie totale bâtie est de 1420m²",2500000.0,1420.0,Immeuble de bureaux,officeBuilding,sale,private,989,https://www.menzili.tn/upload/photos/2023/03/30/09/27/2bzfs0s25v.jpg,"[""https://www.menzili.tn/upload/photos/2023/03/30/09/27/2bzfs0s25v.jpg"", ""https://www.menzili.tn/upload/photos/2023/03/30/09/28/2i89svt2g7.jpg"", ""https://www.menzili.tn/upload/photos/2023/03/30/09/28/9a9dh94zvd.jpg"", ""https://www.menzili.tn/upload/photos/2023/03/30/09/28/9614209947.jpg"", ""https://www.menzili.tn/upload/photos/2023/03/30/09/29/d326s22dg1.jpg"", ""https://www.menzili.tn/upload/photos/2023/03/30/09/30/78h64d7v36.jpg"", ""https://www.menzili.tn/upload/photos/2023/03/30/09/30/yjs8241dz6.jpg""]","[{""url"": ""https://www.menzili.tn/upload/photos/2023/03/30/09/27/2bzfs0s25v.jpg"", ""sourceId"": 13, ""adUrl"": ""https://www.menzili.tn/annonce/annonce-113483""}, {""url"": ""https://www.menzili.tn/upload/photos/2023/03/30/09/28/2i89svt2g7.jpg"", ""sourceId"": 13, ""adUrl"": ""https://www.menzili.tn/annonce/annonce-113483""}, {""url"": ""https://www.menzili.tn/upload/photos/2023/03/30/09/28/9a9dh94zvd.jpg"", ""sourceId"": 13, ""adUrl"": ""https://www.menzili.tn/annonce/annonce-113483""}, {""url"": ""https://www.menzili.tn/upload/photos/2023/03/30/09/28/9614209947.jpg"", ""sourceId"": 13, ""adUrl"": ""https://www.menzili.tn/annonce/annonce-113483""}, {""url"": ""https://www.menzili.tn/upload/photos/2023/03/30/09/29/d326s22dg1.jpg"", ""sourceId"": 13, ""adUrl"": ""https://www.menzili.tn/annonce/annonce-113483""}, {""url"": ""https://www.menzili.tn/upload/photos/2023/03/30/09/30/78h64d7v36.jpg"", ""sourceId"": 13, ""adUrl"": ""https://www.menzili.tn/annonce/annonce-113483""}, {""url"": ""https://www.menzili.tn/upload/photos/2023/03/30/09/30/yjs8241dz6.jpg"", ""sourceId"": 13, ""adUrl"": ""https://www.menzili.tn/annonce/annonce-113483""}]","[{""sourceId"": 13, ""url"": ""https://www.menzili.tn/annonce/annonce-113483"", ""price"": 2500000, ""sellerType"": ""private"", ""lastModified"": ""2023-03-30 23:31:50""}]","[{""sellerType"": ""private"", ""contactName"": ""Karim Mzali"", ""active"": true}]",1,1,1,1,3,1,"[""airConditioning"", ""garage""]",2023-03-25 13:09:04,2023-03-25 13:08:32,2023-04-03 12:13:13,2023-03-25 13:08:32,1,2026-02-07 13:36:49
1151929,IMMEUBLE SUR 3 NIVEAUX,"IMMEUBLE sur 3 niveaux avec cabine moyen tension et climatisation centralisé

sur un terrain de 577 m²

1 - un rez de jardin de 200 m²

2 - un rez de chaussé de 200 m²

3 un première étage de 200 m² constitué d'une salle de réunion et 6 bureaux chaque bureau est équipé d'armoire de rangement 

4 - un dépôt de 100 m² avec mezzanine

avec titre foncier",1200.0,577.0,Immeuble de bureaux,officeBuilding,sale,private,391,https://www.menzili.tn/upload/photos/2023/03/24/11/25/y98e9f3d2i.jpg,"[""https://www.menzili.tn/upload/photos/2023/03/24/11/25/y98e9f3d2i.jpg"", ""https://www.menzili.tn/upload/photos/2023/03/24/11/27/j26s39252v.jpg"", ""https://www.menzili.tn/upload/photos/2023/03/24/11/28/j5e9p2dvsz.jpg""]","[{""url"": ""https://www.menzili.tn/upload/photos/2023/03/24/11/25/y98e9f3d2i.jpg"", ""sourceId"": 13, ""adUrl"": ""https://www.menzili.tn/annonce/annonce-113245""}, {""url"": ""https://www.menzili.tn/upload/photos/2023/03/24/11/27/j26s39252v.jpg"", ""sourceId"": 13, ""adUrl"": ""https://www.menzili.tn/annonce/annonce-113245""}, {""url"": ""https://www.menzili.tn/upload/photos/2023/03/24/11/28/j5e9p2dvsz.jpg"", ""sourceId"": 13, ""adUrl"": ""https://www.menzili.tn/annonce/annonce-113245""}]","[{""sourceId"": 13, ""url"": ""https://www.menzili.tn/annonce/annonce-113245"", ""price"": 1200, ""sellerType"": ""private"", ""lastModified"": ""2023-03-24 23:31:10""}]","[{""sellerType"": ""private"", ""contactName"": ""Gaudi mosaique"", ""active"": true}]",1,1,1,1,1,1,"[""airConditioning"", ""garage""]",2025-10-18 23:31:17,2023-03-24 23:31:10,2023-03-24 23:31:10,2023-03-24 23:31:10,1,2026-02-07 13:36:51
1173018,Immeuble à vendre à Hammam Sousse,Immeuble à vendre à Hammam Sousse,850000.0,300.0,Immeuble de bureaux,officeBuilding,sale,agency,4503,,[],,"[{""sourceId"": 3, ""url"": ""https://www.ballouchi.com/annonces/immobilier/appartements/immeuble-a-vendre-a-hammam-sousse.html"", ""price"": 850000, ""sellerType"": ""agency"", ""lastModified"": ""2023-02-27 22:03:30""}]","[{""sellerType"": ""agency"", ""contactName"": ""letaiefmaha"", ""active"": true}]",1,1,1,1,1,1,[],2025-10-23 22:03:33,2023-02-27 22:03:30,2023-02-27 22:03:30,2023-02-27 22:03:30,1,2026-02-07 13:36:53
1162037,Immeuble de rapport,"Vends au plus offrant à  bab el khadhra immeuble r+2 comportant

5 appartements

5 studios

3 locaux commerciaux",,,Immeuble de bureaux,officeBuilding,sale,private,4819,https://www.menzili.tn/upload/photos/2023/02/27/21/21/9bzdstq953.jpg,"[""https://www.menzili.tn/upload/photos/2023/02/27/21/21/9bzdstq953.jpg""]","[{""url"": ""https://www.menzili.tn/upload/photos/2023/02/27/21/21/9bzdstq953.jpg"", ""sourceId"": 13, ""adUrl"": ""https://www.menzili.tn/annonce/annonce-111163""}]","[{""sourceId"": 13, ""url"": ""https://www.menzili.tn/annonce/annonce-111163"", ""price"": null, ""sellerType"": ""private"", ""lastModified"": ""2023-02-27 01:02:11""}]","[{""sellerType"": ""private"", ""contactName"": ""Moncef Baklouti"", ""active"": true}]",1,1,1,1,1,1,[],2025-10-19 01:02:13,2023-02-27 01:02:11,2023-02-27 01:02:11,2023-02-27 01:02:11,1,2026-02-07 13:36:55
278732,immeuble a vendre Lac 2,"” immeuble a vendre Lac 2 “ Nous mettons a la vente un immeuble de 03 étage en open Space aux Berges du Lac 2.Chaque étage possède 03 open Space de 1 220m² + espace commercial au rez-de-chaussée.

Immeuble de très haut standing

L’immeuble respecte les Norme HQE.

24 place de parking.

Prix de vente : 24 000 000,000 DT

Pour visitez ou demande d’informations supplémentaire contactez nous au :

☎️ <a type=""phone"">+21656XXXXXX</a> (téléphone et WhatsApp)",24000000.0,220.0,Immeuble de bureaux,officeBuilding,sale,agency,5199,http://cdn2.ballouchi.com/800x600/329551-1.jpg,"[""https://server.bigdatis.com/api/properties/image/305484873"", ""https://server.bigdatis.com/api/properties/image/305484874"", ""https://server.bigdatis.com/api/properties/image/305484875"", ""https://server.bigdatis.com/api/properties/image/305484876"", ""https://server.bigdatis.com/api/properties/image/305484877"", ""https://server.bigdatis.com/api/properties/image/305484878"", ""https://server.bigdatis.com/api/properties/image/305484879""]","[{""url"": ""https://server.bigdatis.com/api/properties/image/305484873"", ""sourceId"": 3, ""adUrl"": ""https://www.ballouchi.com/annonces/immobilier/bureaux/immeuble-a-vendre-lac-2.html""}, {""url"": ""https://server.bigdatis.com/api/properties/image/305484874"", ""sourceId"": 3, ""adUrl"": ""https://www.ballouchi.com/annonces/immobilier/bureaux/immeuble-a-vendre-lac-2.html""}, {""url"": ""https://server.bigdatis.com/api/properties/image/305484875"", ""sourceId"": 3, ""adUrl"": ""https://www.ballouchi.com/annonces/immobilier/bureaux/immeuble-a-vendre-lac-2.html""}, {""url"": ""https://server.bigdatis.com/api/properties/image/305484876"", ""sourceId"": 3, ""adUrl"": ""https://www.ballouchi.com/annonces/immobilier/bureaux/immeuble-a-vendre-lac-2.html""}, {""url"": ""https://server.bigdatis.com/api/properties/image/305484877"", ""sourceId"": 3, ""adUrl"": ""https://www.ballouchi.com/annonces/immobilier/bureaux/immeuble-a-vendre-lac-2.html""}, {""url"": ""https://server.bigdatis.com/api/properties/image/305484878"", ""sourceId"": 3, ""adUrl"": ""https://www.ballouchi.com/annonces/immobilier/bureaux/immeuble-a-vendre-lac-2.html""}, {""url"": ""https://server.bigdatis.com/api/properties/image/305484879"", ""sourceId"": 3, ""adUrl"": ""https://www.ballouchi.com/annonces/immobilier/bureaux/immeuble-a-vendre-lac-2.html""}]","[{""sourceId"": 3, ""url"": ""https://www.ballouchi.com/annonces/immobilier/bureaux/immeuble-a-vendre-lac-2.html"", ""price"": 24000000, ""sellerType"": ""agency"", ""lastModified"": ""2023-02-20 22:02:09""}]","[{""sellerType"": ""agency"", ""contactName"": ""Offissimo"", ""active"": true}]",1,1,1,1,2,1,"[""balcony"", ""elevator"", ""equippedKitchen"", ""airConditioning"", ""centralHeating"", ""parking""]",2022-01-07 00:50:16,2021-11-26 03:00:18,2023-02-20 22:02:09,2021-11-26 03:00:18,1,2026-02-07 13:36:56
1152074,IMMEUBLE RUE DE NIGERE LAFAYETTE TUNISIE,"IMMEUBLE RUE DE NIGERE LAFAYETTE TUNISIE

A vendre immeuble rue de nigeria lafayette tunisie

immeuble pour une activité professionnelle a 4 etage

surface du terrain 900m2

surface de chaque étage environ 700m2

contient 160 bureaux et environ 30 salle de bains

avec sous sol pour les voitures (cave)(parking)

LE PRIX EST REDUIT JUSQU'A : 4,500,000 DT NEGOCIABLE

Pour plus d'information contacter le <a type=""phone"">+21655XXXXXX</a>

Disponible aussi sur whatsapp

localisation google map

R58JQ56, Rue Du Nigeria, Tunis",4500000.0,700.0,Immeuble de bureaux,officeBuilding,sale,private,5197,https://www.menzili.tn/upload/photos/2023/02/16/21/31/9141v0g56v.jpg,"[""https://www.menzili.tn/upload/photos/2023/02/16/21/31/9141v0g56v.jpg"", ""https://www.menzili.tn/upload/photos/2023/02/16/21/31/ya7rp1s2v3.jpg"", ""https://www.menzili.tn/upload/photos/2023/02/16/21/31/a9s264t234.jpg"", ""https://www.menzili.tn/upload/photos/2023/02/16/21/31/9t179tdg11.jpeg"", ""https://www.menzili.tn/upload/photos/2023/02/16/21/31/yb1tp7sqv3.jpeg"", ""https://www.menzili.tn/upload/photos/2023/02/16/21/31/3s6p29o91z.jpeg"", ""https://www.menzili.tn/upload/photos/2023/02/16/21/31/i2f73d0t39.jpeg"", ""https://www.menzili.tn/upload/photos/2023/02/16/21/31/21tfq04i27.jpeg""]","[{""url"": ""https://www.menzili.tn/upload/photos/2023/02/16/21/31/9141v0g56v.jpg"", ""sourceId"": 13, ""adUrl"": ""https://www.menzili.tn/annonce/annonce-110520""}, {""url"": ""https://www.menzili.tn/upload/photos/2023/02/16/21/31/ya7rp1s2v3.jpg"", ""sourceId"": 13, ""adUrl"": ""https://www.menzili.tn/annonce/annonce-110520""}, {""url"": ""https://www.menzili.tn/upload/photos/2023/02/16/21/31/a9s264t234.jpg"", ""sourceId"": 13, ""adUrl"": ""https://www.menzili.tn/annonce/annonce-110520""}, {""url"": ""https://www.menzili.tn/upload/photos/2023/02/16/21/31/9t179tdg11.jpeg"", ""sourceId"": 13, ""adUrl"": ""https://www.menzili.tn/annonce/annonce-110520""}, {""url"": ""https://www.menzili.tn/upload/photos/2023/02/16/21/31/yb1tp7sqv3.jpeg"", ""sourceId"": 13, ""adUrl"": ""https://www.menzili.tn/annonce/annonce-110520""}, {""url"": ""https://www.menzili.tn/upload/photos/2023/02/16/21/31/3s6p29o91z.jpeg"", ""sourceId"": 13, ""adUrl"": ""https://www.menzili.tn/annonce/annonce-110520""}, {""url"": ""https://www.menzili.tn/upload/photos/2023/02/16/21/31/i2f73d0t39.jpeg"", ""sourceId"": 13, ""adUrl"": ""https://www.menzili.tn/annonce/annonce-110520""}, {""url"": ""https://www.menzili.tn/upload/photos/2023/02/16/21/31/21tfq04i27.jpeg"", ""sourceId"": 13, ""adUrl"": ""https://www.menzili.tn/annonce/annonce-110520""}]","[{""sourceId"": 13, ""url"": ""https://www.menzili.tn/annonce/annonce-110520"", ""price"": 4500000, ""sellerType"": ""private"", ""lastModified"": ""2023-02-16 23:32:51""}]","[{""sellerType"": ""private"", ""contactName"": ""Khalil El Kamel"", ""active"": true}]",1,1,1,1,1,1,"[""garden"", ""garage""]",2025-10-18 23:32:56,2023-02-16 23:32:51,2023-02-16 23:32:51,2023-02-16 23:32:51,1,2026-02-07 13:36:59
91767,Un petit immeuble de type R2,"Adem immobilière vous propose:

A vendre en Tunisie à Sousse Akouda un petit immeuble de type R2 avec deux entrées indépendantes,il est bâtie sur un terrain de 418 m² et d'une surface couverte de 585 m².

L'immeuble est situé dans une zone calme et prés de tous commodités, doté d'un bon voisinage.

il est composé d'un rez de chaussé et deux étages chacun occupe un spacieux de type S3.

Les trois niveaux sont de même typologie et standing, chacun est composé d'un spacieux salon +3 chambres à couchers +salle de bain +une cuisine.

Nos services de vente :

-La meilleure estimation de votre bien.

-une bonne publicité

-Optimisation de votre projets sur un plan financier juridique et fiscal.

-La conseil juridique et financier nécessaire -La réalisation de votre dossier de vente.

-Trouver des acquéreurs potentiels.

-Effectuer des visites du logement.

- Accompagnement jusqu’à la signature du contrat.

Frais visite: 20 dt

Soyez les bienvenus à notre agence Immobilière : Trocadéro rue victor hugo immeuble mahjoub B1, ou bien nous contactez:(+216)<a type=""phone"">+21650XXXXXX</a> / Viber et Whatsapp

Agence (+216) <a type=""phone"">+21651XXXXXX</a>

Nos agents sont à votre disposition pour toutes informations et conseils nécessaires pour acquérir le bien immobilier qui vous convient.",800000.0,585.0,Immeuble de bureaux,officeBuilding,sale,agency,4438,https://www.menzili.tn/upload/photos/2021/03/13/11/48/2yd8ess871.jpg,"[""https://www.menzili.tn/upload/photos/2021/03/13/11/48/2yd8ess871.jpg"", ""https://www.menzili.tn/upload/photos/2021/03/13/11/48/9ide6439d6.jpg"", ""https://www.menzili.tn/upload/photos/2021/03/13/11/48/6et439d7ve.jpg"", ""https://www.menzili.tn/upload/photos/2021/03/13/11/48/ys2si4o524.jpg"", ""https://www.menzili.tn/upload/photos/2021/03/13/11/48/yjh2n45i47.jpg"", ""https://www.menzili.tn/upload/photos/2021/03/13/11/48/529sv075v1.jpg"", ""https://www.menzili.tn/upload/photos/2021/03/13/11/48/id3s2dt96e.jpg"", ""https://www.menzili.tn/upload/photos/2021/03/13/11/48/296erz3242.jpg"", ""https://www.menzili.tn/upload/photos/2021/01/21/10/25/52mtz1s2s9.jpg"", ""https://www.menzili.tn/upload/photos/2021/01/21/10/31/jd916q3gze.jpg""]","[{""url"": ""https://www.menzili.tn/upload/photos/2021/03/13/11/48/2yd8ess871.jpg"", ""sourceId"": 13, ""adUrl"": ""https://www.menzili.tn/annonce/annonce-54920""}, {""url"": ""https://www.menzili.tn/upload/photos/2021/03/13/11/48/9ide6439d6.jpg"", ""sourceId"": 13, ""adUrl"": ""https://www.menzili.tn/annonce/annonce-54920""}, {""url"": ""https://www.menzili.tn/upload/photos/2021/03/13/11/48/6et439d7ve.jpg"", ""sourceId"": 13, ""adUrl"": ""https://www.menzili.tn/annonce/annonce-54920""}, {""url"": ""https://www.menzili.tn/upload/photos/2021/03/13/11/48/ys2si4o524.jpg"", ""sourceId"": 13, ""adUrl"": ""https://www.menzili.tn/annonce/annonce-54920""}, {""url"": ""https://www.menzili.tn/upload/photos/2021/03/13/11/48/yjh2n45i47.jpg"", ""sourceId"": 13, ""adUrl"": ""https://www.menzili.tn/annonce/annonce-54920""}, {""url"": ""https://www.menzili.tn/upload/photos/2021/03/13/11/48/529sv075v1.jpg"", ""sourceId"": 13, ""adUrl"": ""https://www.menzili.tn/annonce/annonce-54920""}, {""url"": ""https://www.menzili.tn/upload/photos/2021/03/13/11/48/id3s2dt96e.jpg"", ""sourceId"": 13, ""adUrl"": ""https://www.menzili.tn/annonce/annonce-54920""}, {""url"": ""https://www.menzili.tn/upload/photos/2021/03/13/11/48/296erz3242.jpg"", ""sourceId"": 13, ""adUrl"": ""https://www.menzili.tn/annonce/annonce-54920""}, {""url"": ""https://www.menzili.tn/upload/photos/2021/01/21/10/25/52mtz1s2s9.jpg"", ""sourceId"": 13, ""adUrl"": ""https://www.menzili.tn/annonce/annonce-50686""}, {""url"": ""https://www.menzili.tn/upload/photos/2021/01/21/10/31/jd916q3gze.jpg"", ""sourceId"": 13, ""adUrl"": ""https://www.menzili.tn/annonce/annonce-50686""}]","[{""sourceId"": 13, ""url"": ""https://www.menzili.tn/annonce/annonce-54920"", ""price"": 800000, ""sellerType"": ""agency"", ""lastModified"": ""2021-03-13 01:36:22""}]","[{""sellerType"": ""agency"", ""contactName"": ""Adem agence"", ""active"": true}]",1,1,1,1,3,2,"[""garage"", ""garden"", ""airConditioning""]",2023-01-13 15:16:08,2021-01-18 12:30:18,2023-01-13 16:15:46,2021-01-18 12:30:18,1,2026-02-07 13:37:00
173452,Immeuble a Sahloul,"Pour ceux qui veulent investir , ceux qui ont entrain d chercher un bien immobilier de valeur est bien situé

Adem immobilière vous propose:

A vendre en Tunisie à Sousse ""Sahloul"" un immeuble de haut standing  récemment construit bien situé  dans un quartier résidentiel et prés de tous commodités .

Cet immeuble est bâti sur un terrain de 400 m² et a un surface couverte de 1200 m²,il est de type R3 et  il est composé de sept appartements typologie (S+2 ) et (S+3 .

- Au rez- de chaussée: un (S+3 )et un(S+2).

- Au premier étage: un (S+3 )et (S+2 ).

- Au deuxième étage: un(S+3) et un( S+2) et pour troisième étage un penthouse inachevé de type S3.

Cet immeuble  offre des prestations de haut standing :

*Sanitaire et robinetterie de marque

*Céramique de 1er choix.

*Des équipements en boiserie nobles.

*Cuisines équipées.

*Chauffage central, climatisation en Split .

*Menuiserie en aluminium, volets roulants électriques, dressing.

Neuf places de parking sont à disposition au sol sol.

un cage d’ascenseur prés installé.

Nos services:

-La meilleure estimation de votre bien.

-une bonne publicité

-Optimisation de votre projets sur un plan financier juridique et fiscal.

-La conseil juridique et financier nécessaire

-La réalisation de votre dossier de vente.

-Trouver des acquéreurs potentiels.

-effectuer des visites du logement.

- Accompagnement jusqu’à la signature du contrat

Frais visite: 20 dt

Soyez les bienvenus à notre agence Immobilière : Trocadéro rue victor hugo immeuble mahjoub B1, ou bien nous contactez: :(+216)<a type=""phone"">+21650XXXXXX</a> / Viber et Whatsapp  Agence: (+216)<a type=""phone"">+21651XXXXXX</a>",1670000.0,1200.0,Immeuble de bureaux,officeBuilding,sale,agency,4590,https://www.menzili.tn/upload/photos/2021/01/27/14/41/jbs24i4ze1.jpg,"[""https://www.menzili.tn/upload/photos/2021/01/27/14/41/jbs24i4ze1.jpg"", ""https://www.menzili.tn/upload/photos/2021/01/27/14/41/j3ber0siq7.jpg"", ""https://www.menzili.tn/upload/photos/2021/01/27/14/42/b6qdq2dis1.jpg"", ""https://www.menzili.tn/upload/photos/2021/01/27/14/42/jd96i9ddi2.jpg"", ""https://www.menzili.tn/upload/photos/2021/01/27/14/42/ji71tg936e.jpg"", ""https://www.menzili.tn/upload/photos/2021/01/27/14/42/9jhzf4nssg.jpg"", ""https://www.menzili.tn/upload/photos/2021/01/27/14/42/f1di9i2s92.jpg"", ""https://www.menzili.tn/upload/photos/2021/01/27/14/42/aq3d2sgv3s.jpg"", ""https://www.menzili.tn/upload/photos/2021/01/27/14/42/2sf7svov8e.jpg"", ""https://www.menzili.tn/upload/photos/2021/01/27/14/43/fddi2894ev.jpg""]","[{""url"": ""https://www.menzili.tn/upload/photos/2021/01/27/14/41/jbs24i4ze1.jpg"", ""sourceId"": 13, ""adUrl"": ""https://www.menzili.tn/annonce/annonce-51195""}, {""url"": ""https://www.menzili.tn/upload/photos/2021/01/27/14/41/j3ber0siq7.jpg"", ""sourceId"": 13, ""adUrl"": ""https://www.menzili.tn/annonce/annonce-51195""}, {""url"": ""https://www.menzili.tn/upload/photos/2021/01/27/14/42/b6qdq2dis1.jpg"", ""sourceId"": 13, ""adUrl"": ""https://www.menzili.tn/annonce/annonce-51195""}, {""url"": ""https://www.menzili.tn/upload/photos/2021/01/27/14/42/jd96i9ddi2.jpg"", ""sourceId"": 13, ""adUrl"": ""https://www.menzili.tn/annonce/annonce-51195""}, {""url"": ""https://www.menzili.tn/upload/photos/2021/01/27/14/42/ji71tg936e.jpg"", ""sourceId"": 13, ""adUrl"": ""https://www.menzili.tn/annonce/annonce-51195""}, {""url"": ""https://www.menzili.tn/upload/photos/2021/01/27/14/42/9jhzf4nssg.jpg"", ""sourceId"": 13, ""adUrl"": ""https://www.menzili.tn/annonce/annonce-51195""}, {""url"": ""https://www.menzili.tn/upload/photos/2021/01/27/14/42/f1di9i2s92.jpg"", ""sourceId"": 13, ""adUrl"": ""https://www.menzili.tn/annonce/annonce-51195""}, {""url"": ""https://www.menzili.tn/upload/photos/2021/01/27/14/42/aq3d2sgv3s.jpg"", ""sourceId"": 13, ""adUrl"": ""https://www.menzili.tn/annonce/annonce-51195""}, {""url"": ""https://www.menzili.tn/upload/photos/2021/01/27/14/42/2sf7svov8e.jpg"", ""sourceId"": 13, ""adUrl"": ""https://www.menzili.tn/annonce/annonce-51195""}, {""url"": ""https://www.menzili.tn/upload/photos/2021/01/27/14/43/fddi2894ev.jpg"", ""sourceId"": 13, ""adUrl"": ""https://www.menzili.tn/annonce/annonce-51195""}]","[{""sourceId"": 13, ""url"": ""https://www.menzili.tn/annonce/annonce-51195"", ""price"": 1670000, ""sellerType"": ""agency"", ""lastModified"": ""2021-01-27 01:50:47""}]","[{""sellerType"": ""agency"", ""contactName"": ""Adem agence"", ""active"": true}]",1,1,1,1,3,1,[],2022-01-06 22:45:15,2021-01-27 01:50:47,2022-12-07 13:26:04,2022-12-07 13:26:04,1,2026-02-07 13:37:05
1176877,Immeuble à vendre,"A vendre une immeuble d'un permis de bâtir en RDC ET mezzanine ET 5 ETAGES, achevé en phase de structure au 2ème étage et maçonnerie en 1er étage.
L'immeuble donne 12 appartement en s+2 et 3 locaux commercial au RDC.
L'immeuble se situe A ROUTE EL AIN KM 5.5 A COTE DE L IMMEUBLE AIN CENTRE
Tout les papiers et le dossier juridique et les plans sont disponibles.",410000.0,1400.0,Immeuble de bureaux,officeBuilding,sale,private,3969,http://cdn2.ballouchi.com/800x600/357441-1.jpg,"[""https://server.bigdatis.com/api/properties/image/305762662""]","[{""url"": ""https://server.bigdatis.com/api/properties/image/305762662"", ""sourceId"": 3, ""adUrl"": ""https://www.ballouchi.com/annonces/immobilier/appartements/immeuble-a-vendre-16.html""}]","[{""sourceId"": 3, ""url"": ""https://www.ballouchi.com/annonces/immobilier/appartements/immeuble-a-vendre-16.html"", ""price"": 410000, ""sellerType"": ""private"", ""lastModified"": ""2022-11-07 01:32:58""}]","[{""sellerType"": ""private"", ""contactName"": ""Mohamed Ali88"", ""active"": true}]",1,1,1,1,1,1,"[""elevator"", ""balcony"", ""parking""]",2025-10-24 01:33:04,2022-11-07 01:32:58,2022-11-07 01:32:58,2022-11-07 01:32:58,1,2026-02-07 13:37:07
1165778,Immeuble pour usage bureautique ou habitation,"Immeuble composé de cave rdc 2 étages, Hall,2 cuisines, 2 salles de bains, garage, terrasse,6 chambres à coucher, cages d'escalier, balcons",600000.0,260.0,Immeuble de bureaux,officeBuilding,sale,private,3225,https://www.menzili.tn/upload/photos/2022/10/27/16/33/d3m961qt22.jpg,"[""https://www.menzili.tn/upload/photos/2022/10/27/16/33/d3m961qt22.jpg"", ""https://www.menzili.tn/upload/photos/2022/10/27/16/34/j59mo5z21v.jpg"", ""https://www.menzili.tn/upload/photos/2022/10/27/16/34/jd3sz9i69e.jpg"", ""https://www.menzili.tn/upload/photos/2022/10/27/16/35/y93tq27doz.jpg"", ""https://www.menzili.tn/upload/photos/2022/10/27/16/35/2db1625381.jpg"", ""https://www.menzili.tn/upload/photos/2022/10/27/16/36/asmrq6m43e.jpg"", ""https://www.menzili.tn/upload/photos/2022/10/27/16/36/24q20o8124.jpg"", ""https://www.menzili.tn/upload/photos/2022/10/27/16/37/9j41339867.jpg""]","[{""url"": ""https://www.menzili.tn/upload/photos/2022/10/27/16/33/d3m961qt22.jpg"", ""sourceId"": 13, ""adUrl"": ""https://www.menzili.tn/annonce/annonce-100686""}, {""url"": ""https://www.menzili.tn/upload/photos/2022/10/27/16/34/j59mo5z21v.jpg"", ""sourceId"": 13, ""adUrl"": ""https://www.menzili.tn/annonce/annonce-100686""}, {""url"": ""https://www.menzili.tn/upload/photos/2022/10/27/16/34/jd3sz9i69e.jpg"", ""sourceId"": 13, ""adUrl"": ""https://www.menzili.tn/annonce/annonce-100686""}, {""url"": ""https://www.menzili.tn/upload/photos/2022/10/27/16/35/y93tq27doz.jpg"", ""sourceId"": 13, ""adUrl"": ""https://www.menzili.tn/annonce/annonce-100686""}, {""url"": ""https://www.menzili.tn/upload/photos/2022/10/27/16/35/2db1625381.jpg"", ""sourceId"": 13, ""adUrl"": ""https://www.menzili.tn/annonce/annonce-100686""}, {""url"": ""https://www.menzili.tn/upload/photos/2022/10/27/16/36/asmrq6m43e.jpg"", ""sourceId"": 13, ""adUrl"": ""https://www.menzili.tn/annonce/annonce-100686""}, {""url"": ""https://www.menzili.tn/upload/photos/2022/10/27/16/36/24q20o8124.jpg"", ""sourceId"": 13, ""adUrl"": ""https://www.menzili.tn/annonce/annonce-100686""}, {""url"": ""https://www.menzili.tn/upload/photos/2022/10/27/16/37/9j41339867.jpg"", ""sourceId"": 13, ""adUrl"": ""https://www.menzili.tn/annonce/annonce-100686""}]","[{""sourceId"": 13, ""url"": ""https://www.menzili.tn/annonce/annonce-100686"", ""price"": 600000, ""sellerType"": ""private"", ""lastModified"": ""2022-10-27 01:33:02""}]",[],1,1,0,0,1,1,[],2025-10-19 01:33:04,2022-10-27 01:33:02,2022-10-27 01:33:02,2022-10-27 01:33:02,1,2026-02-07 13:37:09
1173363,Immeuble R+4 Bab Saadoun,"Immeuble R+4 Bab Saadoun 

16 Appartements

4 locaux Commerciaux

Prix : 1.550.000dt

tel : <a type=""phone"">+21654XXXXXX</a>",1550000.0,,Immeuble de bureaux,officeBuilding,sale,agency,4820,http://cdn2.ballouchi.com/800x600/350050-1.jpg,"[""https://server.bigdatis.com/api/properties/image/305592806"", ""https://server.bigdatis.com/api/properties/image/305592807"", ""https://server.bigdatis.com/api/properties/image/305592808"", ""https://server.bigdatis.com/api/properties/image/305592809"", ""https://server.bigdatis.com/api/properties/image/305516257"", ""https://server.bigdatis.com/api/properties/image/305618043""]","[{""url"": ""https://server.bigdatis.com/api/properties/image/305592806"", ""sourceId"": 3, ""adUrl"": ""https://www.ballouchi.com/annonces/immobilier/autres/immeuble-r4-bab-saadoun-3.html""}, {""url"": ""https://server.bigdatis.com/api/properties/image/305592807"", ""sourceId"": 3, ""adUrl"": ""https://www.ballouchi.com/annonces/immobilier/autres/immeuble-r4-bab-saadoun-3.html""}, {""url"": ""https://server.bigdatis.com/api/properties/image/305592808"", ""sourceId"": 3, ""adUrl"": ""https://www.ballouchi.com/annonces/immobilier/autres/immeuble-r4-bab-saadoun-3.html""}, {""url"": ""https://server.bigdatis.com/api/properties/image/305592809"", ""sourceId"": 3, ""adUrl"": ""https://www.ballouchi.com/annonces/immobilier/autres/immeuble-r4-bab-saadoun-3.html""}, {""url"": ""https://server.bigdatis.com/api/properties/image/305516257"", ""sourceId"": 3, ""adUrl"": ""https://www.ballouchi.com/annonces/immobilier/autres/immeuble-r4-plein-centre-ville-3.html""}, {""url"": ""https://server.bigdatis.com/api/properties/image/305618043"", ""sourceId"": 3, ""adUrl"": ""https://www.ballouchi.com/annonces/immobilier/autres/immeuble-r4-plein-centre-ville-2.html""}]","[{""sourceId"": 3, ""url"": ""https://www.ballouchi.com/annonces/immobilier/autres/immeuble-r4-bab-saadoun-3.html"", ""price"": 1550000, ""sellerType"": ""agency"", ""lastModified"": ""2022-08-15 23:24:44""}]","[{""sellerType"": ""agency"", ""contactName"": ""AmenImmo"", ""active"": true}]",1,1,1,1,3,3,[],2025-10-23 22:26:47,2022-07-19 23:40:48,2022-08-15 23:24:44,2022-07-19 23:40:48,1,2026-02-07 13:37:11
262296,IMMEUBLE R+3 TUNIS EL OMRANE,"Particulier vend immeuble R+3 à El Omrane

L'immeuble fait 650 m2 couverts sur un terrain de 190 m2

Tous les étages sont lumineux et bien aérés. Le prix de vente est de 700.000 DT .

L'immeuble se compose de 6 bureaux et d'un dépôt au RDC.

Pour plus d'information merci de me contacter au <a type=""phone"">+21625XXXXXX</a>",700000.0,650.0,Immeuble de bureaux,officeBuilding,sale,private,4894,https://www.menzili.tn/upload/photos/2020/08/26/21/02/jd8n0m3o97.jpg,"[""https://www.menzili.tn/upload/photos/2020/08/26/21/02/jd8n0m3o97.jpg"", ""https://www.menzili.tn/upload/photos/2020/08/26/21/02/72rpqdi12e.jpg"", ""https://www.menzili.tn/upload/photos/2020/08/26/21/02/9a5d63g86v.jpg"", ""https://www.menzili.tn/upload/photos/2020/08/26/21/02/5b2sm6f1q3.jpg"", ""https://www.menzili.tn/upload/photos/2020/08/26/21/02/9jif46m323.jpg"", ""https://www.menzili.tn/upload/photos/2020/08/26/21/03/sh97q65v29.jpg""]","[{""url"": ""https://www.menzili.tn/upload/photos/2020/08/26/21/02/jd8n0m3o97.jpg"", ""sourceId"": 13, ""adUrl"": ""https://www.menzili.tn/annonce/annonce-41525""}, {""url"": ""https://www.menzili.tn/upload/photos/2020/08/26/21/02/72rpqdi12e.jpg"", ""sourceId"": 13, ""adUrl"": ""https://www.menzili.tn/annonce/annonce-41525""}, {""url"": ""https://www.menzili.tn/upload/photos/2020/08/26/21/02/9a5d63g86v.jpg"", ""sourceId"": 13, ""adUrl"": ""https://www.menzili.tn/annonce/annonce-41525""}, {""url"": ""https://www.menzili.tn/upload/photos/2020/08/26/21/02/5b2sm6f1q3.jpg"", ""sourceId"": 13, ""adUrl"": ""https://www.menzili.tn/annonce/annonce-41525""}, {""url"": ""https://www.menzili.tn/upload/photos/2020/08/26/21/02/9jif46m323.jpg"", ""sourceId"": 13, ""adUrl"": ""https://www.menzili.tn/annonce/annonce-41525""}, {""url"": ""https://www.menzili.tn/upload/photos/2020/08/26/21/03/sh97q65v29.jpg"", ""sourceId"": 13, ""adUrl"": ""https://www.menzili.tn/annonce/annonce-41525""}]","[{""sourceId"": 13, ""url"": ""https://www.menzili.tn/annonce/annonce-41525"", ""price"": 700000, ""sellerType"": ""private"", ""lastModified"": ""2020-08-26 00:50:46""}]","[{""sellerType"": ""private"", ""contactName"": ""Haikel Amamou"", ""active"": true}]",1,1,1,1,2,1,[],2022-01-06 22:15:25,2020-08-26 00:50:46,2022-08-09 12:28:59,2020-08-26 00:50:46,1,2026-02-07 13:37:13
37506,Immeuble R+4 Plein Centre Ville,"Immeuble R+4 Plein Centre Ville 
16 Appartements
5 locaux 
Prix : 1.550.000dt
tel : <a type=""phone"">+21654XXXXXX</a>",1550000.0,,Immeuble de bureaux,officeBuilding,sale,agency,4979,http://cdn2.ballouchi.com/800x600/347083-1.jpg,"[""https://server.bigdatis.com/api/properties/image/305596722"", ""https://server.bigdatis.com/api/properties/image/305596723"", ""https://server.bigdatis.com/api/properties/image/305596724"", ""https://server.bigdatis.com/api/properties/image/305596725"", ""https://server.bigdatis.com/api/properties/image/305596726"", ""https://server.bigdatis.com/api/properties/image/305596727"", ""https://server.bigdatis.com/api/properties/image/305518276""]","[{""url"": ""https://server.bigdatis.com/api/properties/image/305596722"", ""sourceId"": 3, ""adUrl"": ""https://www.ballouchi.com/annonces/immobilier/autres/immeuble-r4-plein-centre-ville.html""}, {""url"": ""https://server.bigdatis.com/api/properties/image/305596723"", ""sourceId"": 3, ""adUrl"": ""https://www.ballouchi.com/annonces/immobilier/autres/immeuble-r4-plein-centre-ville.html""}, {""url"": ""https://server.bigdatis.com/api/properties/image/305596724"", ""sourceId"": 3, ""adUrl"": ""https://www.ballouchi.com/annonces/immobilier/autres/immeuble-r4-plein-centre-ville.html""}, {""url"": ""https://server.bigdatis.com/api/properties/image/305596725"", ""sourceId"": 3, ""adUrl"": ""https://www.ballouchi.com/annonces/immobilier/autres/immeuble-r4-plein-centre-ville.html""}, {""url"": ""https://server.bigdatis.com/api/properties/image/305596726"", ""sourceId"": 3, ""adUrl"": ""https://www.ballouchi.com/annonces/immobilier/autres/immeuble-r4-plein-centre-ville.html""}, {""url"": ""https://server.bigdatis.com/api/properties/image/305596727"", ""sourceId"": 3, ""adUrl"": ""https://www.ballouchi.com/annonces/immobilier/autres/immeuble-r4-plein-centre-ville.html""}, {""url"": ""https://server.bigdatis.com/api/properties/image/305518276"", ""sourceId"": 3, ""adUrl"": ""https://www.ballouchi.com/annonces/immobilier/autres/immeuble-plein-centre-ville.html""}]","[{""sourceId"": 3, ""url"": ""https://www.ballouchi.com/annonces/immobilier/autres/immeuble-r4-plein-centre-ville.html"", ""price"": 1550000, ""sellerType"": ""agency"", ""lastModified"": ""2022-07-15 23:27:06""}]","[{""sellerType"": ""agency"", ""contactName"": ""AmenImmo"", ""active"": true}]",1,1,1,1,7,2,[],2022-07-12 10:29:19,2022-07-12 10:28:24,2022-07-21 13:28:32,2022-07-12 10:28:24,1,2026-02-07 13:37:15
1155815,Immeuble inachevé,"Immeuble inachevé  de 3 étages clôturés situé   en Tunisie à sfax route de la sokkra  prés  de tous les commodités  titre foncier et autorisation de bâtir

Pas sérieux s'abstenir svp",450000.0,500.0,Immeuble de bureaux,officeBuilding,sale,private,3957,,[],,"[{""sourceId"": 13, ""url"": ""https://www.menzili.tn/annonce/annonce-91240"", ""price"": 450000, ""sellerType"": ""private"", ""lastModified"": ""2022-07-05 00:09:50""}]","[{""sellerType"": ""private"", ""contactName"": ""Nabila"", ""active"": true}]",1,1,1,1,1,1,[],2025-10-19 00:09:59,2022-07-05 00:09:50,2022-07-05 00:09:50,2022-07-05 00:09:50,1,2026-02-07 13:37:17
172951,Immeuble pour foyer universitaire ou autre,A vendre petit immeuble pour foyer universitaire ou autre .centre ville : 9 rue marabet près carrefour ( rue d'algérie tunis ),400.0,,Immeuble de bureaux,officeBuilding,sale,private,5004,,[],,"[{""sourceId"": 13, ""url"": ""https://www.menzili.tn/annonce/annonce-89645"", ""price"": 400, ""sellerType"": ""private"", ""lastModified"": ""2022-06-20 01:01:13""}]","[{""sellerType"": ""private"", ""contactName"": ""Lotfi bessrour"", ""active"": true}]",1,1,1,1,2,1,[],2022-06-20 16:13:12,2022-06-20 01:01:13,2022-06-20 16:25:12,2022-06-20 01:01:13,1,2026-02-07 13:37:19
1176311,petit immeuble pour foyer universitaire ou autre,A VENDRE . Petit immeuble  pour foyer universitaire ou autre .  centre ville . 9   rue mrabet près  carrefour (  rue d'Algérie .tunis ),,,Immeuble de bureaux,officeBuilding,sale,private,3961,,[],,"[{""sourceId"": 3, ""url"": ""https://www.ballouchi.com/annonces/immobilier/autres/petit-immeuble-pour-foyer-universitaire-ou-autre.html"", ""price"": null, ""sellerType"": ""private"", ""lastModified"": ""2022-06-20 00:48:51""}]","[{""sellerType"": ""private"", ""contactName"": ""lotfi433"", ""active"": true}]",1,1,1,1,1,1,[],2025-10-24 00:48:57,2022-06-20 00:48:51,2022-06-20 00:48:51,2022-06-20 00:48:51,1,2026-02-07 13:37:21
213540,Immeuble au centre de kelibia,"En vente chez immobilière maximum  pour investissement ,Immeuble au centre de Kelibia RDC+3 étages composé de 4 locaux pour commerce ou bureautique et 6 appartements S+2 dont la superficie varie de 105 m2 à 115 m2. Prix :1100.000 DT 
Pour plus d'information veuillez contacter <a type=""phone"">+21695XXXXXX</a> ou <a type=""phone"">+21672XXXXXX</a>.",1100000.0,105.0,Immeuble de bureaux,officeBuilding,sale,agency,3496,https://www.tunisiapromo.com/gallery/photo-1-360676.jpg,"[""https://www.tunisiapromo.com/gallery/photo-1-360676.jpg"", ""https://www.tunisiapromo.com/gallery/photo-2-360677.jpg"", ""https://www.tunisiapromo.com/gallery/photo-3-360678.jpg"", ""https://www.tunisiapromo.com/gallery/photo-4-360679.jpg"", ""https://www.tunisiapromo.com/gallery/photo-5-360680.jpg"", ""https://www.tunisiapromo.com/gallery/photo-6-360681.jpg"", ""https://www.tunisiapromo.com/gallery/photo-7-360682.jpg"", ""https://www.tunisiapromo.com/gallery/photo-8-360683.jpg""]","[{""url"": ""https://www.tunisiapromo.com/gallery/photo-1-360676.jpg"", ""sourceId"": 4, ""adUrl"": ""https://www.tunisiapromo.com/annonce/immeuble-au-centre-de-kelibia-z76705.html""}, {""url"": ""https://www.tunisiapromo.com/gallery/photo-2-360677.jpg"", ""sourceId"": 4, ""adUrl"": ""https://www.tunisiapromo.com/annonce/immeuble-au-centre-de-kelibia-z76705.html""}, {""url"": ""https://www.tunisiapromo.com/gallery/photo-3-360678.jpg"", ""sourceId"": 4, ""adUrl"": ""https://www.tunisiapromo.com/annonce/immeuble-au-centre-de-kelibia-z76705.html""}, {""url"": ""https://www.tunisiapromo.com/gallery/photo-4-360679.jpg"", ""sourceId"": 4, ""adUrl"": ""https://www.tunisiapromo.com/annonce/immeuble-au-centre-de-kelibia-z76705.html""}, {""url"": ""https://www.tunisiapromo.com/gallery/photo-5-360680.jpg"", ""sourceId"": 4, ""adUrl"": ""https://www.tunisiapromo.com/annonce/immeuble-au-centre-de-kelibia-z76705.html""}, {""url"": ""https://www.tunisiapromo.com/gallery/photo-6-360681.jpg"", ""sourceId"": 4, ""adUrl"": ""https://www.tunisiapromo.com/annonce/immeuble-au-centre-de-kelibia-z76705.html""}, {""url"": ""https://www.tunisiapromo.com/gallery/photo-7-360682.jpg"", ""sourceId"": 4, ""adUrl"": ""https://www.tunisiapromo.com/annonce/immeuble-au-centre-de-kelibia-z76705.html""}, {""url"": ""https://www.tunisiapromo.com/gallery/photo-8-360683.jpg"", ""sourceId"": 4, ""adUrl"": ""https://www.tunisiapromo.com/annonce/immeuble-au-centre-de-kelibia-z76705.html""}]","[{""sourceId"": 4, ""url"": ""https://www.tunisiapromo.com/annonce/immeuble-au-centre-de-kelibia-z76705.html"", ""price"": 1100000, ""sellerType"": ""agency"", ""lastModified"": ""2020-12-12 15:57:17""}]","[{""sellerType"": ""agency"", ""contactName"": ""Immobilière"", ""active"": true}]",1,1,1,1,2,1,[],2022-01-06 23:01:10,2018-10-03 23:01:07,2022-06-07 15:34:36,2018-10-03 23:01:07,1,2026-02-07 13:37:22
1166933,A vendre Une coquette immeuble à sidi hassine,"Ezemzemi Immobilière met à votre disposition un immeuble R3 d'une superficie : 1365 m² au Sidi Hassine à coté de Tribunal de première instance de Tunis 2

Il se compose d'un :

- Grand dépôt d'une superficie : 2240 m²

- Place parking d'une superficie : 756 m²

- RDC : 3 bureaux  hall

- 1er étage : 9 bureaux  cuisine  3 toilettes

- 2ème étage : 9 bureaux  cuisine  3 toilettes

Prix : 6 Milliard et 100 MD Négociable

NB : Cette opportunité peut être : un clinique , école , centre de formation,......

Pour plus d'informations n'hésiter de nous contacter sur le <a type=""phone"">+21671XXXXXX</a> - <a type=""phone"">+21624XXXXXX</a> - <a type=""phone"">+21622XXXXXX</a>",6100000.0,1365.0,Immeuble de bureaux,officeBuilding,sale,agency,5017,https://www.menzili.tn/upload/photos/2022/03/29/14/13/bs6p7q7847.jpg,"[""https://www.menzili.tn/upload/photos/2022/03/29/14/13/bs6p7q7847.jpg"", ""https://www.menzili.tn/upload/photos/2022/03/29/14/13/2921q39q2z.jpg"", ""https://www.menzili.tn/upload/photos/2022/03/29/14/13/2y9261vs67.jpg"", ""https://www.menzili.tn/upload/photos/2022/03/29/14/13/9m4s9q4322.jpg"", ""https://www.menzili.tn/upload/photos/2022/03/29/14/13/2ya2s27iz7.jpg"", ""https://www.menzili.tn/upload/photos/2022/03/29/14/13/bsmd9g7v89.jpg"", ""https://www.menzili.tn/upload/photos/2022/03/29/14/13/me60929v46.jpg"", ""https://www.menzili.tn/upload/photos/2022/03/29/14/14/d69r7302i1.jpg""]","[{""url"": ""https://www.menzili.tn/upload/photos/2022/03/29/14/13/bs6p7q7847.jpg"", ""sourceId"": 13, ""adUrl"": ""https://www.menzili.tn/annonce/annonce-83107""}, {""url"": ""https://www.menzili.tn/upload/photos/2022/03/29/14/13/2921q39q2z.jpg"", ""sourceId"": 13, ""adUrl"": ""https://www.menzili.tn/annonce/annonce-83107""}, {""url"": ""https://www.menzili.tn/upload/photos/2022/03/29/14/13/2y9261vs67.jpg"", ""sourceId"": 13, ""adUrl"": ""https://www.menzili.tn/annonce/annonce-83107""}, {""url"": ""https://www.menzili.tn/upload/photos/2022/03/29/14/13/9m4s9q4322.jpg"", ""sourceId"": 13, ""adUrl"": ""https://www.menzili.tn/annonce/annonce-83107""}, {""url"": ""https://www.menzili.tn/upload/photos/2022/03/29/14/13/2ya2s27iz7.jpg"", ""sourceId"": 13, ""adUrl"": ""https://www.menzili.tn/annonce/annonce-83107""}, {""url"": ""https://www.menzili.tn/upload/photos/2022/03/29/14/13/bsmd9g7v89.jpg"", ""sourceId"": 13, ""adUrl"": ""https://www.menzili.tn/annonce/annonce-83107""}, {""url"": ""https://www.menzili.tn/upload/photos/2022/03/29/14/13/me60929v46.jpg"", ""sourceId"": 13, ""adUrl"": ""https://www.menzili.tn/annonce/annonce-83107""}, {""url"": ""https://www.menzili.tn/upload/photos/2022/03/29/14/14/d69r7302i1.jpg"", ""sourceId"": 13, ""adUrl"": ""https://www.menzili.tn/annonce/annonce-83107""}]","[{""sourceId"": 13, ""url"": ""https://www.menzili.tn/annonce/annonce-83107"", ""price"": 6100000, ""sellerType"": ""agency"", ""lastModified"": ""2022-03-29 01:38:32""}]","[{""sellerType"": ""agency"", ""contactName"": ""Agence immobilière ezemezmi"", ""active"": true}]",1,1,1,1,1,1,[],2025-10-19 01:38:34,2022-03-29 01:38:32,2022-03-29 01:38:32,2022-03-29 01:38:32,1,2026-02-07 13:37:24
472470,A vendre immeuble r+3 au centre ville tunis,"A vendre au centre ville de Tunis pas loin de la place BabSaadoun à proximité de deux stations du métro et de la faculté d'architecture ,un immeuble R+3 avec 2 façades sur deux rues parallèles.L'immeuble fait environ 600 m2 couverts sur un terrain de 170 m2 , c'est un investissement pouvant engendrer au moins 6000 DT /mois de loyer entant que bureaux ou encore pour abriter une école ou université. Cet immeuble à été complètement rénové à un très bon standing au niveau de son RDC et le 2ème étage :faux plafond en bois noble, sanitaires et parterre de choix,isolation murale et des fenêtres avec une très belle vue à partir des terrasse sur Tunis ville. Le premier et 3ème étage sont en très bon état et peuvent être exploités dans leur état actuel. Tous les étages sont lumineux et bien aérés . Le prix de vente est de 875.000 DT . Pour visite et infos :<a type=""phone"">+21695XXXXXX</a> ou le <a type=""phone"">+21672XXXXXX</a>",875000.0,600.0,Immeuble de bureaux,officeBuilding,sale,agency,5201,https://www.tunisiapromo.com/gallery/photo-1-373530.jpg,"[""https://www.tunisiapromo.com/gallery/photo-1-373530.jpg"", ""https://www.tunisiapromo.com/gallery/photo-2-373531.jpg"", ""https://www.tunisiapromo.com/gallery/photo-3-373532.jpg"", ""https://www.tunisiapromo.com/gallery/photo-4-373533.jpg"", ""https://www.tunisiapromo.com/gallery/photo-5-373534.jpg"", ""https://www.tunisiapromo.com/gallery/photo-6-373535.jpg"", ""https://www.tunisiapromo.com/gallery/photo-7-373536.jpg"", ""https://www.tunisiapromo.com/gallery/photo-8-373537.jpg"", ""https://www.tunisiapromo.com/gallery/photo-9-373538.jpg""]","[{""url"": ""https://www.tunisiapromo.com/gallery/photo-1-373530.jpg"", ""sourceId"": 4, ""adUrl"": ""https://www.tunisiapromo.com/annonce/a-vendre-immeuble-r-3-au-centre-ville-tunis-z82048.html""}, {""url"": ""https://www.tunisiapromo.com/gallery/photo-2-373531.jpg"", ""sourceId"": 4, ""adUrl"": ""https://www.tunisiapromo.com/annonce/a-vendre-immeuble-r-3-au-centre-ville-tunis-z82048.html""}, {""url"": ""https://www.tunisiapromo.com/gallery/photo-3-373532.jpg"", ""sourceId"": 4, ""adUrl"": ""https://www.tunisiapromo.com/annonce/a-vendre-immeuble-r-3-au-centre-ville-tunis-z82048.html""}, {""url"": ""https://www.tunisiapromo.com/gallery/photo-4-373533.jpg"", ""sourceId"": 4, ""adUrl"": ""https://www.tunisiapromo.com/annonce/a-vendre-immeuble-r-3-au-centre-ville-tunis-z82048.html""}, {""url"": ""https://www.tunisiapromo.com/gallery/photo-5-373534.jpg"", ""sourceId"": 4, ""adUrl"": ""https://www.tunisiapromo.com/annonce/a-vendre-immeuble-r-3-au-centre-ville-tunis-z82048.html""}, {""url"": ""https://www.tunisiapromo.com/gallery/photo-6-373535.jpg"", ""sourceId"": 4, ""adUrl"": ""https://www.tunisiapromo.com/annonce/a-vendre-immeuble-r-3-au-centre-ville-tunis-z82048.html""}, {""url"": ""https://www.tunisiapromo.com/gallery/photo-7-373536.jpg"", ""sourceId"": 4, ""adUrl"": ""https://www.tunisiapromo.com/annonce/a-vendre-immeuble-r-3-au-centre-ville-tunis-z82048.html""}, {""url"": ""https://www.tunisiapromo.com/gallery/photo-8-373537.jpg"", ""sourceId"": 4, ""adUrl"": ""https://www.tunisiapromo.com/annonce/a-vendre-immeuble-r-3-au-centre-ville-tunis-z82048.html""}, {""url"": ""https://www.tunisiapromo.com/gallery/photo-9-373538.jpg"", ""sourceId"": 4, ""adUrl"": ""https://www.tunisiapromo.com/annonce/a-vendre-immeuble-r-3-au-centre-ville-tunis-z82048.html""}]","[{""sourceId"": 4, ""url"": ""https://www.tunisiapromo.com/annonce/a-vendre-immeuble-r-3-au-centre-ville-tunis-z82048.html"", ""price"": 875000, ""sellerType"": ""agency"", ""lastModified"": ""2019-02-08 18:06:39""}]","[{""sellerType"": ""agency"", ""contactName"": ""Immobilière"", ""active"": true}]",1,1,1,1,2,1,[],2022-03-16 11:19:56,2019-02-08 18:06:39,2022-03-16 11:19:56,2019-02-08 18:06:39,1,2026-02-07 13:37:26
1173611,immeuble à #VENDRE situé sur un terrain de 1000 m²,"Un immeuble  à #VENDRE situé sur un terrain de 1000 m² .
Il est composé de 03 blocs en R+4 à usage bureautique ou usage d'habitation après rénovation ou réhabilitation.
 ✅RDC : 
Bloc 1 04 plateaux 
Bloc 2 : entrée
Bloc 3 : 04 plateaux
✅1er étage : 13 bureaux + plateau + 06 ponts d’eaux
✅2ème étage : 15 bureaux +02 plateaux +03 ponts d’eaux
✅3ème étage : 12 bureaux +03 palataux +02 ponts d’eaux
✅4ème étage :  12 bureaux +03 palataux +02 ponts d’eaux
#Superficie bâtie chaque Bloc est 940m2",2650000.0,1000.0,Immeuble de bureaux,officeBuilding,sale,agency,4820,,[],,"[{""sourceId"": 3, ""url"": ""https://www.ballouchi.com/annonces/immobilier/bureaux/immeuble-a-vendre-situe-sur-un-terrain-de-1000-m.html"", ""price"": 2650000, ""sellerType"": ""agency"", ""lastModified"": ""2022-03-02 22:44:34""}]","[{""sellerType"": ""agency"", ""contactName"": ""CasaDigital"", ""active"": true}]",1,1,1,1,1,1,"[""elevator""]",2022-03-05 14:41:31,2022-03-02 14:41:22,2022-03-02 22:44:34,2022-03-02 14:41:22,1,2026-02-07 13:37:28
1167846,Immeuble de  21 bureaux,A vendre immeuble de bureaux en cours d'achèvement.zone administrative Ariana.  21 bureaux. 18 places de parking au sous-sol. 3 parkings extérieurs. Pré contrat signé avec une institution étatique  avec loyer payable à l'année.,,1800.0,Immeuble de bureaux,officeBuilding,sale,private,286,https://www.menzili.tn/upload/photos/2022/02/04/12/48/9a549q2o9z.jpeg,"[""https://www.menzili.tn/upload/photos/2022/02/04/12/48/9a549q2o9z.jpeg"", ""https://www.menzili.tn/upload/photos/2022/02/04/12/49/5ez72i49d4.jpeg"", ""https://www.menzili.tn/upload/photos/2022/02/04/12/50/a2r4pqdg89.jpeg""]","[{""url"": ""https://www.menzili.tn/upload/photos/2022/02/04/12/48/9a549q2o9z.jpeg"", ""sourceId"": 13, ""adUrl"": ""https://www.menzili.tn/annonce/annonce-79500""}, {""url"": ""https://www.menzili.tn/upload/photos/2022/02/04/12/49/5ez72i49d4.jpeg"", ""sourceId"": 13, ""adUrl"": ""https://www.menzili.tn/annonce/annonce-79500""}, {""url"": ""https://www.menzili.tn/upload/photos/2022/02/04/12/50/a2r4pqdg89.jpeg"", ""sourceId"": 13, ""adUrl"": ""https://www.menzili.tn/annonce/annonce-79500""}]","[{""sourceId"": 13, ""url"": ""https://www.menzili.tn/annonce/annonce-79500"", ""price"": null, ""sellerType"": ""private"", ""lastModified"": ""2022-02-04 01:50:24""}]","[{""sellerType"": ""private"", ""contactName"": ""Zouhayer"", ""active"": true}]",1,1,1,1,1,1,"[""elevator"", ""garage"", ""airConditioning""]",2025-10-19 01:50:26,2022-02-04 01:50:24,2022-02-04 01:50:24,2022-02-04 01:50:24,1,2026-02-07 13:37:30
1164199,Immeuble rentable,"immeuble à vendre au centre ville 

projet rentable

foyer vocation foyer et hôtel 

<a type=""phone"">+21696XXXXXX</a> / <a type=""phone"">+21622XXXXXX</a>",850000.0,,Immeuble de bureaux,officeBuilding,sale,agency,5197,https://www.menzili.tn/upload/photos/2022/02/03/10/55/ym42o5i314.jpeg,"[""https://www.menzili.tn/upload/photos/2022/02/03/10/55/ym42o5i314.jpeg""]","[{""url"": ""https://www.menzili.tn/upload/photos/2022/02/03/10/55/ym42o5i314.jpeg"", ""sourceId"": 13, ""adUrl"": ""https://www.menzili.tn/annonce/annonce-79387""}]","[{""sourceId"": 13, ""url"": ""https://www.menzili.tn/annonce/annonce-79387"", ""price"": 850000, ""sellerType"": ""agency"", ""lastModified"": ""2022-02-03 01:18:36""}]","[{""sellerType"": ""agency"", ""contactName"": ""Cherif"", ""active"": true}]",1,1,1,1,1,1,[],2025-10-19 01:18:40,2022-02-03 01:18:36,2022-02-03 01:18:36,2022-02-03 01:18:36,1,2026-02-07 13:37:31
1175477,Nouveau immeuble de deux étages,"Nouveau immeuble de deux étages
Vente a Akouda un nouveau immeuble de 400 m² couvert sur un terrain de 150 m² , se compose : Rez de chaussée de salon + 2 chambres + salle de bain + cuisine , 1er étage de deux studios et 2iem étage se compose de salon + 2 chambres+ salle de bain + cuisine . Donc immeuble de très haute standing de R + 2 , équipé de 3 compteurs STEG + 3 Compteurs SONED et 3 Compteurs GAZ de Ville .
Immeuble bâtir en 2020 , chauffage central , situé a proximité de toutes commodités , zone habitable et commercial a 50 mètres du Rue direction Sousse . 
-	Sachant que le propriétaire a interdit la publication des photos de cet immeuble  donc que des visites réelles suite a un rendez vous –
Prix : 800 000 dt 
Le dossier juridique est consultable chez notre Consultant Kamel .
Bureau a Akouda entre la Rue 02 Mars et 15 Octobre , direction collège
Merci de visitez et aimer notre page : KAMEL Immobilière .
Nous avons des autres produits en immobilier 
Pour plus de détails merci de nous contactez au <a type=""phone"">+21654XXXXXX</a> .",800000.0,400.0,Immeuble de bureaux,officeBuilding,sale,agency,4438,http://cdn2.ballouchi.com/800x600/332396-1.jpg,"[""https://server.bigdatis.com/api/properties/image/305628253""]","[{""url"": ""https://server.bigdatis.com/api/properties/image/305628253"", ""sourceId"": 3, ""adUrl"": ""https://www.ballouchi.com/annonces/immobilier/appartements/nouveau-immeuble-de-deux-etages.html""}]","[{""sourceId"": 3, ""url"": ""https://www.ballouchi.com/annonces/immobilier/appartements/nouveau-immeuble-de-deux-etages.html"", ""price"": 800000, ""sellerType"": ""agency"", ""lastModified"": ""2022-01-17 23:47:34""}]","[{""sellerType"": ""agency"", ""contactName"": ""kamel immobiliere"", ""active"": true}]",1,1,1,1,1,1,"[""balcony""]",2022-01-17 11:23:16,2022-01-17 11:23:10,2022-01-17 23:47:34,2022-01-17 11:23:10,1,2026-02-07 13:37:33
1164294,Immeuble à vendre lac1,"Immeuble composée de:

*un local commercial de 140 m2+ 60m2 à l'étage+ fond de commerce

*un local commercial de 90 m2 équipé ( cafétéria& Fast food)+fond de commerce

Immeuble de 3 étage à usage de bureau:

-rez-de chaussée contenant une terrasse de 100 m2

-premier étage contenant 3 appartements à usage de bureaux

-deuxième étage contenant 3 appartements  à usage de bureaux

-troisième étage contenant 2 appartements à usage de bureaux

-9 places de parking",6000000.0,140.0,Immeuble de bureaux,officeBuilding,sale,private,4942,https://www.menzili.tn/upload/photos/2021/10/20/09/48/jd1ezqg57v.jpg,"[""https://www.menzili.tn/upload/photos/2021/10/20/09/48/jd1ezqg57v.jpg"", ""https://www.menzili.tn/upload/photos/2021/10/20/09/49/6fs37924e7.png""]","[{""url"": ""https://www.menzili.tn/upload/photos/2021/10/20/09/48/jd1ezqg57v.jpg"", ""sourceId"": 13, ""adUrl"": ""https://www.menzili.tn/annonce/annonce-70005""}, {""url"": ""https://www.menzili.tn/upload/photos/2021/10/20/09/49/6fs37924e7.png"", ""sourceId"": 13, ""adUrl"": ""https://www.menzili.tn/annonce/annonce-70005""}]","[{""sourceId"": 13, ""url"": ""https://www.menzili.tn/annonce/annonce-70005"", ""price"": 6000000, ""sellerType"": ""private"", ""lastModified"": ""2021-10-20 01:19:02""}]",[],1,1,0,0,1,1,"[""elevator""]",2025-10-19 01:19:04,2021-10-20 01:19:02,2021-10-20 01:19:02,2021-10-20 01:19:02,1,2026-02-07 13:37:35
87068,Immeuble r+2 au bord de la mer,"Agence Lecoin Immobilière vous propose :
A #Vendre un immeuble R+2 avec sous-sol au bord de la mer située à Bnikhiar prés de la port 
l'immeuble se compose:",650000.0,450.0,Immeuble de bureaux,officeBuilding,sale,agency,3293,https://www.tunisiapromo.com/gallery/photo-1-432705.jpg,"[""https://www.tunisiapromo.com/gallery/photo-1-432705.jpg"", ""https://www.tunisiapromo.com/gallery/photo-2-432706.jpg"", ""https://www.tunisiapromo.com/gallery/photo-3-432707.jpg"", ""https://www.tunisiapromo.com/gallery/photo-4-432708.jpg"", ""https://www.tunisiapromo.com/gallery/photo-5-432709.jpg"", ""https://www.tunisiapromo.com/gallery/photo-6-432710.jpg"", ""https://www.tunisiapromo.com/gallery/photo-7-432711.jpg"", ""https://www.tunisiapromo.com/gallery/photo-8-432712.jpg"", ""https://www.tunisiapromo.com/gallery/photo-9-432713.jpg"", ""https://www.tunisiapromo.com/gallery/photo-10-432714.jpg"", ""https://www.tunisiapromo.com/plans/105814.jpg""]","[{""url"": ""https://www.tunisiapromo.com/gallery/photo-1-432705.jpg"", ""sourceId"": 4, ""adUrl"": ""https://www.tunisiapromo.com/annonce/immeuble-r-2-au-bord-de-la-mer-z105814.html""}, {""url"": ""https://www.tunisiapromo.com/gallery/photo-2-432706.jpg"", ""sourceId"": 4, ""adUrl"": ""https://www.tunisiapromo.com/annonce/immeuble-r-2-au-bord-de-la-mer-z105814.html""}, {""url"": ""https://www.tunisiapromo.com/gallery/photo-3-432707.jpg"", ""sourceId"": 4, ""adUrl"": ""https://www.tunisiapromo.com/annonce/immeuble-r-2-au-bord-de-la-mer-z105814.html""}, {""url"": ""https://www.tunisiapromo.com/gallery/photo-4-432708.jpg"", ""sourceId"": 4, ""adUrl"": ""https://www.tunisiapromo.com/annonce/immeuble-r-2-au-bord-de-la-mer-z105814.html""}, {""url"": ""https://www.tunisiapromo.com/gallery/photo-5-432709.jpg"", ""sourceId"": 4, ""adUrl"": ""https://www.tunisiapromo.com/annonce/immeuble-r-2-au-bord-de-la-mer-z105814.html""}, {""url"": ""https://www.tunisiapromo.com/gallery/photo-6-432710.jpg"", ""sourceId"": 4, ""adUrl"": ""https://www.tunisiapromo.com/annonce/immeuble-r-2-au-bord-de-la-mer-z105814.html""}, {""url"": ""https://www.tunisiapromo.com/gallery/photo-7-432711.jpg"", ""sourceId"": 4, ""adUrl"": ""https://www.tunisiapromo.com/annonce/immeuble-r-2-au-bord-de-la-mer-z105814.html""}, {""url"": ""https://www.tunisiapromo.com/gallery/photo-8-432712.jpg"", ""sourceId"": 4, ""adUrl"": ""https://www.tunisiapromo.com/annonce/immeuble-r-2-au-bord-de-la-mer-z105814.html""}, {""url"": ""https://www.tunisiapromo.com/gallery/photo-9-432713.jpg"", ""sourceId"": 4, ""adUrl"": ""https://www.tunisiapromo.com/annonce/immeuble-r-2-au-bord-de-la-mer-z105814.html""}, {""url"": ""https://www.tunisiapromo.com/gallery/photo-10-432714.jpg"", ""sourceId"": 4, ""adUrl"": ""https://www.tunisiapromo.com/annonce/immeuble-r-2-au-bord-de-la-mer-z105814.html""}, {""url"": ""https://www.tunisiapromo.com/plans/105814.jpg"", ""sourceId"": 4, ""adUrl"": ""https://www.tunisiapromo.com/annonce/immeuble-r-2-au-bord-de-la-mer-z105814.html""}]","[{""sourceId"": 4, ""url"": ""https://www.tunisiapromo.com/annonce/immeuble-r-2-au-bord-de-la-mer-z105814.html"", ""price"": 650000, ""sellerType"": ""agency"", ""lastModified"": ""2021-07-10 13:24:59""}]","[{""sellerType"": ""agency"", ""contactName"": ""Lecoin immobilier"", ""active"": true}]",1,1,1,1,1,1,"[""heating"", ""airConditioning"", ""equippedKitchen"", ""garage"", ""garden"", ""terrace""]",2022-01-07 00:20:23,2020-11-21 00:19:59,2021-07-10 13:24:59,2020-11-21 00:19:59,1,2026-02-07 13:37:36
1154216,VENTE IMMEUBLE LES BERGES DU LAC,"Immeuble rapport locatif à 8% /an aux Lac La Marsa 

(RÉF. 5065202)

Immeuble sur ' étages - LA MARSA/BERGES DU LAC: Au coeur d'un quartier commerçant, face à des ambassades, hotels et commerces, à vendre un immeuble d'une superficie de 2000 m² environ en RC + 4 étages avec plusieurs bureaux par étage soit 400m2 ainsi que 100 m² environ de sous-sol sur 1 niveau. Le rez-de-chaussée étant occupé par un local commercial (vacant) et des garages (loués). L'immeuble est composé. La présente annonce immobilière vise un immeuble formant 20 lots au total ne faisant l'objet d'aucune procédure en cours et d'un montant de charges d'environ 6000 TND par mois (soit 72 000 TND annuel) La façade et les parties communes ont été entièrement rénovées. Honoraires d'agence à la charge de l'acheteur. Honoraires à la charge du vendeur.

(RÉF. 5065202)",5665000.0,2000.0,Immeuble de bureaux,officeBuilding,sale,agency,4942,https://www.menzili.tn/upload/photos/2021/03/04/10/40/b2s6qv6q24.jpg,"[""https://www.menzili.tn/upload/photos/2021/03/04/10/40/b2s6qv6q24.jpg""]","[{""url"": ""https://www.menzili.tn/upload/photos/2021/03/04/10/40/b2s6qv6q24.jpg"", ""sourceId"": 13, ""adUrl"": ""https://www.menzili.tn/annonce/annonce-54225""}]","[{""sourceId"": 13, ""url"": ""https://www.menzili.tn/annonce/annonce-54225"", ""price"": 5665000, ""sellerType"": ""agency"", ""lastModified"": ""2021-03-04 23:56:56""}]","[{""sellerType"": ""agency"", ""contactName"": ""Home in Tunisia"", ""active"": true}]",1,1,1,1,1,1,"[""elevator"", ""airConditioning""]",2025-10-18 23:57:01,2021-03-04 23:56:56,2021-03-04 23:56:56,2021-03-04 23:56:56,1,2026-02-07 13:37:42
1165959,Immeuble r+2 a sidi abd il hmid,"Immobilière jdidi met à vendre une immeuble r+2 a sidi abd il hamid zone industrielle.

*superficie 77 m2 de terrain et 320 m2 couvert.

*compris :en rez chaussé supérettes bien équipée  et garage.

*1 ère étage :studio et s2.

*2 ème étage :studio et s2.

Chaque maison bien équipé des meubles et des climatistions et des chauffages centrales .

*Prix :450 milles.

Pour plus d information contactez nous sur votre page ou bien numéro de téléphone <a type=""phone"">+21696XXXXXX</a> ou bien <a type=""phone"">+21627XXXXXX</a>.",450000.0,320.0,Immeuble de bureaux,officeBuilding,sale,agency,5372,https://www.menzili.tn/upload/photos/2021/02/25/10/33/6zq3d04d34.jpg,"[""https://www.menzili.tn/upload/photos/2021/02/25/10/33/6zq3d04d34.jpg"", ""https://www.menzili.tn/upload/photos/2021/02/25/10/33/93s977t3q4.jpg"", ""https://www.menzili.tn/upload/photos/2021/02/25/10/33/21t40dov22.jpg"", ""https://www.menzili.tn/upload/photos/2021/02/25/10/33/dn0691ze67.jpg"", ""https://www.menzili.tn/upload/photos/2021/02/25/10/36/2a97r4pqde.jpg"", ""https://www.menzili.tn/upload/photos/2021/02/25/10/36/ajde2z4v37.jpg"", ""https://www.menzili.tn/upload/photos/2021/02/25/10/36/y8410q9d5v.jpg"", ""https://www.menzili.tn/upload/photos/2021/02/25/10/36/5b4640di37.jpg"", ""https://www.menzili.tn/upload/photos/2021/02/25/10/38/as1z42q14v.jpg"", ""https://www.menzili.tn/upload/photos/2021/02/25/10/39/7z6ssit92e.jpg""]","[{""url"": ""https://www.menzili.tn/upload/photos/2021/02/25/10/33/6zq3d04d34.jpg"", ""sourceId"": 13, ""adUrl"": ""https://www.menzili.tn/annonce/annonce-53445""}, {""url"": ""https://www.menzili.tn/upload/photos/2021/02/25/10/33/93s977t3q4.jpg"", ""sourceId"": 13, ""adUrl"": ""https://www.menzili.tn/annonce/annonce-53445""}, {""url"": ""https://www.menzili.tn/upload/photos/2021/02/25/10/33/21t40dov22.jpg"", ""sourceId"": 13, ""adUrl"": ""https://www.menzili.tn/annonce/annonce-53445""}, {""url"": ""https://www.menzili.tn/upload/photos/2021/02/25/10/33/dn0691ze67.jpg"", ""sourceId"": 13, ""adUrl"": ""https://www.menzili.tn/annonce/annonce-53445""}, {""url"": ""https://www.menzili.tn/upload/photos/2021/02/25/10/36/2a97r4pqde.jpg"", ""sourceId"": 13, ""adUrl"": ""https://www.menzili.tn/annonce/annonce-53445""}, {""url"": ""https://www.menzili.tn/upload/photos/2021/02/25/10/36/ajde2z4v37.jpg"", ""sourceId"": 13, ""adUrl"": ""https://www.menzili.tn/annonce/annonce-53445""}, {""url"": ""https://www.menzili.tn/upload/photos/2021/02/25/10/36/y8410q9d5v.jpg"", ""sourceId"": 13, ""adUrl"": ""https://www.menzili.tn/annonce/annonce-53445""}, {""url"": ""https://www.menzili.tn/upload/photos/2021/02/25/10/36/5b4640di37.jpg"", ""sourceId"": 13, ""adUrl"": ""https://www.menzili.tn/annonce/annonce-53445""}, {""url"": ""https://www.menzili.tn/upload/photos/2021/02/25/10/38/as1z42q14v.jpg"", ""sourceId"": 13, ""adUrl"": ""https://www.menzili.tn/annonce/annonce-53445""}, {""url"": ""https://www.menzili.tn/upload/photos/2021/02/25/10/39/7z6ssit92e.jpg"", ""sourceId"": 13, ""adUrl"": ""https://www.menzili.tn/annonce/annonce-53445""}]","[{""sourceId"": 13, ""url"": ""https://www.menzili.tn/annonce/annonce-53445"", ""price"": 450000, ""sellerType"": ""agency"", ""lastModified"": ""2021-02-25 01:33:42""}]","[{""sellerType"": ""agency"", ""contactName"": ""Immobiliere jdidi"", ""active"": true}]",1,1,1,1,1,1,"[""airConditioning"", ""garage""]",2025-10-19 01:33:44,2021-02-25 01:33:42,2021-02-25 01:33:42,2021-02-25 01:33:42,1,2026-02-07 13:37:45
497531,Immeuble la perla a hammamet proche centre,"Immeuble La Perla AV1340
A vendre un Immeuble de type R+2 situé à Hammamet sur une grande route commerçante.
Il est bâti sur un terrain de 180m2 et répartie comme suit :
Au rez de chaussée on trouve un local commercial d’environ 40m2 avec un sous-sol et un appartement composé d’un salon ouvert sur une kitchenette et d’une chambre, une salle d’eau et une terrasse en inter sol. 
Le premier étage compte un bureau composé de trois salles et de deux salles d’eau ainsi que cinq bureaux avec deux salles et deux salles d’eau. 
Le dernier étage offre deux appartements, le premier est composé d’un grand salon, une cuisine, deux chambres à coucher, une salle d’eau et une grande terrasse ayant une vue sur la mer et accès au toit de la résidence. Quant au second, il compte un salon ouvert sur la cuisine, une chambre à coucher, une salle d’eau et une terrasse avec une vue sur la mer. 
Possibilité d’extension en 3éme étage. 
Prix : 820 000 DT
Nous restons à votre disposition pour toutes informations complémentaires et éventuelle visite.
Vous pouvez nous contacter sur le <a type=""phone"">+21622XXXXXX</a>/ <a type=""phone"">+21629XXXXXX</a> / <a type=""phone"">+21655XXXXXX</a> ou par email à info@mouin-immobilier.com Agence Mouin Immobilier International 
Vous trouverez toutes nos offres en visitant notre site web www.mouin-immobilier.com",820000.0,180.0,Immeuble de bureaux,officeBuilding,sale,agency,3479,https://www.tunisiapromo.com/images/107110.jpg,"[""https://www.tunisiapromo.com/images/107110.jpg""]","[{""url"": ""https://www.tunisiapromo.com/images/107110.jpg"", ""sourceId"": 4, ""adUrl"": ""https://www.tunisiapromo.com/annonce/immeuble-la-perla-a-hammamet-proche-centre-z107110.html""}]","[{""sourceId"": 4, ""url"": ""https://www.tunisiapromo.com/annonce/immeuble-la-perla-a-hammamet-proche-centre-z107110.html"", ""price"": 820000, ""sellerType"": ""agency"", ""lastModified"": ""2020-12-21 23:09:21""}]","[{""sellerType"": ""agency"", ""contactName"": ""Mouin Immobilier"", ""active"": true}]",1,1,1,1,4,4,"[""terrace""]",2022-01-06 23:09:24,2019-09-26 15:49:46,2020-12-21 23:09:21,2019-09-26 15:49:46,1,2026-02-07 13:37:47
1164720,Immeuble R+2 à vendre !,"Bonjour,

On mets en vente notre immeuble R+2 situé à Hay el Moez, route gabes, Sfax.

L'immeuble est composé de 3 logements.

Rez de chaussé : 85 m2

1er étage : 75m2

2ème étage : 70 m2

Pour plus d'information, merci de nous contacter sur le <a type=""phone"">+21625XXXXXX</a> ou le <a type=""phone"">+21622XXXXXX</a>

Prix : 200000",200000.0,85.0,Immeuble de bureaux,officeBuilding,sale,private,3955,https://www.menzili.tn/upload/photos/2020/10/12/13/18/92rzdiqd31.jpg,"[""https://www.menzili.tn/upload/photos/2020/10/12/13/18/92rzdiqd31.jpg"", ""https://www.menzili.tn/upload/photos/2020/10/12/13/18/97sz20d58z.jpg"", ""https://www.menzili.tn/upload/photos/2020/10/12/13/18/794p0q3d27.jpg""]","[{""url"": ""https://www.menzili.tn/upload/photos/2020/10/12/13/18/92rzdiqd31.jpg"", ""sourceId"": 13, ""adUrl"": ""https://www.menzili.tn/annonce/annonce-44397""}, {""url"": ""https://www.menzili.tn/upload/photos/2020/10/12/13/18/97sz20d58z.jpg"", ""sourceId"": 13, ""adUrl"": ""https://www.menzili.tn/annonce/annonce-44397""}, {""url"": ""https://www.menzili.tn/upload/photos/2020/10/12/13/18/794p0q3d27.jpg"", ""sourceId"": 13, ""adUrl"": ""https://www.menzili.tn/annonce/annonce-44397""}]","[{""sourceId"": 13, ""url"": ""https://www.menzili.tn/annonce/annonce-44397"", ""price"": 200000, ""sellerType"": ""private"", ""lastModified"": ""2020-10-12 01:21:05""}]","[{""sellerType"": ""private"", ""contactName"": ""Najwa chaabouni"", ""active"": true}]",1,1,1,1,1,1,[],2025-10-19 01:21:07,2020-10-12 01:21:05,2020-10-12 01:21:05,2020-10-12 01:21:05,1,2026-02-07 13:37:49
197319,Immeuble akouda réf:,"Immeuble AKOUDA (Réf: V1272)
A vendre chez l'agence TPS Immobilière Hammamet, un immeuble d’une vocation R+1 construit en 2015 d'une surface couverte de 540 m², bien situé à Sousse zone Akouda et proche de toutes les commodités.
Cet immeuble se compose de 5 appartements de type S+2 dont un appartement au sous-sol d’une superficie de 120 m², deux au RDC d’une superficie de 120 m² et de 150 m² et deux autres au premier étage d’une superficie de 120 m² et 150 m².
Chaque appartement comporte : un salon, deux chambres à coucher, une cuisine aménagée et une salle de bain avec baignoire.
Les cuisines et les salons possèdent chacun un balcon ou une terrasse.

Veuillez SVP contacter Mme Nesrine: <a type=""phone"">+21628XXXXXX</a> / <a type=""phone"">+21652XXXXXX</a>
#Mme Nesrine # <a type=""phone"">+21628XXXXXX</a> #",1120000.0,540.0,Immeuble de bureaux,officeBuilding,sale,agency,4438,https://www.tunisiapromo.com/gallery/photo-1-424776.jpg,"[""https://www.tunisiapromo.com/gallery/photo-1-424776.jpg"", ""https://www.tunisiapromo.com/gallery/photo-2-424777.jpg"", ""https://www.tunisiapromo.com/gallery/photo-3-424778.jpg"", ""https://www.tunisiapromo.com/gallery/photo-4-424779.jpg""]","[{""url"": ""https://www.tunisiapromo.com/gallery/photo-1-424776.jpg"", ""sourceId"": 4, ""adUrl"": ""https://www.tunisiapromo.com/annonce/immeuble-akouda-ref-z103322.html""}, {""url"": ""https://www.tunisiapromo.com/gallery/photo-2-424777.jpg"", ""sourceId"": 4, ""adUrl"": ""https://www.tunisiapromo.com/annonce/immeuble-akouda-ref-z103322.html""}, {""url"": ""https://www.tunisiapromo.com/gallery/photo-3-424778.jpg"", ""sourceId"": 4, ""adUrl"": ""https://www.tunisiapromo.com/annonce/immeuble-akouda-ref-z103322.html""}, {""url"": ""https://www.tunisiapromo.com/gallery/photo-4-424779.jpg"", ""sourceId"": 4, ""adUrl"": ""https://www.tunisiapromo.com/annonce/immeuble-akouda-ref-z103322.html""}]","[{""sourceId"": 4, ""url"": ""https://www.tunisiapromo.com/annonce/immeuble-akouda-ref-z103322.html"", ""price"": 1120000, ""sellerType"": ""agency"", ""lastModified"": ""2020-09-23 22:09:58""}]","[{""sellerType"": ""agency"", ""contactName"": ""TPS Immobilière"", ""active"": true}]",1,1,1,1,1,1,[],2022-01-06 22:10:17,2020-09-23 22:09:58,2020-09-23 22:09:58,2020-09-23 22:09:58,1,2026-02-07 13:37:50
1155030,A vendre Immeuble à Béja Ville,"A vendre Immeuble titré composé de 4 appartements, rez de chaussée, 2 étages et garage.

Superficie: 254 m2

Adresse: Rue Abd El Rahmen Sumer Hawari Béja Sud 

Tel:<a type=""phone"">+21624XXXXXX</a>",,254.0,Immeuble de bureaux,officeBuilding,sale,private,524,https://www.menzili.tn/upload/photos/2020/08/22/10/04/5et4dds9d4.jpg,"[""https://www.menzili.tn/upload/photos/2020/08/22/10/04/5et4dds9d4.jpg"", ""https://www.menzili.tn/upload/photos/2020/08/22/10/04/and2942934.jpg"", ""https://www.menzili.tn/upload/photos/2020/08/22/10/04/vds6i7t5z7.jpg"", ""https://www.menzili.tn/upload/photos/2020/08/22/10/04/d8rm43296v.jpg"", ""https://www.menzili.tn/upload/photos/2020/08/22/10/25/ai83d2td31.png""]","[{""url"": ""https://www.menzili.tn/upload/photos/2020/08/22/10/04/5et4dds9d4.jpg"", ""sourceId"": 13, ""adUrl"": ""https://www.menzili.tn/annonce/annonce-41213""}, {""url"": ""https://www.menzili.tn/upload/photos/2020/08/22/10/04/and2942934.jpg"", ""sourceId"": 13, ""adUrl"": ""https://www.menzili.tn/annonce/annonce-41213""}, {""url"": ""https://www.menzili.tn/upload/photos/2020/08/22/10/04/vds6i7t5z7.jpg"", ""sourceId"": 13, ""adUrl"": ""https://www.menzili.tn/annonce/annonce-41213""}, {""url"": ""https://www.menzili.tn/upload/photos/2020/08/22/10/04/d8rm43296v.jpg"", ""sourceId"": 13, ""adUrl"": ""https://www.menzili.tn/annonce/annonce-41213""}, {""url"": ""https://www.menzili.tn/upload/photos/2020/08/22/10/25/ai83d2td31.png"", ""sourceId"": 13, ""adUrl"": ""https://www.menzili.tn/annonce/annonce-41213""}]","[{""sourceId"": 13, ""url"": ""https://www.menzili.tn/annonce/annonce-41213"", ""price"": null, ""sellerType"": ""private"", ""lastModified"": ""2020-08-22 00:04:20""}]","[{""sellerType"": ""private"", ""contactName"": ""Publik consulting"", ""active"": true}]",1,1,1,1,1,1,"[""airConditioning"", ""garage""]",2025-10-19 00:04:22,2020-08-22 00:04:20,2020-08-22 00:04:20,2020-08-22 00:04:20,1,2026-02-07 13:37:52
486094,Immeuble les jardins du lac lac lac 2 a,"A vendre un immeuble de type R+3 situé au Lac 2 dans une zone commerciale et bien animée.

Il est réparti comme suit :

- Un sous-sol (de 440m2) de 9 places de parking + 4 celliers et un local poubelles

- Rez-de-Chaussée (de 380m2) contenant 3 Commerces et 1 Service Open Space (en double hauteur)

- Mezzanine Partielle de 27m2

- 1er Étage / 3 Bureaux (de 395m2)

- 2ème Étage / 3 Bureaux (de 395m2)

- 3ème Étage / 2 Bureaux (de 308m2) + une terrasse dé-couverte de 106m2

Veuillez nous contacter pour toutes informations complémentaires et éventuelle visite sur <a type=""phone"">+21650XXXXXX</a>",5500000.0,440.0,Immeuble de bureaux,officeBuilding,sale,agency,5199,https://www.tunisiapromo.com/gallery/photo-1-421287.jpg,"[""https://www.tunisiapromo.com/gallery/photo-1-421287.jpg""]","[{""url"": ""https://www.tunisiapromo.com/gallery/photo-1-421287.jpg"", ""sourceId"": 4, ""adUrl"": ""https://www.tunisiapromo.com/annonce/immeuble-les-jardins-du-lac-lac-lac-2-a-z102294.html""}]","[{""sourceId"": 4, ""url"": ""https://www.tunisiapromo.com/annonce/immeuble-les-jardins-du-lac-lac-lac-2-a-z102294.html"", ""price"": 5500000, ""sellerType"": ""agency"", ""lastModified"": ""2020-08-21 21:52:37""}]","[{""sellerType"": ""agency"", ""contactName"": ""Mouin Immobilier"", ""active"": true}]",1,1,1,1,1,1,[],2022-01-06 21:52:49,2020-08-21 21:52:37,2020-08-21 21:52:37,2020-08-21 21:52:37,1,2026-02-07 13:37:54
492245,Petit immeuble de trois appartements,"Vente:Un petit immeuble de deux étages 

Prix:300000 dt (négociable)

Agence immobilière Adem vous propose:

A vendre en Tunisie à Sousse "" cité riath  "" un petit immeuble composé de trois étages  bâtie sur un terrain de 86 m² et d'une superficie couverte de 240 m² , elle situé dans un  emplacement prés de tous commodités transport,  café, lycée.

Notre propriété est composé de trois étages comme suite:

*Rez de chaussé avec un entré indépendant  de bon standing bien aéré et ensoleillé à cause de ses baies vitrés, il est composé d'un  salon+2 chambres à coucher dans l'une est équipée par un dressing en bois+ une cuisine équipée par des placards en bois et qui s'ouvre sur une courette + salle d'eau .

*Un premier étage qui se compose d'un grand salon+cuisine  +salle de bain +2 chambres à coucher +salle d'eau 

* Deuxième étage qui se compose d'un appartement  de type S2 (2 chambres +salon+salle d'eau+cuisine).

Nos services de vente :

-La meilleure estimation de votre bien.

-une bonne publicité

-Optimisation de votre projets sur un plan financier juridique et fiscal.

-La conseil juridique et financier nécessaire

-La réalisation de votre dossier de vente.

-Trouver des acquéreurs potentiels.

-effectuer des visites du logement.

- Accompagnement jusqu’à la signature du contrat.:

Frais visite: 20 dt

Soyez le bienvenue à notre agence Immobilière : Trocadéro rue victor hugo immeuble mahjoub B1, ou bien nous contactez:(00216)<a type=""phone"">+21650XXXXXX</a>/(00216)<a type=""phone"">+21673XXXXXX</a> Nos agents sont à votre disposition pour toutes informations et conseils nécessaires pour acquérir le bien immobilier qui vous convient.",300000.0,240.0,Immeuble de bureaux,officeBuilding,sale,agency,245,https://www.menzili.tn/upload/photos/2020/01/16/15/25/ismp723i77.jpg,"[""https://www.menzili.tn/upload/photos/2020/01/16/15/25/ismp723i77.jpg"", ""https://www.menzili.tn/upload/photos/2020/01/16/15/25/9794sq3096.jpg"", ""https://www.menzili.tn/upload/photos/2020/01/16/15/25/9224pv9q24.jpg"", ""https://www.menzili.tn/upload/photos/2020/01/16/15/25/3tdmo9v246.jpg"", ""https://www.menzili.tn/upload/photos/2020/01/16/15/25/864709qqd4.jpg"", ""https://www.menzili.tn/upload/photos/2020/01/16/15/25/y3h26s99e6.jpg""]","[{""url"": ""https://www.menzili.tn/upload/photos/2020/01/16/15/25/ismp723i77.jpg"", ""sourceId"": 13, ""adUrl"": ""https://www.menzili.tn/annonce/annonce-28223""}, {""url"": ""https://www.menzili.tn/upload/photos/2020/01/16/15/25/9794sq3096.jpg"", ""sourceId"": 13, ""adUrl"": ""https://www.menzili.tn/annonce/annonce-28223""}, {""url"": ""https://www.menzili.tn/upload/photos/2020/01/16/15/25/9224pv9q24.jpg"", ""sourceId"": 13, ""adUrl"": ""https://www.menzili.tn/annonce/annonce-28223""}, {""url"": ""https://www.menzili.tn/upload/photos/2020/01/16/15/25/3tdmo9v246.jpg"", ""sourceId"": 13, ""adUrl"": ""https://www.menzili.tn/annonce/annonce-28223""}, {""url"": ""https://www.menzili.tn/upload/photos/2020/01/16/15/25/864709qqd4.jpg"", ""sourceId"": 13, ""adUrl"": ""https://www.menzili.tn/annonce/annonce-28223""}, {""url"": ""https://www.menzili.tn/upload/photos/2020/01/16/15/25/y3h26s99e6.jpg"", ""sourceId"": 13, ""adUrl"": ""https://www.menzili.tn/annonce/annonce-28223""}]","[{""sourceId"": 13, ""url"": ""https://www.menzili.tn/annonce/annonce-28223"", ""price"": 300000, ""sellerType"": ""agency"", ""lastModified"": ""2020-01-16 01:23:24""}]","[{""sellerType"": ""agency"", ""contactName"": ""Adem agence"", ""active"": true}]",1,1,1,1,2,1,[],2022-01-06 22:12:07,2020-01-16 01:23:24,2020-01-21 16:55:02,2020-01-16 01:23:24,1,2026-02-07 13:37:57
1164064,Immeuble à construction achevé,"A vendre un immeuble R+5 en cours de construction sur un terrain de 418 m2 sise à el ain km 5,5 sfax.

les travaux de gros oeuvres (y compris structures et planchers) sont déjà exécutés pour le rdc (200 m2), le mizanine (215 m2), le 1èr étage (257m2) et le 2ème étage (257m2).

le rdc est achevé pour les travaux de finition. Le plan de l'immeuble comporte 12 appartement,un ascenseur,et 5 espace commerciaux au RDC.",500000.0,418.0,Immeuble de bureaux,officeBuilding,sale,private,3969,https://www.menzili.tn/upload/photos/2019/12/23/14/55/js6t2v0o67.jpg,"[""https://www.menzili.tn/upload/photos/2019/12/23/14/55/js6t2v0o67.jpg"", ""https://www.menzili.tn/upload/photos/2019/12/23/14/55/y1t4qvqtqg.jpg""]","[{""url"": ""https://www.menzili.tn/upload/photos/2019/12/23/14/55/js6t2v0o67.jpg"", ""sourceId"": 13, ""adUrl"": ""https://www.menzili.tn/annonce/annonce-27175""}, {""url"": ""https://www.menzili.tn/upload/photos/2019/12/23/14/55/y1t4qvqtqg.jpg"", ""sourceId"": 13, ""adUrl"": ""https://www.menzili.tn/annonce/annonce-27175""}]","[{""sourceId"": 13, ""url"": ""https://www.menzili.tn/annonce/annonce-27175"", ""price"": 500000, ""sellerType"": ""private"", ""lastModified"": ""2019-12-23 01:18:08""}]","[{""sellerType"": ""private"", ""contactName"": ""DALI"", ""active"": true}]",1,1,1,1,1,1,"[""elevator""]",2025-10-19 01:18:10,2019-12-23 01:18:08,2019-12-23 01:18:08,2019-12-23 01:18:08,1,2026-02-07 13:37:58
933487,Immeuble a barraket essahel,A VENDRE UN IMMEUBLE A BARRAKET ESSAHEL SUR RRTE PRINCIPALE ET STARTEGIQUE,,,Immeuble de bureaux,officeBuilding,sale,agency,3440,https://www.tunisiapromo.com/images/93598.jpg,"[""https://www.tunisiapromo.com/images/93598.jpg""]","[{""url"": ""https://www.tunisiapromo.com/images/93598.jpg"", ""sourceId"": 4, ""adUrl"": ""https://www.tunisiapromo.com/annonce/immeuble-a-barraket-essahel-z93598.html""}]","[{""sourceId"": 4, ""url"": ""https://www.tunisiapromo.com/annonce/immeuble-a-barraket-essahel-z93598.html"", ""price"": null, ""sellerType"": ""agency"", ""lastModified"": ""2019-10-08 15:48:21""}]","[{""sellerType"": ""agency"", ""contactName"": ""salima"", ""active"": true}]",1,1,1,1,1,1,[],2025-01-28 15:48:33,2019-10-08 15:48:21,2019-10-08 15:48:21,2019-10-08 15:48:21,1,2026-02-07 13:38:00
1167066,A vendre un immeuble à khezama,"a vendre un immeuble à khezama  

fait le coin

Tout neuf 

De superficie 460 m2 

Contient : 

•une villa 

• 4 appartements 

==>fait un loyer de 500 dt /jour  

titre bleu 

prix de vente 850 mdt

Pour plus d’informations veuillez me contacter sur <a type=""phone"">+21654XXXXXX</a>",850000.0,460.0,Immeuble de bureaux,officeBuilding,sale,agency,4596,https://www.menzili.tn/upload/photos/2019/08/30/13/45/dhtf71siv6.png,"[""https://www.menzili.tn/upload/photos/2019/08/30/13/45/dhtf71siv6.png""]","[{""url"": ""https://www.menzili.tn/upload/photos/2019/08/30/13/45/dhtf71siv6.png"", ""sourceId"": 13, ""adUrl"": ""https://www.menzili.tn/annonce/annonce-20995""}]","[{""sourceId"": 13, ""url"": ""https://www.menzili.tn/annonce/annonce-20995"", ""price"": 850000, ""sellerType"": ""agency"", ""lastModified"": ""2019-08-30 01:46:35""}]","[{""sellerType"": ""agency"", ""contactName"": ""Rochedi Immobilier"", ""active"": true}]",1,1,1,1,1,1,"[""elevator"", ""garage"", ""airConditioning""]",2025-10-19 01:46:37,2019-08-30 01:46:35,2019-08-30 01:46:35,2019-08-30 01:46:35,1,2026-02-07 13:38:02
1157010,Immeuble,"A vendre immeuble RDC +2etages 12appartements en tout   à megrine chaker tout près de Tunis avec toute les commodités

Le prix du  M2 construit est de 1200dinars

L'affaire est très rentable.",1200.0,990.0,Immeuble de bureaux,officeBuilding,sale,private,990,https://www.menzili.tn/upload/photos/2019/08/02/21/02/i1t6m4364v.png,"[""https://www.menzili.tn/upload/photos/2019/08/02/21/02/i1t6m4364v.png"", ""https://www.menzili.tn/upload/photos/2019/08/02/21/02/j91dqt3ov6.png"", ""https://www.menzili.tn/upload/photos/2019/08/02/21/03/y5964pmv67.png"", ""https://www.menzili.tn/upload/photos/2019/08/02/21/04/ms6m9q97s6.png""]","[{""url"": ""https://www.menzili.tn/upload/photos/2019/08/02/21/02/i1t6m4364v.png"", ""sourceId"": 13, ""adUrl"": ""https://www.menzili.tn/annonce/annonce-18907""}, {""url"": ""https://www.menzili.tn/upload/photos/2019/08/02/21/02/j91dqt3ov6.png"", ""sourceId"": 13, ""adUrl"": ""https://www.menzili.tn/annonce/annonce-18907""}, {""url"": ""https://www.menzili.tn/upload/photos/2019/08/02/21/03/y5964pmv67.png"", ""sourceId"": 13, ""adUrl"": ""https://www.menzili.tn/annonce/annonce-18907""}, {""url"": ""https://www.menzili.tn/upload/photos/2019/08/02/21/04/ms6m9q97s6.png"", ""sourceId"": 13, ""adUrl"": ""https://www.menzili.tn/annonce/annonce-18907""}]","[{""sourceId"": 13, ""url"": ""https://www.menzili.tn/annonce/annonce-18907"", ""price"": 1200, ""sellerType"": ""private"", ""lastModified"": ""2019-08-02 00:19:17""}]",[],1,1,0,0,1,1,[],2025-10-19 00:19:22,2019-08-02 00:19:17,2019-08-02 00:19:17,2019-08-02 00:19:17,1,2026-02-07 13:38:04
1167880,A vendre immeuble (Bureaux),A vendre immeuble à usage de bureaux situéà la cité administrative à Soliman,400000.0,156.0,Immeuble de bureaux,officeBuilding,sale,private,3624,https://www.menzili.tn/upload/photos/2019/03/26/20/54/72ss06odz4.jpg,"[""https://www.menzili.tn/upload/photos/2019/03/26/20/54/72ss06odz4.jpg"", ""https://www.menzili.tn/upload/photos/2019/03/26/20/55/9m4std5iz1.jpg"", ""https://www.menzili.tn/upload/photos/2019/03/26/20/55/j5d6si32z7.jpg""]","[{""url"": ""https://www.menzili.tn/upload/photos/2019/03/26/20/54/72ss06odz4.jpg"", ""sourceId"": 13, ""adUrl"": ""https://www.menzili.tn/annonce/annonce-13994""}, {""url"": ""https://www.menzili.tn/upload/photos/2019/03/26/20/55/9m4std5iz1.jpg"", ""sourceId"": 13, ""adUrl"": ""https://www.menzili.tn/annonce/annonce-13994""}, {""url"": ""https://www.menzili.tn/upload/photos/2019/03/26/20/55/j5d6si32z7.jpg"", ""sourceId"": 13, ""adUrl"": ""https://www.menzili.tn/annonce/annonce-13994""}]","[{""sourceId"": 13, ""url"": ""https://www.menzili.tn/annonce/annonce-13994"", ""price"": 400000, ""sellerType"": ""private"", ""lastModified"": ""2019-03-26 01:50:39""}]","[{""sellerType"": ""private"", ""contactName"": ""Abderrazek"", ""active"": true}]",1,1,1,1,1,1,[],2025-10-19 01:50:41,2019-03-26 01:50:39,2019-03-26 01:50:39,2019-03-26 01:50:39,1,2026-02-07 13:38:06
881094,Immeuble 1100 centre urbaine tunis,"a vendre immeuble commercail 1100m2 batti R+3 situer centre urbaine tunis batti 2200m2 prix demmander 6milliar 500mille dinars ht contacter<a type=""phone"">+21622XXXXXX</a>/<a type=""phone"">+21658XXXXXX</a>",500000.0,2200.0,Immeuble de bureaux,officeBuilding,sale,agency,4880,https://www.tunisiapromo.com/images/81843.jpg,"[""https://www.tunisiapromo.com/images/81843.jpg""]","[{""url"": ""https://www.tunisiapromo.com/images/81843.jpg"", ""sourceId"": 4, ""adUrl"": ""https://www.tunisiapromo.com/annonce/immeuble-1100-centre-urbaine-tunis-z81843.html""}]","[{""sourceId"": 4, ""url"": ""https://www.tunisiapromo.com/annonce/immeuble-1100-centre-urbaine-tunis-z81843.html"", ""price"": 500000, ""sellerType"": ""agency"", ""lastModified"": ""2019-02-02 18:18:33""}]","[{""sellerType"": ""agency"", ""contactName"": ""yasmina golf hammamet"", ""active"": true}]",1,1,1,1,1,1,[],2024-12-26 18:18:42,2019-02-02 18:18:33,2019-02-02 18:18:33,2019-02-02 18:18:33,1,2026-02-07 13:38:07
878734,Immeuble de 700 bir bouregba,A VENDRE UN IMMEUBLE DE 700 METRE A BIR BOUREGBA SUR ROUTE PRINCIPALE,,700.0,Immeuble de bureaux,officeBuilding,sale,private,3441,,[],,"[{""sourceId"": 4, ""url"": ""https://www.tunisiapromo.com/annonce/immeuble-de-700-bir-bouregba-z81805.html"", ""price"": null, ""sellerType"": ""private"", ""lastModified"": ""2019-02-01 17:37:38""}]","[{""sellerType"": ""private"", ""contactName"": ""cyrine"", ""active"": true}]",1,1,1,1,1,1,[],2024-12-26 17:37:42,2019-02-01 17:37:38,2019-02-01 17:37:38,2019-02-01 17:37:38,1,2026-02-07 13:38:09
881449,Immeuble la colombe a à el menzeh,"A vendre un immeuble de type R+2 à usage bureautique ou habitation, bien situé à el Menzah 5 faisant l’angle de deux rues.
Il offre au rez de chaussée un spacieux salon, une cuisine moderne installée, trois chambres à coucher et une salle de bain.
Au premier étage, on trouve deux salons, une suite parentale, trois chambres à coucher et deux salles de bain.
Quant au dernier étage, il compte un spacieux salon, une suite, quatre chambres et trois salles de bain.
La propriété est équipée de chauffage central et de climatisation et elle dispose d’un abri de voiture et un petit jardin. 
Nos agents sont à votre disposition pour toutes informations et conseils merci de nous contacter par tél sur: <a type=""phone"">+21629XXXXXX</a>/<a type=""phone"">+21650XXXXXX</a>
Notre site web www.mouin-immobilier.com",2500000.0,750.0,Immeuble de bureaux,officeBuilding,sale,agency,308,https://www.tunisiapromo.com/gallery/photo-1-351893.jpg,"[""https://www.tunisiapromo.com/gallery/photo-1-351893.jpg"", ""https://www.tunisiapromo.com/gallery/photo-2-351894.jpg"", ""https://www.tunisiapromo.com/gallery/photo-3-351895.jpg""]","[{""url"": ""https://www.tunisiapromo.com/gallery/photo-1-351893.jpg"", ""sourceId"": 4, ""adUrl"": ""https://www.tunisiapromo.com/annonce/immeuble-la-colombe-a-a-el-menzeh-z73811.html""}, {""url"": ""https://www.tunisiapromo.com/gallery/photo-2-351894.jpg"", ""sourceId"": 4, ""adUrl"": ""https://www.tunisiapromo.com/annonce/immeuble-la-colombe-a-a-el-menzeh-z73811.html""}, {""url"": ""https://www.tunisiapromo.com/gallery/photo-3-351895.jpg"", ""sourceId"": 4, ""adUrl"": ""https://www.tunisiapromo.com/annonce/immeuble-la-colombe-a-a-el-menzeh-z73811.html""}]","[{""sourceId"": 4, ""url"": ""https://www.tunisiapromo.com/annonce/immeuble-la-colombe-a-a-el-menzeh-z73811.html"", ""price"": 2500000, ""sellerType"": ""agency"", ""lastModified"": ""2018-05-29 19:07:31""}]","[{""sellerType"": ""agency"", ""contactName"": ""Mouin"", ""active"": true}]",1,1,1,1,1,1,"[""heating"", ""airConditioning"", ""parking"", ""terrace""]",2024-12-26 19:07:44,2018-05-29 19:07:31,2018-05-29 19:07:31,2018-05-29 19:07:31,1,2026-02-07 13:38:11
1167196,Immeuble à lafayette,à vendre un immeuble placé sur l'avenue de la liberté  composé de 8 appartements de s+3 et de 2 locaux commerciaux avec terrasse interne.bonne occasion à ne pas rater .,2000000.0,270.0,Immeuble de bureaux,officeBuilding,sale,private,5197,https://www.menzili.tn/upload/photos/2018/03/09/22/47/yh24d2qd91.jpg,"[""https://www.menzili.tn/upload/photos/2018/03/09/22/47/yh24d2qd91.jpg"", ""https://www.menzili.tn/upload/photos/2018/03/09/22/47/92mzd9qq34.jpg"", ""https://www.menzili.tn/upload/photos/2018/03/09/22/48/b94v0sisz7.jpg"", ""https://www.menzili.tn/upload/photos/2018/03/09/22/48/3shs20i7z1.jpg""]","[{""url"": ""https://www.menzili.tn/upload/photos/2018/03/09/22/47/yh24d2qd91.jpg"", ""sourceId"": 13, ""adUrl"": ""https://www.menzili.tn/annonce/annonce-4775""}, {""url"": ""https://www.menzili.tn/upload/photos/2018/03/09/22/47/92mzd9qq34.jpg"", ""sourceId"": 13, ""adUrl"": ""https://www.menzili.tn/annonce/annonce-4775""}, {""url"": ""https://www.menzili.tn/upload/photos/2018/03/09/22/48/b94v0sisz7.jpg"", ""sourceId"": 13, ""adUrl"": ""https://www.menzili.tn/annonce/annonce-4775""}, {""url"": ""https://www.menzili.tn/upload/photos/2018/03/09/22/48/3shs20i7z1.jpg"", ""sourceId"": 13, ""adUrl"": ""https://www.menzili.tn/annonce/annonce-4775""}]","[{""sourceId"": 13, ""url"": ""https://www.menzili.tn/annonce/annonce-4775"", ""price"": 2000000, ""sellerType"": ""private"", ""lastModified"": ""2018-03-09 01:47:26""}]","[{""sellerType"": ""private"", ""contactName"": ""Atef"", ""active"": true}]",1,1,1,1,1,1,[],2025-10-19 01:47:29,2018-03-09 01:47:26,2018-03-09 01:47:26,2018-03-09 01:47:26,1,2026-02-07 13:38:16
882572,Immeuble à nabeul rue oum kalthoum,"Immeuble à Nabeul Rue Om Kholthoum 

7 garages et 6 Appart",800.0,1000.0,Immeuble de bureaux,officeBuilding,sale,private,3609,https://www.tunisiapromo.com/gallery/photo-1-108633.jpg,"[""https://www.tunisiapromo.com/gallery/photo-1-108633.jpg"", ""https://www.tunisiapromo.com/gallery/photo-2-108634.jpg"", ""https://www.tunisiapromo.com/gallery/photo-3-108635.jpg"", ""https://www.tunisiapromo.com/gallery/photo-4-108636.jpg"", ""https://www.tunisiapromo.com/gallery/photo-6-108638.jpg"", ""https://www.tunisiapromo.com/gallery/photo-7-108639.jpg"", ""https://www.tunisiapromo.com/gallery/photo-8-108640.jpg""]","[{""url"": ""https://www.tunisiapromo.com/gallery/photo-1-108633.jpg"", ""sourceId"": 4, ""adUrl"": ""https://www.tunisiapromo.com/annonce/immeuble-a-nabeul-rue-oum-kalthoum-z24055.html""}, {""url"": ""https://www.tunisiapromo.com/gallery/photo-2-108634.jpg"", ""sourceId"": 4, ""adUrl"": ""https://www.tunisiapromo.com/annonce/immeuble-a-nabeul-rue-oum-kalthoum-z24055.html""}, {""url"": ""https://www.tunisiapromo.com/gallery/photo-3-108635.jpg"", ""sourceId"": 4, ""adUrl"": ""https://www.tunisiapromo.com/annonce/immeuble-a-nabeul-rue-oum-kalthoum-z24055.html""}, {""url"": ""https://www.tunisiapromo.com/gallery/photo-4-108636.jpg"", ""sourceId"": 4, ""adUrl"": ""https://www.tunisiapromo.com/annonce/immeuble-a-nabeul-rue-oum-kalthoum-z24055.html""}, {""url"": ""https://www.tunisiapromo.com/gallery/photo-6-108638.jpg"", ""sourceId"": 4, ""adUrl"": ""https://www.tunisiapromo.com/annonce/immeuble-a-nabeul-rue-oum-kalthoum-z24055.html""}, {""url"": ""https://www.tunisiapromo.com/gallery/photo-7-108639.jpg"", ""sourceId"": 4, ""adUrl"": ""https://www.tunisiapromo.com/annonce/immeuble-a-nabeul-rue-oum-kalthoum-z24055.html""}, {""url"": ""https://www.tunisiapromo.com/gallery/photo-8-108640.jpg"", ""sourceId"": 4, ""adUrl"": ""https://www.tunisiapromo.com/annonce/immeuble-a-nabeul-rue-oum-kalthoum-z24055.html""}]","[{""sourceId"": 4, ""url"": ""https://www.tunisiapromo.com/annonce/immeuble-a-nabeul-rue-oum-kalthoum-z24055.html"", ""price"": 800, ""sellerType"": ""private"", ""lastModified"": ""2018-03-06 19:19:07""}]","[{""sellerType"": ""private"", ""contactName"": ""Mohamed"", ""active"": true}]",1,1,1,1,1,1,[],2024-12-26 19:19:19,2014-04-23 19:19:07,2018-03-06 19:19:07,2014-04-23 19:19:07,1,2026-02-07 13:38:18
882717,Immeuble le bardo à tunis,"A vendre un immeuble avec ascenseur de type R+4 bien situé au Bardo. Au rez-de-chaussé on trouve un local commercial de 300m2, le premier étage compte trois bureaux, le 2ème et le 3ème étages se compose chacun de quatre bureaux.
Quant au dernier étage, on trouve un bel appartement avec une grande terrasse composé d'un salon, une cuisine américaine, trois chambres à coucher, une salle de bain et une salle d'eau.
 Nos agents sont à votre disposition pour toutes informations et conseils merci de nous contacter par tél sur: <a type=""phone"">+21629XXXXXX</a>/ <a type=""phone"">+21650XXXXXX</a>
Notre site web www.mouin-immobilier.com",2500000.0,300.0,Immeuble de bureaux,officeBuilding,sale,agency,4995,https://www.tunisiapromo.com/gallery/photo-1-339539.jpg,"[""https://www.tunisiapromo.com/gallery/photo-1-339539.jpg"", ""https://www.tunisiapromo.com/gallery/photo-2-339540.jpg"", ""https://www.tunisiapromo.com/gallery/photo-3-339541.jpg""]","[{""url"": ""https://www.tunisiapromo.com/gallery/photo-1-339539.jpg"", ""sourceId"": 4, ""adUrl"": ""https://www.tunisiapromo.com/annonce/immeuble-le-bardo-a-tunis-z70439.html""}, {""url"": ""https://www.tunisiapromo.com/gallery/photo-2-339540.jpg"", ""sourceId"": 4, ""adUrl"": ""https://www.tunisiapromo.com/annonce/immeuble-le-bardo-a-tunis-z70439.html""}, {""url"": ""https://www.tunisiapromo.com/gallery/photo-3-339541.jpg"", ""sourceId"": 4, ""adUrl"": ""https://www.tunisiapromo.com/annonce/immeuble-le-bardo-a-tunis-z70439.html""}]","[{""sourceId"": 4, ""url"": ""https://www.tunisiapromo.com/annonce/immeuble-le-bardo-a-tunis-z70439.html"", ""price"": 2500000, ""sellerType"": ""agency"", ""lastModified"": ""2018-02-21 19:21:13""}]","[{""sellerType"": ""agency"", ""contactName"": ""Mouin"", ""active"": true}]",1,1,1,1,1,1,[],2024-12-26 19:21:16,2018-02-21 19:21:13,2018-02-21 19:21:13,2018-02-21 19:21:13,1,2026-02-07 13:38:20
883007,A vendre immeuble à kantaoui,"Immeuble à kantaoui composé 2 locaux commerciaux et 2 étages ( chq étage S+3 )
Terrasse vue sur mer.",1250.0,265.0,Immeuble de bureaux,officeBuilding,sale,private,4502,,[],,"[{""sourceId"": 4, ""url"": ""https://www.tunisiapromo.com/annonce/a-vendre-immeuble-a-kantaoui-z69637.html"", ""price"": 1250, ""sellerType"": ""private"", ""lastModified"": ""2018-01-21 19:24:19""}]","[{""sellerType"": ""private"", ""contactName"": ""Mm"", ""active"": true}]",1,1,1,1,1,1,[],2024-12-26 19:24:32,2018-01-21 19:24:19,2018-01-21 19:24:19,2018-01-21 19:24:19,1,2026-02-07 13:38:23
1157620,Un Immeuble haut standing,"A vendre un Immeuble haut standing se compose de rez de chaussé + 3 étages : 
_ le rez de chaussé est divisé en 2 grands dépôts.
_ Le premier étage : Une grande maison sur 270 m2 80% terminée.
_le deuxième étage : 3 appartements haut standing bien fini.
_ le troisième étage : 2 appartements 50 % fini.
Tout l'immeuble est équipé par l énergie solaire photovoltaïque et les accessoires sanitaire et cuisinière sont de haute gamme. si vous êtes intéressé en se discute",57000.0,270.0,Immeuble de bureaux,officeBuilding,sale,private,4804,https://www.menzili.tn/upload/photos/2017/12/26/22/27/y38rz60692.jpg,"[""https://www.menzili.tn/upload/photos/2017/12/26/22/27/y38rz60692.jpg"", ""https://www.menzili.tn/upload/photos/2017/12/26/22/27/736pi3q291.jpg"", ""https://www.menzili.tn/upload/photos/2017/12/26/22/27/j326h9fd62.jpg"", ""https://www.menzili.tn/upload/photos/2017/12/26/22/27/y2m9469qd4.jpg"", ""https://www.menzili.tn/upload/photos/2017/12/26/22/27/ji368f2287.jpg""]","[{""url"": ""https://www.menzili.tn/upload/photos/2017/12/26/22/27/y38rz60692.jpg"", ""sourceId"": 13, ""adUrl"": ""https://www.menzili.tn/annonce/annonce-2512""}, {""url"": ""https://www.menzili.tn/upload/photos/2017/12/26/22/27/736pi3q291.jpg"", ""sourceId"": 13, ""adUrl"": ""https://www.menzili.tn/annonce/annonce-2512""}, {""url"": ""https://www.menzili.tn/upload/photos/2017/12/26/22/27/j326h9fd62.jpg"", ""sourceId"": 13, ""adUrl"": ""https://www.menzili.tn/annonce/annonce-2512""}, {""url"": ""https://www.menzili.tn/upload/photos/2017/12/26/22/27/y2m9469qd4.jpg"", ""sourceId"": 13, ""adUrl"": ""https://www.menzili.tn/annonce/annonce-2512""}, {""url"": ""https://www.menzili.tn/upload/photos/2017/12/26/22/27/ji368f2287.jpg"", ""sourceId"": 13, ""adUrl"": ""https://www.menzili.tn/annonce/annonce-2512""}]","[{""sourceId"": 13, ""url"": ""https://www.menzili.tn/annonce/annonce-2512"", ""price"": 57000, ""sellerType"": ""private"", ""lastModified"": ""2017-12-26 00:34:06""}]","[{""sellerType"": ""private"", ""contactName"": ""Benothman"", ""active"": true}]",1,1,1,1,1,1,[],2025-10-19 00:34:12,2017-12-26 00:34:06,2017-12-26 00:34:06,2017-12-26 00:34:06,1,2026-02-07 13:38:24
1165915,A vendre,"A vendre un immeuble à trois niveaux en face du centre hospitalier de Kesra: 

-1 er niveau à usage bureautique ou habitation ou autres
- 2 ème niveau contenant deux appartements bien équipées
- 3 ème niveau comporte un petit studio bien équipé aussi..",,,Immeuble de bureaux,officeBuilding,sale,private,4327,https://www.menzili.tn/upload/photos/2017/12/25/14/25/y9j9ddi44v.jpg,"[""https://www.menzili.tn/upload/photos/2017/12/25/14/25/y9j9ddi44v.jpg"", ""https://www.menzili.tn/upload/photos/2017/12/25/14/25/3en27469e7.jpg"", ""https://www.menzili.tn/upload/photos/2017/12/25/14/25/ydb37q3oi1.jpg"", ""https://www.menzili.tn/upload/photos/2017/12/25/14/25/ajhz30i29e.jpg""]","[{""url"": ""https://www.menzili.tn/upload/photos/2017/12/25/14/25/y9j9ddi44v.jpg"", ""sourceId"": 13, ""adUrl"": ""https://www.menzili.tn/annonce/annonce-2441""}, {""url"": ""https://www.menzili.tn/upload/photos/2017/12/25/14/25/3en27469e7.jpg"", ""sourceId"": 13, ""adUrl"": ""https://www.menzili.tn/annonce/annonce-2441""}, {""url"": ""https://www.menzili.tn/upload/photos/2017/12/25/14/25/ydb37q3oi1.jpg"", ""sourceId"": 13, ""adUrl"": ""https://www.menzili.tn/annonce/annonce-2441""}, {""url"": ""https://www.menzili.tn/upload/photos/2017/12/25/14/25/ajhz30i29e.jpg"", ""sourceId"": 13, ""adUrl"": ""https://www.menzili.tn/annonce/annonce-2441""}]","[{""sourceId"": 13, ""url"": ""https://www.menzili.tn/annonce/annonce-2441"", ""price"": null, ""sellerType"": ""private"", ""lastModified"": ""2017-12-25 01:33:37""}]","[{""sellerType"": ""private"", ""contactName"": ""JIHENNE"", ""active"": true}]",1,1,1,1,1,1,[],2025-10-19 01:33:39,2017-12-25 01:33:37,2017-12-25 01:33:37,2017-12-25 01:33:37,1,2026-02-07 13:38:26
1168162,Immeuble 42 bureaux à Tunis,À vendre un immeuble nouvelle construction sis à l avenue Kheireddine pacha Tunis 42 bureaux climatisation centrale ascenseur titre de propriété individuel,3200000.0,800.0,Immeuble de bureaux,officeBuilding,sale,private,4838,,[],,"[{""sourceId"": 13, ""url"": ""https://www.menzili.tn/annonce/annonce-2127"", ""price"": 3200000, ""sellerType"": ""private"", ""lastModified"": ""2017-12-08 01:51:59""}]","[{""sellerType"": ""private"", ""contactName"": ""Haroon"", ""active"": true}]",1,1,1,1,1,1,[],2025-10-19 01:52:01,2017-12-08 01:51:59,2017-12-08 01:51:59,2017-12-08 01:51:59,1,2026-02-07 13:38:28
1162061,Immeuble neuf à vendre à rades plage,immeuble neuf à vendre à rades plage r+2 composé de deux garages et quatre appartements de haut standing revêtement de 1er choix chauffage central climatisation centrale caméra de surveillance pour habitation ou bien pour bureaux situé à rades plage,680000.0,420.0,Immeuble de bureaux,officeBuilding,sale,private,1113,,[],,"[{""sourceId"": 13, ""url"": ""https://www.menzili.tn/annonce/annonce-2018"", ""price"": 680000, ""sellerType"": ""private"", ""lastModified"": ""2017-11-29 01:02:26""}]","[{""sellerType"": ""private"", ""contactName"": ""Mohamed"", ""active"": true}]",1,1,1,1,1,1,"[""garage"", ""airConditioning""]",2025-10-19 01:02:30,2017-11-29 01:02:26,2017-11-29 01:02:26,2017-11-29 01:02:26,1,2026-02-07 13:38:30
883859,Immeuble dina à nabeul,"Nous mettons en vente un très bel immeuble comprenant 7  Appartements  avec ascenseur profitant d’une vue unique et sans aucun vis-à-vis.
L’immeuble bénéficie d’une situation exceptionnelle à Nabeul proche du centre, des axes routiers et à 50 mètres de la plage.
Cette magnifique propriété comporte au Rez-de-chaussée  trois locaux commerciaux.
Le premier, le deuxième et le troisième  étage sont identique, chaque étage loge deux appartements de type  s+1 et un s+2.
Le quatrième étage comporte un grand appartement   de type s+3.
La propriété dispose de climatiseur et du chauffage centrale 
Vu le cadre stratégique de notre bien  il vous permettra de réaliser votre projet d’usage  commercial, habitation ou des bureaux pour les professions libérale.
Si vous rêvez d'être à votre compte, vous êtes au bon endroit: voici une occasion à saisir!
Pour tout renseignement supplémentaire ou visite contactez nous.",,600.0,Immeuble de bureaux,officeBuilding,sale,agency,3609,https://www.tunisiapromo.com/images/68072.jpg,"[""https://www.tunisiapromo.com/images/68072.jpg""]","[{""url"": ""https://www.tunisiapromo.com/images/68072.jpg"", ""sourceId"": 4, ""adUrl"": ""https://www.tunisiapromo.com/annonce/immeuble-dina-a-nabeul-z68072.html""}]","[{""sourceId"": 4, ""url"": ""https://www.tunisiapromo.com/annonce/immeuble-dina-a-nabeul-z68072.html"", ""price"": null, ""sellerType"": ""agency"", ""lastModified"": ""2017-11-20 19:34:01""}]","[{""sellerType"": ""agency"", ""contactName"": ""Primacasa Hammamet"", ""active"": true}]",1,1,1,1,1,1,[],2024-12-26 19:34:14,2017-11-20 19:34:01,2017-11-20 19:34:01,2017-11-20 19:34:01,1,2026-02-07 13:38:31
892738,Immeuble soha a kelibia ref v,"référence : V 31
l'agence immobilière kerkouane vous propose à vendre à kelibia un immeuble de 450 m² couvert bâtis sur un terrain de 250 m², cette immeuble est érigé sur deux niveaux: rdc plus deux étages , dans quartier résidentiel très calme et à proximité de la plage,le rez-de-chaussé de type s+3, le premier étage de type s+2 pour chaque appartement et le deuxième étage non encore fini, prix de vente 320000 DT avec papiers en règle : pour visiter cet immeuble veuillez nous contacter au numéros suivant : <a type=""phone"">+21655XXXXXX</a> / 55 464 
235 / <a type=""phone"">+21672XXXXXX</a>",320000.0,450.0,Immeuble de bureaux,officeBuilding,sale,agency,3496,https://www.tunisiapromo.com/gallery/photo-1-328189.jpg,"[""https://www.tunisiapromo.com/gallery/photo-1-328189.jpg"", ""https://www.tunisiapromo.com/gallery/photo-2-328190.jpg"", ""https://www.tunisiapromo.com/gallery/photo-3-328191.jpg"", ""https://www.tunisiapromo.com/gallery/photo-4-328192.jpg"", ""https://www.tunisiapromo.com/gallery/photo-5-328193.jpg"", ""https://www.tunisiapromo.com/gallery/photo-6-328194.jpg"", ""https://www.tunisiapromo.com/gallery/photo-7-328195.jpg"", ""https://www.tunisiapromo.com/gallery/photo-8-328196.jpg"", ""https://www.tunisiapromo.com/gallery/photo-9-328197.jpg"", ""https://www.tunisiapromo.com/plans/67951.jpg""]","[{""url"": ""https://www.tunisiapromo.com/gallery/photo-1-328189.jpg"", ""sourceId"": 4, ""adUrl"": ""https://www.tunisiapromo.com/annonce/immeuble-soha-a-kelibia-ref-v-z67951.html""}, {""url"": ""https://www.tunisiapromo.com/gallery/photo-2-328190.jpg"", ""sourceId"": 4, ""adUrl"": ""https://www.tunisiapromo.com/annonce/immeuble-soha-a-kelibia-ref-v-z67951.html""}, {""url"": ""https://www.tunisiapromo.com/gallery/photo-3-328191.jpg"", ""sourceId"": 4, ""adUrl"": ""https://www.tunisiapromo.com/annonce/immeuble-soha-a-kelibia-ref-v-z67951.html""}, {""url"": ""https://www.tunisiapromo.com/gallery/photo-4-328192.jpg"", ""sourceId"": 4, ""adUrl"": ""https://www.tunisiapromo.com/annonce/immeuble-soha-a-kelibia-ref-v-z67951.html""}, {""url"": ""https://www.tunisiapromo.com/gallery/photo-5-328193.jpg"", ""sourceId"": 4, ""adUrl"": ""https://www.tunisiapromo.com/annonce/immeuble-soha-a-kelibia-ref-v-z67951.html""}, {""url"": ""https://www.tunisiapromo.com/gallery/photo-6-328194.jpg"", ""sourceId"": 4, ""adUrl"": ""https://www.tunisiapromo.com/annonce/immeuble-soha-a-kelibia-ref-v-z67951.html""}, {""url"": ""https://www.tunisiapromo.com/gallery/photo-7-328195.jpg"", ""sourceId"": 4, ""adUrl"": ""https://www.tunisiapromo.com/annonce/immeuble-soha-a-kelibia-ref-v-z67951.html""}, {""url"": ""https://www.tunisiapromo.com/gallery/photo-8-328196.jpg"", ""sourceId"": 4, ""adUrl"": ""https://www.tunisiapromo.com/annonce/immeuble-soha-a-kelibia-ref-v-z67951.html""}, {""url"": ""https://www.tunisiapromo.com/gallery/photo-9-328197.jpg"", ""sourceId"": 4, ""adUrl"": ""https://www.tunisiapromo.com/annonce/immeuble-soha-a-kelibia-ref-v-z67951.html""}, {""url"": ""https://www.tunisiapromo.com/plans/67951.jpg"", ""sourceId"": 4, ""adUrl"": ""https://www.tunisiapromo.com/annonce/immeuble-soha-a-kelibia-ref-v-z67951.html""}]","[{""sourceId"": 4, ""url"": ""https://www.tunisiapromo.com/annonce/immeuble-soha-a-kelibia-ref-v-z67951.html"", ""price"": 320000, ""sellerType"": ""agency"", ""lastModified"": ""2017-11-14 21:13:49""}]","[{""sellerType"": ""agency"", ""contactName"": ""Immobilière"", ""active"": true}]",1,1,1,1,1,1,"[""balcony"", ""terrace""]",2024-12-26 21:13:54,2017-11-14 21:13:49,2017-11-14 21:13:49,2017-11-14 21:13:49,1,2026-02-07 13:38:33
1162898,Vente immeuble à hammam sousse tous neuf R+5,Nous mettons en vente immeuble à hammam sousse tous neuf R+5 commeriale plus 7 apts 300m2 et 1050m2 couvert consrtuite avec des matriaux luxe 1900000 pour plus d'info contactez nous,1900000.0,300.0,Immeuble de bureaux,officeBuilding,sale,agency,4503,https://www.menzili.tn/upload/photos/2017/10/31/21/44/id812d936v.jpg,"[""https://www.menzili.tn/upload/photos/2017/10/31/21/44/id812d936v.jpg"", ""https://www.menzili.tn/upload/photos/2017/10/31/21/44/9e9fnddi3s.jpg""]","[{""url"": ""https://www.menzili.tn/upload/photos/2017/10/31/21/44/id812d936v.jpg"", ""sourceId"": 13, ""adUrl"": ""https://www.menzili.tn/annonce/annonce-1381""}, {""url"": ""https://www.menzili.tn/upload/photos/2017/10/31/21/44/9e9fnddi3s.jpg"", ""sourceId"": 13, ""adUrl"": ""https://www.menzili.tn/annonce/annonce-1381""}]","[{""sourceId"": 13, ""url"": ""https://www.menzili.tn/annonce/annonce-1381"", ""price"": 1900000, ""sellerType"": ""agency"", ""lastModified"": ""2017-10-31 01:06:21""}]","[{""sellerType"": ""agency"", ""contactName"": ""Mbarek Immobiliére"", ""active"": true}]",1,1,1,1,1,1,"[""elevator""]",2025-10-19 01:06:24,2017-10-31 01:06:21,2017-10-31 01:06:21,2017-10-31 01:06:21,1,2026-02-07 13:38:35
1158644,Immeuble a manzah 5,"A vendre un immeuble au menzah 5 (rue de la liberté à côté de restaurant fakhredin) bâtit sur un terrain de 619 mètre carré, sur 3 étages se composant d' un espace commercial et six bureaux. Chaque bureau se compose de d'une salle ainsi que 2 chambres plus une kitchenette et toilette. Ils sont repartis comme suit: 

- au rez-de-chaussée l'espace commercial 

- 1er étages 3 bureaux

- 2ème étage 3 bureaux",,619.0,Immeuble de bureaux,officeBuilding,sale,private,308,https://www.menzili.tn/upload/photos/2017/10/06/18/17/y952tf3q93.jpg,"[""https://www.menzili.tn/upload/photos/2017/10/06/18/17/y952tf3q93.jpg""]","[{""url"": ""https://www.menzili.tn/upload/photos/2017/10/06/18/17/y952tf3q93.jpg"", ""sourceId"": 13, ""adUrl"": ""https://www.menzili.tn/annonce/annonce-652""}]","[{""sourceId"": 13, ""url"": ""https://www.menzili.tn/annonce/annonce-652"", ""price"": null, ""sellerType"": ""private"", ""lastModified"": ""2017-10-06 00:37:57""}]","[{""sellerType"": ""private"", ""contactName"": ""Adam"", ""active"": true}]",1,1,1,1,1,1,[],2025-10-19 00:37:59,2017-10-06 00:37:57,2017-10-06 00:37:57,2017-10-06 00:37:57,1,2026-02-07 13:38:36
888133,Imeuble eya aa nabeul,"Immeuble Eya AV567 est un centre médical conçu pour répondre aux exigences les plus développées. Un projet qui conjugue une excellence du design et de l’architecture. 
Ayant un emplacement stratégique, bien accessible au niveau d’une avenue principale et commerciale à Nabeul et proche du centre ville, cliniques et des commodités nécessaires. 
De type R+6, l’immeuble compte 30 bureaux et 5 locaux commerciaux répartis en deux blocs. 
L’immeuble est doté de deux ascenseurs et d’un parking au sous sols dont le prix est de 12 000 DT par place. 
Les bureaux sont composés d’une salle d’attente avec une salle d’eau, une ou deux salles d’examen (bureau médecin) avec une salle d’eau et une kitchenette 
Les superficies des cabinets varient de 54 à 137m2 à des prix qui vont de 2 250 DT à 3000 DT le m2 
Pour toutes informations complémentaires, merci de nous contacter par tél sur: <a type=""phone"">+21629XXXXXX</a>/ <a type=""phone"">+21655XXXXXX</a> ou par email à info@mouin-immobilier.com
Agence Mouin Immobilier International - Notre site web www.mouin-immobilier.com",162000.0,54.0,Immeuble de bureaux,officeBuilding,sale,agency,3479,https://www.tunisiapromo.com/gallery/photo-1-286923.jpg,"[""https://www.tunisiapromo.com/gallery/photo-1-286923.jpg"", ""https://www.tunisiapromo.com/gallery/photo-2-286924.jpg""]","[{""url"": ""https://www.tunisiapromo.com/gallery/photo-1-286923.jpg"", ""sourceId"": 4, ""adUrl"": ""https://www.tunisiapromo.com/annonce/imeuble-eya-aa-nabeul-z57161.html""}, {""url"": ""https://www.tunisiapromo.com/gallery/photo-2-286924.jpg"", ""sourceId"": 4, ""adUrl"": ""https://www.tunisiapromo.com/annonce/imeuble-eya-aa-nabeul-z57161.html""}]","[{""sourceId"": 4, ""url"": ""https://www.tunisiapromo.com/annonce/imeuble-eya-aa-nabeul-z57161.html"", ""price"": 162000, ""sellerType"": ""agency"", ""lastModified"": ""2016-10-21 20:20:38""}]","[{""sellerType"": ""agency"", ""contactName"": ""Mouin Immobilier"", ""active"": true}]",1,1,1,1,1,1,[],2024-12-26 20:20:41,2016-10-21 20:20:38,2016-10-21 20:20:38,2016-10-21 20:20:38,1,2026-02-07 13:38:38
888725,A vendre un immeuble de haut standing,"A vendre un immeuble de haut Standing  en plein cœur de centre ville de Kairouan, d’une surface couverte 2000 m² composé d’un sous-sol, d’un Rez-de-chaussée, un Mezzanine et 4 étages avec ascenseur.
L’immeuble est déjà loué à la conservation de la propriété foncière depuis 2011 et il est aménagé selon leur besoin, par conséquent la rentabilité annuelle sont concrètes
Pour des amples informations (prix et autres) veuillez contacterle <a type=""phone"">+21622XXXXXX</a>",,2000.0,Immeuble de bureaux,officeBuilding,sale,private,2025,https://www.tunisiapromo.com/gallery/photo-1-283794.jpg,"[""https://www.tunisiapromo.com/gallery/photo-1-283794.jpg"", ""https://www.tunisiapromo.com/gallery/photo-2-283795.jpg"", ""https://www.tunisiapromo.com/gallery/photo-3-283796.jpg"", ""https://www.tunisiapromo.com/gallery/photo-4-283797.jpg"", ""https://www.tunisiapromo.com/gallery/photo-5-283798.jpg""]","[{""url"": ""https://www.tunisiapromo.com/gallery/photo-1-283794.jpg"", ""sourceId"": 4, ""adUrl"": ""https://www.tunisiapromo.com/annonce/a-vendre-un-immeuble-de-haut-standing-z56338.html""}, {""url"": ""https://www.tunisiapromo.com/gallery/photo-2-283795.jpg"", ""sourceId"": 4, ""adUrl"": ""https://www.tunisiapromo.com/annonce/a-vendre-un-immeuble-de-haut-standing-z56338.html""}, {""url"": ""https://www.tunisiapromo.com/gallery/photo-3-283796.jpg"", ""sourceId"": 4, ""adUrl"": ""https://www.tunisiapromo.com/annonce/a-vendre-un-immeuble-de-haut-standing-z56338.html""}, {""url"": ""https://www.tunisiapromo.com/gallery/photo-4-283797.jpg"", ""sourceId"": 4, ""adUrl"": ""https://www.tunisiapromo.com/annonce/a-vendre-un-immeuble-de-haut-standing-z56338.html""}, {""url"": ""https://www.tunisiapromo.com/gallery/photo-5-283798.jpg"", ""sourceId"": 4, ""adUrl"": ""https://www.tunisiapromo.com/annonce/a-vendre-un-immeuble-de-haut-standing-z56338.html""}]","[{""sourceId"": 4, ""url"": ""https://www.tunisiapromo.com/annonce/a-vendre-un-immeuble-de-haut-standing-z56338.html"", ""price"": null, ""sellerType"": ""private"", ""lastModified"": ""2016-09-29 20:27:27""}]","[{""sellerType"": ""private"", ""contactName"": ""iheb"", ""active"": true}]",1,1,1,1,1,1,[],2024-12-26 20:27:32,2016-09-29 20:27:27,2016-09-29 20:27:27,2016-09-29 20:27:27,1,2026-02-07 13:38:40
892148,Cherche des immeubles sur tout tunis,si vous voulez vendre un immeuble sur tunis carthage marsa ariana jardin d el menzah  contactez nous,870000.0,,Immeuble de bureaux,officeBuilding,sale,private,4830,,[],,"[{""sourceId"": 4, ""url"": ""https://www.tunisiapromo.com/annonce/cherche-des-immeubles-sur-tout-tunis-z51009.html"", ""price"": 870000, ""sellerType"": ""private"", ""lastModified"": ""2016-04-10 21:07:21""}]","[{""sellerType"": ""private"", ""contactName"": ""eya"", ""active"": true}]",1,1,1,1,1,1,[],2024-12-26 21:07:30,2016-04-10 21:07:21,2016-04-10 21:07:21,2016-04-10 21:07:21,1,2026-02-07 13:38:42
892091,Immeuble de 1000 mètre carrée au berges du lac,a vendre un immeuble de 1000 mètre carrée au berges du lac,8700000.0,1000.0,Immeuble de bureaux,officeBuilding,sale,private,4942,,[],,"[{""sourceId"": 4, ""url"": ""https://www.tunisiapromo.com/annonce/immeuble-de-1000-metre-carree-au-berges-du-lac-z51008.html"", ""price"": 8700000, ""sellerType"": ""private"", ""lastModified"": ""2016-04-10 21:06:36""}]","[{""sellerType"": ""private"", ""contactName"": ""eya"", ""active"": true}]",1,1,1,1,1,1,[],2024-12-26 21:06:46,2016-04-10 21:06:36,2016-04-10 21:06:36,2016-04-10 21:06:36,1,2026-02-07 13:38:44
890117,Immeuble a bir bouregba,a vendre un immeuble de 1300 mètre carrée à bir bouregba sur route principale,1900000.0,1300.0,Immeuble de bureaux,officeBuilding,sale,private,3441,,[],,"[{""sourceId"": 4, ""url"": ""https://www.tunisiapromo.com/annonce/immeuble-a-bir-bouregba-z50979.html"", ""price"": 1900000, ""sellerType"": ""private"", ""lastModified"": ""2016-04-09 20:46:42""}]","[{""sellerType"": ""private"", ""contactName"": ""nouha"", ""active"": true}]",1,1,1,1,1,1,[],2024-12-26 20:46:48,2016-04-09 20:46:42,2016-04-09 20:46:42,2016-04-09 20:46:42,1,2026-02-07 13:38:45
890549,Immeuble eya a à nabeul,"Immeuble Eya est un centre médical conçu pour répondre aux exigences les plus développées. Un projet qui conjugue une excellence du design et de l’architecture.
Ayant un emplacement stratégique, bien accessible au niveau d’une avenue principale et commerciale à Nabeul et proche du centre ville, cliniques et des commodités nécessaires.
De type R+6, l’immeuble compte 30 bureaux et 5 locaux commerciaux répartis en deux blocs.
Caractéristiques :
Menuiserie intérieure en bois noble et extérieure en aluminium
Revêtement sol en grés dans la masse 1ére choix
Climatisation chaud-froid en système split
Sanitaires haute gamme
Robinetterie et quincaillerie 1ére choix
Staff décoré
L’immeuble est doté de deux ascenseurs et d’un parking au sous sols dont le prix est de 12 000 DT par place.
Les bureaux sont composés d’une salle d’attente avec une salle d’eau, une ou deux salles d’examen (bureau médecin) avec une salle d’eau et une kitchenette
Les superficies des cabinets varient de 54 à 137m2 à des prix qui vont de 2 250 DT à 3000 DT le m2
Remise des clés Juin 2017 
Nos agents sont à votre disposition pour toutes informations et conseils nécessaires afin de disposer du bien.
Merci de nous contacter par tél sur: <a type=""phone"">+21629XXXXXX</a>/ <a type=""phone"">+21655XXXXXX</a>/<a type=""phone"">+21652XXXXXX</a> Notre site web www.mouin-immobilier.com",162000.0,54.0,Immeuble de bureaux,officeBuilding,sale,agency,3609,https://www.tunisiapromo.com/gallery/photo-1-251894.jpg,"[""https://www.tunisiapromo.com/gallery/photo-1-251894.jpg"", ""https://www.tunisiapromo.com/gallery/photo-2-251895.jpg""]","[{""url"": ""https://www.tunisiapromo.com/gallery/photo-1-251894.jpg"", ""sourceId"": 4, ""adUrl"": ""https://www.tunisiapromo.com/annonce/immeuble-eya-a-a-nabeul-z49694.html""}, {""url"": ""https://www.tunisiapromo.com/gallery/photo-2-251895.jpg"", ""sourceId"": 4, ""adUrl"": ""https://www.tunisiapromo.com/annonce/immeuble-eya-a-a-nabeul-z49694.html""}]","[{""sourceId"": 4, ""url"": ""https://www.tunisiapromo.com/annonce/immeuble-eya-a-a-nabeul-z49694.html"", ""price"": 162000, ""sellerType"": ""agency"", ""lastModified"": ""2016-02-08 20:51:33""}]","[{""sellerType"": ""agency"", ""contactName"": ""Mouin"", ""active"": true}]",1,1,1,1,1,1,"[""new""]",2024-12-26 20:51:41,2016-02-08 20:51:33,2016-02-08 20:51:33,2016-02-08 20:51:33,1,2026-02-07 13:38:47
890979,Immeuble à lafayette,"Immeuble à vendre à Lafayette
A vendre un immeuble à Lafayette établit sur une superficie de 93 m², constitué d’un rez-de-chaussée et de trois étages. Il se trouve à proximité de toutes les commodités (Metro, Centre commercial Lafayette, Salons de Thé, Restaurants, etc..). Peut convenir pour une administration, un centre d’appel, un Appart Hôtel ou toute autre activité.",1200000.0,93.0,Immeuble de bureaux,officeBuilding,sale,agency,5197,https://www.tunisiapromo.com/images/35775.jpg,"[""https://www.tunisiapromo.com/images/35775.jpg""]","[{""url"": ""https://www.tunisiapromo.com/images/35775.jpg"", ""sourceId"": 4, ""adUrl"": ""https://www.tunisiapromo.com/annonce/immeuble-a-lafayette-z35775.html""}]","[{""sourceId"": 4, ""url"": ""https://www.tunisiapromo.com/annonce/immeuble-a-lafayette-z35775.html"", ""price"": 1200000, ""sellerType"": ""agency"", ""lastModified"": ""2015-11-16 20:55:16""}]","[{""sellerType"": ""agency"", ""contactName"": ""Immo CONSULTING"", ""active"": true}]",1,1,1,1,1,1,[],2024-12-26 20:55:31,2014-12-15 20:55:16,2015-11-16 20:55:16,2014-12-15 20:55:16,1,2026-02-07 13:38:52
893887,Immeuble plein centre ville,"au alentour de place barcelone - par la rue d'algérie 
immeuble propre (nouvellement construit 2012)
un rez de chausser + 3 étages + terrasse 
13 clés (6 appartements + 7 studios)
bonne rentabilité 4200d/mois
<a type=""phone"">+21654XXXXXX</a> ou <a type=""phone"">+21671XXXXXX</a> ou <a type=""phone"">+21624XXXXXX</a>",550000.0,,Immeuble de bureaux,officeBuilding,sale,agency,5201,https://www.tunisiapromo.com/gallery/photo-1-215974.jpg,"[""https://www.tunisiapromo.com/gallery/photo-1-215974.jpg"", ""https://www.tunisiapromo.com/gallery/photo-2-215975.jpg""]","[{""url"": ""https://www.tunisiapromo.com/gallery/photo-1-215974.jpg"", ""sourceId"": 4, ""adUrl"": ""https://www.tunisiapromo.com/annonce/immeuble-plein-centre-ville-z43229.html""}, {""url"": ""https://www.tunisiapromo.com/gallery/photo-2-215975.jpg"", ""sourceId"": 4, ""adUrl"": ""https://www.tunisiapromo.com/annonce/immeuble-plein-centre-ville-z43229.html""}]","[{""sourceId"": 4, ""url"": ""https://www.tunisiapromo.com/annonce/immeuble-plein-centre-ville-z43229.html"", ""price"": 550000, ""sellerType"": ""agency"", ""lastModified"": ""2015-06-21 22:19:55""}]","[{""sellerType"": ""agency"", ""contactName"": ""mounira"", ""active"": true}]",1,1,1,1,1,1,[],2024-12-26 22:20:07,2015-06-09 22:19:55,2015-06-21 22:19:55,2015-06-09 22:19:55,1,2026-02-07 13:38:54
908574,A vendre grand immeuble commercial à el omrane,"Réf : P007
Un grand immeuble commercial, aménagé d'une façon luxueuse et adaptable à tous type de commerce est à la vente chez votre agence immobilière IMMO CASA.
Ce local situé dans un quartier luxueux, juste derrière hôtel  GOLDEN TULIP EL MECHTEL à El Omrane, à 100 m de l’Institut Supérieur des Beaux Arts de Tunis, et à 20 m de station de car.
Le local est idéal pour des projets administratifs  de plus  il fournit l’habitation  
Cette grande demeure, fait le coin, bâtie sur un terrain de 800 m² est construite comme suite :
AU RDC :
-	01 grand hall peut être utilisé comme accueil ou réception
-	04 bureaux contenant des placards muraux 
-	01 salle d’eau
Le premier étage d’accès indépendant comprend :
-	04 bureaux équipés par des placards
-	Une salle de bain
-	Une cuisine 
Le deuxième étage est un appartement haut standing aussi d’accès indépendant est composé de :
-	Un spacieux salon avec une cheminée et un climatiseur 
-	03 chambres à coucher
-	Une grande cuisine 
-	Un coin repas
-	Une salle de bain
-	Une salle d’eau
A l’extérieur un grand jardin avec trois abri voitures et un grand garage.
Prix : 1.500.000 DNT
Si cette proposition démarche avec vos besoins, n’hésiter pas à nous appeler sur les numéros  suivants : <a type=""phone"">+21672XXXXXX</a>, <a type=""phone"">+21698XXXXXX</a> ou pour plus d’offres merci de  visiter notre site web sur le lien suivant : http://www.immocasa-tn.com/ .",1500000.0,800.0,Immeuble de bureaux,officeBuilding,sale,agency,4894,https://www.tunisiapromo.com/gallery/photo-1-212254.jpg,"[""https://www.tunisiapromo.com/gallery/photo-1-212254.jpg"", ""https://www.tunisiapromo.com/gallery/photo-2-212255.jpg"", ""https://www.tunisiapromo.com/gallery/photo-3-212256.jpg"", ""https://www.tunisiapromo.com/gallery/photo-4-212257.jpg"", ""https://www.tunisiapromo.com/gallery/photo-5-212258.jpg"", ""https://www.tunisiapromo.com/gallery/photo-6-212259.jpg"", ""https://www.tunisiapromo.com/gallery/photo-7-212260.jpg"", ""https://www.tunisiapromo.com/gallery/photo-8-212261.jpg"", ""https://www.tunisiapromo.com/gallery/photo-9-212262.jpg"", ""https://www.tunisiapromo.com/gallery/photo-10-212263.jpg""]","[{""url"": ""https://www.tunisiapromo.com/gallery/photo-1-212254.jpg"", ""sourceId"": 4, ""adUrl"": ""https://www.tunisiapromo.com/annonce/a-vendre-grand-immeuble-commercial-a-el-omrane-z42543.html""}, {""url"": ""https://www.tunisiapromo.com/gallery/photo-2-212255.jpg"", ""sourceId"": 4, ""adUrl"": ""https://www.tunisiapromo.com/annonce/a-vendre-grand-immeuble-commercial-a-el-omrane-z42543.html""}, {""url"": ""https://www.tunisiapromo.com/gallery/photo-3-212256.jpg"", ""sourceId"": 4, ""adUrl"": ""https://www.tunisiapromo.com/annonce/a-vendre-grand-immeuble-commercial-a-el-omrane-z42543.html""}, {""url"": ""https://www.tunisiapromo.com/gallery/photo-4-212257.jpg"", ""sourceId"": 4, ""adUrl"": ""https://www.tunisiapromo.com/annonce/a-vendre-grand-immeuble-commercial-a-el-omrane-z42543.html""}, {""url"": ""https://www.tunisiapromo.com/gallery/photo-5-212258.jpg"", ""sourceId"": 4, ""adUrl"": ""https://www.tunisiapromo.com/annonce/a-vendre-grand-immeuble-commercial-a-el-omrane-z42543.html""}, {""url"": ""https://www.tunisiapromo.com/gallery/photo-6-212259.jpg"", ""sourceId"": 4, ""adUrl"": ""https://www.tunisiapromo.com/annonce/a-vendre-grand-immeuble-commercial-a-el-omrane-z42543.html""}, {""url"": ""https://www.tunisiapromo.com/gallery/photo-7-212260.jpg"", ""sourceId"": 4, ""adUrl"": ""https://www.tunisiapromo.com/annonce/a-vendre-grand-immeuble-commercial-a-el-omrane-z42543.html""}, {""url"": ""https://www.tunisiapromo.com/gallery/photo-8-212261.jpg"", ""sourceId"": 4, ""adUrl"": ""https://www.tunisiapromo.com/annonce/a-vendre-grand-immeuble-commercial-a-el-omrane-z42543.html""}, {""url"": ""https://www.tunisiapromo.com/gallery/photo-9-212262.jpg"", ""sourceId"": 4, ""adUrl"": ""https://www.tunisiapromo.com/annonce/a-vendre-grand-immeuble-commercial-a-el-omrane-z42543.html""}, {""url"": ""https://www.tunisiapromo.com/gallery/photo-10-212263.jpg"", ""sourceId"": 4, ""adUrl"": ""https://www.tunisiapromo.com/annonce/a-vendre-grand-immeuble-commercial-a-el-omrane-z42543.html""}]","[{""sourceId"": 4, ""url"": ""https://www.tunisiapromo.com/annonce/a-vendre-grand-immeuble-commercial-a-el-omrane-z42543.html"", ""price"": 1500000, ""sellerType"": ""agency"", ""lastModified"": ""2015-05-03 02:10:14""}]","[{""sellerType"": ""agency"", ""contactName"": ""Immo Casa immobilière"", ""active"": true}]",1,1,1,1,1,1,[],2024-12-27 02:10:20,2015-05-03 02:10:14,2015-05-03 02:10:14,2015-05-03 02:10:14,1,2026-02-07 13:38:55
895509,Immeuble à usage commercial kelibia,"l'agence immobilière elamen met à la vente un immeuble de 600m²/ couvert 3600m²

en plein centre ville .

cette demeure fait le coin de deux rues façade 40 m /15m dans un emplacement idéal pour tout projet commercial , habitable , proche de tout les commodités.

cet immeuble contient

au rdc : des locaux commerciaux

et 5 étage dallés .

offre pour promoteur ou investisseur.

pour tout intéressé veuillez nous contacter au <a type=""phone"">+21654XXXXXX</a> / <a type=""phone"">+21655XXXXXX</a> / <a type=""phone"">+21672XXXXXX</a>

curieux s'abstenir.",3000000.0,3600.0,Immeuble de bureaux,officeBuilding,sale,agency,3496,,[],,"[{""sourceId"": 4, ""url"": ""https://www.tunisiapromo.com/annonce/immeuble-a-usage-commercial-kelibia-z36453.html"", ""price"": 3000000, ""sellerType"": ""agency"", ""lastModified"": ""2014-12-30 22:44:30""}]","[{""sellerType"": ""agency"", ""contactName"": ""agence immobiliere Elamen"", ""active"": true}]",1,1,1,1,1,1,[],2024-12-26 22:44:39,2014-12-30 22:44:30,2014-12-30 22:44:30,2014-12-30 22:44:30,1,2026-02-07 13:38:57
908695,Immeuble a bab souika de 1000 metre,a vendre un magnique immeuble compose de 11 locaux et 24 bureaux a bab souika,2000000.0,1000.0,Immeuble de bureaux,officeBuilding,sale,private,4822,,[],,"[{""sourceId"": 4, ""url"": ""https://www.tunisiapromo.com/annonce/immeuble-a-bab-souika-de-1000-metre-z33439.html"", ""price"": 2000000, ""sellerType"": ""private"", ""lastModified"": ""2014-11-03 02:11:43""}]","[{""sellerType"": ""private"", ""contactName"": ""ikbal"", ""active"": true}]",1,1,1,1,1,1,[],2024-12-27 02:11:49,2014-11-03 02:11:43,2014-11-03 02:11:43,2014-11-03 02:11:43,1,2026-02-07 13:38:59
896145,Immeuble de 499 metre a bizerte,A VENDRE UN MAGNIFIQUE IMMEUBLE A BIZERTE COMPOSEE DE 22 APPARTEMENTS,1400000.0,499.0,Immeuble de bureaux,officeBuilding,sale,private,1120,,[],,"[{""sourceId"": 4, ""url"": ""https://www.tunisiapromo.com/annonce/immeuble-de-499-metre-a-bizerte-z33389.html"", ""price"": 1400000, ""sellerType"": ""private"", ""lastModified"": ""2014-11-02 22:56:48""}]","[{""sellerType"": ""private"", ""contactName"": ""ikbal"", ""active"": true}]",1,1,1,1,1,1,[],2024-12-26 22:56:59,2014-11-02 22:56:48,2014-11-02 22:56:48,2014-11-02 22:56:48,1,2026-02-07 13:39:01
896370,Petite immeuble inachevée à mrezga hammamet,"Av petite immeuble inachevée à Mrezga hammamet
Immeuble proche des facultés Elle se compose de:
RC: (S+2) + garage
1er étage: S + 2
2éme étage: S + 2
3éme étage: (S+1) + terrasse
Superficie terrain: 240 m²
superficie couverte: 440 m²
PRIX: 350 MD
pour plus d'informations, veuillez nous contacter sur :
<a type=""phone"">+21626XXXXXX</a> ou <a type=""phone"">+21652XXXXXX</a>",350000.0,440.0,Immeuble de bureaux,officeBuilding,sale,agency,3442,https://www.tunisiapromo.com/gallery/photo-1-155905.jpg,"[""https://www.tunisiapromo.com/gallery/photo-1-155905.jpg"", ""https://www.tunisiapromo.com/gallery/photo-2-155906.jpg"", ""https://www.tunisiapromo.com/gallery/photo-3-155907.jpg"", ""https://www.tunisiapromo.com/gallery/photo-4-155908.jpg"", ""https://www.tunisiapromo.com/gallery/photo-1-155279.jpg"", ""https://www.tunisiapromo.com/gallery/photo-6-155284.jpg"", ""https://www.tunisiapromo.com/gallery/photo-1-117646.jpg""]","[{""url"": ""https://www.tunisiapromo.com/gallery/photo-1-155905.jpg"", ""sourceId"": 4, ""adUrl"": ""https://www.tunisiapromo.com/annonce/petite-immeuble-inachevee-a-mrezga-hammamet-z32718.html""}, {""url"": ""https://www.tunisiapromo.com/gallery/photo-2-155906.jpg"", ""sourceId"": 4, ""adUrl"": ""https://www.tunisiapromo.com/annonce/petite-immeuble-inachevee-a-mrezga-hammamet-z32718.html""}, {""url"": ""https://www.tunisiapromo.com/gallery/photo-3-155907.jpg"", ""sourceId"": 4, ""adUrl"": ""https://www.tunisiapromo.com/annonce/petite-immeuble-inachevee-a-mrezga-hammamet-z32718.html""}, {""url"": ""https://www.tunisiapromo.com/gallery/photo-4-155908.jpg"", ""sourceId"": 4, ""adUrl"": ""https://www.tunisiapromo.com/annonce/petite-immeuble-inachevee-a-mrezga-hammamet-z32718.html""}, {""url"": ""https://www.tunisiapromo.com/gallery/photo-1-155279.jpg"", ""sourceId"": 4, ""adUrl"": ""https://www.tunisiapromo.com/annonce/immeuble-inacheve-a-hamammet-z32622.html""}, {""url"": ""https://www.tunisiapromo.com/gallery/photo-6-155284.jpg"", ""sourceId"": 4, ""adUrl"": ""https://www.tunisiapromo.com/annonce/immeuble-inacheve-a-hamammet-z32622.html""}, {""url"": ""https://www.tunisiapromo.com/gallery/photo-1-117646.jpg"", ""sourceId"": 4, ""adUrl"": ""https://www.tunisiapromo.com/annonce/jolie-immeuble-a-finir-proches-des-facultes-a-hammamet-nord-z25711.html""}]","[{""sourceId"": 4, ""url"": ""https://www.tunisiapromo.com/annonce/petite-immeuble-inachevee-a-mrezga-hammamet-z32718.html"", ""price"": 350000, ""sellerType"": ""agency"", ""lastModified"": ""2014-10-27 23:01:50""}]","[{""sellerType"": ""agency"", ""contactName"": ""aaaa"", ""active"": true}]",1,1,1,1,26,26,[],2024-12-26 23:02:01,2014-01-31 00:42:11,2014-10-27 23:01:50,2014-01-31 00:42:11,1,2026-02-07 13:39:03
896330,Vente du 3 ème étage d'un immeuble,"A vendre 3 ème étage d'un immeuble  moitié construit, bon pour 2 appartements, bien situé sur le boulevard de l'Environnement, route de Gabès, Km 2 à Sfax.",200000.0,220.0,Immeuble de bureaux,officeBuilding,sale,private,3955,,[],,"[{""sourceId"": 4, ""url"": ""https://www.tunisiapromo.com/annonce/vente-du-3-eme-etage-d-un-immeuble-z32737.html"", ""price"": 200000, ""sellerType"": ""private"", ""lastModified"": ""2014-10-22 23:01:16""}]","[{""sellerType"": ""private"", ""contactName"": ""Mme"", ""active"": true}]",1,1,1,1,1,1,"[""balcony""]",2024-12-26 23:01:22,2014-10-22 23:01:16,2014-10-22 23:01:16,2014-10-22 23:01:16,1,2026-02-07 13:39:04
900528,Immeuble au centre de danden,"Un immeuble au centre de danden équipé de 7 bureaux et une salle d'exposition sont tous loués à 3770DT/Mois 
R+4   espace couvert 600m2",950000.0,600.0,Immeuble de bureaux,officeBuilding,sale,agency,2385,https://www.tunisiapromo.com/gallery/photo-1-85972.jpg,"[""https://www.tunisiapromo.com/gallery/photo-1-85972.jpg""]","[{""url"": ""https://www.tunisiapromo.com/gallery/photo-1-85972.jpg"", ""sourceId"": 4, ""adUrl"": ""https://www.tunisiapromo.com/annonce/immeuble-au-centre-de-danden-z20476.html""}]","[{""sourceId"": 4, ""url"": ""https://www.tunisiapromo.com/annonce/immeuble-au-centre-de-danden-z20476.html"", ""price"": 950000, ""sellerType"": ""agency"", ""lastModified"": ""2014-02-20 00:27:01""}]","[{""sellerType"": ""agency"", ""contactName"": ""Chtourou media immobilier"", ""active"": true}]",1,1,1,1,1,1,[],2024-12-27 00:27:14,2014-02-18 00:27:01,2014-02-20 00:27:01,2014-02-18 00:27:01,1,2026-02-07 13:39:06
900634,Av immeuble r+3 a mrezga hammamet,"Immeuble R+3 a Hammamet nord
Immeuble composé d’un sous sol, RDC +2 étages.
Etat non encore fini, reste à la finition.
Emplacement idéale a 5 min de Nabeul et proche des facultés a coté des belles résidences.
A ne pas rater cette affaire, chaque étage composé d’un salon, 3 chambres, sale de bain, cuisine et terrasse avec vue mer.
Sup terrain : 350 m²
Sup Couvert : 630m²
Prix : 380MD negociable
- Pour plus d’information veuillez  contactez Latifa Chaâbani :
 00 216 <a type=""phone"">+21626XXXXXX</a>  / 00 216 <a type=""phone"">+21698XXXXXX</a>
-Pour plus d’information veuillez contactez Med Hedi :
 00 216 <a type=""phone"">+21629XXXXXX</a>  / 00 216 <a type=""phone"">+21622XXXXXX</a> 
Pour plus d’informtion contactez hmeida : 00 216 <a type=""phone"">+21652XXXXXX</a> 
*E-mail : lesarcadesimmob@hotmail.fr
*E-mail : m.ghachem@hotmail.fr
Ag s’abstenir 	
Merci Cordialement",380000.0,350.0,Immeuble de bureaux,officeBuilding,sale,agency,3442,https://www.tunisiapromo.com/gallery/photo-1-50448.jpg,"[""https://www.tunisiapromo.com/gallery/photo-1-50448.jpg"", ""https://www.tunisiapromo.com/gallery/photo-2-50449.jpg"", ""https://www.tunisiapromo.com/gallery/photo-3-50450.jpg"", ""https://www.tunisiapromo.com/gallery/photo-4-50451.jpg"", ""https://www.tunisiapromo.com/gallery/photo-5-50452.jpg"", ""https://www.tunisiapromo.com/gallery/photo-6-50453.jpg"", ""https://www.tunisiapromo.com/gallery/photo-7-50454.jpg"", ""https://www.tunisiapromo.com/gallery/photo-8-50455.jpg""]","[{""url"": ""https://www.tunisiapromo.com/gallery/photo-1-50448.jpg"", ""sourceId"": 4, ""adUrl"": ""https://www.tunisiapromo.com/annonce/av-immeuble-r-3-a-mrezga-hammamet-z14839.html""}, {""url"": ""https://www.tunisiapromo.com/gallery/photo-2-50449.jpg"", ""sourceId"": 4, ""adUrl"": ""https://www.tunisiapromo.com/annonce/av-immeuble-r-3-a-mrezga-hammamet-z14839.html""}, {""url"": ""https://www.tunisiapromo.com/gallery/photo-3-50450.jpg"", ""sourceId"": 4, ""adUrl"": ""https://www.tunisiapromo.com/annonce/av-immeuble-r-3-a-mrezga-hammamet-z14839.html""}, {""url"": ""https://www.tunisiapromo.com/gallery/photo-4-50451.jpg"", ""sourceId"": 4, ""adUrl"": ""https://www.tunisiapromo.com/annonce/av-immeuble-r-3-a-mrezga-hammamet-z14839.html""}, {""url"": ""https://www.tunisiapromo.com/gallery/photo-5-50452.jpg"", ""sourceId"": 4, ""adUrl"": ""https://www.tunisiapromo.com/annonce/av-immeuble-r-3-a-mrezga-hammamet-z14839.html""}, {""url"": ""https://www.tunisiapromo.com/gallery/photo-6-50453.jpg"", ""sourceId"": 4, ""adUrl"": ""https://www.tunisiapromo.com/annonce/av-immeuble-r-3-a-mrezga-hammamet-z14839.html""}, {""url"": ""https://www.tunisiapromo.com/gallery/photo-7-50454.jpg"", ""sourceId"": 4, ""adUrl"": ""https://www.tunisiapromo.com/annonce/av-immeuble-r-3-a-mrezga-hammamet-z14839.html""}, {""url"": ""https://www.tunisiapromo.com/gallery/photo-8-50455.jpg"", ""sourceId"": 4, ""adUrl"": ""https://www.tunisiapromo.com/annonce/av-immeuble-r-3-a-mrezga-hammamet-z14839.html""}]","[{""sourceId"": 4, ""url"": ""https://www.tunisiapromo.com/annonce/av-immeuble-r-3-a-mrezga-hammamet-z14839.html"", ""price"": 380000, ""sellerType"": ""agency"", ""lastModified"": ""2013-08-22 00:28:41""}]","[{""sellerType"": ""agency"", ""contactName"": ""LES ARCADES"", ""active"": true}]",1,1,1,1,1,1,[],2024-12-27 00:28:51,2013-08-22 00:28:41,2013-08-22 00:28:41,2013-08-22 00:28:41,1,2026-02-07 13:39:08
902063,Av immeuble r+3 inachevé a hammamet nord,"Immeuble R+3 a Hammamet nord
Immeuble composé d’un sous sol, RDC +2 étages.
Etat non encore fini, reste à la finition.
Emplacement idéale a 5 min de Nabeul et proche des facultés a coté des belles résidences.
A ne pas rater cette affaire, chaque étage composé d’un salon, 3 chambres, sale de bain, cuisine et terrasse avec vue mer.
Sup terrain : 350 m²
Sup Couvert : 630m²
Prix : 380MD negociable
- Pour plus d’information veuillez  contactez Latifa Chaâbani :
 00 216 <a type=""phone"">+21626XXXXXX</a>  / 00 216 <a type=""phone"">+21698XXXXXX</a>
-Pour plus d’information veuillez contactez Med Hedi :
 00 216 <a type=""phone"">+21629XXXXXX</a>  / 00 216 <a type=""phone"">+21622XXXXXX</a> 
Pour plus d’informtion contactez hmeida : 00 216 <a type=""phone"">+21652XXXXXX</a> 
*E-mail : lesarcadesimmob@hotmail.fr
*E-mail : m.ghachem@hotmail.fr
Ag s’abstenir 	
Merci Cordialement",380000.0,630.0,Immeuble de bureaux,officeBuilding,sale,agency,5182,https://www.tunisiapromo.com/gallery/photo-1-47136.jpg,"[""https://www.tunisiapromo.com/gallery/photo-1-47136.jpg"", ""https://www.tunisiapromo.com/gallery/photo-2-47137.jpg"", ""https://www.tunisiapromo.com/gallery/photo-3-47138.jpg"", ""https://www.tunisiapromo.com/gallery/photo-4-47139.jpg"", ""https://www.tunisiapromo.com/gallery/photo-5-47140.jpg"", ""https://www.tunisiapromo.com/gallery/photo-6-47141.jpg"", ""https://www.tunisiapromo.com/gallery/photo-7-47142.jpg""]","[{""url"": ""https://www.tunisiapromo.com/gallery/photo-1-47136.jpg"", ""sourceId"": 4, ""adUrl"": ""https://www.tunisiapromo.com/annonce/av-immeuble-r-3-inacheve-a-hammamet-nord-z14308.html""}, {""url"": ""https://www.tunisiapromo.com/gallery/photo-2-47137.jpg"", ""sourceId"": 4, ""adUrl"": ""https://www.tunisiapromo.com/annonce/av-immeuble-r-3-inacheve-a-hammamet-nord-z14308.html""}, {""url"": ""https://www.tunisiapromo.com/gallery/photo-3-47138.jpg"", ""sourceId"": 4, ""adUrl"": ""https://www.tunisiapromo.com/annonce/av-immeuble-r-3-inacheve-a-hammamet-nord-z14308.html""}, {""url"": ""https://www.tunisiapromo.com/gallery/photo-4-47139.jpg"", ""sourceId"": 4, ""adUrl"": ""https://www.tunisiapromo.com/annonce/av-immeuble-r-3-inacheve-a-hammamet-nord-z14308.html""}, {""url"": ""https://www.tunisiapromo.com/gallery/photo-5-47140.jpg"", ""sourceId"": 4, ""adUrl"": ""https://www.tunisiapromo.com/annonce/av-immeuble-r-3-inacheve-a-hammamet-nord-z14308.html""}, {""url"": ""https://www.tunisiapromo.com/gallery/photo-6-47141.jpg"", ""sourceId"": 4, ""adUrl"": ""https://www.tunisiapromo.com/annonce/av-immeuble-r-3-inacheve-a-hammamet-nord-z14308.html""}, {""url"": ""https://www.tunisiapromo.com/gallery/photo-7-47142.jpg"", ""sourceId"": 4, ""adUrl"": ""https://www.tunisiapromo.com/annonce/av-immeuble-r-3-inacheve-a-hammamet-nord-z14308.html""}]","[{""sourceId"": 4, ""url"": ""https://www.tunisiapromo.com/annonce/av-immeuble-r-3-inacheve-a-hammamet-nord-z14308.html"", ""price"": 380000, ""sellerType"": ""agency"", ""lastModified"": ""2013-07-29 00:43:47""}]","[{""sellerType"": ""agency"", ""contactName"": ""LES ARCADES"", ""active"": true}]",1,1,1,1,1,1,[],2024-12-27 00:43:54,2013-07-29 00:43:47,2013-07-29 00:43:47,2013-07-29 00:43:47,1,2026-02-07 13:39:09
900956,Investir pour l'avenir,"Immeuble EZZAHRA Avenue de la république Trocadéro Sousse, bureaux S+2 / S+3 avec ascenseur / 18 espaces de commerce / places de parking sous-sols",,,Immeuble de bureaux,officeBuilding,sale,private,4611,https://www.tunisiapromo.com/images/13630.jpg,"[""https://www.tunisiapromo.com/images/13630.jpg""]","[{""url"": ""https://www.tunisiapromo.com/images/13630.jpg"", ""sourceId"": 4, ""adUrl"": ""https://www.tunisiapromo.com/annonce/investir-pour-l-avenir-z13630.html""}]","[{""sourceId"": 4, ""url"": ""https://www.tunisiapromo.com/annonce/investir-pour-l-avenir-z13630.html"", ""price"": null, ""sellerType"": ""private"", ""lastModified"": ""2013-06-24 00:31:52""}]","[{""sellerType"": ""private"", ""contactName"": ""SPI"", ""active"": true}]",1,1,1,1,1,1,[],2024-12-27 00:32:07,2013-06-24 00:31:52,2013-06-24 00:31:52,2013-06-24 00:31:52,1,2026-02-07 13:39:11
901120,Immeuble aicha sousse,vente d’un immeuble composé de 2 appartements de 110 m2 chacun et un espace commercial de 100 m2 citué à Cite Erayhan ' Sousse) entre cité Eriadh et cité Ezzouhour pour raison de changement de résidence; immeuble pour pharmacie  ;cabinet de médecin ...,200.0,110.0,Immeuble de bureaux,officeBuilding,sale,private,4597,,[],,"[{""sourceId"": 4, ""url"": ""https://www.tunisiapromo.com/annonce/immeuble-aicha-sousse-z13088.html"", ""price"": 200, ""sellerType"": ""private"", ""lastModified"": ""2013-05-16 00:33:06""}]","[{""sellerType"": ""private"", ""contactName"": ""Adel"", ""active"": true}]",1,1,1,1,1,1,[],2024-12-27 00:33:15,2013-05-16 00:33:06,2013-05-16 00:33:06,2013-05-16 00:33:06,1,2026-02-07 13:39:13
901394,Immeuble de bureaux tunis,"A vendre immeuble avec toutes commodités, haut standing, emplacement idéal sur la route de la Marsa , trois niveaux superficie 600 m2 bâti sur un terrain de 600 m2, se compose de 21 bureaux, hall, une salle de réunion spacieuse et salle d'eau, réseaux informatique, téléphonique, camera de surveillance à distance, abri voitures jardin, loge gardien.

Pour tous renseignements complémentaires veuillez contacter le :
<a type=""phone"">+21698XXXXXX</a>",2500000.0,600.0,Immeuble de bureaux,officeBuilding,sale,agency,4942,https://www.tunisiapromo.com/images/11791.jpg,"[""https://www.tunisiapromo.com/images/11791.jpg""]","[{""url"": ""https://www.tunisiapromo.com/images/11791.jpg"", ""sourceId"": 4, ""adUrl"": ""https://www.tunisiapromo.com/annonce/immeuble-de-bureaux-tunis-z11791.html""}]","[{""sourceId"": 4, ""url"": ""https://www.tunisiapromo.com/annonce/immeuble-de-bureaux-tunis-z11791.html"", ""price"": 2500000, ""sellerType"": ""agency"", ""lastModified"": ""2013-04-19 00:35:40""}]","[{""sellerType"": ""agency"", ""contactName"": ""AGENCE KESKES"", ""active"": true}]",1,1,1,1,1,1,[],2024-12-27 00:35:49,2013-02-16 00:35:40,2013-04-19 00:35:40,2013-02-16 00:35:40,1,2026-02-07 13:39:14
901706,Vente immeuble neuf r+3,"IMMEUBLE NEUF R+3  HAMMAMET( BARRAKT ESSAHEL)
A 800m de la plage
Vend immeuble au centre ville  composés de 7 apprts   haut standing   composés de 3,4,5 pieces,  27 pieces ; double cloisons , staff  en platre , menuiserie alumnium, portes blindeé,  dressings, cuisines alum,bonne orientation, entree  pour 10 voitues au rdc ,2  portails   automtiques . jardin , compteurs indpts, chauffage central,terrasse accessible amenagée vue mere. Titre foncier independant  
Contact proprietaire 00 216 <a type=""phone"">+21698XXXXXX</a>",1500000.0,1100.0,Immeuble de bureaux,officeBuilding,sale,private,3440,,[],,"[{""sourceId"": 4, ""url"": ""https://www.tunisiapromo.com/annonce/vente-immeuble-neuf-r-3-z11794.html"", ""price"": 1500000, ""sellerType"": ""private"", ""lastModified"": ""2013-02-16 00:39:32""}]","[{""sellerType"": ""private"", ""contactName"": ""echikh"", ""active"": true}]",1,1,1,1,1,1,"[""balcony"", ""heating"", ""airConditioning"", ""equippedKitchen"", ""garage"", ""garden"", ""terrace""]",2024-12-27 00:39:42,2013-02-16 00:39:32,2013-02-16 00:39:32,2013-02-16 00:39:32,1,2026-02-07 13:39:16
902149,Un immeuble au coeur de tunis stop affaire,"a vendre un immeuble au coeur de tunis composé de 4 appartements prix 280000 dt tel <a type=""phone"">+21699XXXXXX</a>",280000.0,,Immeuble de bureaux,officeBuilding,sale,private,4820,,[],,"[{""sourceId"": 4, ""url"": ""https://www.tunisiapromo.com/annonce/un-immeuble-au-coeur-de-tunis-stop-affaire-z10765.html"", ""price"": 280000, ""sellerType"": ""private"", ""lastModified"": ""2012-12-17 00:44:17""}]","[{""sellerType"": ""private"", ""contactName"": ""siheme"", ""active"": true}]",1,1,1,1,1,1,[],2024-12-27 00:44:27,2012-12-17 00:44:17,2012-12-17 00:44:17,2012-12-17 00:44:17,1,2026-02-07 13:39:18
902354,A ne pas raté a mahares,A vendre immeuble au centre ville de mahares RC 7 boutiques Étage 4 bureaux ( fondation suite au plan béton prédestinée a 4 étages ),600000.0,,Immeuble de bureaux,officeBuilding,sale,private,3827,,[],,"[{""sourceId"": 4, ""url"": ""https://www.tunisiapromo.com/annonce/a-ne-pas-rate-a-mahares-z9796.html"", ""price"": 600000, ""sellerType"": ""private"", ""lastModified"": ""2012-11-07 00:46:16""}]","[{""sellerType"": ""private"", ""contactName"": ""faical"", ""active"": true}]",1,1,1,1,1,1,[],2024-12-27 00:46:19,2012-10-16 00:46:16,2012-11-07 00:46:16,2012-10-16 00:46:16,1,2026-02-07 13:39:20
902356,Mahares centre ville,A vendre immeuble au centre ville de mahares RC 4 boutiques Étage 2 bureaux ( fondation suite au plan béton  prédestinée a 4 étages ),300000.0,150.0,Immeuble de bureaux,officeBuilding,sale,private,3827,,[],,"[{""sourceId"": 4, ""url"": ""https://www.tunisiapromo.com/annonce/mahares-centre-ville-z9523.html"", ""price"": 300000, ""sellerType"": ""private"", ""lastModified"": ""2012-11-07 00:46:14""}]","[{""sellerType"": ""private"", ""contactName"": ""faical"", ""active"": true}]",1,1,1,1,1,1,[],2024-12-27 00:46:19,2012-10-04 00:46:14,2012-11-07 00:46:14,2012-10-04 00:46:14,1,2026-02-07 13:39:22
902553,Un immeuble à prix choc au coeur de tunis,"a vendre un immeuble composé de 4 appartements prix 280000 dt tel <a type=""phone"">+21699XXXXXX</a>",280000.0,,Immeuble de bureaux,officeBuilding,sale,private,4819,,[],,"[{""sourceId"": 4, ""url"": ""https://www.tunisiapromo.com/annonce/un-immeuble-a-prix-choc-au-coeur-de-tunis-z9827.html"", ""price"": 280000, ""sellerType"": ""private"", ""lastModified"": ""2012-10-16 00:47:52""}]","[{""sellerType"": ""private"", ""contactName"": ""siheme"", ""active"": true}]",1,1,1,1,1,1,[],2024-12-27 00:48:04,2012-10-16 00:47:52,2012-10-16 00:47:52,2012-10-16 00:47:52,1,2026-02-07 13:39:26
903264,Un immeuble commercial dans la zone touristique du sousse,"Un immeuble moderne avec une façade totalement vitrée sur la route touristique , proche de toute commodité : restaurants , salons de thé , supermarché, banques , Leasing , intermédiaire en bosse, pharmacie, école du tourisme et bien sur la mer . Cet immeuble est construit sur un terrain de 600m² dont 3132 m² couvert . Il est composé d’un sous – sol de 600 m² , un RDC de 422 m² couvert , une mezzanine 422 m² et quatre étages avec 422 m² couvert chacun contenant douze bureaux et huit appartements S + 2 . A noter que l’immeuble rapporte mensuellement 17.000 Dt avec une augmentation de 5 % annuel .",6500000.0,3132.0,Immeuble de bureaux,officeBuilding,sale,agency,5186,,[],,"[{""sourceId"": 4, ""url"": ""https://www.tunisiapromo.com/annonce/un-immeuble-commercial-dans-la-zone-touristique-du-sousse-z8433.html"", ""price"": 6500000, ""sellerType"": ""agency"", ""lastModified"": ""2012-08-03 00:53:58""}]","[{""sellerType"": ""agency"", ""contactName"": ""Attia"", ""active"": true}]",1,1,1,1,1,1,[],2024-12-27 00:54:09,2012-08-02 00:53:58,2012-08-03 00:53:58,2012-08-02 00:53:58,1,2026-02-07 13:39:28
908992,Immeuble rez de chaussé + 3 étages,"immeuble rez de chaussé + 3 étage 
r+3 chaque etage de 260m² couvert non fini, conviendrait a un foyer universitaire ou appartement , pres de la plage et des facultés , pharmacie, dentaires , médecines,santé , math informatique , biologie et la faculté de mode ! 
prix :400 a discutés 
tel : <a type=""phone"">+21620XXXXXX</a> sami",400.0,260.0,Immeuble de bureaux,officeBuilding,sale,private,3221,,[],,"[{""sourceId"": 4, ""url"": ""https://www.tunisiapromo.com/annonce/immeuble-rez-de-chausse-3-etages-z7852.html"", ""price"": 400, ""sellerType"": ""private"", ""lastModified"": ""2012-06-17 02:30:09""}]","[{""sellerType"": ""private"", ""contactName"": ""besbes"", ""active"": true}]",1,1,1,1,1,1,[],2024-12-27 02:30:23,2012-06-17 02:30:09,2012-06-17 02:30:09,2012-06-17 02:30:09,1,2026-02-07 13:39:30
908725,Immeuble centre ville béja,"immeuble centre ville béja (r+2),vue stratégique donnant sur 3 façades : avenue habib bourguiba et avenue de france.
terrain : 384 m²
bâti :
rdc : 374.116 m²
1 er étage : 369.432 m²
2éme étage : 379.272 m²",800000.0,384.0,Immeuble de bureaux,officeBuilding,sale,private,524,,[],,"[{""sourceId"": 4, ""url"": ""https://www.tunisiapromo.com/annonce/immeuble-centre-ville-beja-z7678.html"", ""price"": 800000, ""sellerType"": ""private"", ""lastModified"": ""2012-06-04 02:12:05""}]","[{""sellerType"": ""private"", ""contactName"": ""wassim"", ""active"": true}]",1,1,1,1,1,1,[],2024-12-27 02:12:10,2012-06-04 02:12:05,2012-06-04 02:12:05,2012-06-04 02:12:05,1,2026-02-07 13:39:31
904688,Immeuble à marsa ville,"Agence Bat’Immo mets à ses clients : Un Immeuble à Marsa ville occupe une surface couverte globale d’environ 580m² composé de 3 niveaux (RDC, et 2 étages).         
 
Disponibilité : De suite
Foncier : TF Bleu
Prix de Vente : 1 755 MDT

Agence Immobilière « Bat’Immo »   Contact HB : <a type=""phone"">+21621XXXXXX</a>",1755.0,580.0,Immeuble de bureaux,officeBuilding,sale,agency,4973,,[],,"[{""sourceId"": 4, ""url"": ""https://www.tunisiapromo.com/annonce/immeuble-a-marsa-ville-z5980.html"", ""price"": 1755, ""sellerType"": ""agency"", ""lastModified"": ""2012-01-11 01:06:15""}]","[{""sellerType"": ""agency"", ""contactName"": ""kchouk"", ""active"": true}]",1,1,1,1,1,1,[],2024-12-27 01:06:27,2012-01-11 01:06:15,2012-01-11 01:06:15,2012-01-11 01:06:15,1,2026-02-07 13:39:34
904631,Occasion à jawhara immeuble à vendre,"En vente un petit immeuble dans une zone calme à jawhara ouvrant sur 3 façades, composé de 4 appartements (s+2) sur un terrain de 297 m2 dont 500m2 couvert.
Autorisation de bâtir deux autres étages.
Le prix est de 600Milles dinars 
Pour plus d’informations veuillez nous contactez : <a type=""phone"">+21673XXXXXX</a> / <a type=""phone"">+21698XXXXXX</a>",600000.0,500.0,Immeuble de bureaux,officeBuilding,sale,agency,4586,https://www.tunisiapromo.com/gallery/photo-1-15519.jpg,"[""https://www.tunisiapromo.com/gallery/photo-1-15519.jpg"", ""https://www.tunisiapromo.com/gallery/photo-2-15520.jpg""]","[{""url"": ""https://www.tunisiapromo.com/gallery/photo-1-15519.jpg"", ""sourceId"": 4, ""adUrl"": ""https://www.tunisiapromo.com/annonce/occasion-a-jawhara-immeuble-a-vendre-z5583.html""}, {""url"": ""https://www.tunisiapromo.com/gallery/photo-2-15520.jpg"", ""sourceId"": 4, ""adUrl"": ""https://www.tunisiapromo.com/annonce/occasion-a-jawhara-immeuble-a-vendre-z5583.html""}]","[{""sourceId"": 4, ""url"": ""https://www.tunisiapromo.com/annonce/occasion-a-jawhara-immeuble-a-vendre-z5583.html"", ""price"": 600000, ""sellerType"": ""agency"", ""lastModified"": ""2011-12-28 01:06:03""}]","[{""sellerType"": ""agency"", ""contactName"": ""AGENCE BARGOU"", ""active"": true}]",1,1,1,1,1,1,[],2024-12-27 01:06:08,2011-12-14 01:06:03,2011-12-28 01:06:03,2011-12-14 01:06:03,1,2026-02-07 13:39:36
907190,Only asafwa,"a vendre un immeuble de trés haut standing de 2350 m2 couvert répartit sur cinq niveaux+rdc+sous sol ; situé à montplaisir dans un cartier administratif et bancaire avec une vue dégagée et imprenable sur lac et mer, banlieue nord et
 sud. doté d'un grand luxe avec climatisation centrale.
il se compose de trois étages plateaux et de deux autres étages composés de plusieurs bureaux directionnels.
prix : 4800 000 dt / h.t.
agence al safwa immobiliere.
<a type=""phone"">+21671XXXXXX</a> / <a type=""phone"">+21671XXXXXX</a>.
<a type=""phone"">+21625XXXXXX</a> / <a type=""phone"">+21624XXXXXX</a>.",4800000.0,2350.0,Immeuble de bureaux,officeBuilding,sale,agency,4812,https://www.tunisiapromo.com/images/4317.jpg,"[""https://www.tunisiapromo.com/images/4317.jpg""]","[{""url"": ""https://www.tunisiapromo.com/images/4317.jpg"", ""sourceId"": 4, ""adUrl"": ""https://www.tunisiapromo.com/annonce/only-asafwa-z4317.html""}]","[{""sourceId"": 4, ""url"": ""https://www.tunisiapromo.com/annonce/only-asafwa-z4317.html"", ""price"": 4800000, ""sellerType"": ""agency"", ""lastModified"": ""2011-07-26 01:38:27""}]","[{""sellerType"": ""agency"", ""contactName"": ""alsafwa immobilère"", ""active"": true}]",1,1,1,1,1,1,"[""airConditioning"", ""parking""]",2024-12-27 01:38:39,2011-07-26 01:38:27,2011-07-26 01:38:27,2011-07-26 01:38:27,1,2026-02-07 13:39:39
905826,Immeuble a bab jzira tunis,"A vendre a bab jzira immeuble de 6 appartements  s+1plus s+4
loyer total 1800dt .titre foncier individuel , credit bancaire possible .prix demandé est 230md, pour d autres informations contactez AGENCE MEDIMMO",230000.0,200.0,Immeuble de bureaux,officeBuilding,sale,agency,4809,https://www.tunisiapromo.com/gallery/photo-1-10445.jpg,"[""https://www.tunisiapromo.com/gallery/photo-1-10445.jpg""]","[{""url"": ""https://www.tunisiapromo.com/gallery/photo-1-10445.jpg"", ""sourceId"": 4, ""adUrl"": ""https://www.tunisiapromo.com/annonce/immeuble-a-bab-jzira-tunis-z4141.html""}]","[{""sourceId"": 4, ""url"": ""https://www.tunisiapromo.com/annonce/immeuble-a-bab-jzira-tunis-z4141.html"", ""price"": 230000, ""sellerType"": ""agency"", ""lastModified"": ""2011-06-27 01:15:54""}]","[{""sellerType"": ""agency"", ""contactName"": ""ahmed"", ""active"": true}]",1,1,1,1,1,1,[],2024-12-27 01:16:06,2011-06-27 01:15:54,2011-06-27 01:15:54,2011-06-27 01:15:54,1,2026-02-07 13:39:41
907127,Immeuble a monflery tunis,"A vendre a monflery pas loin de l hôpital militaire de tunis immeuble de sept appartements, deja louer , rontable entre 2500dt et 3000dt par mois .titre foncier ,quartier et  residentiel  .prix demandé 700md .pour d autres informations contactez agence MEDIMMO",700000.0,,Immeuble de bureaux,officeBuilding,sale,agency,5002,,[],,"[{""sourceId"": 4, ""url"": ""https://www.tunisiapromo.com/annonce/immeuble-a-monflery-tunis-z4102.html"", ""price"": 700000, ""sellerType"": ""agency"", ""lastModified"": ""2011-06-20 01:38:00""}]","[{""sellerType"": ""agency"", ""contactName"": ""ahmed"", ""active"": true}]",1,1,1,1,1,1,[],2024-12-27 01:38:05,2011-06-20 01:38:00,2011-06-20 01:38:00,2011-06-20 01:38:00,1,2026-02-07 13:39:43
909259,Immeuble,"vend immeuble sur plan
r+2
rue murat tunis",350000.0,650.0,Immeuble de bureaux,officeBuilding,sale,private,4820,https://www.tunisiapromo.com/gallery/photo-1-3783.jpg,"[""https://www.tunisiapromo.com/gallery/photo-1-3783.jpg"", ""https://www.tunisiapromo.com/gallery/photo-2-3784.jpg"", ""https://www.tunisiapromo.com/gallery/photo-3-3785.jpg"", ""https://www.tunisiapromo.com/gallery/photo-4-3786.jpg""]","[{""url"": ""https://www.tunisiapromo.com/gallery/photo-1-3783.jpg"", ""sourceId"": 4, ""adUrl"": ""https://www.tunisiapromo.com/annonce/immeuble-z2894.html""}, {""url"": ""https://www.tunisiapromo.com/gallery/photo-2-3784.jpg"", ""sourceId"": 4, ""adUrl"": ""https://www.tunisiapromo.com/annonce/immeuble-z2894.html""}, {""url"": ""https://www.tunisiapromo.com/gallery/photo-3-3785.jpg"", ""sourceId"": 4, ""adUrl"": ""https://www.tunisiapromo.com/annonce/immeuble-z2894.html""}, {""url"": ""https://www.tunisiapromo.com/gallery/photo-4-3786.jpg"", ""sourceId"": 4, ""adUrl"": ""https://www.tunisiapromo.com/annonce/immeuble-z2894.html""}]","[{""sourceId"": 4, ""url"": ""https://www.tunisiapromo.com/annonce/immeuble-z2894.html"", ""price"": 350000, ""sellerType"": ""private"", ""lastModified"": ""2011-03-06 13:46:29""}]","[{""sellerType"": ""private"", ""contactName"": ""RAFIK"", ""active"": true}]",1,1,1,1,1,1,[],2024-12-27 13:46:35,2011-03-06 13:46:29,2011-03-06 13:46:29,2011-03-06 13:46:29,1,2026-02-07 13:39:45
906175,Immeuble à charguia,"Très bonne occasion: A louer immeuble à 5 niveaux à Charguia2, très bon emplacement commercial et bureautique avec toutes commodités de confort et sécurité... 
Prix:100,000DT/m2/an
Contacter: <a type=""phone"">+21699XXXXXX</a>",278000.0,2800.0,Immeuble de bureaux,officeBuilding,sale,private,348,,[],,"[{""sourceId"": 4, ""url"": ""https://www.tunisiapromo.com/annonce/immeuble-a-charguia-z2251.html"", ""price"": 278000, ""sellerType"": ""private"", ""lastModified"": ""2010-10-18 01:32:07""}]","[{""sellerType"": ""private"", ""contactName"": ""Fatima"", ""active"": true}]",1,1,1,1,1,1,"[""heating"", ""airConditioning"", ""garage"", ""garden""]",2024-12-27 01:32:15,2010-10-18 01:32:07,2010-10-18 01:32:07,2010-10-18 01:32:07,1,2026-02-07 13:39:47
906417,"Immeuble  "" nour palace ""","Société el kaouthar immobiliere vous propose des logements 
spacieux de haute standing à l'immeuble ""Nour Palace "" 
situé 
au route de l'Afrane km5 devant salle des fétes OPERA. 
Rmise des clés décembre 2012",,,Immeuble de bureaux,officeBuilding,sale,agency,3960,https://www.tunisiapromo.com/gallery/photo-1-1929.jpg,"[""https://www.tunisiapromo.com/gallery/photo-1-1929.jpg"", ""https://www.tunisiapromo.com/gallery/photo-2-1930.jpg"", ""https://www.tunisiapromo.com/gallery/photo-3-1931.jpg""]","[{""url"": ""https://www.tunisiapromo.com/gallery/photo-1-1929.jpg"", ""sourceId"": 4, ""adUrl"": ""https://www.tunisiapromo.com/annonce/immeuble-nour-palace-z1130.html""}, {""url"": ""https://www.tunisiapromo.com/gallery/photo-2-1930.jpg"", ""sourceId"": 4, ""adUrl"": ""https://www.tunisiapromo.com/annonce/immeuble-nour-palace-z1130.html""}, {""url"": ""https://www.tunisiapromo.com/gallery/photo-3-1931.jpg"", ""sourceId"": 4, ""adUrl"": ""https://www.tunisiapromo.com/annonce/immeuble-nour-palace-z1130.html""}]","[{""sourceId"": 4, ""url"": ""https://www.tunisiapromo.com/annonce/immeuble-nour-palace-z1130.html"", ""price"": null, ""sellerType"": ""agency"", ""lastModified"": ""2010-06-04 01:33:46""}]","[{""sellerType"": ""agency"", ""contactName"": ""Société"", ""active"": true}]",1,1,1,1,1,1,[],2024-12-27 01:33:53,2010-03-08 01:33:46,2010-06-04 01:33:46,2010-03-08 01:33:46,1,2026-02-07 13:39:49
906077,Cherche immeuble rentable  a vendre,"agence ""air immobilier"" cherche un immeuble rentable/dèga louée immeuble a c.v ,lac , cun , ménézah  ,paierons le pris 
appelez le <a type=""phone"">+21698XXXXXX</a>",,,Immeuble de bureaux,officeBuilding,sale,agency,4942,,[],,"[{""sourceId"": 4, ""url"": ""https://www.tunisiapromo.com/annonce/cherche-immeuble-rentable-a-vendre-z864.html"", ""price"": null, ""sellerType"": ""agency"", ""lastModified"": ""2009-11-20 01:31:42""}]","[{""sellerType"": ""agency"", ""contactName"": ""elyes"", ""active"": true}]",1,1,1,1,1,1,[],2024-12-27 01:31:46,2009-11-20 01:31:42,2009-11-20 01:31:42,2009-11-20 01:31:42,1,2026-02-07 13:39:51
906156,Immeuble pour investissement ou siege de societe,"agence immobilière colombus propose a la vente un immeuble de 3 niveaux luxueusement equipé d'une climatisation centrale ,une sécurité incendie ,isolation phonique et thermique une menuiserie et revêtements de premier choix un réseau informatique préinstallé ascenseur menant aux étages l'immeuble est de 3500m² de bureaux reparties comme suit *un sous sol de 1500m²hebergeant 50 places de parking.et trois niveaux abritant de 132 bureaux reparties en: *un réez de chaussée de 23 bureaux un grand hall de réception une cage d'ascenseur 6 places de parking pour la direction. *mezzanine comprenant 26 bureaux et 3 grand couloir. *1èr étage:28 bureaux *2ème étage:28 bureaux. 3ème étage :27 bureaux. pour plus de détails prix ou plan contacter agence colombus <a type=""phone"">+21671XXXXXX</a>/<a type=""phone"">+21621XXXXXX</a> prière hb",,3500.0,Immeuble de bureaux,officeBuilding,sale,agency,5207,https://www.tunisiapromo.com/images/507.jpg,"[""https://www.tunisiapromo.com/images/507.jpg""]","[{""url"": ""https://www.tunisiapromo.com/images/507.jpg"", ""sourceId"": 4, ""adUrl"": ""https://www.tunisiapromo.com/annonce/immeuble-pour-investissement-ou-siege-de-societe-z507.html""}]","[{""sourceId"": 4, ""url"": ""https://www.tunisiapromo.com/annonce/immeuble-pour-investissement-ou-siege-de-societe-z507.html"", ""price"": null, ""sellerType"": ""agency"", ""lastModified"": ""2009-07-18 01:32:05""}]","[{""sellerType"": ""agency"", ""contactName"": ""Agence colombus"", ""active"": true}]",1,1,1,1,1,1,"[""heating"", ""airConditioning"", ""garage""]",2024-12-27 01:32:15,2009-07-18 01:32:05,2009-07-18 01:32:05,2009-07-18 01:32:05,1,2026-02-07 13:39:53
