id,titre,description,prix,surface,typologie,type_bien,type_bien_code,type_transaction,type_vendeur,location_id,thumbnail_url,image_urls,images_detailed,sources,contacts,nb_sources,nb_sources_with_urls,nb_contacts,nb_contacts_actifs,nb_ads_total,nb_ads_actifs,flags,first_seen_at,created_at,modified_at,price_dropped_at,page,scraped_at
925699,Étage de villa S+3 à La Marsa MEV0019,"La Croisette Immobilière Tunisie vous propose à la vente un étage de villa S+3 situé dans un quartier résidentiel à La Marsa.

Ce dernier fait 160 mètres carrés et se compose d’un salon donnant sur un balcon de 16 mètres carrés, d’une cuisine aménagée et équipée attenante à un séchoir, de trois chambres à coucher avec dressings et d’une salle de bain.

L’appartement est équipé du chauffage central.

Réf : MEV0019

Étage de villa S+3 à La Marsa MEV0019 : Votre Nouveau Havre de Paix

Situé dans le quartier résidentiel recherché de La Marsa à Tunis, cet étage de villa S+3 est une opportunité exceptionnelle pour ceux qui cherchent un espace de vie confortable et élégant. Avec une superficie de 160 mètres carrés, ce bien immobilier offre tout ce dont vous avez besoin pour une vie quotidienne agréable.

Un intérieur aménagé avec goût

Confort et praticité

Informations clés :

Ne laissez pas passer cette occasion d'habiter dans l'un des quartiers les plus prisés de Tunis. Contactez-nous dès aujourd'hui pour plus d'informations ou pour organiser une visite.

La Croisette Immobilière Tunisie vous accompagne dans votre projet immobilier.",690000.0,160.0,S+3,RDC/Étage de villa,villaFloor,sale,agency,5220.0,https://www.bnb.tn/wp-content/uploads/2025/01/7546a27b-7d11-4ddb-8355-03c915c2f3c7.jpeg,"[""https://www.bnb.tn/wp-content/uploads/2025/01/7546a27b-7d11-4ddb-8355-03c915c2f3c7.jpeg"", ""https://www.bnb.tn/wp-content/uploads/2025/01/dfc18407-627f-449e-a7b2-28b1a61813db.jpeg"", ""https://www.bnb.tn/wp-content/uploads/2025/01/0b135ff9-90ae-4475-92d3-87f6225e6730.jpeg"", ""https://www.bnb.tn/wp-content/uploads/2025/01/4da794ae-c924-4707-aae1-1d3efd521de2.jpeg"", ""https://www.bnb.tn/wp-content/uploads/2025/01/62267b2c-a1fd-413b-ac33-842360460c18.jpeg"", ""https://www.bnb.tn/wp-content/uploads/2025/01/72047384-eb2d-47f3-b73a-911d3073756d.jpeg"", ""https://www.bnb.tn/wp-content/uploads/2025/01/c8c2e583-5e67-4cdb-aa5e-eb707da7338e.jpeg"", ""https://www.affare.tn/image/01_2025_eea83f1f.JPG""]","[{""url"": ""https://www.bnb.tn/wp-content/uploads/2025/01/7546a27b-7d11-4ddb-8355-03c915c2f3c7.jpeg"", ""sourceId"": 8, ""adUrl"": ""https://www.bnb.tn/properties/etage-de-villa-s3-a-la-marsa-mev0019/""}, {""url"": ""https://www.bnb.tn/wp-content/uploads/2025/01/dfc18407-627f-449e-a7b2-28b1a61813db.jpeg"", ""sourceId"": 8, ""adUrl"": ""https://www.bnb.tn/properties/etage-de-villa-s3-a-la-marsa-mev0019/""}, {""url"": ""https://www.bnb.tn/wp-content/uploads/2025/01/0b135ff9-90ae-4475-92d3-87f6225e6730.jpeg"", ""sourceId"": 8, ""adUrl"": ""https://www.bnb.tn/properties/etage-de-villa-s3-a-la-marsa-mev0019/""}, {""url"": ""https://www.bnb.tn/wp-content/uploads/2025/01/4da794ae-c924-4707-aae1-1d3efd521de2.jpeg"", ""sourceId"": 8, ""adUrl"": ""https://www.bnb.tn/properties/etage-de-villa-s3-a-la-marsa-mev0019/""}, {""url"": ""https://www.bnb.tn/wp-content/uploads/2025/01/62267b2c-a1fd-413b-ac33-842360460c18.jpeg"", ""sourceId"": 8, ""adUrl"": ""https://www.bnb.tn/properties/etage-de-villa-s3-a-la-marsa-mev0019/""}, {""url"": ""https://www.bnb.tn/wp-content/uploads/2025/01/72047384-eb2d-47f3-b73a-911d3073756d.jpeg"", ""sourceId"": 8, ""adUrl"": ""https://www.bnb.tn/properties/etage-de-villa-s3-a-la-marsa-mev0019/""}, {""url"": ""https://www.bnb.tn/wp-content/uploads/2025/01/c8c2e583-5e67-4cdb-aa5e-eb707da7338e.jpeg"", ""sourceId"": 8, ""adUrl"": ""https://www.bnb.tn/properties/etage-de-villa-s3-a-la-marsa-mev0019/""}, {""url"": ""https://www.affare.tn/image/01_2025_eea83f1f.JPG"", ""sourceId"": 6, ""adUrl"": ""https://www.affare.tn/annonce/etage-de-villa-s-3-a-la-marsa-mev0019-230815""}]","[{""sourceId"": 8, ""url"": ""https://www.bnb.tn/properties/etage-de-villa-s3-a-la-marsa-mev0019/"", ""price"": 690000, ""sellerType"": ""agency"", ""lastModified"": ""2025-09-13 00:47:24""}, {""sourceId"": 6, ""url"": ""https://www.affare.tn/annonce/etage-de-villa-s-3-a-la-marsa-mev0019-230815"", ""price"": 690000, ""sellerType"": ""agency"", ""lastModified"": ""2025-08-23 06:03:36""}, {""sourceId"": 10, ""url"": ""https://fi-dari.tn/bien/La marsa-AI26995-1"", ""price"": 690000, ""sellerType"": ""agency"", ""lastModified"": ""2025-01-10 11:51:09""}, {""sourceId"": 3, ""url"": ""https://www.ballouchi.com/annonces/immobilier/appartements/etage-de-villa-s3-a-la-marsa-mev0019.html"", ""price"": 690000, ""sellerType"": ""agency"", ""lastModified"": ""2025-01-10 01:41:32""}]","[{""sellerType"": ""agency"", ""contactName"": ""la croisette immobiliere"", ""active"": true}]",4,4,1,1,5,4,[],2025-01-10 13:00:43,2025-01-10 01:41:32,2025-09-13 00:47:24,2025-01-10 01:41:32,1,2026-02-07 14:47:59
897028,Av un étage de villa dans un résidence gardée proche hammamet sud,"AV une belle villa au rez de chaussée dans une résidence gardée à hammamet nord.
la villa est trés spacieuse surgit sur un terrain de 185 m2 dont 145 m2 couvert,
possède un jardin gazonné et bien fleuri avec une entrée indépendante.
la construction est de haut standing se compose d'un salon, suite, deux chambres à coucher,
 une cuisine bien équipée et salle de bain.

l’extérieur : possibilité de construire un piscine.

Spécificités : 

chauffage centrale, vitres en aluminium, rideaux électriques..etc.

pour plus d'infos veuillez nous contacter sur : 
<a type=""phone"">+21654XXXXXX</a> / <a type=""phone"">+21624XXXXXX</a> / <a type=""phone"">+21624XXXXXX</a>",250000.0,185.0,S+3,RDC/Étage de villa,villaFloor,sale,agency,5183.0,https://www.tunisiapromo.com/gallery/photo-1-132097.jpg,"[""https://www.tunisiapromo.com/gallery/photo-1-132097.jpg"", ""https://www.tunisiapromo.com/gallery/photo-2-132098.jpg"", ""https://www.tunisiapromo.com/gallery/photo-3-132099.jpg"", ""https://www.tunisiapromo.com/gallery/photo-4-132100.jpg"", ""https://www.tunisiapromo.com/gallery/photo-5-132101.jpg"", ""https://www.tunisiapromo.com/gallery/photo-6-132102.jpg"", ""https://www.tunisiapromo.com/gallery/photo-7-132103.jpg""]","[{""url"": ""https://www.tunisiapromo.com/gallery/photo-1-132097.jpg"", ""sourceId"": 4, ""adUrl"": ""https://www.tunisiapromo.com/annonce/av-un-etage-de-villa-dans-un-residence-gardee-proche-hammamet-sud-z28443.html""}, {""url"": ""https://www.tunisiapromo.com/gallery/photo-2-132098.jpg"", ""sourceId"": 4, ""adUrl"": ""https://www.tunisiapromo.com/annonce/av-un-etage-de-villa-dans-un-residence-gardee-proche-hammamet-sud-z28443.html""}, {""url"": ""https://www.tunisiapromo.com/gallery/photo-3-132099.jpg"", ""sourceId"": 4, ""adUrl"": ""https://www.tunisiapromo.com/annonce/av-un-etage-de-villa-dans-un-residence-gardee-proche-hammamet-sud-z28443.html""}, {""url"": ""https://www.tunisiapromo.com/gallery/photo-4-132100.jpg"", ""sourceId"": 4, ""adUrl"": ""https://www.tunisiapromo.com/annonce/av-un-etage-de-villa-dans-un-residence-gardee-proche-hammamet-sud-z28443.html""}, {""url"": ""https://www.tunisiapromo.com/gallery/photo-5-132101.jpg"", ""sourceId"": 4, ""adUrl"": ""https://www.tunisiapromo.com/annonce/av-un-etage-de-villa-dans-un-residence-gardee-proche-hammamet-sud-z28443.html""}, {""url"": ""https://www.tunisiapromo.com/gallery/photo-6-132102.jpg"", ""sourceId"": 4, ""adUrl"": ""https://www.tunisiapromo.com/annonce/av-un-etage-de-villa-dans-un-residence-gardee-proche-hammamet-sud-z28443.html""}, {""url"": ""https://www.tunisiapromo.com/gallery/photo-7-132103.jpg"", ""sourceId"": 4, ""adUrl"": ""https://www.tunisiapromo.com/annonce/av-un-etage-de-villa-dans-un-residence-gardee-proche-hammamet-sud-z28443.html""}]","[{""sourceId"": 4, ""url"": ""https://www.tunisiapromo.com/annonce/av-un-etage-de-villa-dans-un-residence-gardee-proche-hammamet-sud-z28443.html"", ""price"": 250000, ""sellerType"": ""agency"", ""lastModified"": ""2014-08-01 23:20:29""}]","[{""sellerType"": ""agency"", ""contactName"": ""aaaa"", ""active"": true}]",1,1,1,1,1,1,[],2024-12-26 23:20:35,2014-08-01 23:20:29,2014-08-01 23:20:29,2014-08-01 23:20:29,1,2026-02-07 14:47:59
679952,Belle etage de villa,"un étage de villa (206 m²) couvert  a Cite El Ghazala dans un quartier résidentiel est composé d'un salon ,3 pièces, une cuisine et une salle de bain entrée jardin et voiture , entrée indépendante , possibilité de construction d un autre étage 
Veillez contacter  tel <a type=""phone"">+21694XXXXXX</a>",340000.0,206.0,S+3,RDC/Étage de villa,villaFloor,sale,private,429.0,https://www.tunisiapromo.com/gallery/photo-1-524731.jpg,"[""https://www.tunisiapromo.com/gallery/photo-1-524731.jpg"", ""https://www.tunisiapromo.com/gallery/photo-2-524732.jpg"", ""https://www.tunisiapromo.com/plans/126607.jpg"", ""https://server.bigdatis.com/api/properties/image/305659194""]","[{""url"": ""https://www.tunisiapromo.com/gallery/photo-1-524731.jpg"", ""sourceId"": 4, ""adUrl"": ""https://www.tunisiapromo.com/annonce/belle-etage-de-villa-z126607.html""}, {""url"": ""https://www.tunisiapromo.com/gallery/photo-2-524732.jpg"", ""sourceId"": 4, ""adUrl"": ""https://www.tunisiapromo.com/annonce/belle-etage-de-villa-z126607.html""}, {""url"": ""https://www.tunisiapromo.com/plans/126607.jpg"", ""sourceId"": 4, ""adUrl"": ""https://www.tunisiapromo.com/annonce/belle-etage-de-villa-z126607.html""}, {""url"": ""https://server.bigdatis.com/api/properties/image/305659194"", ""sourceId"": 3, ""adUrl"": ""https://www.ballouchi.com/annonces/immobilier/villas/jolie-etage-de-villa.html""}]","[{""sourceId"": 4, ""url"": ""https://www.tunisiapromo.com/annonce/belle-etage-de-villa-z126607.html"", ""price"": 340000, ""sellerType"": ""private"", ""lastModified"": ""2022-09-19 18:25:16""}, {""sourceId"": 3, ""url"": ""https://www.ballouchi.com/annonces/immobilier/villas/jolie-etage-de-villa.html"", ""price"": 340000, ""sellerType"": ""private"", ""lastModified"": ""2022-09-17 00:08:47""}]","[{""sellerType"": ""private"", ""contactName"": ""anis"", ""active"": true}]",2,2,1,1,9,2,"[""garage"", ""garden""]",2022-09-17 17:53:03,2022-09-17 00:08:47,2023-06-04 19:10:15,2022-09-17 00:08:47,1,2026-02-07 14:47:59
1169427,étage de villa robert a  vendre a jardin el'menzeh,"Un étage de villa  situé dans un bon quartier à jardin el menzah avec un bon voisinage à proximité de toutes les commodités . À l'entrée  On a un salon, un séjour, 2 chambres à coucher , une cuisine,  et une salle de bain . À L’extérieur ont un grand balcon équipé de chauffage central et un garage .  Pour plus de renseignements, contacter l’agent sur le <a type=""phone"">+21651XXXXXX</a>.",320000.0,150.0,S+2,RDC/Étage de villa,villaFloor,sale,agency,5203.0,https://www.menzili.tn/upload/photos/2022/11/11/12/07/5nqd2m256z.jpg,"[""https://www.menzili.tn/upload/photos/2022/11/11/12/07/5nqd2m256z.jpg"", ""https://www.menzili.tn/upload/photos/2022/11/11/12/07/29610ds77e.jpg"", ""https://www.menzili.tn/upload/photos/2022/11/11/12/07/mpqd2o9v84.jpg"", ""https://www.menzili.tn/upload/photos/2022/11/11/12/07/2bsh4n2754.jpg"", ""https://www.menzili.tn/upload/photos/2022/11/11/12/07/72t4i9qo41.jpg"", ""https://www.menzili.tn/upload/photos/2022/11/11/12/07/784pvdm6s1.jpg""]","[{""url"": ""https://www.menzili.tn/upload/photos/2022/11/11/12/07/5nqd2m256z.jpg"", ""sourceId"": 13, ""adUrl"": ""https://www.menzili.tn/annonce/annonce-101749""}, {""url"": ""https://www.menzili.tn/upload/photos/2022/11/11/12/07/29610ds77e.jpg"", ""sourceId"": 13, ""adUrl"": ""https://www.menzili.tn/annonce/annonce-101749""}, {""url"": ""https://www.menzili.tn/upload/photos/2022/11/11/12/07/mpqd2o9v84.jpg"", ""sourceId"": 13, ""adUrl"": ""https://www.menzili.tn/annonce/annonce-101749""}, {""url"": ""https://www.menzili.tn/upload/photos/2022/11/11/12/07/2bsh4n2754.jpg"", ""sourceId"": 13, ""adUrl"": ""https://www.menzili.tn/annonce/annonce-101749""}, {""url"": ""https://www.menzili.tn/upload/photos/2022/11/11/12/07/72t4i9qo41.jpg"", ""sourceId"": 13, ""adUrl"": ""https://www.menzili.tn/annonce/annonce-101749""}, {""url"": ""https://www.menzili.tn/upload/photos/2022/11/11/12/07/784pvdm6s1.jpg"", ""sourceId"": 13, ""adUrl"": ""https://www.menzili.tn/annonce/annonce-101749""}]","[{""sourceId"": 13, ""url"": ""https://www.menzili.tn/annonce/annonce-101749"", ""price"": 320000, ""sellerType"": ""agency"", ""lastModified"": ""2022-11-11 02:04:34""}]","[{""sellerType"": ""agency"", ""contactName"": ""Home Sweet Home"", ""active"": true}]",1,1,1,1,1,1,[],2025-10-19 02:04:38,2022-11-11 02:04:34,2022-11-11 02:04:34,2022-11-11 02:04:34,1,2026-02-07 14:47:59
1175574,Immeuble à vendre à Menzel Temime 3M778,"l'agence 3M immobilière vous propose un immeuble  première position de la plage de Menzel Temime Nabeul d'une superficie totale de 334 m² . cet immeuble érigée sur deux niveaux de compose comme suit :
Au RDC : Un  maison  de 140 m²  composé  d'un  salon vitrée vue sur mer , deux grandes chambres , un grand hall ,  cuisine salle de bain ,  salle d’eau avec douche  et un jardin  avec arbi voiture .
Au première étage : Un Appartement  de 190m² composé d'un  grand salon , trois chambres  avec deux salles de bain, une grande cuisine  avec grand balcon vue sur mer .
 Au deuxième étage: Un studio de  45 m²  avec une grande terrasse 130 m² .
Prix demandé : 1380000 DT  négociable REF : 3M778 .
 pour plus de renseignements veuillez contacter le <a type=""phone"">+21653XXXXXX</a>/<a type=""phone"">+21631XXXXXX</a>
 Commission en cas d'achat 2%. Visite sur RDV a l'avance.",1380000.0,334.0,S+4,RDC/Étage de villa,villaFloor,sale,agency,3578.0,http://cdn2.ballouchi.com/800x600/369732-2.jpg,"[""https://server.bigdatis.com/api/properties/image/305635845"", ""https://server.bigdatis.com/api/properties/image/305635846"", ""https://server.bigdatis.com/api/properties/image/305635848""]","[{""url"": ""https://server.bigdatis.com/api/properties/image/305635845"", ""sourceId"": 3, ""adUrl"": ""https://www.ballouchi.com/annonces/immobilier/villas/immeuble-a-vendre-a-menzel-temime-3m778.html""}, {""url"": ""https://server.bigdatis.com/api/properties/image/305635846"", ""sourceId"": 3, ""adUrl"": ""https://www.ballouchi.com/annonces/immobilier/villas/immeuble-a-vendre-a-menzel-temime-3m778.html""}, {""url"": ""https://server.bigdatis.com/api/properties/image/305635848"", ""sourceId"": 3, ""adUrl"": ""https://www.ballouchi.com/annonces/immobilier/villas/immeuble-a-vendre-a-menzel-temime-3m778.html""}]","[{""sourceId"": 3, ""url"": ""https://www.ballouchi.com/annonces/immobilier/villas/immeuble-a-vendre-a-menzel-temime-3m778.html"", ""price"": 1380000, ""sellerType"": ""agency"", ""lastModified"": ""2023-05-31 23:52:56""}]","[{""sellerType"": ""agency"", ""contactName"": ""3mimmobiliere"", ""active"": true}]",1,1,1,1,1,1,"[""centralHeating"", ""garden""]",2025-10-23 23:53:01,2023-05-05 23:52:56,2023-05-31 23:52:56,2023-05-05 23:52:56,1,2026-02-07 14:47:59
1218583,A vendre un RDC de Villa ( à rénover) en S+4 - Mutuelleville ( altère principale),"L’agence immobilière Century 21 Patrimoine vous propose à la vente un RDC de villa à rénover, d’une superficie totale de 390 m² (198 m² bâtis + 198 m² jardin et terrasse), situé à Mutuelleville, sur un axe principal offrant une excellente visibilité et accessibilité.

Il se compose de :

Un salon
Un séjour
Trois chambres à coucher
Deux salles de bain
Une cuisine
Une terrasse arrière

Pour plus d’informations ou pour organiser une visite : <a type=""phone"">+21620XXXXXX</a>",750000.0,390.0,S+4,RDC/Étage de villa,villaFloor,sale,agency,4885.0,55971/27985874_d063b8d97edecba7.jpg,"[""https://b3g4.fra01.idrivee2-68.com/images-mirror/55971/27985874_315873103.jpg?response-content-type=image%2Fjpeg&response-cache-control=public%2C%20max-age%3D31536000%2C%20immutable&X-Amz-Content-Sha256=UNSIGNED-PAYLOAD&X-Amz-Algorithm=AWS4-HMAC-SHA256&X-Amz-Credential=Bhs7rzoWz1jkU0yRURAn%2F20260207%2FFrankfurt%2Fs3%2Faws4_request&X-Amz-Date=20260207T134236Z&X-Amz-SignedHeaders=host&X-Amz-Expires=86400&X-Amz-Signature=9ce14e548287eb6362e4775032845edab238594b111bc17527359af305e4d2d6"", ""https://logis.fra1.digitaloceanspaces.com/11/Properties/136981/conversions/sRUYZgJeowH9oGvF-thumb.jpg""]","[{""url"": ""https://b3g4.fra01.idrivee2-68.com/images-mirror/55971/27985874_315873103.jpg?response-content-type=image%2Fjpeg&response-cache-control=public%2C%20max-age%3D31536000%2C%20immutable&X-Amz-Content-Sha256=UNSIGNED-PAYLOAD&X-Amz-Algorithm=AWS4-HMAC-SHA256&X-Amz-Credential=Bhs7rzoWz1jkU0yRURAn%2F20260207%2FFrankfurt%2Fs3%2Faws4_request&X-Amz-Date=20260207T134236Z&X-Amz-SignedHeaders=host&X-Amz-Expires=86400&X-Amz-Signature=9ce14e548287eb6362e4775032845edab238594b111bc17527359af305e4d2d6"", ""sourceId"": 12, ""adUrl"": ""https://www.facebook.com/marketplace/item/1398708191958801/""}, {""url"": ""https://logis.fra1.digitaloceanspaces.com/11/Properties/136981/conversions/sRUYZgJeowH9oGvF-thumb.jpg"", ""sourceId"": 11, ""adUrl"": ""https://century21.tn/property/a-vendre-rdc-de-villa-s4-mutuelleville/""}]","[{""sourceId"": 12, ""url"": ""https://www.facebook.com/marketplace/item/1398708191958801/"", ""price"": 750000, ""sellerType"": ""agency"", ""lastModified"": ""2026-01-08 12:26:07""}, {""sourceId"": 11, ""url"": ""https://century21.tn/property/a-vendre-rdc-de-villa-s4-mutuelleville/"", ""price"": 750000, ""sellerType"": ""agency"", ""lastModified"": ""2025-12-19 08:50:36""}]","[{""sellerType"": ""agency"", ""contactName"": null, ""active"": true}, {""sellerType"": ""agency"", ""contactName"": ""CENTURY 21 Patrimoine"", ""active"": true}]",2,2,2,2,3,2,[],2025-12-19 09:16:01,2025-12-19 08:08:45,2026-01-08 12:26:07,2025-12-19 08:08:45,1,2026-02-07 14:47:59
655384,Etage de Villa Natalie à Vendre à Carthage Byrsa,"Un 2 éme étage de villa situé dans un quartier résidentiel à Carthage Byrsa. A l'entrée , on a un grand salon, une cuisine avec terrasse, une salle d'eau avec douche pour les invités, une suite parentale, 3 chambres et une salle de bain commune.  Pour tous les renseignements, Contacter l'agent sur le <a type=""phone"">+21656XXXXXX</a> .",340000.0,210.0,S+4,RDC/Étage de villa,villaFloor,sale,agency,4830.0,http://cdn2.ballouchi.com/800x600/390130-1.jpg,"[""https://server.bigdatis.com/api/properties/image/305449975"", ""https://server.bigdatis.com/api/properties/image/305449976"", ""https://server.bigdatis.com/api/properties/image/305449977"", ""https://server.bigdatis.com/api/properties/image/305449978"", ""https://server.bigdatis.com/api/properties/image/305449979"", ""https://server.bigdatis.com/api/properties/image/305449980"", ""https://server.bigdatis.com/api/properties/image/305449981"", ""https://server.bigdatis.com/api/properties/image/305449982"", ""https://server.bigdatis.com/api/properties/image/305449983"", ""https://server.bigdatis.com/api/properties/image/305449984"", ""https://server.bigdatis.com/api/properties/image/305449985"", ""https://server.bigdatis.com/api/properties/image/305449986"", ""https://server.bigdatis.com/api/properties/image/305449987"", ""https://server.bigdatis.com/api/properties/image/305449988"", ""https://server.bigdatis.com/api/properties/image/305449989""]","[{""url"": ""https://server.bigdatis.com/api/properties/image/305449975"", ""sourceId"": 3, ""adUrl"": ""https://www.ballouchi.com/annonces/immobilier/appartements/etage-de-villa-natalie-a-vendre-a-carthage-byrsa.html""}, {""url"": ""https://server.bigdatis.com/api/properties/image/305449976"", ""sourceId"": 3, ""adUrl"": ""https://www.ballouchi.com/annonces/immobilier/appartements/etage-de-villa-natalie-a-vendre-a-carthage-byrsa.html""}, {""url"": ""https://server.bigdatis.com/api/properties/image/305449977"", ""sourceId"": 3, ""adUrl"": ""https://www.ballouchi.com/annonces/immobilier/appartements/etage-de-villa-natalie-a-vendre-a-carthage-byrsa.html""}, {""url"": ""https://server.bigdatis.com/api/properties/image/305449978"", ""sourceId"": 3, ""adUrl"": ""https://www.ballouchi.com/annonces/immobilier/appartements/etage-de-villa-natalie-a-vendre-a-carthage-byrsa.html""}, {""url"": ""https://server.bigdatis.com/api/properties/image/305449979"", ""sourceId"": 3, ""adUrl"": ""https://www.ballouchi.com/annonces/immobilier/appartements/etage-de-villa-natalie-a-vendre-a-carthage-byrsa.html""}, {""url"": ""https://server.bigdatis.com/api/properties/image/305449980"", ""sourceId"": 3, ""adUrl"": ""https://www.ballouchi.com/annonces/immobilier/appartements/etage-de-villa-natalie-a-vendre-a-carthage-byrsa.html""}, {""url"": ""https://server.bigdatis.com/api/properties/image/305449981"", ""sourceId"": 3, ""adUrl"": ""https://www.ballouchi.com/annonces/immobilier/appartements/etage-de-villa-natalie-a-vendre-a-carthage-byrsa.html""}, {""url"": ""https://server.bigdatis.com/api/properties/image/305449982"", ""sourceId"": 3, ""adUrl"": ""https://www.ballouchi.com/annonces/immobilier/appartements/etage-de-villa-natalie-a-vendre-a-carthage-byrsa.html""}, {""url"": ""https://server.bigdatis.com/api/properties/image/305449983"", ""sourceId"": 3, ""adUrl"": ""https://www.ballouchi.com/annonces/immobilier/appartements/etage-de-villa-natalie-a-vendre-a-carthage-byrsa.html""}, {""url"": ""https://server.bigdatis.com/api/properties/image/305449984"", ""sourceId"": 3, ""adUrl"": ""https://www.ballouchi.com/annonces/immobilier/appartements/etage-de-villa-natalie-a-vendre-a-carthage-byrsa.html""}, {""url"": ""https://server.bigdatis.com/api/properties/image/305449985"", ""sourceId"": 3, ""adUrl"": ""https://www.ballouchi.com/annonces/immobilier/appartements/etage-de-villa-natalie-a-vendre-a-carthage-byrsa.html""}, {""url"": ""https://server.bigdatis.com/api/properties/image/305449986"", ""sourceId"": 3, ""adUrl"": ""https://www.ballouchi.com/annonces/immobilier/appartements/etage-de-villa-natalie-a-vendre-a-carthage-byrsa.html""}, {""url"": ""https://server.bigdatis.com/api/properties/image/305449987"", ""sourceId"": 3, ""adUrl"": ""https://www.ballouchi.com/annonces/immobilier/appartements/etage-de-villa-natalie-a-vendre-a-carthage-byrsa.html""}, {""url"": ""https://server.bigdatis.com/api/properties/image/305449988"", ""sourceId"": 3, ""adUrl"": ""https://www.ballouchi.com/annonces/immobilier/appartements/etage-de-villa-natalie-a-vendre-a-carthage-byrsa.html""}, {""url"": ""https://server.bigdatis.com/api/properties/image/305449989"", ""sourceId"": 3, ""adUrl"": ""https://www.ballouchi.com/annonces/immobilier/appartements/etage-de-villa-natalie-a-vendre-a-carthage-byrsa.html""}]","[{""sourceId"": 3, ""url"": ""https://www.ballouchi.com/annonces/immobilier/appartements/etage-de-villa-natalie-a-vendre-a-carthage-byrsa.html"", ""price"": 340000, ""sellerType"": ""agency"", ""lastModified"": ""2024-01-17 21:33:40""}]","[{""sellerType"": ""agency"", ""contactName"": ""homesweethome"", ""active"": true}]",1,1,1,1,4,1,[],2024-01-17 11:53:04,2024-01-17 11:52:26,2024-01-17 21:33:40,2024-01-17 11:52:26,1,2026-02-07 14:47:59
1234971,Etage de villa en vente,"Cet étage S+2, doté d’une entrée indépendante, est situé dans un quartier résidentiel calme.
 L’entrée donne sur une pièce de vie agréable et bien éclairée.
Le coin nuit comprend deux chambres à coucher qui se partagent une salle de bain commune.
La cuisine est équipée d’éléments de rangement,  d’une plaque de cuisson, hotte et d’un four électrique ,   d’une qui s’ouvre sur un séchoir. 
Un garage ainsi qu’un jardin privatif complètent ce bien",205000.0,100.0,S+2,RDC/Étage de villa,villaFloor,sale,agency,3957.0,56079/28039750_fe78dbf4f3e30387.jpg,"[""https://cdn-media.medialabtc.it/tn/agencies/ssfx2/estates/62221/images/357450/detail.jpeg"", ""https://cdn-media.medialabtc.it/tn/agencies/ssfx2/estates/62221/images/357447/detail.jpeg"", ""https://cdn-media.medialabtc.it/tn/agencies/ssfx2/estates/62221/images/357451/detail.jpeg"", ""https://cdn-media.medialabtc.it/tn/agencies/ssfx2/estates/62221/images/357454/detail.jpeg"", ""https://cdn-media.medialabtc.it/tn/agencies/ssfx2/estates/62221/images/357448/detail.jpeg"", ""https://cdn-media.medialabtc.it/tn/agencies/ssfx2/estates/62221/images/357453/detail.jpeg"", ""https://cdn-media.medialabtc.it/tn/agencies/ssfx2/estates/62221/images/357449/detail.jpeg"", ""https://cdn-media.medialabtc.it/tn/agencies/ssfx2/estates/62221/images/357452/detail.jpeg""]","[{""url"": ""https://cdn-media.medialabtc.it/tn/agencies/ssfx2/estates/62221/images/357450/detail.jpeg"", ""sourceId"": 14, ""adUrl"": ""https://www.tecnocasa.tn/vendre/villa/sfax/sfax/62221.html""}, {""url"": ""https://cdn-media.medialabtc.it/tn/agencies/ssfx2/estates/62221/images/357447/detail.jpeg"", ""sourceId"": 14, ""adUrl"": ""https://www.tecnocasa.tn/vendre/villa/sfax/sfax/62221.html""}, {""url"": ""https://cdn-media.medialabtc.it/tn/agencies/ssfx2/estates/62221/images/357451/detail.jpeg"", ""sourceId"": 14, ""adUrl"": ""https://www.tecnocasa.tn/vendre/villa/sfax/sfax/62221.html""}, {""url"": ""https://cdn-media.medialabtc.it/tn/agencies/ssfx2/estates/62221/images/357454/detail.jpeg"", ""sourceId"": 14, ""adUrl"": ""https://www.tecnocasa.tn/vendre/villa/sfax/sfax/62221.html""}, {""url"": ""https://cdn-media.medialabtc.it/tn/agencies/ssfx2/estates/62221/images/357448/detail.jpeg"", ""sourceId"": 14, ""adUrl"": ""https://www.tecnocasa.tn/vendre/villa/sfax/sfax/62221.html""}, {""url"": ""https://cdn-media.medialabtc.it/tn/agencies/ssfx2/estates/62221/images/357453/detail.jpeg"", ""sourceId"": 14, ""adUrl"": ""https://www.tecnocasa.tn/vendre/villa/sfax/sfax/62221.html""}, {""url"": ""https://cdn-media.medialabtc.it/tn/agencies/ssfx2/estates/62221/images/357449/detail.jpeg"", ""sourceId"": 14, ""adUrl"": ""https://www.tecnocasa.tn/vendre/villa/sfax/sfax/62221.html""}, {""url"": ""https://cdn-media.medialabtc.it/tn/agencies/ssfx2/estates/62221/images/357452/detail.jpeg"", ""sourceId"": 14, ""adUrl"": ""https://www.tecnocasa.tn/vendre/villa/sfax/sfax/62221.html""}]","[{""sourceId"": 14, ""url"": ""https://www.tecnocasa.tn/vendre/villa/sfax/sfax/62221.html"", ""price"": 205000, ""sellerType"": ""agency"", ""lastModified"": ""2026-01-15 17:00:53""}]","[{""sellerType"": ""agency"", ""contactName"": ""Ste Twenty Key Consulting Sarl"", ""active"": true}]",1,1,1,1,1,1,[],2026-01-14 17:01:29,2026-01-14 16:59:17,2026-01-15 17:00:53,2026-01-14 16:59:17,1,2026-02-07 14:47:59
952348,Etage de villa s3 balkis au kram,"un 2éme étage de villa situé dans un immeuble dans bon quartier à cité hammouda maali, le kram. a l'entrée, on a un salon, une cuisine équipée, une salle d'eau, 3 chambres, une salle de bain et une grande terrasse avec un débarras. pour tous les renseignements, contacter l'agent sur le <a type=""phone"">+21656XXXXXX</a>.",380000.0,167.0,S+3,RDC/Étage de villa,villaFloor,sale,agency,4869.0,http://tunisie-annonce.com/upload2/202503/tunisie-annonce.com/photos/632246_20250314_103750.jpg,"[""https://server.bigdatis.com/api/properties/image/279200693"", ""https://server.bigdatis.com/api/properties/image/279200694"", ""https://server.bigdatis.com/api/properties/image/279200696"", ""https://server.bigdatis.com/api/properties/image/279200697""]","[{""url"": ""https://server.bigdatis.com/api/properties/image/279200693"", ""sourceId"": 1, ""adUrl"": ""http://www.tunisie-annonce.com/DetailsAnnonceImmobilier.asp?cod_ann=3389794""}, {""url"": ""https://server.bigdatis.com/api/properties/image/279200694"", ""sourceId"": 1, ""adUrl"": ""http://www.tunisie-annonce.com/DetailsAnnonceImmobilier.asp?cod_ann=3389794""}, {""url"": ""https://server.bigdatis.com/api/properties/image/279200696"", ""sourceId"": 1, ""adUrl"": ""http://www.tunisie-annonce.com/DetailsAnnonceImmobilier.asp?cod_ann=3389794""}, {""url"": ""https://server.bigdatis.com/api/properties/image/279200697"", ""sourceId"": 1, ""adUrl"": ""http://www.tunisie-annonce.com/DetailsAnnonceImmobilier.asp?cod_ann=3389794""}]","[{""sourceId"": 1, ""url"": ""http://www.tunisie-annonce.com/DetailsAnnonceImmobilier.asp?cod_ann=3389794"", ""price"": 380000, ""sellerType"": ""agency"", ""lastModified"": ""2025-10-13 22:17:04""}]","[{""sellerType"": ""agency"", ""contactName"": ""HOME SWEET HOME"", ""active"": true}]",1,1,1,1,1,1,[],2025-03-14 12:01:33,2025-03-14 12:01:22,2025-10-13 22:17:04,2025-03-14 12:01:22,1,2026-02-07 14:47:59
1228832,"À VENDRE –  RDC  DUPLEX AVEC JARDIN,GARAGE & STUDIO – MOUROUJ 2","Prestige ImmoDab vous propose à la vente RDC d'un duplex + studio, idéale pour une famille ou un investissement :
 Mourouj 2 
Superficie : 280 m²
Composée de :
3 chambres à coucher
Salon spacieux
Salle à manger
Cuisine
Salle de bain
Garage
Studio indépendant déjà loué (revenu locatif)
Jardin
Prix : 295 000 DT (à négocier)
Contact : <a type=""phone"">+21653XXXXXX</a> / <a type=""phone"">+21653XXXXXX</a>
Visite gratuite",295000.0,280.0,S+4,RDC/Étage de villa,villaFloor,sale,agency,5283.0,56035/28017906_2602ceb8e8f8e0c4.jpg,"[""https://storage.googleapis.com/tayara-migration-yams-pro/52/523bcd78-c6b0-4a0c-9152-319223c289b7"", ""https://storage.googleapis.com/tayara-migration-yams-pro/0b/0bc108e7-67a5-49a4-a1f2-e8a78b9a5e34"", ""https://storage.googleapis.com/tayara-migration-yams-pro/fc/fc5b1ce0-ee5d-4d77-b269-d1cc0766fe53"", ""https://storage.googleapis.com/tayara-migration-yams-pro/04/043e250b-5963-4a39-bf00-bec9934fb208"", ""https://storage.googleapis.com/tayara-migration-yams-pro/b0/b0ebc512-766f-401b-9ded-56a4369b0c41"", ""https://storage.googleapis.com/tayara-migration-yams-pro/55/55fb5e65-cfe8-4e09-9a5e-57043751f802"", ""https://storage.googleapis.com/tayara-migration-yams-pro/3c/3cb5f870-3ecd-4583-9119-8a1bb4e219d2"", ""https://storage.googleapis.com/tayara-migration-yams-pro/fb/fbb291eb-cc0e-40db-9493-7600df858f5d"", ""https://storage.googleapis.com/tayara-migration-yams-pro/1c/1c852dcc-c1f7-4024-9412-7bd0856422ff"", ""https://storage.googleapis.com/tayara-migration-yams-pro/9a/9a18f74b-fffb-4d8a-ad79-98725bfc69f4"", ""https://storage.googleapis.com/tayara-migration-yams-pro/95/959b6fff-988b-48a5-957d-98466dc956cb""]","[{""url"": ""https://storage.googleapis.com/tayara-migration-yams-pro/52/523bcd78-c6b0-4a0c-9152-319223c289b7"", ""sourceId"": 2, ""adUrl"": ""https://www.tayara.tn/item/695b7cf3cd04d08be756006d/?v=2""}, {""url"": ""https://storage.googleapis.com/tayara-migration-yams-pro/0b/0bc108e7-67a5-49a4-a1f2-e8a78b9a5e34"", ""sourceId"": 2, ""adUrl"": ""https://www.tayara.tn/item/695b7cf3cd04d08be756006d/?v=2""}, {""url"": ""https://storage.googleapis.com/tayara-migration-yams-pro/fc/fc5b1ce0-ee5d-4d77-b269-d1cc0766fe53"", ""sourceId"": 2, ""adUrl"": ""https://www.tayara.tn/item/695b7cf3cd04d08be756006d/?v=2""}, {""url"": ""https://storage.googleapis.com/tayara-migration-yams-pro/04/043e250b-5963-4a39-bf00-bec9934fb208"", ""sourceId"": 2, ""adUrl"": ""https://www.tayara.tn/item/695b7cf3cd04d08be756006d/?v=2""}, {""url"": ""https://storage.googleapis.com/tayara-migration-yams-pro/b0/b0ebc512-766f-401b-9ded-56a4369b0c41"", ""sourceId"": 2, ""adUrl"": ""https://www.tayara.tn/item/695b7cf3cd04d08be756006d/?v=2""}, {""url"": ""https://storage.googleapis.com/tayara-migration-yams-pro/55/55fb5e65-cfe8-4e09-9a5e-57043751f802"", ""sourceId"": 2, ""adUrl"": ""https://www.tayara.tn/item/695b7cf3cd04d08be756006d/?v=2""}, {""url"": ""https://storage.googleapis.com/tayara-migration-yams-pro/3c/3cb5f870-3ecd-4583-9119-8a1bb4e219d2"", ""sourceId"": 2, ""adUrl"": ""https://www.tayara.tn/item/695b7cf3cd04d08be756006d/?v=2""}, {""url"": ""https://storage.googleapis.com/tayara-migration-yams-pro/fb/fbb291eb-cc0e-40db-9493-7600df858f5d"", ""sourceId"": 2, ""adUrl"": ""https://www.tayara.tn/item/695b7cf3cd04d08be756006d/?v=2""}, {""url"": ""https://storage.googleapis.com/tayara-migration-yams-pro/1c/1c852dcc-c1f7-4024-9412-7bd0856422ff"", ""sourceId"": 2, ""adUrl"": ""https://www.tayara.tn/item/695b7cf3cd04d08be756006d/?v=2""}, {""url"": ""https://storage.googleapis.com/tayara-migration-yams-pro/9a/9a18f74b-fffb-4d8a-ad79-98725bfc69f4"", ""sourceId"": 2, ""adUrl"": ""https://www.tayara.tn/item/695b7cf3cd04d08be756006d/?v=2""}, {""url"": ""https://storage.googleapis.com/tayara-migration-yams-pro/95/959b6fff-988b-48a5-957d-98466dc956cb"", ""sourceId"": 2, ""adUrl"": ""https://www.tayara.tn/item/695b7cf3cd04d08be756006d/?v=2""}]","[{""sourceId"": 2, ""url"": ""https://www.tayara.tn/item/695b7cf3cd04d08be756006d/?v=2"", ""price"": 295000, ""sellerType"": ""agency"", ""lastModified"": ""2026-01-05 10:06:55""}]","[{""sellerType"": ""agency"", ""contactName"": ""PRESTIGE IMMODAB"", ""active"": true}]",1,1,1,1,1,1,[],2026-01-05 10:00:45,2026-01-05 09:57:23,2026-01-05 10:06:55,2026-01-05 09:57:23,1,2026-02-07 14:47:59
1212450,Etage de villa en vente,"Cet étage de villa est situé dans un quartier calme et résidentiel de Mégrine Riadh, proche de toutes les commodités.
 L’entrée donne sur un salon lumineux. La cuisine est aménagée.
La partie nuit abrite trois chambres à coucher, avec une salle de bain commune aux trois chambres.",220000.0,128.0,S+2,RDC/Étage de villa,villaFloor,sale,agency,993.0,https://cdn-media.medialabtc.it/tn/agencies/tucc1/estates/61324/images/350180/detail.jpeg,"[""https://cdn-media.medialabtc.it/tn/agencies/tucc1/estates/61324/images/350180/detail.jpeg"", ""https://cdn-media.medialabtc.it/tn/agencies/tucc1/estates/61324/images/350181/detail.jpeg"", ""https://cdn-media.medialabtc.it/tn/agencies/tucc1/estates/61324/images/350182/detail.jpeg"", ""https://cdn-media.medialabtc.it/tn/agencies/tucc1/estates/61324/images/350178/detail.jpeg"", ""https://cdn-media.medialabtc.it/tn/agencies/tucc1/estates/61324/images/350183/detail.jpeg"", ""https://cdn-media.medialabtc.it/tn/agencies/tucc1/estates/61324/images/350179/detail.jpeg""]","[{""url"": ""https://cdn-media.medialabtc.it/tn/agencies/tucc1/estates/61324/images/350180/detail.jpeg"", ""sourceId"": 14, ""adUrl"": ""https://www.tecnocasa.tn/vendre/villa/grand-tunis/megrine/61324.html""}, {""url"": ""https://cdn-media.medialabtc.it/tn/agencies/tucc1/estates/61324/images/350181/detail.jpeg"", ""sourceId"": 14, ""adUrl"": ""https://www.tecnocasa.tn/vendre/villa/grand-tunis/megrine/61324.html""}, {""url"": ""https://cdn-media.medialabtc.it/tn/agencies/tucc1/estates/61324/images/350182/detail.jpeg"", ""sourceId"": 14, ""adUrl"": ""https://www.tecnocasa.tn/vendre/villa/grand-tunis/megrine/61324.html""}, {""url"": ""https://cdn-media.medialabtc.it/tn/agencies/tucc1/estates/61324/images/350178/detail.jpeg"", ""sourceId"": 14, ""adUrl"": ""https://www.tecnocasa.tn/vendre/villa/grand-tunis/megrine/61324.html""}, {""url"": ""https://cdn-media.medialabtc.it/tn/agencies/tucc1/estates/61324/images/350183/detail.jpeg"", ""sourceId"": 14, ""adUrl"": ""https://www.tecnocasa.tn/vendre/villa/grand-tunis/megrine/61324.html""}, {""url"": ""https://cdn-media.medialabtc.it/tn/agencies/tucc1/estates/61324/images/350179/detail.jpeg"", ""sourceId"": 14, ""adUrl"": ""https://www.tecnocasa.tn/vendre/villa/grand-tunis/megrine/61324.html""}]","[{""sourceId"": 14, ""url"": ""https://www.tecnocasa.tn/vendre/villa/grand-tunis/megrine/61324.html"", ""price"": 220000, ""sellerType"": ""agency"", ""lastModified"": ""2026-02-06 10:15:47""}, {""sourceId"": 2, ""url"": ""https://www.tayara.tn/item/6939776bcd04d08be748a904/?v=2"", ""price"": 220000, ""sellerType"": ""agency"", ""lastModified"": ""2025-12-10 14:37:49""}]","[{""sellerType"": ""agency"", ""contactName"": ""Jiba Real Estate Sarl"", ""active"": true}]",2,2,1,1,2,2,[],2025-12-10 12:15:57,2025-12-10 12:05:26,2026-02-06 10:15:47,2025-12-10 12:05:26,1,2026-02-07 14:47:59
1032226,Un Rdc d'une maison à cité Cité ghazella,"à vendre chez votre agence clé du bonheur un RDC d'une maison à retaper
Adresse : cité Ghazella - prés rond point El bader
composition : salon ,3 chambres à coucher , cuisine , salle de bain avec un grand jardin et studio
superficie terrain 282 m²
superficie bâti : 160 m²
prix : 340 milles légèrement négociable
votre conseillère en immobilier islem <a type=""phone"">+21628XXXXXX</a>",340000.0,282.0,S+3,RDC/Étage de villa,villaFloor,sale,agency,429.0,54779/27389614_b63627179c9c6810.jpg,"[""https://b3g4.fra01.idrivee2-68.com/images-mirror/54779/27389614_295853786.jpg?response-content-type=image%2Fjpeg&response-cache-control=public%2C%20max-age%3D31536000%2C%20immutable&X-Amz-Content-Sha256=UNSIGNED-PAYLOAD&X-Amz-Algorithm=AWS4-HMAC-SHA256&X-Amz-Credential=Bhs7rzoWz1jkU0yRURAn%2F20260207%2FFrankfurt%2Fs3%2Faws4_request&X-Amz-Date=20260207T134239Z&X-Amz-SignedHeaders=host&X-Amz-Expires=86400&X-Amz-Signature=54cc5fea8f7e6bdc0d8f2ff32edf60e283bd375b50c811af427ad70026c69c0d"", ""https://b3g4.fra01.idrivee2-68.com/images-mirror/54779/27389614_295853787.jpg?response-content-type=image%2Fjpeg&response-cache-control=public%2C%20max-age%3D31536000%2C%20immutable&X-Amz-Content-Sha256=UNSIGNED-PAYLOAD&X-Amz-Algorithm=AWS4-HMAC-SHA256&X-Amz-Credential=Bhs7rzoWz1jkU0yRURAn%2F20260207%2FFrankfurt%2Fs3%2Faws4_request&X-Amz-Date=20260207T134239Z&X-Amz-SignedHeaders=host&X-Amz-Expires=86400&X-Amz-Signature=c7451259363cd4d48515e2dd117e446ed544a8a3dc90391a5616f4527d456501"", ""https://b3g4.fra01.idrivee2-68.com/images-mirror/54779/27389614_295853788.jpg?response-content-type=image%2Fjpeg&response-cache-control=public%2C%20max-age%3D31536000%2C%20immutable&X-Amz-Content-Sha256=UNSIGNED-PAYLOAD&X-Amz-Algorithm=AWS4-HMAC-SHA256&X-Amz-Credential=Bhs7rzoWz1jkU0yRURAn%2F20260207%2FFrankfurt%2Fs3%2Faws4_request&X-Amz-Date=20260207T134239Z&X-Amz-SignedHeaders=host&X-Amz-Expires=86400&X-Amz-Signature=3c17283bb388742e20767801c5f476257063d1a0e8098ad7b70c468dfb6e3a3e"", ""https://b3g4.fra01.idrivee2-68.com/images-mirror/54779/27389614_295853789.jpg?response-content-type=image%2Fjpeg&response-cache-control=public%2C%20max-age%3D31536000%2C%20immutable&X-Amz-Content-Sha256=UNSIGNED-PAYLOAD&X-Amz-Algorithm=AWS4-HMAC-SHA256&X-Amz-Credential=Bhs7rzoWz1jkU0yRURAn%2F20260207%2FFrankfurt%2Fs3%2Faws4_request&X-Amz-Date=20260207T134239Z&X-Amz-SignedHeaders=host&X-Amz-Expires=86400&X-Amz-Signature=9ecf2f31bd394a3afd485c3904b02728a43a7f6396a789e3cce1db879425d08a"", ""https://b3g4.fra01.idrivee2-68.com/images-mirror/54779/27389614_295853790.jpg?response-content-type=image%2Fjpeg&response-cache-control=public%2C%20max-age%3D31536000%2C%20immutable&X-Amz-Content-Sha256=UNSIGNED-PAYLOAD&X-Amz-Algorithm=AWS4-HMAC-SHA256&X-Amz-Credential=Bhs7rzoWz1jkU0yRURAn%2F20260207%2FFrankfurt%2Fs3%2Faws4_request&X-Amz-Date=20260207T134239Z&X-Amz-SignedHeaders=host&X-Amz-Expires=86400&X-Amz-Signature=6eeee3bfae598c6aa532966354207c766d0273f1b187860790c3a57ab4c12469"", ""https://b3g4.fra01.idrivee2-68.com/images-mirror/54779/27389614_295853791.jpg?response-content-type=image%2Fjpeg&response-cache-control=public%2C%20max-age%3D31536000%2C%20immutable&X-Amz-Content-Sha256=UNSIGNED-PAYLOAD&X-Amz-Algorithm=AWS4-HMAC-SHA256&X-Amz-Credential=Bhs7rzoWz1jkU0yRURAn%2F20260207%2FFrankfurt%2Fs3%2Faws4_request&X-Amz-Date=20260207T134239Z&X-Amz-SignedHeaders=host&X-Amz-Expires=86400&X-Amz-Signature=d85b4d08c8ce23c4e0f08b688fdea421157bdd5ab1903252443b40e2b8e0d77a"", ""https://b3g4.fra01.idrivee2-68.com/images-mirror/54779/27389614_295853792.jpg?response-content-type=image%2Fjpeg&response-cache-control=public%2C%20max-age%3D31536000%2C%20immutable&X-Amz-Content-Sha256=UNSIGNED-PAYLOAD&X-Amz-Algorithm=AWS4-HMAC-SHA256&X-Amz-Credential=Bhs7rzoWz1jkU0yRURAn%2F20260207%2FFrankfurt%2Fs3%2Faws4_request&X-Amz-Date=20260207T134239Z&X-Amz-SignedHeaders=host&X-Amz-Expires=86400&X-Amz-Signature=3069faef6ce7e7f6839c05c1cb769aedfa751b482aae9bceda2a620b1b6605f1"", ""https://b3g4.fra01.idrivee2-68.com/images-mirror/54779/27389614_295853793.jpg?response-content-type=image%2Fjpeg&response-cache-control=public%2C%20max-age%3D31536000%2C%20immutable&X-Amz-Content-Sha256=UNSIGNED-PAYLOAD&X-Amz-Algorithm=AWS4-HMAC-SHA256&X-Amz-Credential=Bhs7rzoWz1jkU0yRURAn%2F20260207%2FFrankfurt%2Fs3%2Faws4_request&X-Amz-Date=20260207T134239Z&X-Amz-SignedHeaders=host&X-Amz-Expires=86400&X-Amz-Signature=ea320b93c43318068cc049ff3f8e7c17ccd4503826addd7f16c81de325bb417f"", ""https://b3g4.fra01.idrivee2-68.com/images-mirror/54779/27389614_295853794.jpg?response-content-type=image%2Fjpeg&response-cache-control=public%2C%20max-age%3D31536000%2C%20immutable&X-Amz-Content-Sha256=UNSIGNED-PAYLOAD&X-Amz-Algorithm=AWS4-HMAC-SHA256&X-Amz-Credential=Bhs7rzoWz1jkU0yRURAn%2F20260207%2FFrankfurt%2Fs3%2Faws4_request&X-Amz-Date=20260207T134239Z&X-Amz-SignedHeaders=host&X-Amz-Expires=86400&X-Amz-Signature=2fdd427fcc23ece623b68f080a4c7f699f176995e3b93a99d4970c14c093c0ec"", ""https://b3g4.fra01.idrivee2-68.com/images-mirror/54779/27389614_295853795.jpg?response-content-type=image%2Fjpeg&response-cache-control=public%2C%20max-age%3D31536000%2C%20immutable&X-Amz-Content-Sha256=UNSIGNED-PAYLOAD&X-Amz-Algorithm=AWS4-HMAC-SHA256&X-Amz-Credential=Bhs7rzoWz1jkU0yRURAn%2F20260207%2FFrankfurt%2Fs3%2Faws4_request&X-Amz-Date=20260207T134239Z&X-Amz-SignedHeaders=host&X-Amz-Expires=86400&X-Amz-Signature=48ec0bdeef6d99ab639d977eae671a0351ee8abfc345e0b2133e6de910d91933"", ""https://b3g4.fra01.idrivee2-68.com/images-mirror/54779/27389614_295853796.jpg?response-content-type=image%2Fjpeg&response-cache-control=public%2C%20max-age%3D31536000%2C%20immutable&X-Amz-Content-Sha256=UNSIGNED-PAYLOAD&X-Amz-Algorithm=AWS4-HMAC-SHA256&X-Amz-Credential=Bhs7rzoWz1jkU0yRURAn%2F20260207%2FFrankfurt%2Fs3%2Faws4_request&X-Amz-Date=20260207T134239Z&X-Amz-SignedHeaders=host&X-Amz-Expires=86400&X-Amz-Signature=fcc2ac45e6538e725d56a4c14d726f2a62185a453495cc872e79b529b99aac05"", ""https://b3g4.fra01.idrivee2-68.com/images-mirror/54779/27389614_295853797.jpg?response-content-type=image%2Fjpeg&response-cache-control=public%2C%20max-age%3D31536000%2C%20immutable&X-Amz-Content-Sha256=UNSIGNED-PAYLOAD&X-Amz-Algorithm=AWS4-HMAC-SHA256&X-Amz-Credential=Bhs7rzoWz1jkU0yRURAn%2F20260207%2FFrankfurt%2Fs3%2Faws4_request&X-Amz-Date=20260207T134239Z&X-Amz-SignedHeaders=host&X-Amz-Expires=86400&X-Amz-Signature=ab259501b5f2a66e58f5244feb91d40b3464f3c9218fe1ef48220b8209636892"", ""https://b3g4.fra01.idrivee2-68.com/images-mirror/54866/27433409_284807364.jpg?response-content-type=image%2Fjpeg&response-cache-control=public%2C%20max-age%3D31536000%2C%20immutable&X-Amz-Content-Sha256=UNSIGNED-PAYLOAD&X-Amz-Algorithm=AWS4-HMAC-SHA256&X-Amz-Credential=Bhs7rzoWz1jkU0yRURAn%2F20260207%2FFrankfurt%2Fs3%2Faws4_request&X-Amz-Date=20260207T134239Z&X-Amz-SignedHeaders=host&X-Amz-Expires=86400&X-Amz-Signature=358e393cf18926478fa80f6799acfb435b793bcbafde74aa60ef57c17b678f77"", ""https://b3g4.fra01.idrivee2-68.com/images-mirror/54866/27433409_296239735.jpg?response-content-type=image%2Fjpeg&response-cache-control=public%2C%20max-age%3D31536000%2C%20immutable&X-Amz-Content-Sha256=UNSIGNED-PAYLOAD&X-Amz-Algorithm=AWS4-HMAC-SHA256&X-Amz-Credential=Bhs7rzoWz1jkU0yRURAn%2F20260207%2FFrankfurt%2Fs3%2Faws4_request&X-Amz-Date=20260207T134239Z&X-Amz-SignedHeaders=host&X-Amz-Expires=86400&X-Amz-Signature=a1c88ce934ed724fc314fc337541901a79834baa22412b96808110f7a1d8f1ba"", ""https://b3g4.fra01.idrivee2-68.com/images-mirror/54866/27433409_296239736.jpg?response-content-type=image%2Fjpeg&response-cache-control=public%2C%20max-age%3D31536000%2C%20immutable&X-Amz-Content-Sha256=UNSIGNED-PAYLOAD&X-Amz-Algorithm=AWS4-HMAC-SHA256&X-Amz-Credential=Bhs7rzoWz1jkU0yRURAn%2F20260207%2FFrankfurt%2Fs3%2Faws4_request&X-Amz-Date=20260207T134239Z&X-Amz-SignedHeaders=host&X-Amz-Expires=86400&X-Amz-Signature=6622e9974f60d6d69d7447b884d7883cff59264aa1314ec767114265baa6c108"", ""https://b3g4.fra01.idrivee2-68.com/images-mirror/54866/27433409_296239737.jpg?response-content-type=image%2Fjpeg&response-cache-control=public%2C%20max-age%3D31536000%2C%20immutable&X-Amz-Content-Sha256=UNSIGNED-PAYLOAD&X-Amz-Algorithm=AWS4-HMAC-SHA256&X-Amz-Credential=Bhs7rzoWz1jkU0yRURAn%2F20260207%2FFrankfurt%2Fs3%2Faws4_request&X-Amz-Date=20260207T134239Z&X-Amz-SignedHeaders=host&X-Amz-Expires=86400&X-Amz-Signature=a7ca288db6c8c0710516e6bda1632369e75d5f6b28c9f1b052f014e60cd085ba"", ""https://b3g4.fra01.idrivee2-68.com/images-mirror/54866/27433409_296239738.jpg?response-content-type=image%2Fjpeg&response-cache-control=public%2C%20max-age%3D31536000%2C%20immutable&X-Amz-Content-Sha256=UNSIGNED-PAYLOAD&X-Amz-Algorithm=AWS4-HMAC-SHA256&X-Amz-Credential=Bhs7rzoWz1jkU0yRURAn%2F20260207%2FFrankfurt%2Fs3%2Faws4_request&X-Amz-Date=20260207T134239Z&X-Amz-SignedHeaders=host&X-Amz-Expires=86400&X-Amz-Signature=70bf376aba34ef9455095512c4b1486275a3283fe63cb2e942953b79c62b23b8"", ""https://b3g4.fra01.idrivee2-68.com/images-mirror/54866/27433409_296239739.jpg?response-content-type=image%2Fjpeg&response-cache-control=public%2C%20max-age%3D31536000%2C%20immutable&X-Amz-Content-Sha256=UNSIGNED-PAYLOAD&X-Amz-Algorithm=AWS4-HMAC-SHA256&X-Amz-Credential=Bhs7rzoWz1jkU0yRURAn%2F20260207%2FFrankfurt%2Fs3%2Faws4_request&X-Amz-Date=20260207T134239Z&X-Amz-SignedHeaders=host&X-Amz-Expires=86400&X-Amz-Signature=541f50be6859181ff768f7a33613d5fe29d5665f22ffecc7d65b2be99b7010c8"", ""https://b3g4.fra01.idrivee2-68.com/images-mirror/54866/27433409_296239740.jpg?response-content-type=image%2Fjpeg&response-cache-control=public%2C%20max-age%3D31536000%2C%20immutable&X-Amz-Content-Sha256=UNSIGNED-PAYLOAD&X-Amz-Algorithm=AWS4-HMAC-SHA256&X-Amz-Credential=Bhs7rzoWz1jkU0yRURAn%2F20260207%2FFrankfurt%2Fs3%2Faws4_request&X-Amz-Date=20260207T134239Z&X-Amz-SignedHeaders=host&X-Amz-Expires=86400&X-Amz-Signature=1da827dbfb6bfb694d8868de8e85b4cc51afc86cde209fe1acaad7c865b0b093"", ""https://b3g4.fra01.idrivee2-68.com/images-mirror/54866/27433409_296239741.jpg?response-content-type=image%2Fjpeg&response-cache-control=public%2C%20max-age%3D31536000%2C%20immutable&X-Amz-Content-Sha256=UNSIGNED-PAYLOAD&X-Amz-Algorithm=AWS4-HMAC-SHA256&X-Amz-Credential=Bhs7rzoWz1jkU0yRURAn%2F20260207%2FFrankfurt%2Fs3%2Faws4_request&X-Amz-Date=20260207T134239Z&X-Amz-SignedHeaders=host&X-Amz-Expires=86400&X-Amz-Signature=6906357cfdefdfd3e2c9b6a15139084961556f9bc24d3f7500a70dae72612b9c"", ""https://b3g4.fra01.idrivee2-68.com/images-mirror/54866/27433409_296239742.jpg?response-content-type=image%2Fjpeg&response-cache-control=public%2C%20max-age%3D31536000%2C%20immutable&X-Amz-Content-Sha256=UNSIGNED-PAYLOAD&X-Amz-Algorithm=AWS4-HMAC-SHA256&X-Amz-Credential=Bhs7rzoWz1jkU0yRURAn%2F20260207%2FFrankfurt%2Fs3%2Faws4_request&X-Amz-Date=20260207T134239Z&X-Amz-SignedHeaders=host&X-Amz-Expires=86400&X-Amz-Signature=ccb666ed219dfd1c3625db980b6e08066b8240066cd119fddfb55023ce197000"", ""https://b3g4.fra01.idrivee2-68.com/images-mirror/54866/27433409_296239743.jpg?response-content-type=image%2Fjpeg&response-cache-control=public%2C%20max-age%3D31536000%2C%20immutable&X-Amz-Content-Sha256=UNSIGNED-PAYLOAD&X-Amz-Algorithm=AWS4-HMAC-SHA256&X-Amz-Credential=Bhs7rzoWz1jkU0yRURAn%2F20260207%2FFrankfurt%2Fs3%2Faws4_request&X-Amz-Date=20260207T134239Z&X-Amz-SignedHeaders=host&X-Amz-Expires=86400&X-Amz-Signature=d93e0114d2b95634c5b74dff66066c0dcb294966dec115c3154437d95efcb59a"", ""https://b3g4.fra01.idrivee2-68.com/images-mirror/54866/27433409_296239744.jpg?response-content-type=image%2Fjpeg&response-cache-control=public%2C%20max-age%3D31536000%2C%20immutable&X-Amz-Content-Sha256=UNSIGNED-PAYLOAD&X-Amz-Algorithm=AWS4-HMAC-SHA256&X-Amz-Credential=Bhs7rzoWz1jkU0yRURAn%2F20260207%2FFrankfurt%2Fs3%2Faws4_request&X-Amz-Date=20260207T134239Z&X-Amz-SignedHeaders=host&X-Amz-Expires=86400&X-Amz-Signature=a9964f81f7ee1542ab32c1d25bfbd635ea8d1c1b0cfba652d01bdcb5ada4252a"", ""https://b3g4.fra01.idrivee2-68.com/images-mirror/54866/27433409_296239745.jpg?response-content-type=image%2Fjpeg&response-cache-control=public%2C%20max-age%3D31536000%2C%20immutable&X-Amz-Content-Sha256=UNSIGNED-PAYLOAD&X-Amz-Algorithm=AWS4-HMAC-SHA256&X-Amz-Credential=Bhs7rzoWz1jkU0yRURAn%2F20260207%2FFrankfurt%2Fs3%2Faws4_request&X-Amz-Date=20260207T134239Z&X-Amz-SignedHeaders=host&X-Amz-Expires=86400&X-Amz-Signature=c2422f712c9adb79871da2b77de56a3611b804049911e435852e832bc5c3c1b5"", ""https://b3g4.fra01.idrivee2-68.com/images-mirror/54866/27433409_296239746.jpg?response-content-type=image%2Fjpeg&response-cache-control=public%2C%20max-age%3D31536000%2C%20immutable&X-Amz-Content-Sha256=UNSIGNED-PAYLOAD&X-Amz-Algorithm=AWS4-HMAC-SHA256&X-Amz-Credential=Bhs7rzoWz1jkU0yRURAn%2F20260207%2FFrankfurt%2Fs3%2Faws4_request&X-Amz-Date=20260207T134239Z&X-Amz-SignedHeaders=host&X-Amz-Expires=86400&X-Amz-Signature=37fc2ce36a004197d13a791a8a45f0ce093b44f811bfbb742409d41083a817ff"", ""https://b3g4.fra01.idrivee2-68.com/images-mirror/54866/27433409_296239747.jpg?response-content-type=image%2Fjpeg&response-cache-control=public%2C%20max-age%3D31536000%2C%20immutable&X-Amz-Content-Sha256=UNSIGNED-PAYLOAD&X-Amz-Algorithm=AWS4-HMAC-SHA256&X-Amz-Credential=Bhs7rzoWz1jkU0yRURAn%2F20260207%2FFrankfurt%2Fs3%2Faws4_request&X-Amz-Date=20260207T134239Z&X-Amz-SignedHeaders=host&X-Amz-Expires=86400&X-Amz-Signature=da0c076c3fd691cd0a38d7e6ee06cd4ccd2d2e6b2e2e79066de0e5d6856c370e"", ""https://b3g4.fra01.idrivee2-68.com/images-mirror/54866/27433409_296239748.jpg?response-content-type=image%2Fjpeg&response-cache-control=public%2C%20max-age%3D31536000%2C%20immutable&X-Amz-Content-Sha256=UNSIGNED-PAYLOAD&X-Amz-Algorithm=AWS4-HMAC-SHA256&X-Amz-Credential=Bhs7rzoWz1jkU0yRURAn%2F20260207%2FFrankfurt%2Fs3%2Faws4_request&X-Amz-Date=20260207T134239Z&X-Amz-SignedHeaders=host&X-Amz-Expires=86400&X-Amz-Signature=4b15db16bf5cf553b7ce2b918b69329a50c6d26c6f971f8e5f1cb09597cfdae3"", ""https://b3g4.fra01.idrivee2-68.com/images-mirror/54866/27433409_296239749.jpg?response-content-type=image%2Fjpeg&response-cache-control=public%2C%20max-age%3D31536000%2C%20immutable&X-Amz-Content-Sha256=UNSIGNED-PAYLOAD&X-Amz-Algorithm=AWS4-HMAC-SHA256&X-Amz-Credential=Bhs7rzoWz1jkU0yRURAn%2F20260207%2FFrankfurt%2Fs3%2Faws4_request&X-Amz-Date=20260207T134239Z&X-Amz-SignedHeaders=host&X-Amz-Expires=86400&X-Amz-Signature=aff8701f9f94cc8984acbb9d6f543ea06cd650610e796193c8b54903dcf34255"", ""https://b3g4.fra01.idrivee2-68.com/images-mirror/54866/27433409_296239750.jpg?response-content-type=image%2Fjpeg&response-cache-control=public%2C%20max-age%3D31536000%2C%20immutable&X-Amz-Content-Sha256=UNSIGNED-PAYLOAD&X-Amz-Algorithm=AWS4-HMAC-SHA256&X-Amz-Credential=Bhs7rzoWz1jkU0yRURAn%2F20260207%2FFrankfurt%2Fs3%2Faws4_request&X-Amz-Date=20260207T134239Z&X-Amz-SignedHeaders=host&X-Amz-Expires=86400&X-Amz-Signature=4515a31e41fb055f58e004c86651db2afdeb1b8d9c233ee737ec40f41867c29c"", ""https://b3g4.fra01.idrivee2-68.com/images-mirror/54866/27433409_296239751.jpg?response-content-type=image%2Fjpeg&response-cache-control=public%2C%20max-age%3D31536000%2C%20immutable&X-Amz-Content-Sha256=UNSIGNED-PAYLOAD&X-Amz-Algorithm=AWS4-HMAC-SHA256&X-Amz-Credential=Bhs7rzoWz1jkU0yRURAn%2F20260207%2FFrankfurt%2Fs3%2Faws4_request&X-Amz-Date=20260207T134239Z&X-Amz-SignedHeaders=host&X-Amz-Expires=86400&X-Amz-Signature=382e32f5c15e7fce964bc8d118b50ce519e3c776e5a2d66050a73c302dcd8b9d"", ""https://b3g4.fra01.idrivee2-68.com/images-mirror/54866/27433409_296239753.jpg?response-content-type=image%2Fjpeg&response-cache-control=public%2C%20max-age%3D31536000%2C%20immutable&X-Amz-Content-Sha256=UNSIGNED-PAYLOAD&X-Amz-Algorithm=AWS4-HMAC-SHA256&X-Amz-Credential=Bhs7rzoWz1jkU0yRURAn%2F20260207%2FFrankfurt%2Fs3%2Faws4_request&X-Amz-Date=20260207T134239Z&X-Amz-SignedHeaders=host&X-Amz-Expires=86400&X-Amz-Signature=4eb337f65f977978c417604ccb4864f580d792bef8747bf88f6a7ce719eb22a5""]","[{""url"": ""https://b3g4.fra01.idrivee2-68.com/images-mirror/54779/27389614_295853786.jpg?response-content-type=image%2Fjpeg&response-cache-control=public%2C%20max-age%3D31536000%2C%20immutable&X-Amz-Content-Sha256=UNSIGNED-PAYLOAD&X-Amz-Algorithm=AWS4-HMAC-SHA256&X-Amz-Credential=Bhs7rzoWz1jkU0yRURAn%2F20260207%2FFrankfurt%2Fs3%2Faws4_request&X-Amz-Date=20260207T134239Z&X-Amz-SignedHeaders=host&X-Amz-Expires=86400&X-Amz-Signature=54cc5fea8f7e6bdc0d8f2ff32edf60e283bd375b50c811af427ad70026c69c0d"", ""sourceId"": 12, ""adUrl"": ""https://www.facebook.com/marketplace/item/568411192593286/""}, {""url"": ""https://b3g4.fra01.idrivee2-68.com/images-mirror/54779/27389614_295853787.jpg?response-content-type=image%2Fjpeg&response-cache-control=public%2C%20max-age%3D31536000%2C%20immutable&X-Amz-Content-Sha256=UNSIGNED-PAYLOAD&X-Amz-Algorithm=AWS4-HMAC-SHA256&X-Amz-Credential=Bhs7rzoWz1jkU0yRURAn%2F20260207%2FFrankfurt%2Fs3%2Faws4_request&X-Amz-Date=20260207T134239Z&X-Amz-SignedHeaders=host&X-Amz-Expires=86400&X-Amz-Signature=c7451259363cd4d48515e2dd117e446ed544a8a3dc90391a5616f4527d456501"", ""sourceId"": 12, ""adUrl"": ""https://www.facebook.com/marketplace/item/568411192593286/""}, {""url"": ""https://b3g4.fra01.idrivee2-68.com/images-mirror/54779/27389614_295853788.jpg?response-content-type=image%2Fjpeg&response-cache-control=public%2C%20max-age%3D31536000%2C%20immutable&X-Amz-Content-Sha256=UNSIGNED-PAYLOAD&X-Amz-Algorithm=AWS4-HMAC-SHA256&X-Amz-Credential=Bhs7rzoWz1jkU0yRURAn%2F20260207%2FFrankfurt%2Fs3%2Faws4_request&X-Amz-Date=20260207T134239Z&X-Amz-SignedHeaders=host&X-Amz-Expires=86400&X-Amz-Signature=3c17283bb388742e20767801c5f476257063d1a0e8098ad7b70c468dfb6e3a3e"", ""sourceId"": 12, ""adUrl"": ""https://www.facebook.com/marketplace/item/568411192593286/""}, {""url"": ""https://b3g4.fra01.idrivee2-68.com/images-mirror/54779/27389614_295853789.jpg?response-content-type=image%2Fjpeg&response-cache-control=public%2C%20max-age%3D31536000%2C%20immutable&X-Amz-Content-Sha256=UNSIGNED-PAYLOAD&X-Amz-Algorithm=AWS4-HMAC-SHA256&X-Amz-Credential=Bhs7rzoWz1jkU0yRURAn%2F20260207%2FFrankfurt%2Fs3%2Faws4_request&X-Amz-Date=20260207T134239Z&X-Amz-SignedHeaders=host&X-Amz-Expires=86400&X-Amz-Signature=9ecf2f31bd394a3afd485c3904b02728a43a7f6396a789e3cce1db879425d08a"", ""sourceId"": 12, ""adUrl"": ""https://www.facebook.com/marketplace/item/568411192593286/""}, {""url"": ""https://b3g4.fra01.idrivee2-68.com/images-mirror/54779/27389614_295853790.jpg?response-content-type=image%2Fjpeg&response-cache-control=public%2C%20max-age%3D31536000%2C%20immutable&X-Amz-Content-Sha256=UNSIGNED-PAYLOAD&X-Amz-Algorithm=AWS4-HMAC-SHA256&X-Amz-Credential=Bhs7rzoWz1jkU0yRURAn%2F20260207%2FFrankfurt%2Fs3%2Faws4_request&X-Amz-Date=20260207T134239Z&X-Amz-SignedHeaders=host&X-Amz-Expires=86400&X-Amz-Signature=6eeee3bfae598c6aa532966354207c766d0273f1b187860790c3a57ab4c12469"", ""sourceId"": 12, ""adUrl"": ""https://www.facebook.com/marketplace/item/568411192593286/""}, {""url"": ""https://b3g4.fra01.idrivee2-68.com/images-mirror/54779/27389614_295853791.jpg?response-content-type=image%2Fjpeg&response-cache-control=public%2C%20max-age%3D31536000%2C%20immutable&X-Amz-Content-Sha256=UNSIGNED-PAYLOAD&X-Amz-Algorithm=AWS4-HMAC-SHA256&X-Amz-Credential=Bhs7rzoWz1jkU0yRURAn%2F20260207%2FFrankfurt%2Fs3%2Faws4_request&X-Amz-Date=20260207T134239Z&X-Amz-SignedHeaders=host&X-Amz-Expires=86400&X-Amz-Signature=d85b4d08c8ce23c4e0f08b688fdea421157bdd5ab1903252443b40e2b8e0d77a"", ""sourceId"": 12, ""adUrl"": ""https://www.facebook.com/marketplace/item/568411192593286/""}, {""url"": ""https://b3g4.fra01.idrivee2-68.com/images-mirror/54779/27389614_295853792.jpg?response-content-type=image%2Fjpeg&response-cache-control=public%2C%20max-age%3D31536000%2C%20immutable&X-Amz-Content-Sha256=UNSIGNED-PAYLOAD&X-Amz-Algorithm=AWS4-HMAC-SHA256&X-Amz-Credential=Bhs7rzoWz1jkU0yRURAn%2F20260207%2FFrankfurt%2Fs3%2Faws4_request&X-Amz-Date=20260207T134239Z&X-Amz-SignedHeaders=host&X-Amz-Expires=86400&X-Amz-Signature=3069faef6ce7e7f6839c05c1cb769aedfa751b482aae9bceda2a620b1b6605f1"", ""sourceId"": 12, ""adUrl"": ""https://www.facebook.com/marketplace/item/568411192593286/""}, {""url"": ""https://b3g4.fra01.idrivee2-68.com/images-mirror/54779/27389614_295853793.jpg?response-content-type=image%2Fjpeg&response-cache-control=public%2C%20max-age%3D31536000%2C%20immutable&X-Amz-Content-Sha256=UNSIGNED-PAYLOAD&X-Amz-Algorithm=AWS4-HMAC-SHA256&X-Amz-Credential=Bhs7rzoWz1jkU0yRURAn%2F20260207%2FFrankfurt%2Fs3%2Faws4_request&X-Amz-Date=20260207T134239Z&X-Amz-SignedHeaders=host&X-Amz-Expires=86400&X-Amz-Signature=ea320b93c43318068cc049ff3f8e7c17ccd4503826addd7f16c81de325bb417f"", ""sourceId"": 12, ""adUrl"": ""https://www.facebook.com/marketplace/item/568411192593286/""}, {""url"": ""https://b3g4.fra01.idrivee2-68.com/images-mirror/54779/27389614_295853794.jpg?response-content-type=image%2Fjpeg&response-cache-control=public%2C%20max-age%3D31536000%2C%20immutable&X-Amz-Content-Sha256=UNSIGNED-PAYLOAD&X-Amz-Algorithm=AWS4-HMAC-SHA256&X-Amz-Credential=Bhs7rzoWz1jkU0yRURAn%2F20260207%2FFrankfurt%2Fs3%2Faws4_request&X-Amz-Date=20260207T134239Z&X-Amz-SignedHeaders=host&X-Amz-Expires=86400&X-Amz-Signature=2fdd427fcc23ece623b68f080a4c7f699f176995e3b93a99d4970c14c093c0ec"", ""sourceId"": 12, ""adUrl"": ""https://www.facebook.com/marketplace/item/568411192593286/""}, {""url"": ""https://b3g4.fra01.idrivee2-68.com/images-mirror/54779/27389614_295853795.jpg?response-content-type=image%2Fjpeg&response-cache-control=public%2C%20max-age%3D31536000%2C%20immutable&X-Amz-Content-Sha256=UNSIGNED-PAYLOAD&X-Amz-Algorithm=AWS4-HMAC-SHA256&X-Amz-Credential=Bhs7rzoWz1jkU0yRURAn%2F20260207%2FFrankfurt%2Fs3%2Faws4_request&X-Amz-Date=20260207T134239Z&X-Amz-SignedHeaders=host&X-Amz-Expires=86400&X-Amz-Signature=48ec0bdeef6d99ab639d977eae671a0351ee8abfc345e0b2133e6de910d91933"", ""sourceId"": 12, ""adUrl"": ""https://www.facebook.com/marketplace/item/568411192593286/""}, {""url"": ""https://b3g4.fra01.idrivee2-68.com/images-mirror/54779/27389614_295853796.jpg?response-content-type=image%2Fjpeg&response-cache-control=public%2C%20max-age%3D31536000%2C%20immutable&X-Amz-Content-Sha256=UNSIGNED-PAYLOAD&X-Amz-Algorithm=AWS4-HMAC-SHA256&X-Amz-Credential=Bhs7rzoWz1jkU0yRURAn%2F20260207%2FFrankfurt%2Fs3%2Faws4_request&X-Amz-Date=20260207T134239Z&X-Amz-SignedHeaders=host&X-Amz-Expires=86400&X-Amz-Signature=fcc2ac45e6538e725d56a4c14d726f2a62185a453495cc872e79b529b99aac05"", ""sourceId"": 12, ""adUrl"": ""https://www.facebook.com/marketplace/item/568411192593286/""}, {""url"": ""https://b3g4.fra01.idrivee2-68.com/images-mirror/54779/27389614_295853797.jpg?response-content-type=image%2Fjpeg&response-cache-control=public%2C%20max-age%3D31536000%2C%20immutable&X-Amz-Content-Sha256=UNSIGNED-PAYLOAD&X-Amz-Algorithm=AWS4-HMAC-SHA256&X-Amz-Credential=Bhs7rzoWz1jkU0yRURAn%2F20260207%2FFrankfurt%2Fs3%2Faws4_request&X-Amz-Date=20260207T134239Z&X-Amz-SignedHeaders=host&X-Amz-Expires=86400&X-Amz-Signature=ab259501b5f2a66e58f5244feb91d40b3464f3c9218fe1ef48220b8209636892"", ""sourceId"": 12, ""adUrl"": ""https://www.facebook.com/marketplace/item/568411192593286/""}, {""url"": ""https://b3g4.fra01.idrivee2-68.com/images-mirror/54866/27433409_284807364.jpg?response-content-type=image%2Fjpeg&response-cache-control=public%2C%20max-age%3D31536000%2C%20immutable&X-Amz-Content-Sha256=UNSIGNED-PAYLOAD&X-Amz-Algorithm=AWS4-HMAC-SHA256&X-Amz-Credential=Bhs7rzoWz1jkU0yRURAn%2F20260207%2FFrankfurt%2Fs3%2Faws4_request&X-Amz-Date=20260207T134239Z&X-Amz-SignedHeaders=host&X-Amz-Expires=86400&X-Amz-Signature=358e393cf18926478fa80f6799acfb435b793bcbafde74aa60ef57c17b678f77"", ""sourceId"": 12, ""adUrl"": ""https://www.facebook.com/marketplace/item/2435310056845269/""}, {""url"": ""https://b3g4.fra01.idrivee2-68.com/images-mirror/54866/27433409_296239735.jpg?response-content-type=image%2Fjpeg&response-cache-control=public%2C%20max-age%3D31536000%2C%20immutable&X-Amz-Content-Sha256=UNSIGNED-PAYLOAD&X-Amz-Algorithm=AWS4-HMAC-SHA256&X-Amz-Credential=Bhs7rzoWz1jkU0yRURAn%2F20260207%2FFrankfurt%2Fs3%2Faws4_request&X-Amz-Date=20260207T134239Z&X-Amz-SignedHeaders=host&X-Amz-Expires=86400&X-Amz-Signature=a1c88ce934ed724fc314fc337541901a79834baa22412b96808110f7a1d8f1ba"", ""sourceId"": 12, ""adUrl"": ""https://www.facebook.com/marketplace/item/2435310056845269/""}, {""url"": ""https://b3g4.fra01.idrivee2-68.com/images-mirror/54866/27433409_296239736.jpg?response-content-type=image%2Fjpeg&response-cache-control=public%2C%20max-age%3D31536000%2C%20immutable&X-Amz-Content-Sha256=UNSIGNED-PAYLOAD&X-Amz-Algorithm=AWS4-HMAC-SHA256&X-Amz-Credential=Bhs7rzoWz1jkU0yRURAn%2F20260207%2FFrankfurt%2Fs3%2Faws4_request&X-Amz-Date=20260207T134239Z&X-Amz-SignedHeaders=host&X-Amz-Expires=86400&X-Amz-Signature=6622e9974f60d6d69d7447b884d7883cff59264aa1314ec767114265baa6c108"", ""sourceId"": 12, ""adUrl"": ""https://www.facebook.com/marketplace/item/2435310056845269/""}, {""url"": ""https://b3g4.fra01.idrivee2-68.com/images-mirror/54866/27433409_296239737.jpg?response-content-type=image%2Fjpeg&response-cache-control=public%2C%20max-age%3D31536000%2C%20immutable&X-Amz-Content-Sha256=UNSIGNED-PAYLOAD&X-Amz-Algorithm=AWS4-HMAC-SHA256&X-Amz-Credential=Bhs7rzoWz1jkU0yRURAn%2F20260207%2FFrankfurt%2Fs3%2Faws4_request&X-Amz-Date=20260207T134239Z&X-Amz-SignedHeaders=host&X-Amz-Expires=86400&X-Amz-Signature=a7ca288db6c8c0710516e6bda1632369e75d5f6b28c9f1b052f014e60cd085ba"", ""sourceId"": 12, ""adUrl"": ""https://www.facebook.com/marketplace/item/2435310056845269/""}, {""url"": ""https://b3g4.fra01.idrivee2-68.com/images-mirror/54866/27433409_296239738.jpg?response-content-type=image%2Fjpeg&response-cache-control=public%2C%20max-age%3D31536000%2C%20immutable&X-Amz-Content-Sha256=UNSIGNED-PAYLOAD&X-Amz-Algorithm=AWS4-HMAC-SHA256&X-Amz-Credential=Bhs7rzoWz1jkU0yRURAn%2F20260207%2FFrankfurt%2Fs3%2Faws4_request&X-Amz-Date=20260207T134239Z&X-Amz-SignedHeaders=host&X-Amz-Expires=86400&X-Amz-Signature=70bf376aba34ef9455095512c4b1486275a3283fe63cb2e942953b79c62b23b8"", ""sourceId"": 12, ""adUrl"": ""https://www.facebook.com/marketplace/item/2435310056845269/""}, {""url"": ""https://b3g4.fra01.idrivee2-68.com/images-mirror/54866/27433409_296239739.jpg?response-content-type=image%2Fjpeg&response-cache-control=public%2C%20max-age%3D31536000%2C%20immutable&X-Amz-Content-Sha256=UNSIGNED-PAYLOAD&X-Amz-Algorithm=AWS4-HMAC-SHA256&X-Amz-Credential=Bhs7rzoWz1jkU0yRURAn%2F20260207%2FFrankfurt%2Fs3%2Faws4_request&X-Amz-Date=20260207T134239Z&X-Amz-SignedHeaders=host&X-Amz-Expires=86400&X-Amz-Signature=541f50be6859181ff768f7a33613d5fe29d5665f22ffecc7d65b2be99b7010c8"", ""sourceId"": 12, ""adUrl"": ""https://www.facebook.com/marketplace/item/2435310056845269/""}, {""url"": ""https://b3g4.fra01.idrivee2-68.com/images-mirror/54866/27433409_296239740.jpg?response-content-type=image%2Fjpeg&response-cache-control=public%2C%20max-age%3D31536000%2C%20immutable&X-Amz-Content-Sha256=UNSIGNED-PAYLOAD&X-Amz-Algorithm=AWS4-HMAC-SHA256&X-Amz-Credential=Bhs7rzoWz1jkU0yRURAn%2F20260207%2FFrankfurt%2Fs3%2Faws4_request&X-Amz-Date=20260207T134239Z&X-Amz-SignedHeaders=host&X-Amz-Expires=86400&X-Amz-Signature=1da827dbfb6bfb694d8868de8e85b4cc51afc86cde209fe1acaad7c865b0b093"", ""sourceId"": 12, ""adUrl"": ""https://www.facebook.com/marketplace/item/2435310056845269/""}, {""url"": ""https://b3g4.fra01.idrivee2-68.com/images-mirror/54866/27433409_296239741.jpg?response-content-type=image%2Fjpeg&response-cache-control=public%2C%20max-age%3D31536000%2C%20immutable&X-Amz-Content-Sha256=UNSIGNED-PAYLOAD&X-Amz-Algorithm=AWS4-HMAC-SHA256&X-Amz-Credential=Bhs7rzoWz1jkU0yRURAn%2F20260207%2FFrankfurt%2Fs3%2Faws4_request&X-Amz-Date=20260207T134239Z&X-Amz-SignedHeaders=host&X-Amz-Expires=86400&X-Amz-Signature=6906357cfdefdfd3e2c9b6a15139084961556f9bc24d3f7500a70dae72612b9c"", ""sourceId"": 12, ""adUrl"": ""https://www.facebook.com/marketplace/item/2435310056845269/""}, {""url"": ""https://b3g4.fra01.idrivee2-68.com/images-mirror/54866/27433409_296239742.jpg?response-content-type=image%2Fjpeg&response-cache-control=public%2C%20max-age%3D31536000%2C%20immutable&X-Amz-Content-Sha256=UNSIGNED-PAYLOAD&X-Amz-Algorithm=AWS4-HMAC-SHA256&X-Amz-Credential=Bhs7rzoWz1jkU0yRURAn%2F20260207%2FFrankfurt%2Fs3%2Faws4_request&X-Amz-Date=20260207T134239Z&X-Amz-SignedHeaders=host&X-Amz-Expires=86400&X-Amz-Signature=ccb666ed219dfd1c3625db980b6e08066b8240066cd119fddfb55023ce197000"", ""sourceId"": 12, ""adUrl"": ""https://www.facebook.com/marketplace/item/2435310056845269/""}, {""url"": ""https://b3g4.fra01.idrivee2-68.com/images-mirror/54866/27433409_296239743.jpg?response-content-type=image%2Fjpeg&response-cache-control=public%2C%20max-age%3D31536000%2C%20immutable&X-Amz-Content-Sha256=UNSIGNED-PAYLOAD&X-Amz-Algorithm=AWS4-HMAC-SHA256&X-Amz-Credential=Bhs7rzoWz1jkU0yRURAn%2F20260207%2FFrankfurt%2Fs3%2Faws4_request&X-Amz-Date=20260207T134239Z&X-Amz-SignedHeaders=host&X-Amz-Expires=86400&X-Amz-Signature=d93e0114d2b95634c5b74dff66066c0dcb294966dec115c3154437d95efcb59a"", ""sourceId"": 12, ""adUrl"": ""https://www.facebook.com/marketplace/item/2435310056845269/""}, {""url"": ""https://b3g4.fra01.idrivee2-68.com/images-mirror/54866/27433409_296239744.jpg?response-content-type=image%2Fjpeg&response-cache-control=public%2C%20max-age%3D31536000%2C%20immutable&X-Amz-Content-Sha256=UNSIGNED-PAYLOAD&X-Amz-Algorithm=AWS4-HMAC-SHA256&X-Amz-Credential=Bhs7rzoWz1jkU0yRURAn%2F20260207%2FFrankfurt%2Fs3%2Faws4_request&X-Amz-Date=20260207T134239Z&X-Amz-SignedHeaders=host&X-Amz-Expires=86400&X-Amz-Signature=a9964f81f7ee1542ab32c1d25bfbd635ea8d1c1b0cfba652d01bdcb5ada4252a"", ""sourceId"": 12, ""adUrl"": ""https://www.facebook.com/marketplace/item/2435310056845269/""}, {""url"": ""https://b3g4.fra01.idrivee2-68.com/images-mirror/54866/27433409_296239745.jpg?response-content-type=image%2Fjpeg&response-cache-control=public%2C%20max-age%3D31536000%2C%20immutable&X-Amz-Content-Sha256=UNSIGNED-PAYLOAD&X-Amz-Algorithm=AWS4-HMAC-SHA256&X-Amz-Credential=Bhs7rzoWz1jkU0yRURAn%2F20260207%2FFrankfurt%2Fs3%2Faws4_request&X-Amz-Date=20260207T134239Z&X-Amz-SignedHeaders=host&X-Amz-Expires=86400&X-Amz-Signature=c2422f712c9adb79871da2b77de56a3611b804049911e435852e832bc5c3c1b5"", ""sourceId"": 12, ""adUrl"": ""https://www.facebook.com/marketplace/item/2435310056845269/""}, {""url"": ""https://b3g4.fra01.idrivee2-68.com/images-mirror/54866/27433409_296239746.jpg?response-content-type=image%2Fjpeg&response-cache-control=public%2C%20max-age%3D31536000%2C%20immutable&X-Amz-Content-Sha256=UNSIGNED-PAYLOAD&X-Amz-Algorithm=AWS4-HMAC-SHA256&X-Amz-Credential=Bhs7rzoWz1jkU0yRURAn%2F20260207%2FFrankfurt%2Fs3%2Faws4_request&X-Amz-Date=20260207T134239Z&X-Amz-SignedHeaders=host&X-Amz-Expires=86400&X-Amz-Signature=37fc2ce36a004197d13a791a8a45f0ce093b44f811bfbb742409d41083a817ff"", ""sourceId"": 12, ""adUrl"": ""https://www.facebook.com/marketplace/item/2435310056845269/""}, {""url"": ""https://b3g4.fra01.idrivee2-68.com/images-mirror/54866/27433409_296239747.jpg?response-content-type=image%2Fjpeg&response-cache-control=public%2C%20max-age%3D31536000%2C%20immutable&X-Amz-Content-Sha256=UNSIGNED-PAYLOAD&X-Amz-Algorithm=AWS4-HMAC-SHA256&X-Amz-Credential=Bhs7rzoWz1jkU0yRURAn%2F20260207%2FFrankfurt%2Fs3%2Faws4_request&X-Amz-Date=20260207T134239Z&X-Amz-SignedHeaders=host&X-Amz-Expires=86400&X-Amz-Signature=da0c076c3fd691cd0a38d7e6ee06cd4ccd2d2e6b2e2e79066de0e5d6856c370e"", ""sourceId"": 12, ""adUrl"": ""https://www.facebook.com/marketplace/item/2435310056845269/""}, {""url"": ""https://b3g4.fra01.idrivee2-68.com/images-mirror/54866/27433409_296239748.jpg?response-content-type=image%2Fjpeg&response-cache-control=public%2C%20max-age%3D31536000%2C%20immutable&X-Amz-Content-Sha256=UNSIGNED-PAYLOAD&X-Amz-Algorithm=AWS4-HMAC-SHA256&X-Amz-Credential=Bhs7rzoWz1jkU0yRURAn%2F20260207%2FFrankfurt%2Fs3%2Faws4_request&X-Amz-Date=20260207T134239Z&X-Amz-SignedHeaders=host&X-Amz-Expires=86400&X-Amz-Signature=4b15db16bf5cf553b7ce2b918b69329a50c6d26c6f971f8e5f1cb09597cfdae3"", ""sourceId"": 12, ""adUrl"": ""https://www.facebook.com/marketplace/item/2435310056845269/""}, {""url"": ""https://b3g4.fra01.idrivee2-68.com/images-mirror/54866/27433409_296239749.jpg?response-content-type=image%2Fjpeg&response-cache-control=public%2C%20max-age%3D31536000%2C%20immutable&X-Amz-Content-Sha256=UNSIGNED-PAYLOAD&X-Amz-Algorithm=AWS4-HMAC-SHA256&X-Amz-Credential=Bhs7rzoWz1jkU0yRURAn%2F20260207%2FFrankfurt%2Fs3%2Faws4_request&X-Amz-Date=20260207T134239Z&X-Amz-SignedHeaders=host&X-Amz-Expires=86400&X-Amz-Signature=aff8701f9f94cc8984acbb9d6f543ea06cd650610e796193c8b54903dcf34255"", ""sourceId"": 12, ""adUrl"": ""https://www.facebook.com/marketplace/item/2435310056845269/""}, {""url"": ""https://b3g4.fra01.idrivee2-68.com/images-mirror/54866/27433409_296239750.jpg?response-content-type=image%2Fjpeg&response-cache-control=public%2C%20max-age%3D31536000%2C%20immutable&X-Amz-Content-Sha256=UNSIGNED-PAYLOAD&X-Amz-Algorithm=AWS4-HMAC-SHA256&X-Amz-Credential=Bhs7rzoWz1jkU0yRURAn%2F20260207%2FFrankfurt%2Fs3%2Faws4_request&X-Amz-Date=20260207T134239Z&X-Amz-SignedHeaders=host&X-Amz-Expires=86400&X-Amz-Signature=4515a31e41fb055f58e004c86651db2afdeb1b8d9c233ee737ec40f41867c29c"", ""sourceId"": 12, ""adUrl"": ""https://www.facebook.com/marketplace/item/2435310056845269/""}, {""url"": ""https://b3g4.fra01.idrivee2-68.com/images-mirror/54866/27433409_296239751.jpg?response-content-type=image%2Fjpeg&response-cache-control=public%2C%20max-age%3D31536000%2C%20immutable&X-Amz-Content-Sha256=UNSIGNED-PAYLOAD&X-Amz-Algorithm=AWS4-HMAC-SHA256&X-Amz-Credential=Bhs7rzoWz1jkU0yRURAn%2F20260207%2FFrankfurt%2Fs3%2Faws4_request&X-Amz-Date=20260207T134239Z&X-Amz-SignedHeaders=host&X-Amz-Expires=86400&X-Amz-Signature=382e32f5c15e7fce964bc8d118b50ce519e3c776e5a2d66050a73c302dcd8b9d"", ""sourceId"": 12, ""adUrl"": ""https://www.facebook.com/marketplace/item/2435310056845269/""}, {""url"": ""https://b3g4.fra01.idrivee2-68.com/images-mirror/54866/27433409_296239753.jpg?response-content-type=image%2Fjpeg&response-cache-control=public%2C%20max-age%3D31536000%2C%20immutable&X-Amz-Content-Sha256=UNSIGNED-PAYLOAD&X-Amz-Algorithm=AWS4-HMAC-SHA256&X-Amz-Credential=Bhs7rzoWz1jkU0yRURAn%2F20260207%2FFrankfurt%2Fs3%2Faws4_request&X-Amz-Date=20260207T134239Z&X-Amz-SignedHeaders=host&X-Amz-Expires=86400&X-Amz-Signature=4eb337f65f977978c417604ccb4864f580d792bef8747bf88f6a7ce719eb22a5"", ""sourceId"": 12, ""adUrl"": ""https://www.facebook.com/marketplace/item/2435310056845269/""}]","[{""sourceId"": 12, ""url"": ""https://www.facebook.com/marketplace/item/568411192593286/"", ""price"": 340000, ""sellerType"": ""agency"", ""lastModified"": ""2026-01-15 08:22:58""}, {""sourceId"": 6, ""url"": ""https://www.affare.tn/annonce/un-rdc-d-une-maison-a-ghazella-239684"", ""price"": 340000, ""sellerType"": ""agency"", ""lastModified"": ""2025-08-23 05:32:55""}, {""sourceId"": 7, ""url"": ""https://www.cava.tn/terrains/-vendre-cit-ghazella-948158"", ""price"": 340000, ""sellerType"": ""agency"", ""lastModified"": ""2025-06-24 12:47:34""}]","[{""sellerType"": ""agency"", ""contactName"": null, ""active"": true}, {""sellerType"": ""agency"", ""contactName"": null, ""active"": true}, {""sellerType"": ""agency"", ""contactName"": ""Cle Du Bonheur"", ""active"": true}]",3,3,3,3,32,32,[],2025-05-16 13:01:04,2025-05-16 12:45:30,2026-01-15 08:22:58,2025-05-16 12:45:30,1,2026-02-07 14:47:59
899112,Av à mnaret hammamet étage de villa studio,"Etage de la villa plus studio à Mnaret Hammamet
A Mnaret Hammamet à 5min de Yassmine Hammamet et Hammamet centre ville
Dans un quartier calme proche des commerces et de toute commodité
Emplacement stratégique à 20m de la route goudronné
Avec un entrée indépendant et coin de jardin
Au RDC un studio composé d’un salon, cuisine, sale d’eau et une chambre avec séchoir
A l’étage, un grand salon, 2chambres, sale de bain, grand cuisine
Superficie : 200m²
Prix : 270MD négociable
- Pour plus d’information veuillez  contactez Latifa Chaâbani :
 00 216 <a type=""phone"">+21626XXXXXX</a>  / 00 216 <a type=""phone"">+21698XXXXXX</a>
-Pour plus d’information veuillez contactez Med Hedi :
 00 216 <a type=""phone"">+21629XXXXXX</a>  / 00 216 <a type=""phone"">+21622XXXXXX</a>
AGENCE IMMOBILIERE LES ARCADES 
*E-mail : lesarcadesimmob@hotmail.fr
*E-mail : m.ghachem@hotmail.fr
Site Web : http://www.lesarcades-immobiliere.com/
Facebook : les arcades.
Ag s’abstenir 	
Merci Cordialement",270000.0,200.0,S+4,RDC/Étage de villa,villaFloor,sale,agency,3440.0,https://www.tunisiapromo.com/gallery/photo-1-75895.jpg,"[""https://www.tunisiapromo.com/gallery/photo-1-75895.jpg"", ""https://www.tunisiapromo.com/gallery/photo-2-75896.jpg"", ""https://www.tunisiapromo.com/gallery/photo-3-75897.jpg"", ""https://www.tunisiapromo.com/gallery/photo-4-75898.jpg"", ""https://www.tunisiapromo.com/gallery/photo-5-75899.jpg"", ""https://www.tunisiapromo.com/gallery/photo-6-75900.jpg"", ""https://www.tunisiapromo.com/gallery/photo-7-75901.jpg"", ""https://www.tunisiapromo.com/gallery/photo-8-75902.jpg"", ""https://www.tunisiapromo.com/gallery/photo-9-75903.jpg"", ""https://www.tunisiapromo.com/gallery/photo-10-75904.jpg""]","[{""url"": ""https://www.tunisiapromo.com/gallery/photo-1-75895.jpg"", ""sourceId"": 4, ""adUrl"": ""https://www.tunisiapromo.com/annonce/av-a-mnaret-hammamet-etage-de-villa-studio-z19001.html""}, {""url"": ""https://www.tunisiapromo.com/gallery/photo-2-75896.jpg"", ""sourceId"": 4, ""adUrl"": ""https://www.tunisiapromo.com/annonce/av-a-mnaret-hammamet-etage-de-villa-studio-z19001.html""}, {""url"": ""https://www.tunisiapromo.com/gallery/photo-3-75897.jpg"", ""sourceId"": 4, ""adUrl"": ""https://www.tunisiapromo.com/annonce/av-a-mnaret-hammamet-etage-de-villa-studio-z19001.html""}, {""url"": ""https://www.tunisiapromo.com/gallery/photo-4-75898.jpg"", ""sourceId"": 4, ""adUrl"": ""https://www.tunisiapromo.com/annonce/av-a-mnaret-hammamet-etage-de-villa-studio-z19001.html""}, {""url"": ""https://www.tunisiapromo.com/gallery/photo-5-75899.jpg"", ""sourceId"": 4, ""adUrl"": ""https://www.tunisiapromo.com/annonce/av-a-mnaret-hammamet-etage-de-villa-studio-z19001.html""}, {""url"": ""https://www.tunisiapromo.com/gallery/photo-6-75900.jpg"", ""sourceId"": 4, ""adUrl"": ""https://www.tunisiapromo.com/annonce/av-a-mnaret-hammamet-etage-de-villa-studio-z19001.html""}, {""url"": ""https://www.tunisiapromo.com/gallery/photo-7-75901.jpg"", ""sourceId"": 4, ""adUrl"": ""https://www.tunisiapromo.com/annonce/av-a-mnaret-hammamet-etage-de-villa-studio-z19001.html""}, {""url"": ""https://www.tunisiapromo.com/gallery/photo-8-75902.jpg"", ""sourceId"": 4, ""adUrl"": ""https://www.tunisiapromo.com/annonce/av-a-mnaret-hammamet-etage-de-villa-studio-z19001.html""}, {""url"": ""https://www.tunisiapromo.com/gallery/photo-9-75903.jpg"", ""sourceId"": 4, ""adUrl"": ""https://www.tunisiapromo.com/annonce/av-a-mnaret-hammamet-etage-de-villa-studio-z19001.html""}, {""url"": ""https://www.tunisiapromo.com/gallery/photo-10-75904.jpg"", ""sourceId"": 4, ""adUrl"": ""https://www.tunisiapromo.com/annonce/av-a-mnaret-hammamet-etage-de-villa-studio-z19001.html""}]","[{""sourceId"": 4, ""url"": ""https://www.tunisiapromo.com/annonce/av-a-mnaret-hammamet-etage-de-villa-studio-z19001.html"", ""price"": 270000, ""sellerType"": ""agency"", ""lastModified"": ""2014-01-11 00:05:04""}]","[{""sellerType"": ""agency"", ""contactName"": ""LES ARCADES"", ""active"": true}]",1,1,1,1,1,1,[],2024-12-27 00:05:20,2014-01-11 00:05:04,2014-01-11 00:05:04,2014-01-11 00:05:04,1,2026-02-07 14:47:59
186410,A Vendre Une Coquette Immeuble à bardo centre,"En met en vente un spacieux Immeuble R+2 ( Ancien Lycée Privé )une occasion à ne pas raté, située à Bardo centre dans un endroit vive, commercial en face de conseil Constitutionnel Bardo ,cet immeuble respecte tous les conditions de cahier de charge ,de Superficie Totale : 460m² ,Il se compose de 3 étages, le rez de chaussée contient 4 chambres spacieuses +4 toilettes +un grand garage et un spacieux terrasse Le 1 er étage contient 4 chambres spacieuse +4 toilettes + cuisine +un grand réfectoire . Le 2 ème étage contient 4chambres + 4 toilette Le dernier étage contient aussi 4 chambres et 4 toilettes. Prix : 1M 300MD négociable.

Pour plus d'infiormation contacter nous sur le <a type=""phone"">+21671XXXXXX</a>-<a type=""phone"">+21624XXXXXX</a>-<a type=""phone"">+21622XXXXXX</a>",300000.0,460.0,,RDC/Étage de villa,villaFloor,sale,agency,4995.0,https://www.menzili.tn/upload/photos/2022/01/28/13/07/j8e4640d27.jpg,"[""https://www.menzili.tn/upload/photos/2022/01/28/13/07/j8e4640d27.jpg"", ""https://www.menzili.tn/upload/photos/2022/01/28/13/07/a31p7m4dvs.jpg"", ""https://www.menzili.tn/upload/photos/2022/01/28/13/07/yzs30m5e71.jpg"", ""https://www.menzili.tn/upload/photos/2022/01/28/13/07/9idb2d4268.jpg"", ""https://www.menzili.tn/upload/photos/2022/01/28/13/07/bsh24d7329.jpg"", ""https://www.menzili.tn/upload/photos/2022/01/28/13/07/5dh26dd71e.jpg""]","[{""url"": ""https://www.menzili.tn/upload/photos/2022/01/28/13/07/j8e4640d27.jpg"", ""sourceId"": 13, ""adUrl"": ""https://www.menzili.tn/annonce/annonce-78956""}, {""url"": ""https://www.menzili.tn/upload/photos/2022/01/28/13/07/a31p7m4dvs.jpg"", ""sourceId"": 13, ""adUrl"": ""https://www.menzili.tn/annonce/annonce-78956""}, {""url"": ""https://www.menzili.tn/upload/photos/2022/01/28/13/07/yzs30m5e71.jpg"", ""sourceId"": 13, ""adUrl"": ""https://www.menzili.tn/annonce/annonce-78956""}, {""url"": ""https://www.menzili.tn/upload/photos/2022/01/28/13/07/9idb2d4268.jpg"", ""sourceId"": 13, ""adUrl"": ""https://www.menzili.tn/annonce/annonce-78956""}, {""url"": ""https://www.menzili.tn/upload/photos/2022/01/28/13/07/bsh24d7329.jpg"", ""sourceId"": 13, ""adUrl"": ""https://www.menzili.tn/annonce/annonce-78956""}, {""url"": ""https://www.menzili.tn/upload/photos/2022/01/28/13/07/5dh26dd71e.jpg"", ""sourceId"": 13, ""adUrl"": ""https://www.menzili.tn/annonce/annonce-78956""}]","[{""sourceId"": 13, ""url"": ""https://www.menzili.tn/annonce/annonce-78956"", ""price"": 300000, ""sellerType"": ""agency"", ""lastModified"": ""2022-01-28 23:44:50""}]","[{""sellerType"": ""agency"", ""contactName"": ""Agence immobilière ezemezmi"", ""active"": true}]",1,1,1,1,3,1,"[""garage""]",2022-01-06 19:02:27,2021-12-20 17:12:47,2022-03-10 12:05:09,2021-12-20 17:12:47,1,2026-02-07 14:47:59
1015867,Rdc de villa à kharrouba hammamet,"Agence immobilière l'espoir vous propose: va72
Un RDC d'une villa à vendre à kharrouba Hammamet ayant une superficie de terrain 315 m²
Il se compose de deux salons, une salle à manger, quatre  chambres à coucher avec placard, une vaste cuisine, une salle de bain et un  beau jardin gazonnée
Prix de vente : 350 md 
Pour plus de renseignements veuillez contacter nos agents aux <a type=""phone"">+21672XXXXXX</a> ou <a type=""phone"">+21654XXXXXX</a>.",350000.0,315.0,S+5,RDC/Étage de villa,villaFloor,sale,agency,3331.0,https://www.tunisiapromo.com/gallery/photo-1-364200.jpg,"[""https://www.tunisiapromo.com/gallery/photo-1-364200.jpg"", ""https://www.tunisiapromo.com/gallery/photo-2-364201.jpg"", ""https://www.tunisiapromo.com/gallery/photo-3-364202.jpg"", ""https://www.tunisiapromo.com/gallery/photo-4-364203.jpg"", ""https://www.tunisiapromo.com/gallery/photo-5-364204.jpg"", ""https://www.tunisiapromo.com/gallery/photo-6-364205.jpg"", ""https://www.tunisiapromo.com/gallery/photo-7-364206.jpg""]","[{""url"": ""https://www.tunisiapromo.com/gallery/photo-1-364200.jpg"", ""sourceId"": 4, ""adUrl"": ""https://www.tunisiapromo.com/annonce/rdc-de-villa-a-kharrouba-hammamet-z77998.html""}, {""url"": ""https://www.tunisiapromo.com/gallery/photo-2-364201.jpg"", ""sourceId"": 4, ""adUrl"": ""https://www.tunisiapromo.com/annonce/rdc-de-villa-a-kharrouba-hammamet-z77998.html""}, {""url"": ""https://www.tunisiapromo.com/gallery/photo-3-364202.jpg"", ""sourceId"": 4, ""adUrl"": ""https://www.tunisiapromo.com/annonce/rdc-de-villa-a-kharrouba-hammamet-z77998.html""}, {""url"": ""https://www.tunisiapromo.com/gallery/photo-4-364203.jpg"", ""sourceId"": 4, ""adUrl"": ""https://www.tunisiapromo.com/annonce/rdc-de-villa-a-kharrouba-hammamet-z77998.html""}, {""url"": ""https://www.tunisiapromo.com/gallery/photo-5-364204.jpg"", ""sourceId"": 4, ""adUrl"": ""https://www.tunisiapromo.com/annonce/rdc-de-villa-a-kharrouba-hammamet-z77998.html""}, {""url"": ""https://www.tunisiapromo.com/gallery/photo-6-364205.jpg"", ""sourceId"": 4, ""adUrl"": ""https://www.tunisiapromo.com/annonce/rdc-de-villa-a-kharrouba-hammamet-z77998.html""}, {""url"": ""https://www.tunisiapromo.com/gallery/photo-7-364206.jpg"", ""sourceId"": 4, ""adUrl"": ""https://www.tunisiapromo.com/annonce/rdc-de-villa-a-kharrouba-hammamet-z77998.html""}]","[{""sourceId"": 4, ""url"": ""https://www.tunisiapromo.com/annonce/rdc-de-villa-a-kharrouba-hammamet-z77998.html"", ""price"": 350000, ""sellerType"": ""agency"", ""lastModified"": ""2018-11-03 17:44:10""}]","[{""sellerType"": ""agency"", ""contactName"": ""espoir"", ""active"": true}]",1,1,1,1,1,1,[],2024-12-26 17:44:17,2018-11-03 17:44:10,2018-11-03 17:44:10,2018-11-03 17:44:10,1,2026-02-07 14:47:59
886848,A vendre etage de villa rdc dans un endroit trés calme,"AV étage de villa RDC se composé d'un salon, trois chambres à coucher , salle d'eau , salle de bain avec cuisine et terrasse se sité dans un endroit très calme proche de toute commodité 
(z)
prix 175000dt
contacter le <a type=""phone"">+21627XXXXXX</a>",175000.0,,S+3,RDC/Étage de villa,villaFloor,sale,agency,3479.0,https://www.tunisiapromo.com/images/63224.jpg,"[""https://www.tunisiapromo.com/images/63224.jpg"", ""https://www.tunisiapromo.com/plans/63224.jpg""]","[{""url"": ""https://www.tunisiapromo.com/images/63224.jpg"", ""sourceId"": 4, ""adUrl"": ""https://www.tunisiapromo.com/annonce/a-vendre-etage-de-villa-rdc-dans-un-endroit-tres-calme-z63224.html""}, {""url"": ""https://www.tunisiapromo.com/plans/63224.jpg"", ""sourceId"": 4, ""adUrl"": ""https://www.tunisiapromo.com/annonce/a-vendre-etage-de-villa-rdc-dans-un-endroit-tres-calme-z63224.html""}]","[{""sourceId"": 4, ""url"": ""https://www.tunisiapromo.com/annonce/a-vendre-etage-de-villa-rdc-dans-un-endroit-tres-calme-z63224.html"", ""price"": 175000, ""sellerType"": ""agency"", ""lastModified"": ""2017-04-15 20:04:21""}]","[{""sellerType"": ""agency"", ""contactName"": ""agence immobilière ghalleb"", ""active"": true}]",1,1,1,1,1,1,[],2024-12-26 20:04:31,2017-04-15 20:04:21,2017-04-15 20:04:21,2017-04-15 20:04:21,1,2026-02-07 14:47:59
73794,RDC D'UNE VILLA,"à vendre : rez de chaussée d'une villa d'un surface tatal de 256 m2

entré individuelle

surface couvert : 212 m2  s+4

grande cuisine équipée ,salon , salle à manger , 3 chambres ,1séjour , 

véranda , terrasse avant 20 m2, terrasse arrière 22 m2

2 garages: un de 11 m2  et l'autre 20 m2

zone calme belle occasion.

tel : <a type=""phone"">+21620XXXXXX</a>",350000.0,256.0,S+3,RDC/Étage de villa,villaFloor,sale,private,412.0,https://www.menzili.tn/upload/photos/2023/01/07/10/07/921tqo726e.jpg,"[""https://www.menzili.tn/upload/photos/2023/01/07/10/07/921tqo726e.jpg"", ""https://www.menzili.tn/upload/photos/2023/01/07/10/09/a4vimt7641.jpg"", ""https://www.menzili.tn/upload/photos/2023/01/07/10/11/282717qto7.jpg"", ""https://www.menzili.tn/upload/photos/2023/01/07/10/13/276zp0id5v.jpg"", ""https://www.menzili.tn/upload/photos/2023/01/07/10/16/hz4q3iq3z1.jpg""]","[{""url"": ""https://www.menzili.tn/upload/photos/2023/01/07/10/07/921tqo726e.jpg"", ""sourceId"": 13, ""adUrl"": ""https://www.menzili.tn/annonce/annonce-106338""}, {""url"": ""https://www.menzili.tn/upload/photos/2023/01/07/10/09/a4vimt7641.jpg"", ""sourceId"": 13, ""adUrl"": ""https://www.menzili.tn/annonce/annonce-106338""}, {""url"": ""https://www.menzili.tn/upload/photos/2023/01/07/10/11/282717qto7.jpg"", ""sourceId"": 13, ""adUrl"": ""https://www.menzili.tn/annonce/annonce-106338""}, {""url"": ""https://www.menzili.tn/upload/photos/2023/01/07/10/13/276zp0id5v.jpg"", ""sourceId"": 13, ""adUrl"": ""https://www.menzili.tn/annonce/annonce-106338""}, {""url"": ""https://www.menzili.tn/upload/photos/2023/01/07/10/16/hz4q3iq3z1.jpg"", ""sourceId"": 13, ""adUrl"": ""https://www.menzili.tn/annonce/annonce-106338""}]","[{""sourceId"": 13, ""url"": ""https://www.menzili.tn/annonce/annonce-106338"", ""price"": 350000, ""sellerType"": ""private"", ""lastModified"": ""2023-01-07 01:05:50""}]","[{""sellerType"": ""private"", ""contactName"": ""Rbiha noureddine"", ""active"": true}]",1,1,1,1,2,1,"[""airConditioning"", ""garden"", ""garage""]",2022-12-27 16:07:07,2022-12-27 16:07:07,2023-03-25 12:04:23,2022-12-27 16:07:07,1,2026-02-07 14:47:59
1161283,R+2 à vendre à Gammarth,"A 5min de la zone touristique de Gammarth, de Carrefour et de la Marsa. Dans un cartier très calme et bien sécuriser(impasse) la maison est de 3 étages indépendants.le rez-de-chaussez:jardin 18m, garage, grande cuisine équipée, suite parentale+4 chambres+2 salons+sdb+3wc et douches+3 débarras+cuisine au sous-sol 20m+terrasse.

1 étage: salon+sàm+3 chambres+sdb+wc+cuisine équipeé+débarra+3 terrasses 

2 étages: s+1 chambres+douche+cuisine+très grande terrasse sans vis à vis 

le tout est équipé de climatisation+Gaz de ville et chauffage centrale

NB: Possibilité payement sur 2 tranches",,421.0,,RDC/Étage de villa,villaFloor,sale,private,4971.0,https://www.menzili.tn/upload/photos/2019/07/02/01/15/b2803qoiz4.jpg,"[""https://www.menzili.tn/upload/photos/2019/07/02/01/15/b2803qoiz4.jpg"", ""https://www.menzili.tn/upload/photos/2019/07/02/01/09/j19tdsq3qd.jpg"", ""https://www.menzili.tn/upload/photos/2019/07/02/01/10/2b6mz6pv61.jpg"", ""https://www.menzili.tn/upload/photos/2019/07/02/01/10/994z131947.jpg"", ""https://www.menzili.tn/upload/photos/2019/07/02/01/11/9aszp3v621.jpg"", ""https://www.menzili.tn/upload/photos/2019/07/02/01/11/36473m76e6.jpg"", ""https://www.menzili.tn/upload/photos/2019/07/02/01/11/1tz1q0t914.jpg"", ""https://www.menzili.tn/upload/photos/2019/07/02/01/12/1r7ds2dg7z.jpg"", ""https://www.menzili.tn/upload/photos/2019/07/02/01/15/j5ibpimd81.jpg"", ""https://www.menzili.tn/upload/photos/2019/07/02/01/13/9bs63i9q46.jpg""]","[{""url"": ""https://www.menzili.tn/upload/photos/2019/07/02/01/15/b2803qoiz4.jpg"", ""sourceId"": 13, ""adUrl"": ""https://www.menzili.tn/annonce/annonce-17434""}, {""url"": ""https://www.menzili.tn/upload/photos/2019/07/02/01/09/j19tdsq3qd.jpg"", ""sourceId"": 13, ""adUrl"": ""https://www.menzili.tn/annonce/annonce-17434""}, {""url"": ""https://www.menzili.tn/upload/photos/2019/07/02/01/10/2b6mz6pv61.jpg"", ""sourceId"": 13, ""adUrl"": ""https://www.menzili.tn/annonce/annonce-17434""}, {""url"": ""https://www.menzili.tn/upload/photos/2019/07/02/01/10/994z131947.jpg"", ""sourceId"": 13, ""adUrl"": ""https://www.menzili.tn/annonce/annonce-17434""}, {""url"": ""https://www.menzili.tn/upload/photos/2019/07/02/01/11/9aszp3v621.jpg"", ""sourceId"": 13, ""adUrl"": ""https://www.menzili.tn/annonce/annonce-17434""}, {""url"": ""https://www.menzili.tn/upload/photos/2019/07/02/01/11/36473m76e6.jpg"", ""sourceId"": 13, ""adUrl"": ""https://www.menzili.tn/annonce/annonce-17434""}, {""url"": ""https://www.menzili.tn/upload/photos/2019/07/02/01/11/1tz1q0t914.jpg"", ""sourceId"": 13, ""adUrl"": ""https://www.menzili.tn/annonce/annonce-17434""}, {""url"": ""https://www.menzili.tn/upload/photos/2019/07/02/01/12/1r7ds2dg7z.jpg"", ""sourceId"": 13, ""adUrl"": ""https://www.menzili.tn/annonce/annonce-17434""}, {""url"": ""https://www.menzili.tn/upload/photos/2019/07/02/01/15/j5ibpimd81.jpg"", ""sourceId"": 13, ""adUrl"": ""https://www.menzili.tn/annonce/annonce-17434""}, {""url"": ""https://www.menzili.tn/upload/photos/2019/07/02/01/13/9bs63i9q46.jpg"", ""sourceId"": 13, ""adUrl"": ""https://www.menzili.tn/annonce/annonce-17434""}]","[{""sourceId"": 13, ""url"": ""https://www.menzili.tn/annonce/annonce-17434"", ""price"": null, ""sellerType"": ""private"", ""lastModified"": ""2019-07-02 00:52:19""}]",[],1,1,0,0,1,1,"[""airConditioning"", ""garage""]",2025-10-19 00:52:21,2019-07-02 00:52:19,2019-07-02 00:52:19,2019-07-02 00:52:19,1,2026-02-07 14:47:59
956486,Villa de deux étages indépendants à France Ville,"A Vendre une Villa de deux étages indépendants dans un quartier résidentiel entourés de grandes Villas à France Ville près Base Militaire Omrane 
Au Rez De Chaussé on trouve un Salon, séjour, cuisine (avec débarras au sous sol), salle d'eau, deux suites, une chambre et une salle de bain.
Le 1 er étage se compose d'un grand Salon, cuisine très spacieuse, trois chambres à coucher dont une avec grande terrasse, salle d'eau et salle de bain.
Notre Villa comporte à l'extérieur un très grand jardin très bien entretenu, un garage pour deux voiture et une cuisine extérieur ,débarras, salle d'eau et Sondage.
La Villa fait le coin.
Titre Bleu Individuel
Superficie: 628 m²
Couvert: 450 m²
Prix: 1.2 MD (négociable)
Contactez <a type=""phone"">+21628XXXXXX</a>",1200000.0,628.0,,RDC/Étage de villa,villaFloor,sale,agency,4894.0,55001/27500755_f2b33337b018949c.jpg,"[""https://b3g4.fra01.idrivee2-68.com/images-mirror/55001/27500755_287778542.jpg?response-content-type=image%2Fjpeg&response-cache-control=public%2C%20max-age%3D31536000%2C%20immutable&X-Amz-Content-Sha256=UNSIGNED-PAYLOAD&X-Amz-Algorithm=AWS4-HMAC-SHA256&X-Amz-Credential=Bhs7rzoWz1jkU0yRURAn%2F20260207%2FFrankfurt%2Fs3%2Faws4_request&X-Amz-Date=20260207T134240Z&X-Amz-SignedHeaders=host&X-Amz-Expires=86400&X-Amz-Signature=fd1ae27975fede378b66439a8757c9f64e03eabd56ebe7a4ebfa0bd963000863"", ""https://b3g4.fra01.idrivee2-68.com/images-mirror/55001/27500755_296160369.jpg?response-content-type=image%2Fjpeg&response-cache-control=public%2C%20max-age%3D31536000%2C%20immutable&X-Amz-Content-Sha256=UNSIGNED-PAYLOAD&X-Amz-Algorithm=AWS4-HMAC-SHA256&X-Amz-Credential=Bhs7rzoWz1jkU0yRURAn%2F20260207%2FFrankfurt%2Fs3%2Faws4_request&X-Amz-Date=20260207T134240Z&X-Amz-SignedHeaders=host&X-Amz-Expires=86400&X-Amz-Signature=aa3f23d7f2d6a295117eb606bac0e79b9727a792a9226b6343e6af846c521622"", ""https://b3g4.fra01.idrivee2-68.com/images-mirror/55001/27500755_296160370.jpg?response-content-type=image%2Fjpeg&response-cache-control=public%2C%20max-age%3D31536000%2C%20immutable&X-Amz-Content-Sha256=UNSIGNED-PAYLOAD&X-Amz-Algorithm=AWS4-HMAC-SHA256&X-Amz-Credential=Bhs7rzoWz1jkU0yRURAn%2F20260207%2FFrankfurt%2Fs3%2Faws4_request&X-Amz-Date=20260207T134240Z&X-Amz-SignedHeaders=host&X-Amz-Expires=86400&X-Amz-Signature=16fde29c5b6c581fa4e486fb8ba298511f31bd147946749005ea1f1a32efd269"", ""https://b3g4.fra01.idrivee2-68.com/images-mirror/55001/27500755_296160371.jpg?response-content-type=image%2Fjpeg&response-cache-control=public%2C%20max-age%3D31536000%2C%20immutable&X-Amz-Content-Sha256=UNSIGNED-PAYLOAD&X-Amz-Algorithm=AWS4-HMAC-SHA256&X-Amz-Credential=Bhs7rzoWz1jkU0yRURAn%2F20260207%2FFrankfurt%2Fs3%2Faws4_request&X-Amz-Date=20260207T134240Z&X-Amz-SignedHeaders=host&X-Amz-Expires=86400&X-Amz-Signature=91fee2bdb5b014a4161d67d826a8cf5103e06607d3c72980aa8197fe8461ce86"", ""https://b3g4.fra01.idrivee2-68.com/images-mirror/55001/27500755_296160372.jpg?response-content-type=image%2Fjpeg&response-cache-control=public%2C%20max-age%3D31536000%2C%20immutable&X-Amz-Content-Sha256=UNSIGNED-PAYLOAD&X-Amz-Algorithm=AWS4-HMAC-SHA256&X-Amz-Credential=Bhs7rzoWz1jkU0yRURAn%2F20260207%2FFrankfurt%2Fs3%2Faws4_request&X-Amz-Date=20260207T134240Z&X-Amz-SignedHeaders=host&X-Amz-Expires=86400&X-Amz-Signature=52c44c0b4a082054db7ea6939e561053908748b364039a78a7c04d401d605d36"", ""https://b3g4.fra01.idrivee2-68.com/images-mirror/55001/27500755_296160373.jpg?response-content-type=image%2Fjpeg&response-cache-control=public%2C%20max-age%3D31536000%2C%20immutable&X-Amz-Content-Sha256=UNSIGNED-PAYLOAD&X-Amz-Algorithm=AWS4-HMAC-SHA256&X-Amz-Credential=Bhs7rzoWz1jkU0yRURAn%2F20260207%2FFrankfurt%2Fs3%2Faws4_request&X-Amz-Date=20260207T134240Z&X-Amz-SignedHeaders=host&X-Amz-Expires=86400&X-Amz-Signature=ac62affd482fc0142cb81bb9d47379886632cc786a71cefc0cbe2d8e0eb0f7b4"", ""https://b3g4.fra01.idrivee2-68.com/images-mirror/55001/27500755_296160374.jpg?response-content-type=image%2Fjpeg&response-cache-control=public%2C%20max-age%3D31536000%2C%20immutable&X-Amz-Content-Sha256=UNSIGNED-PAYLOAD&X-Amz-Algorithm=AWS4-HMAC-SHA256&X-Amz-Credential=Bhs7rzoWz1jkU0yRURAn%2F20260207%2FFrankfurt%2Fs3%2Faws4_request&X-Amz-Date=20260207T134240Z&X-Amz-SignedHeaders=host&X-Amz-Expires=86400&X-Amz-Signature=6b2dc4a1dc7b720dfe0904dadb542a5cfa6e59d9804366740d41a9f28a0d849d"", ""https://b3g4.fra01.idrivee2-68.com/images-mirror/55001/27500755_296160375.jpg?response-content-type=image%2Fjpeg&response-cache-control=public%2C%20max-age%3D31536000%2C%20immutable&X-Amz-Content-Sha256=UNSIGNED-PAYLOAD&X-Amz-Algorithm=AWS4-HMAC-SHA256&X-Amz-Credential=Bhs7rzoWz1jkU0yRURAn%2F20260207%2FFrankfurt%2Fs3%2Faws4_request&X-Amz-Date=20260207T134240Z&X-Amz-SignedHeaders=host&X-Amz-Expires=86400&X-Amz-Signature=7f230778948b40c9265e9e27396cb84c6cd96314b7f4774576f500b840d41c13"", ""https://b3g4.fra01.idrivee2-68.com/images-mirror/55001/27500755_296160376.jpg?response-content-type=image%2Fjpeg&response-cache-control=public%2C%20max-age%3D31536000%2C%20immutable&X-Amz-Content-Sha256=UNSIGNED-PAYLOAD&X-Amz-Algorithm=AWS4-HMAC-SHA256&X-Amz-Credential=Bhs7rzoWz1jkU0yRURAn%2F20260207%2FFrankfurt%2Fs3%2Faws4_request&X-Amz-Date=20260207T134240Z&X-Amz-SignedHeaders=host&X-Amz-Expires=86400&X-Amz-Signature=195b6ab99aa78531302fad9713d4c36aef6525a9b59d3d0b3c7526647f5b7f13"", ""https://b3g4.fra01.idrivee2-68.com/images-mirror/55001/27500755_296160377.jpg?response-content-type=image%2Fjpeg&response-cache-control=public%2C%20max-age%3D31536000%2C%20immutable&X-Amz-Content-Sha256=UNSIGNED-PAYLOAD&X-Amz-Algorithm=AWS4-HMAC-SHA256&X-Amz-Credential=Bhs7rzoWz1jkU0yRURAn%2F20260207%2FFrankfurt%2Fs3%2Faws4_request&X-Amz-Date=20260207T134240Z&X-Amz-SignedHeaders=host&X-Amz-Expires=86400&X-Amz-Signature=4c43caa83fcb8e73c33754c0fd39576e67801602492f342bc896dc440db1732d"", ""https://b3g4.fra01.idrivee2-68.com/images-mirror/55001/27500755_296160378.jpg?response-content-type=image%2Fjpeg&response-cache-control=public%2C%20max-age%3D31536000%2C%20immutable&X-Amz-Content-Sha256=UNSIGNED-PAYLOAD&X-Amz-Algorithm=AWS4-HMAC-SHA256&X-Amz-Credential=Bhs7rzoWz1jkU0yRURAn%2F20260207%2FFrankfurt%2Fs3%2Faws4_request&X-Amz-Date=20260207T134240Z&X-Amz-SignedHeaders=host&X-Amz-Expires=86400&X-Amz-Signature=48db754f6dfaa51fbb550b142e5f60c2ddd136c02f5e94190382cbbfa5bf4757"", ""https://b3g4.fra01.idrivee2-68.com/images-mirror/55001/27500755_296160379.jpg?response-content-type=image%2Fjpeg&response-cache-control=public%2C%20max-age%3D31536000%2C%20immutable&X-Amz-Content-Sha256=UNSIGNED-PAYLOAD&X-Amz-Algorithm=AWS4-HMAC-SHA256&X-Amz-Credential=Bhs7rzoWz1jkU0yRURAn%2F20260207%2FFrankfurt%2Fs3%2Faws4_request&X-Amz-Date=20260207T134240Z&X-Amz-SignedHeaders=host&X-Amz-Expires=86400&X-Amz-Signature=c9cfe3373dc93201d842ebcef6e6643bf54b60a040b3c52b1285eebe9060a0c2"", ""https://b3g4.fra01.idrivee2-68.com/images-mirror/55001/27500755_296160380.jpg?response-content-type=image%2Fjpeg&response-cache-control=public%2C%20max-age%3D31536000%2C%20immutable&X-Amz-Content-Sha256=UNSIGNED-PAYLOAD&X-Amz-Algorithm=AWS4-HMAC-SHA256&X-Amz-Credential=Bhs7rzoWz1jkU0yRURAn%2F20260207%2FFrankfurt%2Fs3%2Faws4_request&X-Amz-Date=20260207T134240Z&X-Amz-SignedHeaders=host&X-Amz-Expires=86400&X-Amz-Signature=271ef24381dca2dface74efa43cfec865d396e1a36ed961e50a69427c915e9f2"", ""https://b3g4.fra01.idrivee2-68.com/images-mirror/55001/27500755_296160381.jpg?response-content-type=image%2Fjpeg&response-cache-control=public%2C%20max-age%3D31536000%2C%20immutable&X-Amz-Content-Sha256=UNSIGNED-PAYLOAD&X-Amz-Algorithm=AWS4-HMAC-SHA256&X-Amz-Credential=Bhs7rzoWz1jkU0yRURAn%2F20260207%2FFrankfurt%2Fs3%2Faws4_request&X-Amz-Date=20260207T134240Z&X-Amz-SignedHeaders=host&X-Amz-Expires=86400&X-Amz-Signature=0aa79934806493c89024991131201c3e8bbe6ca32db6c8c83194cee87c497eef"", ""https://b3g4.fra01.idrivee2-68.com/images-mirror/55001/27500755_296160382.jpg?response-content-type=image%2Fjpeg&response-cache-control=public%2C%20max-age%3D31536000%2C%20immutable&X-Amz-Content-Sha256=UNSIGNED-PAYLOAD&X-Amz-Algorithm=AWS4-HMAC-SHA256&X-Amz-Credential=Bhs7rzoWz1jkU0yRURAn%2F20260207%2FFrankfurt%2Fs3%2Faws4_request&X-Amz-Date=20260207T134240Z&X-Amz-SignedHeaders=host&X-Amz-Expires=86400&X-Amz-Signature=9613dab122191f5593592b81512dcbbbd7d3ead47f5da2db497749b87228752c"", ""https://b3g4.fra01.idrivee2-68.com/images-mirror/55001/27500755_296160383.jpg?response-content-type=image%2Fjpeg&response-cache-control=public%2C%20max-age%3D31536000%2C%20immutable&X-Amz-Content-Sha256=UNSIGNED-PAYLOAD&X-Amz-Algorithm=AWS4-HMAC-SHA256&X-Amz-Credential=Bhs7rzoWz1jkU0yRURAn%2F20260207%2FFrankfurt%2Fs3%2Faws4_request&X-Amz-Date=20260207T134240Z&X-Amz-SignedHeaders=host&X-Amz-Expires=86400&X-Amz-Signature=297bf7c4ce5b394d905ac0a4e6f37cdceeec2bf2ccb2ccea96b38357a5ccea6b"", ""https://b3g4.fra01.idrivee2-68.com/images-mirror/55001/27500755_296160384.jpg?response-content-type=image%2Fjpeg&response-cache-control=public%2C%20max-age%3D31536000%2C%20immutable&X-Amz-Content-Sha256=UNSIGNED-PAYLOAD&X-Amz-Algorithm=AWS4-HMAC-SHA256&X-Amz-Credential=Bhs7rzoWz1jkU0yRURAn%2F20260207%2FFrankfurt%2Fs3%2Faws4_request&X-Amz-Date=20260207T134240Z&X-Amz-SignedHeaders=host&X-Amz-Expires=86400&X-Amz-Signature=8d200d9a04afb4eb35057d8356f99dc605fdc2851f7cefd6758fe2b11e4c4179""]","[{""url"": ""https://b3g4.fra01.idrivee2-68.com/images-mirror/55001/27500755_287778542.jpg?response-content-type=image%2Fjpeg&response-cache-control=public%2C%20max-age%3D31536000%2C%20immutable&X-Amz-Content-Sha256=UNSIGNED-PAYLOAD&X-Amz-Algorithm=AWS4-HMAC-SHA256&X-Amz-Credential=Bhs7rzoWz1jkU0yRURAn%2F20260207%2FFrankfurt%2Fs3%2Faws4_request&X-Amz-Date=20260207T134240Z&X-Amz-SignedHeaders=host&X-Amz-Expires=86400&X-Amz-Signature=fd1ae27975fede378b66439a8757c9f64e03eabd56ebe7a4ebfa0bd963000863"", ""sourceId"": 12, ""adUrl"": ""https://www.facebook.com/marketplace/item/1925953281495274/""}, {""url"": ""https://b3g4.fra01.idrivee2-68.com/images-mirror/55001/27500755_296160369.jpg?response-content-type=image%2Fjpeg&response-cache-control=public%2C%20max-age%3D31536000%2C%20immutable&X-Amz-Content-Sha256=UNSIGNED-PAYLOAD&X-Amz-Algorithm=AWS4-HMAC-SHA256&X-Amz-Credential=Bhs7rzoWz1jkU0yRURAn%2F20260207%2FFrankfurt%2Fs3%2Faws4_request&X-Amz-Date=20260207T134240Z&X-Amz-SignedHeaders=host&X-Amz-Expires=86400&X-Amz-Signature=aa3f23d7f2d6a295117eb606bac0e79b9727a792a9226b6343e6af846c521622"", ""sourceId"": 12, ""adUrl"": ""https://www.facebook.com/marketplace/item/1925953281495274/""}, {""url"": ""https://b3g4.fra01.idrivee2-68.com/images-mirror/55001/27500755_296160370.jpg?response-content-type=image%2Fjpeg&response-cache-control=public%2C%20max-age%3D31536000%2C%20immutable&X-Amz-Content-Sha256=UNSIGNED-PAYLOAD&X-Amz-Algorithm=AWS4-HMAC-SHA256&X-Amz-Credential=Bhs7rzoWz1jkU0yRURAn%2F20260207%2FFrankfurt%2Fs3%2Faws4_request&X-Amz-Date=20260207T134240Z&X-Amz-SignedHeaders=host&X-Amz-Expires=86400&X-Amz-Signature=16fde29c5b6c581fa4e486fb8ba298511f31bd147946749005ea1f1a32efd269"", ""sourceId"": 12, ""adUrl"": ""https://www.facebook.com/marketplace/item/1925953281495274/""}, {""url"": ""https://b3g4.fra01.idrivee2-68.com/images-mirror/55001/27500755_296160371.jpg?response-content-type=image%2Fjpeg&response-cache-control=public%2C%20max-age%3D31536000%2C%20immutable&X-Amz-Content-Sha256=UNSIGNED-PAYLOAD&X-Amz-Algorithm=AWS4-HMAC-SHA256&X-Amz-Credential=Bhs7rzoWz1jkU0yRURAn%2F20260207%2FFrankfurt%2Fs3%2Faws4_request&X-Amz-Date=20260207T134240Z&X-Amz-SignedHeaders=host&X-Amz-Expires=86400&X-Amz-Signature=91fee2bdb5b014a4161d67d826a8cf5103e06607d3c72980aa8197fe8461ce86"", ""sourceId"": 12, ""adUrl"": ""https://www.facebook.com/marketplace/item/1925953281495274/""}, {""url"": ""https://b3g4.fra01.idrivee2-68.com/images-mirror/55001/27500755_296160372.jpg?response-content-type=image%2Fjpeg&response-cache-control=public%2C%20max-age%3D31536000%2C%20immutable&X-Amz-Content-Sha256=UNSIGNED-PAYLOAD&X-Amz-Algorithm=AWS4-HMAC-SHA256&X-Amz-Credential=Bhs7rzoWz1jkU0yRURAn%2F20260207%2FFrankfurt%2Fs3%2Faws4_request&X-Amz-Date=20260207T134240Z&X-Amz-SignedHeaders=host&X-Amz-Expires=86400&X-Amz-Signature=52c44c0b4a082054db7ea6939e561053908748b364039a78a7c04d401d605d36"", ""sourceId"": 12, ""adUrl"": ""https://www.facebook.com/marketplace/item/1925953281495274/""}, {""url"": ""https://b3g4.fra01.idrivee2-68.com/images-mirror/55001/27500755_296160373.jpg?response-content-type=image%2Fjpeg&response-cache-control=public%2C%20max-age%3D31536000%2C%20immutable&X-Amz-Content-Sha256=UNSIGNED-PAYLOAD&X-Amz-Algorithm=AWS4-HMAC-SHA256&X-Amz-Credential=Bhs7rzoWz1jkU0yRURAn%2F20260207%2FFrankfurt%2Fs3%2Faws4_request&X-Amz-Date=20260207T134240Z&X-Amz-SignedHeaders=host&X-Amz-Expires=86400&X-Amz-Signature=ac62affd482fc0142cb81bb9d47379886632cc786a71cefc0cbe2d8e0eb0f7b4"", ""sourceId"": 12, ""adUrl"": ""https://www.facebook.com/marketplace/item/1925953281495274/""}, {""url"": ""https://b3g4.fra01.idrivee2-68.com/images-mirror/55001/27500755_296160374.jpg?response-content-type=image%2Fjpeg&response-cache-control=public%2C%20max-age%3D31536000%2C%20immutable&X-Amz-Content-Sha256=UNSIGNED-PAYLOAD&X-Amz-Algorithm=AWS4-HMAC-SHA256&X-Amz-Credential=Bhs7rzoWz1jkU0yRURAn%2F20260207%2FFrankfurt%2Fs3%2Faws4_request&X-Amz-Date=20260207T134240Z&X-Amz-SignedHeaders=host&X-Amz-Expires=86400&X-Amz-Signature=6b2dc4a1dc7b720dfe0904dadb542a5cfa6e59d9804366740d41a9f28a0d849d"", ""sourceId"": 12, ""adUrl"": ""https://www.facebook.com/marketplace/item/1925953281495274/""}, {""url"": ""https://b3g4.fra01.idrivee2-68.com/images-mirror/55001/27500755_296160375.jpg?response-content-type=image%2Fjpeg&response-cache-control=public%2C%20max-age%3D31536000%2C%20immutable&X-Amz-Content-Sha256=UNSIGNED-PAYLOAD&X-Amz-Algorithm=AWS4-HMAC-SHA256&X-Amz-Credential=Bhs7rzoWz1jkU0yRURAn%2F20260207%2FFrankfurt%2Fs3%2Faws4_request&X-Amz-Date=20260207T134240Z&X-Amz-SignedHeaders=host&X-Amz-Expires=86400&X-Amz-Signature=7f230778948b40c9265e9e27396cb84c6cd96314b7f4774576f500b840d41c13"", ""sourceId"": 12, ""adUrl"": ""https://www.facebook.com/marketplace/item/1925953281495274/""}, {""url"": ""https://b3g4.fra01.idrivee2-68.com/images-mirror/55001/27500755_296160376.jpg?response-content-type=image%2Fjpeg&response-cache-control=public%2C%20max-age%3D31536000%2C%20immutable&X-Amz-Content-Sha256=UNSIGNED-PAYLOAD&X-Amz-Algorithm=AWS4-HMAC-SHA256&X-Amz-Credential=Bhs7rzoWz1jkU0yRURAn%2F20260207%2FFrankfurt%2Fs3%2Faws4_request&X-Amz-Date=20260207T134240Z&X-Amz-SignedHeaders=host&X-Amz-Expires=86400&X-Amz-Signature=195b6ab99aa78531302fad9713d4c36aef6525a9b59d3d0b3c7526647f5b7f13"", ""sourceId"": 12, ""adUrl"": ""https://www.facebook.com/marketplace/item/1925953281495274/""}, {""url"": ""https://b3g4.fra01.idrivee2-68.com/images-mirror/55001/27500755_296160377.jpg?response-content-type=image%2Fjpeg&response-cache-control=public%2C%20max-age%3D31536000%2C%20immutable&X-Amz-Content-Sha256=UNSIGNED-PAYLOAD&X-Amz-Algorithm=AWS4-HMAC-SHA256&X-Amz-Credential=Bhs7rzoWz1jkU0yRURAn%2F20260207%2FFrankfurt%2Fs3%2Faws4_request&X-Amz-Date=20260207T134240Z&X-Amz-SignedHeaders=host&X-Amz-Expires=86400&X-Amz-Signature=4c43caa83fcb8e73c33754c0fd39576e67801602492f342bc896dc440db1732d"", ""sourceId"": 12, ""adUrl"": ""https://www.facebook.com/marketplace/item/1925953281495274/""}, {""url"": ""https://b3g4.fra01.idrivee2-68.com/images-mirror/55001/27500755_296160378.jpg?response-content-type=image%2Fjpeg&response-cache-control=public%2C%20max-age%3D31536000%2C%20immutable&X-Amz-Content-Sha256=UNSIGNED-PAYLOAD&X-Amz-Algorithm=AWS4-HMAC-SHA256&X-Amz-Credential=Bhs7rzoWz1jkU0yRURAn%2F20260207%2FFrankfurt%2Fs3%2Faws4_request&X-Amz-Date=20260207T134240Z&X-Amz-SignedHeaders=host&X-Amz-Expires=86400&X-Amz-Signature=48db754f6dfaa51fbb550b142e5f60c2ddd136c02f5e94190382cbbfa5bf4757"", ""sourceId"": 12, ""adUrl"": ""https://www.facebook.com/marketplace/item/1925953281495274/""}, {""url"": ""https://b3g4.fra01.idrivee2-68.com/images-mirror/55001/27500755_296160379.jpg?response-content-type=image%2Fjpeg&response-cache-control=public%2C%20max-age%3D31536000%2C%20immutable&X-Amz-Content-Sha256=UNSIGNED-PAYLOAD&X-Amz-Algorithm=AWS4-HMAC-SHA256&X-Amz-Credential=Bhs7rzoWz1jkU0yRURAn%2F20260207%2FFrankfurt%2Fs3%2Faws4_request&X-Amz-Date=20260207T134240Z&X-Amz-SignedHeaders=host&X-Amz-Expires=86400&X-Amz-Signature=c9cfe3373dc93201d842ebcef6e6643bf54b60a040b3c52b1285eebe9060a0c2"", ""sourceId"": 12, ""adUrl"": ""https://www.facebook.com/marketplace/item/1925953281495274/""}, {""url"": ""https://b3g4.fra01.idrivee2-68.com/images-mirror/55001/27500755_296160380.jpg?response-content-type=image%2Fjpeg&response-cache-control=public%2C%20max-age%3D31536000%2C%20immutable&X-Amz-Content-Sha256=UNSIGNED-PAYLOAD&X-Amz-Algorithm=AWS4-HMAC-SHA256&X-Amz-Credential=Bhs7rzoWz1jkU0yRURAn%2F20260207%2FFrankfurt%2Fs3%2Faws4_request&X-Amz-Date=20260207T134240Z&X-Amz-SignedHeaders=host&X-Amz-Expires=86400&X-Amz-Signature=271ef24381dca2dface74efa43cfec865d396e1a36ed961e50a69427c915e9f2"", ""sourceId"": 12, ""adUrl"": ""https://www.facebook.com/marketplace/item/1925953281495274/""}, {""url"": ""https://b3g4.fra01.idrivee2-68.com/images-mirror/55001/27500755_296160381.jpg?response-content-type=image%2Fjpeg&response-cache-control=public%2C%20max-age%3D31536000%2C%20immutable&X-Amz-Content-Sha256=UNSIGNED-PAYLOAD&X-Amz-Algorithm=AWS4-HMAC-SHA256&X-Amz-Credential=Bhs7rzoWz1jkU0yRURAn%2F20260207%2FFrankfurt%2Fs3%2Faws4_request&X-Amz-Date=20260207T134240Z&X-Amz-SignedHeaders=host&X-Amz-Expires=86400&X-Amz-Signature=0aa79934806493c89024991131201c3e8bbe6ca32db6c8c83194cee87c497eef"", ""sourceId"": 12, ""adUrl"": ""https://www.facebook.com/marketplace/item/1925953281495274/""}, {""url"": ""https://b3g4.fra01.idrivee2-68.com/images-mirror/55001/27500755_296160382.jpg?response-content-type=image%2Fjpeg&response-cache-control=public%2C%20max-age%3D31536000%2C%20immutable&X-Amz-Content-Sha256=UNSIGNED-PAYLOAD&X-Amz-Algorithm=AWS4-HMAC-SHA256&X-Amz-Credential=Bhs7rzoWz1jkU0yRURAn%2F20260207%2FFrankfurt%2Fs3%2Faws4_request&X-Amz-Date=20260207T134240Z&X-Amz-SignedHeaders=host&X-Amz-Expires=86400&X-Amz-Signature=9613dab122191f5593592b81512dcbbbd7d3ead47f5da2db497749b87228752c"", ""sourceId"": 12, ""adUrl"": ""https://www.facebook.com/marketplace/item/1925953281495274/""}, {""url"": ""https://b3g4.fra01.idrivee2-68.com/images-mirror/55001/27500755_296160383.jpg?response-content-type=image%2Fjpeg&response-cache-control=public%2C%20max-age%3D31536000%2C%20immutable&X-Amz-Content-Sha256=UNSIGNED-PAYLOAD&X-Amz-Algorithm=AWS4-HMAC-SHA256&X-Amz-Credential=Bhs7rzoWz1jkU0yRURAn%2F20260207%2FFrankfurt%2Fs3%2Faws4_request&X-Amz-Date=20260207T134240Z&X-Amz-SignedHeaders=host&X-Amz-Expires=86400&X-Amz-Signature=297bf7c4ce5b394d905ac0a4e6f37cdceeec2bf2ccb2ccea96b38357a5ccea6b"", ""sourceId"": 12, ""adUrl"": ""https://www.facebook.com/marketplace/item/1925953281495274/""}, {""url"": ""https://b3g4.fra01.idrivee2-68.com/images-mirror/55001/27500755_296160384.jpg?response-content-type=image%2Fjpeg&response-cache-control=public%2C%20max-age%3D31536000%2C%20immutable&X-Amz-Content-Sha256=UNSIGNED-PAYLOAD&X-Amz-Algorithm=AWS4-HMAC-SHA256&X-Amz-Credential=Bhs7rzoWz1jkU0yRURAn%2F20260207%2FFrankfurt%2Fs3%2Faws4_request&X-Amz-Date=20260207T134240Z&X-Amz-SignedHeaders=host&X-Amz-Expires=86400&X-Amz-Signature=8d200d9a04afb4eb35057d8356f99dc605fdc2851f7cefd6758fe2b11e4c4179"", ""sourceId"": 12, ""adUrl"": ""https://www.facebook.com/marketplace/item/1925953281495274/""}]","[{""sourceId"": 12, ""url"": ""https://www.facebook.com/marketplace/item/1925953281495274/"", ""price"": 1200000, ""sellerType"": ""agency"", ""lastModified"": ""2026-01-10 19:44:52""}, {""sourceId"": 6, ""url"": ""https://www.affare.tn/annonce/villa-de-deux-etages-independants-a-france-ville-235600"", ""price"": 1200000, ""sellerType"": ""agency"", ""lastModified"": ""2025-08-23 07:14:35""}]","[{""sellerType"": ""agency"", ""contactName"": ""Amdouni Sana "", ""active"": true}]",2,2,1,1,7,3,[],2025-03-21 22:15:51,2025-03-21 22:06:41,2026-01-10 19:44:52,2025-03-21 22:06:41,1,2026-02-07 14:47:59
845896,,"À VENDRE UNE VILLA À BORJ LOUZIR

On vous propose à la vente une villa située à Borj Louzir, dotée dune superficie de terrain de 319m², d'un jardin qui fait le tour, s'étend sur deux étages indépendants de 150m² environ chacun.

Au rez-de-chaussée, l'étage comprend un salon/salle à manger, 2 chambres, un séjour, une cuisine et une salle de bains commune.

À l'étage, salon/salle à manger, 3 chambres dont une suite parentale, une salle de bains commune, et une cuisine équipée. 

La propriété dispose d'un abri de voiture pouvant accueillir jusqu'à 2 voitures, un studio sur le toit accessible à partir de l'étage, parfait pour une buanderie ou un espace de rangement supplémentaire.

Prix : 680,000TND !

Pour plus amples informations veuillez me contacter :
☎️ GSM : <a type=""phone"">+21625XXXXXX</a>
📲 WhatsApp : <a type=""phone"">+21625XXXXXX</a>
📫 Email : Oussama.melliti@remax.com.tn",680000.0,319.0,,RDC/Étage de villa,villaFloor,sale,agency,346.0,https://fi-dari.tn/uploads/1730298122269blob,"[""https://fi-dari.tn/uploads/1730298122269blob"", ""https://fi-dari.tn/uploads/1730298122275blob"", ""https://fi-dari.tn/uploads/1730298122286blob"", ""https://fi-dari.tn/uploads/1730298122292blob"", ""https://fi-dari.tn/uploads/1730298122296blob""]","[{""url"": ""https://fi-dari.tn/uploads/1730298122269blob"", ""sourceId"": 10, ""adUrl"": ""https://fi-dari.tn/bien/Borj louzir-AI25686-1""}, {""url"": ""https://fi-dari.tn/uploads/1730298122275blob"", ""sourceId"": 10, ""adUrl"": ""https://fi-dari.tn/bien/Borj louzir-AI25686-1""}, {""url"": ""https://fi-dari.tn/uploads/1730298122286blob"", ""sourceId"": 10, ""adUrl"": ""https://fi-dari.tn/bien/Borj louzir-AI25686-1""}, {""url"": ""https://fi-dari.tn/uploads/1730298122292blob"", ""sourceId"": 10, ""adUrl"": ""https://fi-dari.tn/bien/Borj louzir-AI25686-1""}, {""url"": ""https://fi-dari.tn/uploads/1730298122296blob"", ""sourceId"": 10, ""adUrl"": ""https://fi-dari.tn/bien/Borj louzir-AI25686-1""}]","[{""sourceId"": 10, ""url"": ""https://fi-dari.tn/bien/Borj louzir-AI25686-1"", ""price"": 680000, ""sellerType"": ""agency"", ""lastModified"": ""2024-10-30 14:22:50""}]","[{""sellerType"": ""agency"", ""contactName"": ""RE/MAX"", ""active"": true}]",1,1,1,1,2,1,"[""heating"", ""airConditioning"", ""garden"", ""parking"", ""terrace"", ""balcony""]",2024-10-30 15:22:51,2024-10-30 15:21:50,2025-04-16 12:00:08,2024-10-30 15:21:50,1,2026-02-07 14:47:59
1175625,etage de villa s+3 ariana haut standing,Ref : TT214,960000.0,150.0,S+3,RDC/Étage de villa,villaFloor,sale,agency,286.0,http://cdn2.ballouchi.com/800x600/337068-1.jpg,"[""https://server.bigdatis.com/api/properties/image/305641752"", ""https://server.bigdatis.com/api/properties/image/305641753"", ""https://server.bigdatis.com/api/properties/image/305641754"", ""https://server.bigdatis.com/api/properties/image/305641755"", ""https://server.bigdatis.com/api/properties/image/305641756"", ""https://server.bigdatis.com/api/properties/image/305641757"", ""https://server.bigdatis.com/api/properties/image/305641758""]","[{""url"": ""https://server.bigdatis.com/api/properties/image/305641752"", ""sourceId"": 3, ""adUrl"": ""https://www.ballouchi.com/annonces/immobilier/appartements/etage-de-villa-s3-ariana-haut-standing.html""}, {""url"": ""https://server.bigdatis.com/api/properties/image/305641753"", ""sourceId"": 3, ""adUrl"": ""https://www.ballouchi.com/annonces/immobilier/appartements/etage-de-villa-s3-ariana-haut-standing.html""}, {""url"": ""https://server.bigdatis.com/api/properties/image/305641754"", ""sourceId"": 3, ""adUrl"": ""https://www.ballouchi.com/annonces/immobilier/appartements/etage-de-villa-s3-ariana-haut-standing.html""}, {""url"": ""https://server.bigdatis.com/api/properties/image/305641755"", ""sourceId"": 3, ""adUrl"": ""https://www.ballouchi.com/annonces/immobilier/appartements/etage-de-villa-s3-ariana-haut-standing.html""}, {""url"": ""https://server.bigdatis.com/api/properties/image/305641756"", ""sourceId"": 3, ""adUrl"": ""https://www.ballouchi.com/annonces/immobilier/appartements/etage-de-villa-s3-ariana-haut-standing.html""}, {""url"": ""https://server.bigdatis.com/api/properties/image/305641757"", ""sourceId"": 3, ""adUrl"": ""https://www.ballouchi.com/annonces/immobilier/appartements/etage-de-villa-s3-ariana-haut-standing.html""}, {""url"": ""https://server.bigdatis.com/api/properties/image/305641758"", ""sourceId"": 3, ""adUrl"": ""https://www.ballouchi.com/annonces/immobilier/appartements/etage-de-villa-s3-ariana-haut-standing.html""}]","[{""sourceId"": 3, ""url"": ""https://www.ballouchi.com/annonces/immobilier/appartements/etage-de-villa-s3-ariana-haut-standing.html"", ""price"": 960000, ""sellerType"": ""agency"", ""lastModified"": ""2022-03-27 23:56:34""}]","[{""sellerType"": ""agency"", ""contactName"": ""paradise house"", ""active"": true}]",1,1,1,1,1,1,"[""elevator"", ""balcony""]",2022-03-28 05:28:41,2022-03-27 05:28:07,2022-03-27 23:56:34,2022-03-27 05:28:07,1,2026-02-07 14:47:59
1212491,"Etage de villa inachevé, Gammarth village","Cet étage de villa, actuellement à l’étape de maçonnerie est situé au premier étage d’une villa à Gammarth Village, offre un espace de vie fonctionnel et modulable.

Il s’ouvre sur un salon, une cuisine, trois chambres à coucher ainsi qu’une salle d’eau équipée d’une douche.

Une terrasse sur le toit est également à disposition.

Des possibilités d’aménagement et de finitions personnalisées sont proposées selon vos besoins.",150000.0,100.0,S+3,RDC/Étage de villa,villaFloor,sale,agency,5213.0,https://www.mubawab-media.com/ad/8/269/480F/h/50e04e81-96dc-4ee1-b1af-2e87b541505c_81603459.avif,"[""https://www.mubawab-media.com/ad/8/269/480F/h/50e04e81-96dc-4ee1-b1af-2e87b541505c_81603459.avif""]","[{""url"": ""https://www.mubawab-media.com/ad/8/269/480F/h/50e04e81-96dc-4ee1-b1af-2e87b541505c_81603459.avif"", ""sourceId"": 5, ""adUrl"": ""https://www.mubawab.tn/fr/a/8269480/etage-de-villa-inachev%C3%A9-gammarth-village""}]","[{""sourceId"": 5, ""url"": ""https://www.mubawab.tn/fr/a/8269480/etage-de-villa-inachev%C3%A9-gammarth-village"", ""price"": 150000, ""sellerType"": ""agency"", ""lastModified"": ""2025-12-10 15:30:36""}]","[{""sellerType"": ""agency"", ""contactName"": ""DOMOS, votre partenaire clé"", ""active"": true}]",1,1,1,1,1,1,[],2025-12-10 15:30:44,2025-12-10 15:30:36,2025-12-10 15:30:36,2025-12-10 15:30:36,1,2026-02-07 14:47:59
1212493,Etage de villa  silvestro à yassminette ben arous,"un étage de ville  situé dans un bon quartier à yassminette, ben arous. a l'entrée, on a un  un salon, une cuisine, 3 chambres et une salle de bain. nb: possibilité e bâtir un 2 éme étage. pour tous les renseignements, contacter l'agent sur le <a type=""phone"">+21651XXXXXX</a>.",280000.0,220.0,S+3,RDC/Étage de villa,villaFloor,sale,agency,1090.0,http://tunisie-annonce.com/upload2/202512/tunisie-annonce.com/photos/788636_20251210_152436.jpg,"[""https://server.bigdatis.com/api/properties/image/314451103"", ""https://server.bigdatis.com/api/properties/image/314451104"", ""https://server.bigdatis.com/api/properties/image/314451105"", ""https://server.bigdatis.com/api/properties/image/314451106"", ""https://server.bigdatis.com/api/properties/image/314451107""]","[{""url"": ""https://server.bigdatis.com/api/properties/image/314451103"", ""sourceId"": 1, ""adUrl"": ""http://www.tunisie-annonce.com/DetailsAnnonceImmobilier.asp?cod_ann=3440362""}, {""url"": ""https://server.bigdatis.com/api/properties/image/314451104"", ""sourceId"": 1, ""adUrl"": ""http://www.tunisie-annonce.com/DetailsAnnonceImmobilier.asp?cod_ann=3440362""}, {""url"": ""https://server.bigdatis.com/api/properties/image/314451105"", ""sourceId"": 1, ""adUrl"": ""http://www.tunisie-annonce.com/DetailsAnnonceImmobilier.asp?cod_ann=3440362""}, {""url"": ""https://server.bigdatis.com/api/properties/image/314451106"", ""sourceId"": 1, ""adUrl"": ""http://www.tunisie-annonce.com/DetailsAnnonceImmobilier.asp?cod_ann=3440362""}, {""url"": ""https://server.bigdatis.com/api/properties/image/314451107"", ""sourceId"": 1, ""adUrl"": ""http://www.tunisie-annonce.com/DetailsAnnonceImmobilier.asp?cod_ann=3440362""}]","[{""sourceId"": 1, ""url"": ""http://www.tunisie-annonce.com/DetailsAnnonceImmobilier.asp?cod_ann=3440362"", ""price"": 280000, ""sellerType"": ""agency"", ""lastModified"": ""2025-12-10 00:00:00""}]","[{""sellerType"": ""agency"", ""contactName"": null, ""active"": true}]",1,1,1,1,1,1,[],2025-12-10 15:30:44,2025-12-10 00:00:00,2025-12-10 00:00:00,2025-12-10 00:00:00,1,2026-02-07 14:47:59
1151056,Étage d'une villa en cours de construction prix négociable,"A vendre etage de villa en cours de construction, 140m2 situé dans un quartier calme.

Prés de tout, mosquée HARAMEIN, AZIZA, Pharamacie etc...",140000.0,140.0,,RDC/Étage de villa,villaFloor,sale,private,5284.0,https://www.menzili.tn/upload/photos/2024/05/29/14/32/s1s3dq2dd4.jpg,"[""https://www.menzili.tn/upload/photos/2024/05/29/14/32/s1s3dq2dd4.jpg"", ""https://www.menzili.tn/upload/photos/2024/05/29/14/32/9s11q30mt9.jpg"", ""https://www.menzili.tn/upload/photos/2024/05/29/14/33/a8tpd2i724.jpg"", ""https://www.menzili.tn/upload/photos/2024/05/29/14/33/97d2s0s91z.jpg"", ""https://www.menzili.tn/upload/photos/2024/05/29/14/34/d1emq49g2e.jpg"", ""https://www.menzili.tn/upload/photos/2024/06/02/12/17/y9t6qtd268.jpg""]","[{""url"": ""https://www.menzili.tn/upload/photos/2024/05/29/14/32/s1s3dq2dd4.jpg"", ""sourceId"": 13, ""adUrl"": ""https://www.menzili.tn/annonce/annonce-131640""}, {""url"": ""https://www.menzili.tn/upload/photos/2024/05/29/14/32/9s11q30mt9.jpg"", ""sourceId"": 13, ""adUrl"": ""https://www.menzili.tn/annonce/annonce-131640""}, {""url"": ""https://www.menzili.tn/upload/photos/2024/05/29/14/33/a8tpd2i724.jpg"", ""sourceId"": 13, ""adUrl"": ""https://www.menzili.tn/annonce/annonce-131640""}, {""url"": ""https://www.menzili.tn/upload/photos/2024/05/29/14/33/97d2s0s91z.jpg"", ""sourceId"": 13, ""adUrl"": ""https://www.menzili.tn/annonce/annonce-131640""}, {""url"": ""https://www.menzili.tn/upload/photos/2024/05/29/14/34/d1emq49g2e.jpg"", ""sourceId"": 13, ""adUrl"": ""https://www.menzili.tn/annonce/annonce-131640""}, {""url"": ""https://www.menzili.tn/upload/photos/2024/06/02/12/17/y9t6qtd268.jpg"", ""sourceId"": 13, ""adUrl"": ""https://www.menzili.tn/annonce/annonce-131640""}]","[{""sourceId"": 13, ""url"": ""https://www.menzili.tn/annonce/annonce-131640"", ""price"": 140000, ""sellerType"": ""private"", ""lastModified"": ""2024-05-29 23:20:17""}]",[],1,1,0,0,1,1,[],2025-10-18 23:20:20,2024-05-29 23:20:17,2024-05-29 23:20:17,2024-05-29 23:20:17,1,2026-02-07 14:47:59
1165392,A vendre étage de villa,A vendre étage de villa au rez-de-chaussée surface 310 mètre carré se compose de 5 chambre deux salles de bains deux cuisines deux terrasse deux entrées entrée voiture très bon emplacement à mourouj 3,350000.0,310.0,S+4,RDC/Étage de villa,villaFloor,sale,private,5284.0,https://www.menzili.tn/upload/photos/2020/01/16/15/37/h2p73dv324.jpeg,"[""https://www.menzili.tn/upload/photos/2020/01/16/15/37/h2p73dv324.jpeg"", ""https://www.menzili.tn/upload/photos/2020/01/16/15/38/9j7dfq7v39.jpeg"", ""https://www.menzili.tn/upload/photos/2020/01/16/15/39/92ssi7dv32.jpeg"", ""https://www.menzili.tn/upload/photos/2020/01/16/15/39/y93z7s6s24.jpeg"", ""https://www.menzili.tn/upload/photos/2020/01/16/15/42/ji8tnsqd57.jpeg"", ""https://www.menzili.tn/upload/photos/2020/01/16/15/40/t4diq2s271.jpeg"", ""https://www.menzili.tn/upload/photos/2020/01/16/15/40/y99i3sdg62.jpeg"", ""https://www.menzili.tn/upload/photos/2020/01/16/15/40/y9dsndso4v.jpeg"", ""https://www.menzili.tn/upload/photos/2020/01/16/15/41/99dm7s6795.jpeg"", ""https://www.menzili.tn/upload/photos/2020/01/16/15/43/9b8e1s3281.jpeg""]","[{""url"": ""https://www.menzili.tn/upload/photos/2020/01/16/15/37/h2p73dv324.jpeg"", ""sourceId"": 13, ""adUrl"": ""https://www.menzili.tn/annonce/annonce-28224""}, {""url"": ""https://www.menzili.tn/upload/photos/2020/01/16/15/38/9j7dfq7v39.jpeg"", ""sourceId"": 13, ""adUrl"": ""https://www.menzili.tn/annonce/annonce-28224""}, {""url"": ""https://www.menzili.tn/upload/photos/2020/01/16/15/39/92ssi7dv32.jpeg"", ""sourceId"": 13, ""adUrl"": ""https://www.menzili.tn/annonce/annonce-28224""}, {""url"": ""https://www.menzili.tn/upload/photos/2020/01/16/15/39/y93z7s6s24.jpeg"", ""sourceId"": 13, ""adUrl"": ""https://www.menzili.tn/annonce/annonce-28224""}, {""url"": ""https://www.menzili.tn/upload/photos/2020/01/16/15/42/ji8tnsqd57.jpeg"", ""sourceId"": 13, ""adUrl"": ""https://www.menzili.tn/annonce/annonce-28224""}, {""url"": ""https://www.menzili.tn/upload/photos/2020/01/16/15/40/t4diq2s271.jpeg"", ""sourceId"": 13, ""adUrl"": ""https://www.menzili.tn/annonce/annonce-28224""}, {""url"": ""https://www.menzili.tn/upload/photos/2020/01/16/15/40/y99i3sdg62.jpeg"", ""sourceId"": 13, ""adUrl"": ""https://www.menzili.tn/annonce/annonce-28224""}, {""url"": ""https://www.menzili.tn/upload/photos/2020/01/16/15/40/y9dsndso4v.jpeg"", ""sourceId"": 13, ""adUrl"": ""https://www.menzili.tn/annonce/annonce-28224""}, {""url"": ""https://www.menzili.tn/upload/photos/2020/01/16/15/41/99dm7s6795.jpeg"", ""sourceId"": 13, ""adUrl"": ""https://www.menzili.tn/annonce/annonce-28224""}, {""url"": ""https://www.menzili.tn/upload/photos/2020/01/16/15/43/9b8e1s3281.jpeg"", ""sourceId"": 13, ""adUrl"": ""https://www.menzili.tn/annonce/annonce-28224""}]","[{""sourceId"": 13, ""url"": ""https://www.menzili.tn/annonce/annonce-28224"", ""price"": 350000, ""sellerType"": ""private"", ""lastModified"": ""2020-01-16 01:31:01""}]","[{""sellerType"": ""private"", ""contactName"": ""Arbia"", ""active"": true}]",1,1,1,1,1,1,[],2025-10-19 01:31:03,2020-01-16 01:31:01,2020-01-16 01:31:01,2020-01-16 01:31:01,1,2026-02-07 14:47:59
1157201,Etage de villa a carthage salambo,"etage de villa avec escalier et entrée independante , situé a carthage salambo 2 ch,1 salon ,cuisine, salle d'eau, balcon et virande",220000.0,120.0,,RDC/Étage de villa,villaFloor,sale,private,4836.0,https://www.menzili.tn/upload/photos/2018/12/11/10/09/272dqdg71z.jpg,"[""https://www.menzili.tn/upload/photos/2018/12/11/10/09/272dqdg71z.jpg"", ""https://www.menzili.tn/upload/photos/2018/12/11/10/09/9a1p12vo9v.jpg"", ""https://www.menzili.tn/upload/photos/2019/01/09/14/12/7683mdg61e.jpg"", ""https://www.menzili.tn/upload/photos/2019/01/09/14/12/a52zfnq914.jpg"", ""https://www.menzili.tn/upload/photos/2019/01/09/14/12/29afpqs9qi.jpg""]","[{""url"": ""https://www.menzili.tn/upload/photos/2018/12/11/10/09/272dqdg71z.jpg"", ""sourceId"": 13, ""adUrl"": ""https://www.menzili.tn/annonce/annonce-10190""}, {""url"": ""https://www.menzili.tn/upload/photos/2018/12/11/10/09/9a1p12vo9v.jpg"", ""sourceId"": 13, ""adUrl"": ""https://www.menzili.tn/annonce/annonce-10190""}, {""url"": ""https://www.menzili.tn/upload/photos/2019/01/09/14/12/7683mdg61e.jpg"", ""sourceId"": 13, ""adUrl"": ""https://www.menzili.tn/annonce/annonce-10190""}, {""url"": ""https://www.menzili.tn/upload/photos/2019/01/09/14/12/a52zfnq914.jpg"", ""sourceId"": 13, ""adUrl"": ""https://www.menzili.tn/annonce/annonce-10190""}, {""url"": ""https://www.menzili.tn/upload/photos/2019/01/09/14/12/29afpqs9qi.jpg"", ""sourceId"": 13, ""adUrl"": ""https://www.menzili.tn/annonce/annonce-10190""}]","[{""sourceId"": 13, ""url"": ""https://www.menzili.tn/annonce/annonce-10190"", ""price"": 220000, ""sellerType"": ""private"", ""lastModified"": ""2018-12-11 00:30:42""}]","[{""sellerType"": ""private"", ""contactName"": ""Mahjoub"", ""active"": true}]",1,1,1,1,1,1,[],2025-10-19 00:30:58,2018-12-11 00:30:42,2018-12-11 00:30:42,2018-12-11 00:30:42,1,2026-02-07 14:47:59
1169493,Etage de villa en vente,"Cet appartement S+3 situé au 1er étage d’un immeuble calme et bien entretenu. Il se compose d’un salon lumineux et très spacieux, d’une cuisine équipée et fonctionnelle, ainsi que de trois chambres à coucher, dont une avec balcon offrant un agréable espace extérieur. L’appartement bénéficie d’une belle luminosité",273000.0,150.0,S+3,RDC/Étage de villa,villaFloor,sale,agency,1134.0,https://cdn-media.medialabtc.it/tn/agencies/bzco1/estates/59821/images/333772/detail.jpeg,"[""https://cdn-media.medialabtc.it/tn/agencies/bzco1/estates/59821/images/333772/detail.jpeg"", ""https://cdn-media.medialabtc.it/tn/agencies/bzco1/estates/59821/images/333777/detail.jpeg"", ""https://cdn-media.medialabtc.it/tn/agencies/bzco1/estates/59821/images/333776/detail.jpeg"", ""https://cdn-media.medialabtc.it/tn/agencies/bzco1/estates/59821/images/333775/detail.jpeg"", ""https://cdn-media.medialabtc.it/tn/agencies/bzco1/estates/59821/images/333773/detail.jpeg"", ""https://cdn-media.medialabtc.it/tn/agencies/bzco1/estates/59821/images/333774/detail.jpeg"", ""https://cdn-media.medialabtc.it/tn/agencies/bzco1/estates/59821/images/333770/detail.jpeg"", ""https://cdn-media.medialabtc.it/tn/agencies/bzco1/estates/59821/images/333771/detail.jpeg""]","[{""url"": ""https://cdn-media.medialabtc.it/tn/agencies/bzco1/estates/59821/images/333772/detail.jpeg"", ""sourceId"": 14, ""adUrl"": ""https://www.tecnocasa.tn/vendre/villa/bizerte/bizerte/59821.html""}, {""url"": ""https://cdn-media.medialabtc.it/tn/agencies/bzco1/estates/59821/images/333777/detail.jpeg"", ""sourceId"": 14, ""adUrl"": ""https://www.tecnocasa.tn/vendre/villa/bizerte/bizerte/59821.html""}, {""url"": ""https://cdn-media.medialabtc.it/tn/agencies/bzco1/estates/59821/images/333776/detail.jpeg"", ""sourceId"": 14, ""adUrl"": ""https://www.tecnocasa.tn/vendre/villa/bizerte/bizerte/59821.html""}, {""url"": ""https://cdn-media.medialabtc.it/tn/agencies/bzco1/estates/59821/images/333775/detail.jpeg"", ""sourceId"": 14, ""adUrl"": ""https://www.tecnocasa.tn/vendre/villa/bizerte/bizerte/59821.html""}, {""url"": ""https://cdn-media.medialabtc.it/tn/agencies/bzco1/estates/59821/images/333773/detail.jpeg"", ""sourceId"": 14, ""adUrl"": ""https://www.tecnocasa.tn/vendre/villa/bizerte/bizerte/59821.html""}, {""url"": ""https://cdn-media.medialabtc.it/tn/agencies/bzco1/estates/59821/images/333774/detail.jpeg"", ""sourceId"": 14, ""adUrl"": ""https://www.tecnocasa.tn/vendre/villa/bizerte/bizerte/59821.html""}, {""url"": ""https://cdn-media.medialabtc.it/tn/agencies/bzco1/estates/59821/images/333770/detail.jpeg"", ""sourceId"": 14, ""adUrl"": ""https://www.tecnocasa.tn/vendre/villa/bizerte/bizerte/59821.html""}, {""url"": ""https://cdn-media.medialabtc.it/tn/agencies/bzco1/estates/59821/images/333771/detail.jpeg"", ""sourceId"": 14, ""adUrl"": ""https://www.tecnocasa.tn/vendre/villa/bizerte/bizerte/59821.html""}]","[{""sourceId"": 14, ""url"": ""https://www.tecnocasa.tn/vendre/villa/bizerte/bizerte/59821.html"", ""price"": 273000, ""sellerType"": ""agency"", ""lastModified"": ""2025-10-14 17:22:57""}]","[{""sellerType"": ""agency"", ""contactName"": ""Corniche Real Estate  Sarl"", ""active"": true}]",1,1,1,1,1,1,[],2025-10-22 18:10:59,2025-10-14 17:22:57,2025-10-14 17:22:57,2025-10-14 17:22:57,1,2026-02-07 14:47:59
723033,,"Particulier vous propose la vente d’un étage de villa à Bellevue el Ouardia construite sur un terrain de 394m². Le bien est idéalement situé dans le calme et aux abords direct de la capitale de Tunis. Son emplacement garanti un accès rapide aux différents axes routiers du grand Tunis. Il est situé à 5 min du centre-ville de Tunis, à 2 pas du marché municipal et des commerces.

La superficie du terrain est de 394m², se compose d’une Maison bâtie en pierre de surface Habitable de 110m², une véranda de côté cuisine de 9m², une Véranda de côté salon de 17,85m², un garage bâti de 32 m², un jardin de côté cuisine de 48m² et jardin de côté salon de 177,5m²

La maison de 110m² au rez-de-chaussée équipé du chauffage Central à gaz et elle se compose d’un spacieux salon/salle à manger de (6m x 3,78m), de 3 Chambres à coucher de (3,62m x 3,55m), (3,62m x 3,78m) et (3,56m x 3,78m), d’une salle de bain (2m x1,7m), WC et une Cuisine. 

Titre foncier en règle.

Le prix est de 330.000dt

Pour plus de renseignements, n'hésitez pas à contacter : <a type=""phone"">+21693XXXXXX</a>.",330000.0,110.0,S+5,RDC/Étage de villa,villaFloor,sale,private,4903.0,https://fi-dari.tn/uploads/1709987427845blob,"[""https://fi-dari.tn/uploads/1709987427845blob"", ""https://fi-dari.tn/uploads/1709987427870blob"", ""https://fi-dari.tn/uploads/1709987427881blob"", ""https://fi-dari.tn/uploads/1709987427889blob"", ""https://fi-dari.tn/uploads/1709987427894blob"", ""https://fi-dari.tn/uploads/1709987427900blob"", ""https://fi-dari.tn/uploads/1709987427905blob""]","[{""url"": ""https://fi-dari.tn/uploads/1709987427845blob"", ""sourceId"": 10, ""adUrl"": ""https://fi-dari.tn/bien/Tunis centre-PA20656-1""}, {""url"": ""https://fi-dari.tn/uploads/1709987427870blob"", ""sourceId"": 10, ""adUrl"": ""https://fi-dari.tn/bien/Tunis centre-PA20656-1""}, {""url"": ""https://fi-dari.tn/uploads/1709987427881blob"", ""sourceId"": 10, ""adUrl"": ""https://fi-dari.tn/bien/Tunis centre-PA20656-1""}, {""url"": ""https://fi-dari.tn/uploads/1709987427889blob"", ""sourceId"": 10, ""adUrl"": ""https://fi-dari.tn/bien/Tunis centre-PA20656-1""}, {""url"": ""https://fi-dari.tn/uploads/1709987427894blob"", ""sourceId"": 10, ""adUrl"": ""https://fi-dari.tn/bien/Tunis centre-PA20656-1""}, {""url"": ""https://fi-dari.tn/uploads/1709987427900blob"", ""sourceId"": 10, ""adUrl"": ""https://fi-dari.tn/bien/Tunis centre-PA20656-1""}, {""url"": ""https://fi-dari.tn/uploads/1709987427905blob"", ""sourceId"": 10, ""adUrl"": ""https://fi-dari.tn/bien/Tunis centre-PA20656-1""}]","[{""sourceId"": 10, ""url"": ""https://fi-dari.tn/bien/Tunis centre-PA20656-1"", ""price"": 330000, ""sellerType"": ""private"", ""lastModified"": ""2024-03-09 13:28:11""}]","[{""sellerType"": ""private"", ""contactName"": ""Mustapha EL OUAER"", ""active"": true}]",1,1,1,1,1,1,"[""heating"", ""garden"", ""terrace""]",2024-03-09 13:28:17,2024-03-09 13:28:11,2024-03-09 13:28:11,2024-03-09 13:28:11,1,2026-02-07 14:47:59
972890,Etage villa ouardia1garage jardin 2terrasses,"a vendre dans le meilleur quartier de ouardia1, un étage de villa ( 4 cac spacieuses, salon , sdb cuisine, 2 terrasses ), garage, chauffage central, climatisation et chauffe eau solaire ( titre foncier individuel ), avec une entrée indépendante : 350.000 dinars négociables raisonnablement",350000.0,250.0,,RDC/Étage de villa,villaFloor,sale,private,4908.0,http://tunisie-annonce.com/upload2/202504/annonces-tunisie.net/photos/62890_20250418_114019.jpg,"[""https://server.bigdatis.com/api/properties/image/280171771""]","[{""url"": ""https://server.bigdatis.com/api/properties/image/280171771"", ""sourceId"": 1, ""adUrl"": ""http://www.tunisie-annonce.com/DetailsAnnonceImmobilier.asp?cod_ann=3395753""}]","[{""sourceId"": 1, ""url"": ""http://www.tunisie-annonce.com/DetailsAnnonceImmobilier.asp?cod_ann=3395753"", ""price"": 350000, ""sellerType"": ""private"", ""lastModified"": ""2026-01-21 00:00:00""}]","[{""sellerType"": ""private"", ""contactName"": null, ""active"": true}]",1,1,1,1,3,1,[],2025-04-18 11:00:24,2025-04-18 11:00:22,2026-01-21 00:00:00,2026-01-21 00:00:00,1,2026-02-07 14:47:59
858202,Rdc de villa firenze à rades plage,"une rdc de villa sur un terrain de 110 m² située dans un quartier résidentiel à rades plage. on trouve un salon, une cuisine, 4 chambres et une salle de bain. pour tous les renseignements, contacter l'agent sur le <a type=""phone"">+21651XXXXXX</a>.",170000.0,110.0,S+4,RDC/Étage de villa,villaFloor,sale,agency,1113.0,http://tunisie-annonce.com/upload2/202512/tunisie-annonce.com/photos/788636_20251218_160205.jpg,"[""https://server.bigdatis.com/api/properties/image/315722100"", ""https://server.bigdatis.com/api/properties/image/315722101"", ""https://server.bigdatis.com/api/properties/image/315722102"", ""https://server.bigdatis.com/api/properties/image/315722103"", ""https://server.bigdatis.com/api/properties/image/315722104""]","[{""url"": ""https://server.bigdatis.com/api/properties/image/315722100"", ""sourceId"": 1, ""adUrl"": ""http://www.tunisie-annonce.com/DetailsAnnonceImmobilier.asp?cod_ann=3441711""}, {""url"": ""https://server.bigdatis.com/api/properties/image/315722101"", ""sourceId"": 1, ""adUrl"": ""http://www.tunisie-annonce.com/DetailsAnnonceImmobilier.asp?cod_ann=3441711""}, {""url"": ""https://server.bigdatis.com/api/properties/image/315722102"", ""sourceId"": 1, ""adUrl"": ""http://www.tunisie-annonce.com/DetailsAnnonceImmobilier.asp?cod_ann=3441711""}, {""url"": ""https://server.bigdatis.com/api/properties/image/315722103"", ""sourceId"": 1, ""adUrl"": ""http://www.tunisie-annonce.com/DetailsAnnonceImmobilier.asp?cod_ann=3441711""}, {""url"": ""https://server.bigdatis.com/api/properties/image/315722104"", ""sourceId"": 1, ""adUrl"": ""http://www.tunisie-annonce.com/DetailsAnnonceImmobilier.asp?cod_ann=3441711""}]","[{""sourceId"": 1, ""url"": ""http://www.tunisie-annonce.com/DetailsAnnonceImmobilier.asp?cod_ann=3441711"", ""price"": 170000, ""sellerType"": ""agency"", ""lastModified"": ""2025-12-18 00:00:00""}]","[{""sellerType"": ""agency"", ""contactName"": null, ""active"": true}]",1,1,1,1,3,1,[],2024-11-23 11:15:18,2024-11-23 11:08:20,2025-12-18 00:00:00,2024-11-23 11:08:20,1,2026-02-07 14:47:59
1122395,LOCATION: Une école privée situé à Sahloul 3,,20000.0,641.0,,RDC/Étage de villa,villaFloor,sale,agency,5309.0,https://www.mubawab-media.com/ad/8/218/875F/h/1_81057863.avif,[],,[],[],0,0,0,1,3,1,[],2025-09-18 09:30:51,2025-09-18 09:30:39,2025-09-18 09:30:39,2025-09-18 09:30:39,1,2026-02-07 14:47:59
1175645,Etage de Villa kazan à Vendre à Kélibia,,79000.0,150.0,S+2,RDC/Étage de villa,villaFloor,sale,agency,3496.0,http://cdn2.ballouchi.com/800x600/369311-1.jpg,[],,[],[],0,0,0,1,1,1,[],2025-10-23 23:57:27,2023-04-26 23:57:22,2023-04-26 23:57:22,2023-04-26 23:57:22,1,2026-02-07 14:47:59
895069,Immeuble en cours de finissions,,580000.0,615.0,S+2,RDC/Étage de villa,villaFloor,sale,agency,3230.0,https://www.tunisiapromo.com/images/43179.jpg,[],,[],[],0,0,0,1,1,1,[],2024-12-26 22:35:40,2015-06-08 22:35:32,2015-06-08 22:35:32,2015-06-08 22:35:32,1,2026-02-07 14:47:59
1165410,Un étage de villa  de 150 m2 situé à Bardo,,300000.0,150.0,,RDC/Étage de villa,villaFloor,sale,agency,4995.0,https://www.menzili.tn/upload/photos/2020/09/11/14/34/b6q3did12e.png,[],,[],[],0,0,0,1,1,1,[],2025-10-19 01:31:06,2020-09-11 01:31:04,2020-09-11 01:31:04,2020-09-11 01:31:04,1,2026-02-07 14:47:59
1106019,Rdc de villa s3 césar  à zaghouan,,235000.0,207.0,S+3,RDC/Étage de villa,villaFloor,sale,agency,5145.0,http://tunisie-annonce.com/upload2/202508/tunisie-annonce.com/photos/632246_20250828_120900.jpg,[],,[],[],0,0,0,1,1,1,[],2025-08-28 11:15:54,2025-08-28 11:15:54,2025-08-28 11:15:54,2025-08-28 11:15:54,1,2026-02-07 14:47:59
1212516,"A vendre ""RDC""Villa à Marsa ville",,600000.0,240.0,S+2,RDC/Étage de villa,villaFloor,sale,private,5220.0,https://storage.googleapis.com/tayara-migration-yams-pro/d0/d0790f7e-41e7-4349-8d84-bc7b72113d85,[],,[],[],0,0,0,1,2,2,[],2025-08-11 11:00:58,2025-08-11 10:59:51,2025-12-19 16:47:49,2025-08-11 10:59:51,1,2026-02-07 14:47:59
1079402,Rdc de villa carla à mornaguia,,380000.0,216.0,S+3,RDC/Étage de villa,villaFloor,sale,agency,2396.0,56118/28059010_4a8f4dce8ebabc8f.jpg,[],,[],[],0,0,0,1,3,1,[],2025-07-30 11:01:04,2025-07-30 10:59:34,2026-01-26 00:00:00,2025-07-30 10:59:34,1,2026-02-07 14:47:59
995435,A vendre opportunité à ne pas rater immeuble situé à sousse BOUHSINA,,450000.0,440.0,,RDC/Étage de villa,villaFloor,sale,agency,5306.0,54681/27340511_3173636b6173617d.jpg,[],,[],[],0,0,0,1,2,2,[],2025-05-03 13:00:28,2025-05-03 12:59:37,2026-01-07 14:08:51,2025-05-03 12:59:37,1,2026-02-07 14:47:59
485491,Bonne affaire à Tunis  Belle opportunité à ne pas rater,,330000.0,120.0,,RDC/Étage de villa,villaFloor,sale,private,4890.0,,[],,[],[],0,0,0,1,3,1,[],2022-01-07 00:32:24,2021-07-06 23:49:04,2022-07-05 14:30:12,2021-07-06 23:49:04,1,2026-02-07 14:47:59
32887,Etage platinum au kram ouest,,398000.0,120.0,S+3,RDC/Étage de villa,villaFloor,sale,agency,4870.0,http://tunisie-annonce.com/upload2/202411/tunisie-annonce.com/photos/632246_20241118_092955.jpg,[],,[],[],0,0,0,1,5,2,[],2022-04-13 13:03:22,2022-04-13 01:19:25,2025-10-22 12:00:58,2022-04-13 01:19:25,1,2026-02-07 14:47:59
1218687,A Vendre un étage de Villa s3 à morneg,,290000.0,370.0,S+3,RDC/Étage de villa,villaFloor,sale,agency,1080.0,https://www.mubawab-media.com/ad/8/274/090F/h/WhatsApp%20Image%202025-12-08%20at%2016.03.03%20%281%29_81651987.avif,[],,[],[],0,0,0,1,2,2,[],2025-12-19 12:00:44,2025-12-19 11:48:42,2026-01-23 18:16:27,2025-12-19 15:43:22,1,2026-02-07 14:47:59
1167491,Etage de villa a vendre طابق فيلا للبيع,,180000.0,160.0,,RDC/Étage de villa,villaFloor,sale,private,4919.0,https://www.menzili.tn/upload/photos/2023/04/26/12/45/2m824s94v1.jpg,[],,[],[],0,0,0,0,1,1,[],2025-10-19 01:48:56,2023-04-26 01:48:54,2023-04-26 01:48:54,2023-04-26 01:48:54,1,2026-02-07 14:47:59
59537,RDC de Villa Rabuka à Vendre à Bizerte,,320000.0,200.0,S+3,RDC/Étage de villa,villaFloor,sale,agency,1120.0,https://www.menzili.tn/upload/photos/2023/01/03/09/12/j5dsp7m961.jpg,[],,[],[],0,0,0,1,4,1,[],2023-01-03 09:17:06,2023-01-03 09:17:06,2025-01-11 10:15:03,2024-09-28 10:40:07,1,2026-02-07 14:47:59
1151124,Vente de bien immobilier,,170000.0,,,RDC/Étage de villa,villaFloor,sale,private,524.0,,[],,[],[],0,0,0,1,1,1,[],2025-10-18 23:21:01,2024-06-27 23:20:57,2024-06-27 23:20:57,2024-06-27 23:20:57,1,2026-02-07 14:47:59
22683,RDC de Villa Reggio d'Émilie à Vendre d'EL Mourouj,,255000.0,200.0,S+3,RDC/Étage de villa,villaFloor,sale,agency,5174.0,https://www.menzili.tn/upload/photos/2023/01/13/10/23/51p7n0si32.jpg,[],,[],[],0,0,0,1,4,1,[],2023-01-13 09:52:19,2023-01-13 09:45:46,2024-03-20 11:51:28,2023-01-13 09:45:46,1,2026-02-07 14:47:59
884894,Immeuble rue liberté lafayette,,2600000.0,2450.0,,RDC/Étage de villa,villaFloor,sale,agency,5197.0,https://www.tunisiapromo.com/images/67455.jpg,[],,[],[],0,0,0,1,1,1,[],2024-12-26 19:44:33,2017-10-21 19:44:21,2017-10-21 19:44:21,2017-10-21 19:44:21,1,2026-02-07 14:47:59
899231,Avmaison rc +1étage à hammamet nord avec un prix interessant 85md,,85000.0,,S+5,RDC/Étage de villa,villaFloor,sale,agency,3442.0,https://www.tunisiapromo.com/gallery/photo-1-65416.jpg,[],,[],[],0,0,0,1,2,2,[],2024-12-27 00:06:58,2013-11-13 02:03:14,2014-01-09 02:03:14,2013-11-13 02:03:14,1,2026-02-07 14:47:59
10401,étage de villa av a hammamet,,350000.0,386.0,S+2,RDC/Étage de villa,villaFloor,sale,agency,3479.0,https://www.tunisiapromo.com/gallery/photo-1-457587.jpg,[],,[],[],0,0,0,1,1,1,[],2022-01-07 00:47:16,2021-09-21 00:47:05,2021-09-21 13:06:36,2021-09-21 00:47:05,1,2026-02-07 14:47:59
899235,Dar amine refa hammamet centre ville,,120000.0,137.0,S+3,RDC/Étage de villa,villaFloor,sale,agency,3479.0,https://www.tunisiapromo.com/images/18853.jpg,[],,[],[],0,0,0,1,2,2,[],2024-12-27 00:07:16,2014-01-07 00:07:06,2014-01-08 00:10:31,2014-01-08 00:10:31,1,2026-02-07 14:47:59
897192,A 5 min de hammamet sud maison rdc appartement,,140000.0,250.0,S+4,RDC/Étage de villa,villaFloor,sale,agency,4458.0,https://www.tunisiapromo.com/gallery/photo-1-148945.jpg,[],,[],[],0,0,0,1,7,7,[],2024-12-26 23:24:23,2014-04-15 23:44:32,2014-09-23 00:27:43,2014-04-15 23:44:32,1,2026-02-07 14:47:59
602282,"Étage De Villa S+2 à Oued Souhil, Nabeul",,200000.0,103.0,S+2,RDC/Étage de villa,villaFloor,sale,agency,3588.0,https://www.bnb.tn/wp-content/uploads/2023/11/2-1.jpeg,[],,[],[],0,0,0,1,15,3,[],2023-07-07 12:29:04,2023-07-07 12:28:20,2025-09-16 18:15:57,2023-07-07 12:28:20,1,2026-02-07 14:47:59
1009836,Immeuble à kram a vendre,,975000.0,400.0,S+3,RDC/Étage de villa,villaFloor,sale,agency,4868.0,https://www.mubawab-media.com/ad/8/144/130F/h/Design%20sans%20titre%20%285%29_80289790.avif,[],,[],[],0,0,0,1,1,1,[],2025-05-16 18:15:16,2025-05-16 18:15:07,2026-02-03 15:53:42,2025-05-16 18:15:07,1,2026-02-07 14:47:59
1134764,Etage de villa,,170000.0,115.0,S+2,RDC/Étage de villa,villaFloor,sale,agency,4438.0,https://storage.googleapis.com/tayara-migration-yams-pro/76/76bf3854-35bd-48b2-b99d-be9b7aeadad0,[],,[],[],0,0,0,2,2,2,[],2025-10-02 18:46:21,2025-10-02 18:38:37,2025-12-09 20:35:34,2025-10-02 18:38:37,1,2026-02-07 14:47:59
901293,Joli appartement maison de la mer,,290000.0,89.0,S+2,RDC/Étage de villa,villaFloor,sale,agency,4502.0,https://www.tunisiapromo.com/gallery/photo-1-68053.jpg,[],,[],[],0,0,0,1,1,1,[],2024-12-27 00:34:45,2013-11-27 00:34:41,2014-04-08 00:34:41,2013-11-27 00:34:41,1,2026-02-07 14:47:59
1028278,Etage de villa a vendre,,180000.0,170.0,S+4,RDC/Étage de villa,villaFloor,sale,private,3969.0,https://storage.googleapis.com/tayara-migration-yams-pro/83/83f303c0-3a70-40ea-a3bc-f9cb9317404b,[],,[],[],0,0,0,1,3,1,[],2025-06-05 09:15:28,2025-06-05 09:05:38,2025-12-05 15:57:42,2025-06-05 09:05:38,1,2026-02-07 14:47:59
1175737,citée prime,,700000.0,150.0,S+2,RDC/Étage de villa,villaFloor,sale,private,1091.0,http://cdn2.ballouchi.com/800x600/401997-1.jpg,[],,[],[],0,0,0,1,1,1,[],2025-10-24 00:03:36,2024-09-10 00:03:30,2024-09-10 00:03:30,2024-09-10 00:03:30,1,2026-02-07 14:47:59
905403,Vente villa a deux etages independants a hammam plage cote mer 520000 dinars,,520000.0,700.0,,RDC/Étage de villa,villaFloor,sale,private,968.0,,[],,[],[],0,0,0,1,1,1,[],2024-12-27 01:12:24,2011-10-27 01:12:19,2011-10-27 01:12:19,2011-10-27 01:12:19,1,2026-02-07 14:47:59
897228,étage de villa ac deux locaux commerciaux au 1er arrondissement,,125000.0,,S+3,RDC/Étage de villa,villaFloor,sale,agency,3479.0,https://www.tunisiapromo.com/gallery/photo-1-128899.jpg,[],,[],[],0,0,0,1,1,1,[],2024-12-26 23:25:16,2014-07-14 23:25:01,2014-07-14 23:25:01,2014-07-14 23:25:01,1,2026-02-07 14:47:59
1194189,Rdc d'une villa spacieux à hamemchat,,450000.0,210.0,S+4,RDC/Étage de villa,villaFloor,sale,agency,968.0,http://tunisie-annonce.com/upload2/202512/tunisie-annonce.com/photos/789185_20251206_115610.jpg,[],,[],[],0,0,0,1,3,3,[],2025-11-15 13:30:41,2025-11-15 00:00:00,2025-12-06 00:00:00,2025-11-25 15:20:54,1,2026-02-07 14:47:59
125135,Étage de Maison à El Bhira,,150000.0,47.0,S+2,RDC/Étage de villa,villaFloor,sale,agency,1131.0,,[],,[],[],0,0,0,1,4,1,[],2023-02-16 12:47:08,2023-02-16 12:47:08,2025-08-01 13:54:28,2023-02-16 12:47:08,1,2026-02-07 14:47:59
1122515,Rdc de  villa s2,,450000.0,267.0,S+2,RDC/Étage de villa,villaFloor,sale,agency,429.0,http://tunisie-annonce.com/upload2/202512/tunisie-annonce.com/photos/442961_20251202_124402.jpg,[],,[],[],0,0,0,1,4,1,[],2025-09-18 11:15:35,2025-09-18 11:15:27,2025-12-02 00:00:00,2025-09-18 11:15:27,1,2026-02-07 14:47:59
907477,Dar fi blassa stratégique,,50000.0,100.0,S+2,RDC/Étage de villa,villaFloor,sale,private,2384.0,,[],,[],[],0,0,0,1,1,1,[],2024-12-27 01:40:57,2015-03-16 01:40:52,2015-03-16 01:40:52,2015-03-16 01:40:52,1,2026-02-07 14:47:59
1153238,A vendre à Menzah 5,,1500000.0,580.0,,RDC/Étage de villa,villaFloor,sale,private,308.0,https://www.menzili.tn/upload/photos/2024/02/13/17/47/921eqvmqd2.jpeg,[],,[],[],0,0,0,1,1,1,[],2025-10-18 23:46:32,2024-02-13 23:46:29,2024-02-13 23:46:29,2024-02-13 23:46:29,1,2026-02-07 14:47:59
1241303,Etage de villa en vente,,85000.0,150.0,S+2,RDC/Étage de villa,villaFloor,sale,agency,3959.0,56125/28062840_d891959591f1c1e0.jpg,[],,[],[],0,0,0,1,1,1,[],2026-01-28 20:30:41,2026-01-28 20:18:02,2026-01-28 20:18:02,2026-01-28 20:18:02,1,2026-02-07 14:47:59
1007832,A VENDRE Immeuble de 3 étages à Bellevue / El Oua,,1300000.0,160.0,,RDC/Étage de villa,villaFloor,sale,agency,4903.0,https://www.mubawab-media.com/ad/8/142/711F/h/thumb_1091105_property_large_80275595.avif,[],,[],[],0,0,0,1,2,1,[],2025-05-14 17:15:15,2025-05-14 17:15:08,2026-01-28 20:45:44,2025-05-14 17:15:08,1,2026-02-07 14:47:59
1007833,A vendre étage de villa avec 3 locaux commerciaux,,800000.0,300.0,S+4,RDC/Étage de villa,villaFloor,sale,agency,4995.0,https://www.mubawab-media.com/ad/8/143/097F/h/1a749e07-c0b0-437b-86b1-b577d7cc86e1_48fc493e-adf8-461e-a6dd-c6810689c774_80279085.avif,[],,[],[],0,0,0,1,5,3,[],2025-05-14 17:15:15,2025-05-14 17:05:06,2026-01-23 15:24:24,2025-09-05 12:50:34,1,2026-02-07 14:47:59
528602,dar arbi moderne,,260000.0,,S+4,RDC/Étage de villa,villaFloor,sale,private,4976.0,https://storage.googleapis.com/tayara-migration-yams-pro/a3/a3ebf2a8-8563-4730-a0cc-2f77136bd8cb.jpg,[],,[],[],0,0,0,1,4,1,[],2022-02-17 09:26:39,2022-02-17 09:22:41,2025-11-29 21:14:54,2022-02-17 09:22:41,1,2026-02-07 14:47:59
254170,Etage de Villa Shams à Vendre à Rades Méliane,,320000.0,,S+3,RDC/Étage de villa,villaFloor,sale,agency,1111.0,http://cdn2.ballouchi.com/800x600/370619-1.jpg,[],,[],[],0,0,0,1,8,4,[],2023-03-25 10:52:05,2023-03-25 10:51:53,2024-03-20 11:19:17,2023-03-25 10:51:53,1,2026-02-07 14:47:59
887001,Occasion a vendre un etage de mrezga am,,175000.0,,S+3,RDC/Étage de villa,villaFloor,sale,agency,3442.0,https://www.tunisiapromo.com/images/61305.jpg,[],,[],[],0,0,0,1,1,1,[],2024-12-26 20:06:35,2017-02-01 20:06:30,2017-02-01 20:06:30,2017-02-01 20:06:30,1,2026-02-07 14:47:59
1151197,A vendre (2 maisons ) Villa deux étages indépendants a vendre,,500000.0,900.0,,RDC/Étage de villa,villaFloor,sale,private,3954.0,https://www.menzili.tn/upload/photos/2024/05/18/00/22/jm8h7d2o61.jpeg,[],,[],[],0,0,0,1,1,1,[],2025-10-18 23:21:45,2024-05-18 23:21:41,2024-05-18 23:21:41,2024-05-18 23:21:41,1,2026-02-07 14:47:59
997598,A vendre appartement au 1er étage de villa Cité Hédi Nouira,,180000.0,77.0,S+3,RDC/Étage de villa,villaFloor,sale,private,385.0,https://img.cava.tn/cava/items/1e406cfb-bd30-4984-99cd-b6e46d5edf04/1746477651319.webp,[],,[],[],0,0,0,1,3,1,[],2025-05-05 20:15:11,2025-05-05 20:09:51,2025-05-05 21:46:46,2025-05-05 20:09:51,1,2026-02-07 14:47:59
327904,Etage de Villa à borej Ghamez,,120000.0,100.0,S+2,RDC/Étage de villa,villaFloor,sale,agency,1149.0,https://www.menzili.tn/upload/photos/2022/01/20/09/00/9936sdi4i6.jpg,[],,[],[],0,0,0,1,2,1,[],2022-01-20 08:59:11,2022-01-20 08:58:56,2022-01-29 21:37:27,2022-01-20 08:58:56,1,2026-02-07 14:47:59
882916,Immeuble mont fleury a,,1500000.0,80.0,,RDC/Étage de villa,villaFloor,sale,agency,5002.0,https://www.tunisiapromo.com/gallery/photo-1-338757.jpg,[],,[],[],0,0,0,1,1,1,[],2024-12-26 19:23:25,2018-02-16 19:23:12,2018-02-16 19:23:12,2018-02-16 19:23:12,1,2026-02-07 14:47:59
563436,RDC de Villa Zélina à Vendre à Mégrine,,350000.0,210.0,S+2,RDC/Étage de villa,villaFloor,sale,agency,989.0,http://cdn2.ballouchi.com/800x600/369871-1.jpg,[],,[],[],0,0,0,1,9,2,[],2023-05-08 10:45:04,2023-05-08 01:23:14,2025-08-01 13:50:11,2023-05-08 01:23:14,1,2026-02-07 14:47:59
1153261,Etage de villa en cours de construction,,150000.0,133.0,,RDC/Étage de villa,villaFloor,sale,agency,1124.0,https://www.menzili.tn/upload/photos/2021/12/10/15/19/95ht4vsi36.jpeg,[],,[],[],0,0,0,1,1,1,[],2025-10-18 23:46:52,2021-12-10 23:46:49,2021-12-10 23:46:49,2021-12-10 23:46:49,1,2026-02-07 14:47:59
907501,A vendre joli immeuble à sousse,,500000.0,115.0,S+2,RDC/Étage de villa,villaFloor,sale,agency,4616.0,,[],,[],[],0,0,0,1,1,1,[],2024-12-27 01:41:10,2012-07-10 01:41:03,2012-07-10 01:41:03,2012-07-10 01:41:03,1,2026-02-07 14:47:59
1128696,RDC de villa à vendre - Cité Erriadh,,280000.0,338.0,S+4,RDC/Étage de villa,villaFloor,sale,agency,245.0,55383/27691768_56c1fb5959d44916.jpg,[],,[],[],0,0,0,1,2,2,[],2025-09-25 14:23:19,2025-09-25 14:21:05,2026-01-10 10:41:55,2025-09-25 14:21:05,1,2026-02-07 14:47:59
815353,à louer à manar 1,,950000.0,530.0,,RDC/Étage de villa,villaFloor,sale,agency,5192.0,54606/27303006_afd6693c9ef2f160.jpg,[],,[],[],0,0,0,3,17,12,[],2024-07-30 10:40:19,2024-07-30 10:40:19,2026-01-15 02:21:16,2025-04-14 10:03:44,1,2026-02-07 14:47:59
698617,"beni khiar , un rdc en bon état en plein centre ville",,150000.0,160.0,S+3,RDC/Étage de villa,villaFloor,sale,agency,3293.0,http://cdn2.ballouchi.com/800x600/362893-1.jpg,[],,[],[],0,0,0,1,5,1,[],2022-12-19 13:35:07,2022-10-04 10:06:47,2023-06-01 10:32:45,2022-10-04 10:06:47,1,2026-02-07 14:47:59
1175803,étage de villa a nabeul,,200000.0,130.0,S+3,RDC/Étage de villa,villaFloor,sale,agency,3609.0,http://cdn2.ballouchi.com/800x600/401567-1.jpg,[],,[],[],0,0,0,1,1,1,[],2025-10-24 00:08:01,2024-09-02 00:07:57,2024-09-02 00:07:57,2024-09-02 00:07:57,1,2026-02-07 14:47:59
1020159,à vendre immeuble innachevèe a sahloul4,,620000.0,150.0,,RDC/Étage de villa,villaFloor,sale,agency,5310.0,https://storage.googleapis.com/tayara-migration-yams-pro/28/28ba8194-e3a4-47cb-b7af-fab7eb1eacbd,[],,[],[],0,0,0,1,1,1,[],2025-05-27 11:30:37,2025-05-27 11:27:24,2025-05-27 11:27:26,2025-05-27 11:27:24,1,2026-02-07 14:47:59
1184001,Rdc de villa s3,,280000.0,156.0,S+3,RDC/Étage de villa,villaFloor,sale,private,818.0,http://tunisie-annonce.com/upload2/202511/tunisie-annonce.com/photos/790398_20251103_093515.jpg,[],,[],[],0,0,0,1,5,1,[],2025-11-02 16:45:06,2025-11-02 16:42:31,2026-01-21 09:55:20,2025-11-06 09:11:57,1,2026-02-07 14:47:59
856321,𝙖̀ 𝙫𝒆𝙣𝒅𝙧𝒆 𝒆́𝙩𝒂𝙜𝒆 𝒅𝙚 𝙫𝒊𝙡𝒍𝙖 𝙨+2 𝙞𝒏𝙙𝒆́𝙥𝒆𝙣𝒅𝙖𝒏𝙩 𝙖̀ 𝙗𝒐𝙧𝒋 𝒂𝙧𝒊𝙛 𝙢𝒂𝙝𝒅𝙞𝒂,,200000.0,120.0,S+2,RDC/Étage de villa,villaFloor,sale,agency,2810.0,https://storage.googleapis.com/tayara-migration-yams-pro/78/78955af4-d8c1-4343-932f-bec00e945ac1,[],,[],[],0,0,0,1,5,3,[],2024-11-19 15:15:09,2024-11-19 15:07:58,2025-12-17 15:42:38,2024-11-19 15:07:58,1,2026-02-07 14:47:59
1149195,A vendre rez-de-chaussée d'une villa a cité ghazela ariana Tunisie,,450000.0,400.0,S+3,RDC/Étage de villa,villaFloor,sale,private,429.0,https://img.cava.tn/cava/items/7b600ae2-a101-4753-a64c-08ad890c6432/1760958474003.webp,[],,[],[],0,0,0,1,3,2,[],2025-10-20 12:15:57,2025-10-20 12:13:10,2026-02-03 18:51:42,2025-10-20 12:13:10,1,2026-02-07 14:47:59
612626,A VENDRE UN ETAGE DE VILLA S+2 HST A EZZAHRA,,305000.0,140.0,S+2,RDC/Étage de villa,villaFloor,sale,agency,934.0,56133/28066686_f0c61c04045a1f1c.jpg,[],,[],[],0,0,0,1,34,1,[],2023-07-28 12:32:05,2023-07-28 12:31:44,2026-01-30 12:55:57,2024-05-10 11:46:45,1,2026-02-07 14:47:59
1011989,a vendre un étage de villa RDC s+2 situé à dar fadhal,,165000.0,117.0,S+2,RDC/Étage de villa,villaFloor,sale,agency,390.0,https://img.cava.tn/cava/items/819988b6-f9a4-45b4-9727-8fc843c048f0/1747647774122.webp,[],,[],[],0,0,0,1,2,1,[],2025-05-19 11:00:39,2025-05-19 10:45:31,2025-05-19 11:30:12,2025-05-19 10:45:31,1,2026-02-07 14:47:59
1163541,Rez-de-chaussée A vendre,,230000.0,67.0,,RDC/Étage de villa,villaFloor,sale,agency,5215.0,https://www.menzili.tn/upload/photos/2022/05/21/18/37/jb6430m941.jpg,[],,[],[],0,0,0,1,1,1,[],2025-10-19 01:08:56,2022-05-21 01:08:54,2022-05-21 01:08:54,2022-05-21 01:08:54,1,2026-02-07 14:47:59
1165590,Etage de villa a vendre,,200000.0,130.0,,RDC/Étage de villa,villaFloor,sale,private,2386.0,https://www.menzili.tn/upload/photos/2018/05/26/22/16/m7sq09osz6.jpg,[],,[],[],0,0,0,1,1,1,[],2025-10-19 01:32:16,2018-05-26 01:32:14,2018-05-26 01:32:14,2018-05-26 01:32:14,1,2026-02-07 14:47:59
741660,Étage de Villa situé à Cité Intilaka (Ettadhamen),,130000.0,100.0,S+4,RDC/Étage de villa,villaFloor,sale,private,4897.0,,[],,[],[],0,0,0,1,3,1,[],2024-05-02 16:15:03,2024-05-02 16:14:23,2025-08-06 20:00:52,2024-05-02 16:14:23,1,2026-02-07 14:47:59
829725,,,320000.0,140.0,S+3,RDC/Étage de villa,villaFloor,sale,agency,3521.0,https://fi-dari.tn/uploads/1729068359137blob,[],,[],[],0,0,0,1,13,7,[],2023-04-05 10:23:15,2023-04-05 10:22:38,2024-10-16 08:45:24,2023-07-02 11:19:26,1,2026-02-07 14:47:59
1014046,rez-de-chaussée d'une villa a vendre,,224000.0,282.0,S+4,RDC/Étage de villa,villaFloor,sale,private,5314.0,https://storage.googleapis.com/tayara-migration-yams-pro/90/903c7723-518e-41ce-b4df-f259affcef23,[],,[],[],0,0,0,1,8,1,[],2025-03-17 14:01:06,2025-03-17 13:59:48,2025-12-17 19:26:45,2025-12-17 19:26:45,1,2026-02-07 14:47:59
880929,Jolie étage de villa à hammamet centre ville,,365000.0,140.0,,RDC/Étage de villa,villaFloor,sale,agency,3479.0,https://www.tunisiapromo.com/images/90273.jpg,[],,[],[],0,0,0,1,2,2,[],2024-12-26 18:14:02,2019-07-13 18:13:55,2019-09-03 18:14:51,2019-07-13 18:13:55,1,2026-02-07 14:47:59
831782,Etage de Villa+ Studio à vendre à Sahloul,,450000.0,174.0,S+5,RDC/Étage de villa,villaFloor,sale,agency,4590.0,http://cdn2.ballouchi.com/800x600/405660-1.jpg,[],,[],[],0,0,0,1,3,1,[],2024-10-04 15:12:06,2024-10-04 15:12:06,2024-12-03 17:04:46,2024-10-04 15:12:06,1,2026-02-07 14:47:59
729383,Immeuble gazanie réf:  :,,470000.0,260.0,S+2,RDC/Étage de villa,villaFloor,sale,agency,3479.0,https://www.tunisiapromo.com/gallery/photo-2-627744.jpg,[],,[],[],0,0,0,1,4,2,[],2024-03-29 12:50:14,2024-03-29 00:56:08,2024-03-29 16:53:08,2024-03-29 00:56:08,1,2026-02-07 14:47:59
1124656,Etage de villa en vente,,170000.0,150.0,S+2,RDC/Étage de villa,villaFloor,sale,agency,4504.0,https://cdn-media.medialabtc.it/tn/agencies/sscb6/estates/52154/images/325055/detail.jpeg,[],,[],[],0,0,0,1,2,2,[],2025-09-20 15:15:28,2025-09-19 14:27:03,2025-11-14 10:01:11,2025-11-14 10:01:11,1,2026-02-07 14:47:59
891185,Spacieuse étage de villa proche centre ville,,95000.0,127.0,S+2,RDC/Étage de villa,villaFloor,sale,agency,3479.0,https://www.tunisiapromo.com/gallery/photo-1-237223.jpg,[],,[],[],0,0,0,1,5,5,[],2024-12-26 20:57:25,2015-07-30 22:13:52,2015-10-12 20:58:53,2015-07-30 22:13:52,1,2026-02-07 14:47:59
1245490,À vendre RDC à la marsa,,1950000.0,249.0,S+2,RDC/Étage de villa,villaFloor,sale,agency,5216.0,56154/28077235_f4909eb5bdad8d61.jpg,[],,[],[],0,0,0,1,1,1,[],2026-02-04 15:00:28,2026-02-04 15:00:15,2026-02-05 15:04:29,2026-02-04 15:00:15,1,2026-02-07 14:47:59
1161527,Étage de villa a vendre,,,,S+4,RDC/Étage de villa,villaFloor,sale,private,4807.0,https://www.menzili.tn/upload/photos/2022/10/08/13/17/919so91z67.jpeg,[],,[],[],0,0,0,1,1,1,[],2025-10-19 00:53:30,2022-10-08 00:53:28,2022-10-08 00:53:28,2022-10-08 00:53:28,1,2026-02-07 14:47:59
885047,Dar la gare a hammamet,,600000.0,200.0,S+3,RDC/Étage de villa,villaFloor,sale,agency,3479.0,https://www.tunisiapromo.com/images/65710.jpg,[],,[],[],0,0,0,1,1,1,[],2024-12-26 19:46:32,2017-08-21 19:46:24,2017-08-21 19:46:24,2017-08-21 19:46:24,1,2026-02-07 14:47:59
254265,etage d'une maison à vendre à Barreket eshel,,300000.0,224.0,S+2,RDC/Étage de villa,villaFloor,sale,agency,3440.0,http://cdn2.ballouchi.com/800x600/337706-1.png,[],,[],[],0,0,0,1,6,2,[],2022-04-06 11:14:23,2022-04-06 11:07:27,2022-08-13 17:15:11,2022-04-06 11:07:27,1,2026-02-07 14:47:59
1106246,#RDC de Villa #Sousse Jaouhra Prés de #Clinique Essalem,,350000.0,350.0,S+3,RDC/Étage de villa,villaFloor,sale,agency,4587.0,https://www.affare.tn/image/08_2025_5a3d50e4.JPG,[],,[],[],0,0,0,1,1,1,[],2025-08-28 14:31:39,2025-08-28 14:26:15,2025-08-28 14:26:15,2025-08-28 14:26:15,1,2026-02-07 14:47:59
1153351,Belle etage villa a Menzah 5,,520000.0,170.0,,RDC/Étage de villa,villaFloor,sale,private,308.0,,[],,[],[],0,0,0,1,1,1,[],2025-10-18 23:47:44,2021-11-12 23:47:42,2021-11-12 23:47:42,2021-11-12 23:47:42,1,2026-02-07 14:47:59
887111,Rdc de villa titré s+4 3min de la mer à hmt centre,,300000.0,,S+4,RDC/Étage de villa,villaFloor,sale,private,3479.0,https://www.tunisiapromo.com/gallery/photo-1-303154.jpg,[],,[],[],0,0,0,1,6,6,[],2024-12-26 20:07:50,2016-09-16 20:25:22,2017-01-22 20:07:42,2016-09-16 20:25:22,1,2026-02-07 14:47:59
1155402,UN ÉTAGE DE VILLA TRÈS HAUT STANDING,,400000.0,350.0,,RDC/Étage de villa,villaFloor,sale,agency,3609.0,https://www.menzili.tn/upload/photos/2020/06/28/18/21/5isqd24396.jpg,[],,[],[],0,0,0,1,1,1,[],2025-10-19 00:07:12,2020-06-28 00:07:10,2020-06-28 00:07:10,2020-06-28 00:07:10,1,2026-02-07 14:47:59
1173835,"RDC de Villa Rima à Vendre à Cité Khalil, La Marsa",,,75.0,S+1,RDC/Étage de villa,villaFloor,sale,agency,4957.0,http://cdn2.ballouchi.com/800x600/387605-1.jpg,[],,[],[],0,0,0,1,1,1,[],2025-10-23 22:54:09,2023-12-07 22:54:06,2023-12-07 22:54:06,2023-12-07 22:54:06,1,2026-02-07 14:47:59
942412,A vendre un étage de villa inachevée,,70000.0,203.0,S+3,RDC/Étage de villa,villaFloor,sale,agency,4438.0,https://www.mubawab-media.com/ad/8/094/490F/h/thumb_1017161_property_large_79793690.avif,[],,[],[],0,0,0,1,1,1,[],2025-02-15 12:45:24,2025-02-15 12:45:24,2026-02-03 15:14:54,2025-02-15 12:45:24,1,2026-02-07 14:47:59
887117,Un étage d'immeuble à hammamet centre à proximité de la mer,,650000.0,170.0,S+3,RDC/Étage de villa,villaFloor,sale,agency,3479.0,https://www.tunisiapromo.com/gallery/photo-1-292122.jpg,[],,[],[],0,0,0,1,1,1,[],2024-12-26 20:07:50,2016-11-23 20:07:46,2017-01-14 20:07:46,2016-11-23 20:07:46,1,2026-02-07 14:47:59
43342,étage de villa av a coté ceinture hammamet,,380000.0,142.0,S+3,RDC/Étage de villa,villaFloor,sale,agency,3479.0,https://www.tunisiapromo.com/gallery/photo-1-457596.jpg,[],,[],[],0,0,0,1,1,1,[],2022-01-07 00:47:16,2021-09-21 00:47:05,2021-09-21 13:57:23,2021-09-21 00:47:05,1,2026-02-07 14:47:59
883023,A vendre un étage de villa a hammamet,,180000.0,,S+3,RDC/Étage de villa,villaFloor,sale,agency,5182.0,https://www.tunisiapromo.com/gallery/photo-1-334871.jpg,[],,[],[],0,0,0,1,1,1,[],2024-12-26 19:24:32,2018-01-17 19:24:26,2018-01-29 19:24:26,2018-01-17 19:24:26,1,2026-02-07 14:47:59
962897,Vente Etage De Villa 3 Minutes A Pieds A La Mer,,405000.0,129.0,S+4,RDC/Étage de villa,villaFloor,sale,agency,3593.0,https://www.mubawab-media.com/ad/8/118/728F/h/1_80034035.avif,[],,[],[],0,0,0,1,1,1,[],2025-04-04 16:15:11,2025-04-04 16:15:04,2026-02-03 15:47:01,2025-04-04 16:15:04,1,2026-02-07 14:47:59
893267,Jolie villa avec une appartement à l'étage dans un endroit chic,,430000.0,300.0,S+5,RDC/Étage de villa,villaFloor,sale,agency,3479.0,https://www.tunisiapromo.com/gallery/photo-1-225860.jpg,[],,[],[],0,0,0,2,2,2,[],2024-12-26 22:13:24,2014-07-15 23:32:32,2015-08-01 22:13:19,2015-08-01 22:13:19,1,2026-02-07 14:47:59
672090,Etage de villa mograne à dougga,,70000.0,180.0,S+1,RDC/Étage de villa,villaFloor,sale,agency,735.0,56112/28056078_310dcf4d29b30b7f.jpg,[],,[],[],0,0,0,1,4,2,[],2023-11-23 10:39:11,2023-11-23 10:39:08,2026-01-24 00:00:00,2023-11-23 10:39:08,1,2026-02-07 14:47:59
1163612,Rez-de-chaussée  a vendre,,270000.0,,S+3,RDC/Étage de villa,villaFloor,sale,private,3624.0,https://www.menzili.tn/upload/photos/2020/10/10/12/51/32163996s8.jpeg,[],,[],[],0,0,0,1,1,1,[],2025-10-19 01:15:44,2020-10-10 01:15:42,2020-10-10 01:15:42,2020-10-10 01:15:42,1,2026-02-07 14:47:59
1161565,Étage de villa S+2 de 90 m2 - Borj Errass Mahdia- 145000 TND,,145000.0,90.0,S+2,RDC/Étage de villa,villaFloor,sale,agency,2830.0,https://www.menzili.tn/upload/photos/2019/05/16/17/27/d29z617381.jpg,[],,[],[],0,0,0,1,1,1,[],2025-10-19 00:53:42,2019-05-16 00:53:40,2019-05-16 00:53:40,2019-05-16 00:53:40,1,2026-02-07 14:47:59
1151327,Grand étage de villa avec terrasse.,,180000.0,156.0,S+3,RDC/Étage de villa,villaFloor,sale,private,2396.0,https://www.menzili.tn/upload/photos/2024/02/08/01/45/e246m9i141.jpg,[],,[],[],0,0,0,0,1,1,[],2025-10-18 23:23:09,2024-02-08 23:23:05,2024-02-08 23:23:05,2024-02-08 23:23:05,1,2026-02-07 14:47:59
1196384,Etage de villa en vente,,330000.0,86.0,S+3,RDC/Étage de villa,villaFloor,sale,agency,5220.0,https://www.mubawab-media.com/ad/8/256/061F/h/gallery_81447665.avif,[],,[],[],0,0,0,1,2,2,[],2025-11-19 11:15:48,2025-11-19 11:08:35,2025-11-25 09:15:36,2025-11-19 11:08:35,1,2026-02-07 14:47:59
1194339,Rez de chaussée de villa à vendre,,480000.0,330.0,S+4,RDC/Étage de villa,villaFloor,sale,agency,2386.0,https://www.mubawab-media.com/ad/8/253/244F/h/gallery_81418381.avif,[],,[],[],0,0,0,1,1,1,[],2025-11-15 17:45:40,2025-11-15 17:45:37,2026-02-03 18:49:21,2025-11-15 17:45:37,1,2026-02-07 14:47:59
788835,A Vendre Rez De Chaussée De Villa à Cité Ain Mariem Bizerte,,390000.0,272.0,S+3,RDC/Étage de villa,villaFloor,sale,agency,1124.0,https://storage.googleapis.com/tayara-migration-yams-pro/d6/d663f52e-2cb7-4f62-b50e-e3d13d26fe26,[],,[],[],0,0,0,1,7,2,[],2023-10-17 11:11:03,2023-10-17 11:11:03,2025-12-11 12:21:54,2025-12-11 10:38:28,1,2026-02-07 14:47:59
905580,2 étage séparée,,100.0,100.0,S+5,RDC/Étage de villa,villaFloor,sale,private,5334.0,,[],,[],[],0,0,0,1,1,1,[],2024-12-27 01:14:27,2011-07-29 01:14:10,2011-07-29 01:14:10,2011-07-29 01:14:10,1,2026-02-07 14:47:59
860525,Étage de villa indépendant au bardo,,370000.0,193.0,S+3,RDC/Étage de villa,villaFloor,sale,agency,4995.0,https://www.menzili.tn/upload/photos/2025/01/17/09/57/d2hfnsq461.jpg,[],,[],[],0,0,0,1,3,1,[],2025-01-17 10:00:09,2025-01-17 10:00:07,2025-07-20 02:16:18,2025-01-17 10:00:07,1,2026-02-07 14:47:59
1165677,Maison à deux étages indépendants,,290000.0,196.0,,RDC/Étage de villa,villaFloor,sale,private,415.0,https://www.menzili.tn/upload/photos/2021/04/27/11/16/52e263i671.jpg,[],,[],[],0,0,0,1,1,1,[],2025-10-19 01:32:39,2021-04-27 01:32:36,2021-04-27 01:32:36,2021-04-27 01:32:36,1,2026-02-07 14:47:59
835951,Rez de chaussé pour famille,,230000.0,150.0,S+2,RDC/Étage de villa,villaFloor,sale,private,4503.0,,[],,[],[],0,0,0,1,1,1,[],2023-01-06 07:24:19,2022-10-02 07:24:17,2025-09-22 23:32:02,2024-10-11 15:30:13,1,2026-02-07 14:47:59
1163634,"Disponible immédiatement Villa avec deux étages indépendants à Bizerte, Tunisie",,1119510.0,513.0,,RDC/Étage de villa,villaFloor,sale,private,1135.0,https://www.menzili.tn/upload/photos/2022/07/13/09/38/d3tpd5141v.jpeg,[],,[],[],0,0,0,0,1,1,[],2025-10-19 01:15:50,2022-07-13 01:15:48,2022-07-13 01:15:48,2022-07-13 01:15:48,1,2026-02-07 14:47:59
883067,Un rez de chaussé de 125m à hammamet nord,,78000.0,125.0,S+2,RDC/Étage de villa,villaFloor,sale,agency,5182.0,https://www.tunisiapromo.com/gallery/photo-1-337201.jpg,[],,[],[],0,0,0,1,1,1,[],2024-12-26 19:24:51,2018-01-29 19:24:39,2018-01-29 19:24:39,2018-01-29 19:24:39,1,2026-02-07 14:47:59
891265,Superbe rez de jardin dans une résidence,,275000.0,135.0,S+2,RDC/Étage de villa,villaFloor,sale,agency,5182.0,https://www.tunisiapromo.com/images/45461.jpg,[],,[],[],0,0,0,1,2,2,[],2024-12-26 20:57:51,2015-08-27 20:57:50,2016-02-19 20:57:50,2015-08-27 20:57:50,1,2026-02-07 14:47:59
838022,Dépôt + studio + villa,,690000.0,500.0,S+3,RDC/Étage de villa,villaFloor,sale,private,176.0,,[],,[],[],0,0,0,1,2,1,[],2024-10-17 11:18:35,2024-10-16 01:35:19,2025-07-18 16:22:33,2024-10-16 01:35:19,1,2026-02-07 14:47:59
332167,Etage de villa titré avec garage.,,260000.0,320.0,S+3,RDC/Étage de villa,villaFloor,sale,private,1263.0,https://www.menzili.tn/upload/photos/2020/06/16/14/40/94zps2ddz4.jpg,[],,[],[],0,0,0,1,2,1,[],2022-01-06 22:24:31,2020-06-16 01:50:17,2020-06-16 15:10:30,2020-06-16 01:50:17,1,2026-02-07 14:47:59
1153420,Étage avec entré séparée,,115000.0,100.0,,RDC/Étage de villa,villaFloor,sale,private,3422.0,https://www.menzili.tn/upload/photos/2022/11/06/22/13/2m9s7t31e7.jpeg,[],,[],[],0,0,0,1,1,1,[],2025-10-18 23:48:39,2022-11-06 23:48:36,2022-11-06 23:48:36,2022-11-06 23:48:36,1,2026-02-07 14:47:59
1180045,A vendre Etage de villa S2 meublé,,620000.0,120.0,S+2,RDC/Étage de villa,villaFloor,sale,agency,3496.0,https://www.mubawab-media.com/ad/8/242/981F/h/gallery_81311838.avif,[],,[],[],0,0,0,1,1,1,[],2025-10-28 18:30:46,2025-10-28 18:30:41,2026-01-27 19:34:09,2025-10-28 18:30:41,1,2026-02-07 14:47:59
895375,Al étage de villa route bareket esehel,,,,S+2,RDC/Étage de villa,villaFloor,sale,agency,5183.0,https://www.tunisiapromo.com/gallery/photo-1-179801.jpg,[],,[],[],0,0,0,1,1,1,[],2024-12-26 22:42:12,2015-01-07 22:41:57,2015-01-08 22:41:57,2015-01-07 22:41:57,1,2026-02-07 14:47:59
1032593,A vendre étage de villa s2 au saidia,,350000.0,297.0,S+2,RDC/Étage de villa,villaFloor,sale,agency,4992.0,https://www.mubawab-media.com/ad/8/160/305F/h/291022642_461054012527568_6301178367245303220_n_80462381.avif,[],,[],[],0,0,0,1,4,2,[],2025-06-11 17:00:16,2025-06-11 16:53:58,2026-01-21 18:40:28,2025-06-11 16:53:58,1,2026-02-07 14:47:59
1167763,Vente rez de chaussée de villa à Radès Mongil,,200000.0,101.0,S+2,RDC/Étage de villa,villaFloor,sale,private,1112.0,https://www.menzili.tn/upload/photos/2022/04/06/21/05/99s4f7s041.jpeg,[],,[],[],0,0,0,1,1,1,[],2025-10-19 01:50:05,2022-04-06 01:50:02,2022-04-06 01:50:02,2022-04-06 01:50:02,1,2026-02-07 14:47:59
907669,A vendre etage de villa entree independante,,135000.0,125.0,S+1,RDC/Étage de villa,villaFloor,sale,private,5175.0,,[],,[],[],0,0,0,1,1,1,[],2024-12-27 01:43:04,2012-10-12 01:42:55,2012-10-12 01:42:55,2012-10-12 01:42:55,1,2026-02-07 14:47:59
1233303,🏠A vendre un spacieux RDC de villa  à Monfleury,,300000.0,450.0,S+5,RDC/Étage de villa,villaFloor,sale,agency,5002.0,56083/28041664_26f67867722b5af2.jpg,[],,[],[],0,0,0,1,3,3,[],2026-01-12 12:00:13,2026-01-12 11:55:56,2026-02-03 12:16:05,2026-01-12 11:55:56,1,2026-02-07 14:47:59
739739,A vendre à sousse à chat meriem,,,,,RDC/Étage de villa,villaFloor,sale,agency,4439.0,https://www.tunisiapromo.com/gallery/photo-2-629897.jpg,[],,[],[],0,0,0,1,1,1,[],2024-04-27 18:52:14,2024-04-27 18:52:13,2024-04-27 18:52:13,2024-04-27 18:52:13,1,2026-02-07 14:47:59
551323,étage villa a vendre,,,160.0,,RDC/Étage de villa,villaFloor,sale,private,4919.0,https://www.menzili.tn/upload/photos/2022/11/13/20/43/2dspd7t391.jpg,[],,[],[],0,0,0,1,7,2,[],2022-11-15 20:08:05,2022-11-13 23:37:17,2023-01-18 16:28:00,2023-01-18 16:28:00,1,2026-02-07 14:47:59
1163677,RDC DE VILLA A EZZAHRA,,320000.0,300.0,S+2,RDC/Étage de villa,villaFloor,sale,agency,934.0,https://www.menzili.tn/upload/photos/2018/01/20/12/38/azsddgv194.jpg,[],,[],[],0,0,0,1,1,1,[],2025-10-19 01:16:07,2018-01-20 01:16:06,2018-01-20 01:16:06,2018-01-20 01:16:06,1,2026-02-07 14:47:59
893341,Un spacieux étage de villa à 10 min de hammamet centre,,95000.0,127.0,S+2,RDC/Étage de villa,villaFloor,sale,agency,3441.0,https://www.tunisiapromo.com/gallery/photo-1-226184.jpg,[],,[],[],0,0,0,1,1,1,[],2024-12-26 22:14:05,2015-08-03 22:13:56,2015-08-03 22:13:56,2015-08-03 22:13:56,1,2026-02-07 14:47:59
1245603,Etage de villa en vente,,155000.0,152.0,S+3,RDC/Étage de villa,villaFloor,sale,agency,3495.0,56155/28077606_dfeeee69170f5fff.jpg,[],,[],[],0,0,0,1,1,1,[],2026-02-04 18:46:26,2026-02-04 18:45:35,2026-02-04 18:45:35,2026-02-04 18:45:35,1,2026-02-07 14:47:59
1194405,Étage de villa spacieux à ouardia 1,,370000.0,280.0,S+4,RDC/Étage de villa,villaFloor,sale,private,4908.0,https://www.mubawab-media.com/ad/8/126/922F/h/1000034254_80116988.avif,[],,[],[],0,0,0,1,10,7,[],2025-04-19 08:00:09,2025-04-19 08:00:06,2026-01-22 04:52:55,2025-05-13 06:50:21,1,2026-02-07 14:47:59
881064,Une étage villa à korb,,148000.0,165.0,S+3,RDC/Étage de villa,villaFloor,sale,agency,3521.0,,[],,[],[],0,0,0,1,1,1,[],2024-12-26 18:18:19,2019-08-02 18:18:11,2019-08-02 18:18:11,2019-08-02 18:18:11,1,2026-02-07 14:47:59
795058,Étage de villa à vendre à Jaouhra soussse,,380000.0,190.0,S+4,RDC/Étage de villa,villaFloor,sale,agency,4586.0,54732/27366188_e1c1c1b1bacadaf8.jpg,[],,[],[],0,0,0,1,2,1,[],2024-07-20 11:24:51,2024-07-20 11:24:51,2026-01-23 04:38:51,2024-07-20 11:24:51,1,2026-02-07 14:47:59
1218995,Etage de villa en vente,,780000.0,398.0,S+3,RDC/Étage de villa,villaFloor,sale,agency,5220.0,https://cdn-media.medialabtc.it/tn/agencies/tuha1/estates/62011/images/352271/detail.jpeg,[],,[],[],0,0,0,1,2,2,[],2025-12-19 17:31:21,2025-12-19 17:18:32,2025-12-20 15:30:49,2025-12-19 17:18:32,1,2026-02-07 14:47:59
1165747,A vendre RDC d'une villa + etage de villa S+3,,480000.0,380.0,S+3,RDC/Étage de villa,villaFloor,sale,private,2825.0,https://www.menzili.tn/upload/photos/2020/06/24/13/36/y91f399isv.jpg,[],,[],[],0,0,0,1,1,1,[],2025-10-19 01:32:55,2020-06-24 01:32:54,2020-06-24 01:32:54,2020-06-24 01:32:54,1,2026-02-07 14:47:59
1231289,Villa de deux étages indépendants à france ville,,1200000.0,628.0,,RDC/Étage de villa,villaFloor,sale,agency,4896.0,56055/28027633_f2b33337b018949c.jpg,[],,[],[],0,0,0,1,1,1,[],2026-01-09 09:45:37,2026-01-09 00:00:00,2026-01-09 00:00:00,2026-01-09 00:00:00,1,2026-02-07 14:47:59
881081,étage de maison a vendre,,97000.0,100.0,S+2,RDC/Étage de villa,villaFloor,sale,agency,3441.0,https://www.tunisiapromo.com/gallery/photo-1-366375.jpg,[],,[],[],0,0,0,1,1,1,[],2024-12-26 18:18:30,2018-11-14 18:18:25,2018-11-14 18:18:25,2018-11-14 18:18:25,1,2026-02-07 14:47:59
620987,Etage de Villa Araujo à Vendre à Borj Louzir,,120000.0,82.0,S+2,RDC/Étage de villa,villaFloor,sale,agency,346.0,http://cdn2.ballouchi.com/800x600/378989-1.jpg,[],,[],[],0,0,0,1,5,1,[],2023-08-14 10:57:05,2023-08-14 00:08:02,2025-08-01 14:20:37,2023-08-14 00:08:02,1,2026-02-07 14:47:59
844220,Étage de villa spacieux à mégrine coteau,,380000.0,195.0,S+5,RDC/Étage de villa,villaFloor,sale,private,991.0,http://tunisie-annonce.com/upload2/202510/tunisie-annonce.com/photos/784475_20251021_145720.jpg,[],,[],[],0,0,0,1,5,1,[],2024-06-08 13:10:07,2024-06-08 13:10:07,2025-10-21 14:15:29,2024-10-23 10:00:35,1,2026-02-07 14:47:59
891322,étage de villa en face royal mansour,,280000.0,220.0,S+3,RDC/Étage de villa,villaFloor,sale,agency,2818.0,https://www.tunisiapromo.com/gallery/photo-1-244590.jpg,[],,"[{""sourceId"": 4, ""url"": ""https://www.tunisiapromo.com/annonce/etage-de-villa-en-face-royal-mansour-z48353.html"", ""price"": 280000, ""sellerType"": ""agency"", ""lastModified"": ""2015-12-11 20:58:29""}]",[],1,1,0,1,1,1,[],2024-12-26 20:58:34,2015-12-11 20:58:29,2015-12-11 20:58:29,2015-12-11 20:58:29,1,2026-02-07 14:47:59
53694,Etage de Villa Bonaire à Vendre à La Marsa Enassim,,830000.0,200.0,,RDC/Étage de villa,villaFloor,sale,agency,5217.0,https://www.menzili.tn/upload/photos/2023/02/20/11/29/3bmhnv0q2s.jpg,[],,[],[],0,0,0,1,5,1,[],2023-02-20 10:36:11,2023-02-20 01:08:35,2024-03-20 12:38:58,2023-02-20 01:08:35,1,2026-02-07 14:47:59
1161662,Un spacieux Etage de villa à sahloul,,890000.0,453.0,S+3,RDC/Étage de villa,villaFloor,sale,agency,4590.0,https://www.menzili.tn/upload/photos/2019/09/12/18/14/fni2d7v621.jpg,[],,"[{""sourceId"": 13, ""url"": ""https://www.menzili.tn/annonce/annonce-21560"", ""price"": 890000, ""sellerType"": ""agency"", ""lastModified"": ""2019-09-12 00:54:04""}]",[],1,1,0,1,1,1,[],2025-10-19 00:54:06,2019-09-12 00:54:04,2019-09-12 00:54:04,2019-09-12 00:54:04,1,2026-02-07 14:47:59
897474,Urgent villa de campagne avec courette vue de mer,,295000.0,1200.0,S+5,RDC/Étage de villa,villaFloor,sale,agency,3452.0,https://www.tunisiapromo.com/gallery/photo-1-124802.jpg,[],,"[{""sourceId"": 4, ""url"": ""https://www.tunisiapromo.com/annonce/urgent-villa-de-campagne-avec-courette-vue-de-mer-z26958.html"", ""price"": 295000, ""sellerType"": ""agency"", ""lastModified"": ""2014-06-24 23:29:06""}]",[],1,1,0,1,3,3,[],2024-12-26 23:29:08,2014-01-21 00:05:04,2014-06-24 23:29:06,2014-01-21 00:05:04,1,2026-02-07 14:47:59
879043,Rdc d'une villa à kharrouba hammamet,,350000.0,315.0,,RDC/Étage de villa,villaFloor,sale,agency,3331.0,https://www.tunisiapromo.com/gallery/photo-1-364458.jpg,[],,[],[],0,0,0,1,1,1,[],2024-12-26 17:43:26,2018-11-06 17:43:17,2018-11-06 17:43:17,2018-11-06 17:43:17,1,2026-02-07 14:47:59
1182148,Duplex à deux étages indépendants,,230000.0,400.0,,RDC/Étage de villa,villaFloor,sale,private,2458.0,,[],,"[{""sourceId"": 13, ""url"": ""https://www.menzili.tn/annonce/annonce-143126"", ""price"": 230000, ""sellerType"": ""private"", ""lastModified"": ""2025-06-01 02:18:17""}]",[],1,1,0,1,1,1,[],2025-10-31 02:18:20,2025-06-01 02:18:17,2025-06-01 02:18:17,2025-06-01 02:18:17,1,2026-02-07 14:47:59
14788,Etage de villa Nude à Vendre à Gammarth Forét,,480000.0,270.0,S+4,RDC/Étage de villa,villaFloor,sale,agency,5290.0,https://www.menzili.tn/upload/photos/2022/07/07/10/16/1964n9q95i.jpg,[],,"[{""sourceId"": 13, ""url"": ""https://www.menzili.tn/annonce/annonce-91399"", ""price"": 480000, ""sellerType"": ""agency"", ""lastModified"": ""2022-07-07 00:50:08""}]",[],1,1,0,1,4,1,[],2022-07-07 09:07:28,2022-07-07 00:50:08,2024-01-20 12:38:17,2022-07-07 00:50:08,1,2026-02-07 14:47:59
1219015,Étage de villa s3 à morneg,"lagence immobilière vous propose à la vente un étage de villa de type s+3 situé au premier étage, à morneg. cet espace se compose de deux salons spacieux offrant une belle luminosité, de trois chambres à coucher confortables, dune salle de bain, dune salle deau ainsi que dune seconde salle deau dédiée aux invités.",290000.0,370.0,S+3,RDC/Étage de villa,villaFloor,sale,agency,1080.0,,[],,"[{""sourceId"": 1, ""url"": ""http://www.tunisie-annonce.com/DetailsAnnonceImmobilier.asp?cod_ann=3441909"", ""price"": 290000, ""sellerType"": ""agency"", ""lastModified"": ""2025-12-19 00:00:00""}]","[{""sellerType"": ""agency"", ""contactName"": null, ""active"": true}]",1,1,1,1,1,1,[],2025-12-19 18:15:32,2025-12-19 00:00:00,2025-12-19 00:00:00,2025-12-19 00:00:00,1,2026-02-07 14:47:59
860622,RDC Villa Gaya A Vendre A Raoued,"Deux RDC de villa située dans un bon quartier à raoued . A chaque RDC  on trouve un grand salon , une cuisine equipée avec séchoir , 2 chambres à coucher et une salle de bain . A l'extérieur on a une petite terrasse et un garage .   Pour tous les renseignements, Contacter l'agent sur le <a type=""phone"">+21658XXXXXX</a>.",350000.0,250.0,S+2,RDC/Étage de villa,villaFloor,sale,agency,455.0,https://www.menzili.tn/upload/photos/2023/01/14/10/30/5psd00q281.jpg,"[""https://www.menzili.tn/upload/photos/2023/01/14/10/30/5psd00q281.jpg"", ""https://www.menzili.tn/upload/photos/2023/01/14/10/30/dsfqtgi226.jpg"", ""https://www.menzili.tn/upload/photos/2023/01/14/10/30/ya4dq726s1.jpg"", ""https://www.menzili.tn/upload/photos/2023/01/14/10/30/4n23q996e4.jpg"", ""https://www.menzili.tn/upload/photos/2023/01/14/10/30/91z13q274v.jpg"", ""https://www.menzili.tn/upload/photos/2023/01/14/10/30/2jpds6qd61.jpg"", ""https://www.menzili.tn/upload/photos/2023/01/14/10/30/ajf39t32sz.jpg"", ""https://www.menzili.tn/upload/photos/2023/01/14/10/30/e24s2qqd2e.jpg""]","[{""url"": ""https://www.menzili.tn/upload/photos/2023/01/14/10/30/5psd00q281.jpg"", ""sourceId"": 13, ""adUrl"": ""https://www.menzili.tn/annonce/annonce-107004""}, {""url"": ""https://www.menzili.tn/upload/photos/2023/01/14/10/30/dsfqtgi226.jpg"", ""sourceId"": 13, ""adUrl"": ""https://www.menzili.tn/annonce/annonce-107004""}, {""url"": ""https://www.menzili.tn/upload/photos/2023/01/14/10/30/ya4dq726s1.jpg"", ""sourceId"": 13, ""adUrl"": ""https://www.menzili.tn/annonce/annonce-107004""}, {""url"": ""https://www.menzili.tn/upload/photos/2023/01/14/10/30/4n23q996e4.jpg"", ""sourceId"": 13, ""adUrl"": ""https://www.menzili.tn/annonce/annonce-107004""}, {""url"": ""https://www.menzili.tn/upload/photos/2023/01/14/10/30/91z13q274v.jpg"", ""sourceId"": 13, ""adUrl"": ""https://www.menzili.tn/annonce/annonce-107004""}, {""url"": ""https://www.menzili.tn/upload/photos/2023/01/14/10/30/2jpds6qd61.jpg"", ""sourceId"": 13, ""adUrl"": ""https://www.menzili.tn/annonce/annonce-107004""}, {""url"": ""https://www.menzili.tn/upload/photos/2023/01/14/10/30/ajf39t32sz.jpg"", ""sourceId"": 13, ""adUrl"": ""https://www.menzili.tn/annonce/annonce-107004""}, {""url"": ""https://www.menzili.tn/upload/photos/2023/01/14/10/30/e24s2qqd2e.jpg"", ""sourceId"": 13, ""adUrl"": ""https://www.menzili.tn/annonce/annonce-107004""}]","[{""sourceId"": 13, ""url"": ""https://www.menzili.tn/annonce/annonce-107004"", ""price"": 350000, ""sellerType"": ""agency"", ""lastModified"": ""2023-01-14 00:48:12""}]","[{""sellerType"": ""agency"", ""contactName"": ""Home Sweet Home"", ""active"": true}]",1,1,1,1,2,1,[],2024-11-29 09:45:13,2023-01-14 00:48:12,2024-11-29 09:45:08,2024-11-29 09:45:08,1,2026-02-07 14:47:59
895441,Av immeuble à hammamet composée de 3 appartements,"Propriété à vendre à hammamet avec prix intéressant
Immeuble  composé de RDC et un étage fini, un 2ème étage inachevé, garage, espace jardin
Elle se situe sur une route principale et proche des commodités
Superficie de terrain : 320m²
Superficie couverte de chaque étage : 135m² 
Chaque étage composé de salon, 3 chambres à coucher, cuisine, salle d’eau
Prix ; 270MD
Pour plus d’informations, veuillez nous contacter sur
<a type=""phone"">+21624XXXXXX</a> ou <a type=""phone"">+21624XXXXXX</a> ou <a type=""phone"">+21626XXXXXX</a>",270000.0,320.0,S+3,RDC/Étage de villa,villaFloor,sale,agency,3479.0,https://www.tunisiapromo.com/gallery/photo-1-180196.jpg,"[""https://www.tunisiapromo.com/gallery/photo-1-180196.jpg"", ""https://www.tunisiapromo.com/gallery/photo-2-180197.jpg"", ""https://www.tunisiapromo.com/gallery/photo-3-180198.jpg"", ""https://www.tunisiapromo.com/gallery/photo-4-180199.jpg"", ""https://www.tunisiapromo.com/gallery/photo-5-180200.jpg"", ""https://www.tunisiapromo.com/gallery/photo-6-180201.jpg"", ""https://www.tunisiapromo.com/gallery/photo-7-180202.jpg"", ""https://www.tunisiapromo.com/gallery/photo-8-180203.jpg"", ""https://www.tunisiapromo.com/gallery/photo-7-148347.jpg""]","[{""url"": ""https://www.tunisiapromo.com/gallery/photo-1-180196.jpg"", ""sourceId"": 4, ""adUrl"": ""https://www.tunisiapromo.com/annonce/av-immeuble-a-hammamet-composee-de-3-appartements-z36758.html""}, {""url"": ""https://www.tunisiapromo.com/gallery/photo-2-180197.jpg"", ""sourceId"": 4, ""adUrl"": ""https://www.tunisiapromo.com/annonce/av-immeuble-a-hammamet-composee-de-3-appartements-z36758.html""}, {""url"": ""https://www.tunisiapromo.com/gallery/photo-3-180198.jpg"", ""sourceId"": 4, ""adUrl"": ""https://www.tunisiapromo.com/annonce/av-immeuble-a-hammamet-composee-de-3-appartements-z36758.html""}, {""url"": ""https://www.tunisiapromo.com/gallery/photo-4-180199.jpg"", ""sourceId"": 4, ""adUrl"": ""https://www.tunisiapromo.com/annonce/av-immeuble-a-hammamet-composee-de-3-appartements-z36758.html""}, {""url"": ""https://www.tunisiapromo.com/gallery/photo-5-180200.jpg"", ""sourceId"": 4, ""adUrl"": ""https://www.tunisiapromo.com/annonce/av-immeuble-a-hammamet-composee-de-3-appartements-z36758.html""}, {""url"": ""https://www.tunisiapromo.com/gallery/photo-6-180201.jpg"", ""sourceId"": 4, ""adUrl"": ""https://www.tunisiapromo.com/annonce/av-immeuble-a-hammamet-composee-de-3-appartements-z36758.html""}, {""url"": ""https://www.tunisiapromo.com/gallery/photo-7-180202.jpg"", ""sourceId"": 4, ""adUrl"": ""https://www.tunisiapromo.com/annonce/av-immeuble-a-hammamet-composee-de-3-appartements-z36758.html""}, {""url"": ""https://www.tunisiapromo.com/gallery/photo-8-180203.jpg"", ""sourceId"": 4, ""adUrl"": ""https://www.tunisiapromo.com/annonce/av-immeuble-a-hammamet-composee-de-3-appartements-z36758.html""}, {""url"": ""https://www.tunisiapromo.com/gallery/photo-7-148347.jpg"", ""sourceId"": 4, ""adUrl"": ""https://www.tunisiapromo.com/annonce/av-a-hammamet-un-immeuble-compose-de-rdc-et-un-etage-fini-z31574.html""}]","[{""sourceId"": 4, ""url"": ""https://www.tunisiapromo.com/annonce/av-immeuble-a-hammamet-composee-de-3-appartements-z36758.html"", ""price"": 270000, ""sellerType"": ""agency"", ""lastModified"": ""2015-01-08 22:43:01""}]","[{""sellerType"": ""agency"", ""contactName"": ""aaaa"", ""active"": true}]",1,1,1,1,2,2,[],2024-12-26 22:43:16,2014-09-22 23:20:08,2015-01-08 22:43:01,2014-09-22 23:20:08,1,2026-02-07 14:47:59
1173972,Bel étage de villa à vendre à Hammamet,"#A_VENDREChez notre agence#MS_IMMOBILIER Un magnifique #Etage_de_villa au 1er étage de style S+3 dans un quartier chic et #résidentiel à #Hammamet_centre_ville à 500 m de la #plage

Une véranda et un séchoir

Superficie : 140 m²

Prix: 275 MD

Réf: MH067

Pour plus d’informations contactez-nous sur <a type=""phone"">+21651XXXXXX</a>

Visite des biens disponible 7/7

Site web : https://www.ms-immobilier.tn",275000.0,140.0,S+3,RDC/Étage de villa,villaFloor,sale,agency,3479.0,http://cdn2.ballouchi.com/800x600/362795-1.jpg,"[""https://server.bigdatis.com/api/properties/image/305618569"", ""https://server.bigdatis.com/api/properties/image/305618570"", ""https://server.bigdatis.com/api/properties/image/305618571"", ""https://server.bigdatis.com/api/properties/image/305618572"", ""https://server.bigdatis.com/api/properties/image/305618573"", ""https://server.bigdatis.com/api/properties/image/305618574"", ""https://server.bigdatis.com/api/properties/image/305618575""]","[{""url"": ""https://server.bigdatis.com/api/properties/image/305618569"", ""sourceId"": 3, ""adUrl"": ""https://www.ballouchi.com/annonces/immobilier/villas/bel-etage-de-villa-a-vendre-a-hammamet-51355351-5.html""}, {""url"": ""https://server.bigdatis.com/api/properties/image/305618570"", ""sourceId"": 3, ""adUrl"": ""https://www.ballouchi.com/annonces/immobilier/villas/bel-etage-de-villa-a-vendre-a-hammamet-51355351-5.html""}, {""url"": ""https://server.bigdatis.com/api/properties/image/305618571"", ""sourceId"": 3, ""adUrl"": ""https://www.ballouchi.com/annonces/immobilier/villas/bel-etage-de-villa-a-vendre-a-hammamet-51355351-5.html""}, {""url"": ""https://server.bigdatis.com/api/properties/image/305618572"", ""sourceId"": 3, ""adUrl"": ""https://www.ballouchi.com/annonces/immobilier/villas/bel-etage-de-villa-a-vendre-a-hammamet-51355351-5.html""}, {""url"": ""https://server.bigdatis.com/api/properties/image/305618573"", ""sourceId"": 3, ""adUrl"": ""https://www.ballouchi.com/annonces/immobilier/villas/bel-etage-de-villa-a-vendre-a-hammamet-51355351-5.html""}, {""url"": ""https://server.bigdatis.com/api/properties/image/305618574"", ""sourceId"": 3, ""adUrl"": ""https://www.ballouchi.com/annonces/immobilier/villas/bel-etage-de-villa-a-vendre-a-hammamet-51355351-5.html""}, {""url"": ""https://server.bigdatis.com/api/properties/image/305618575"", ""sourceId"": 3, ""adUrl"": ""https://www.ballouchi.com/annonces/immobilier/villas/bel-etage-de-villa-a-vendre-a-hammamet-51355351-5.html""}]","[{""sourceId"": 3, ""url"": ""https://www.ballouchi.com/annonces/immobilier/villas/bel-etage-de-villa-a-vendre-a-hammamet-51355351-5.html"", ""price"": 275000, ""sellerType"": ""agency"", ""lastModified"": ""2023-01-25 23:41:21""}]","[{""sellerType"": ""agency"", ""contactName"": ""MSIMMOBILIERHEJER"", ""active"": true}]",1,1,1,1,31,5,[],2022-07-18 12:48:24,2022-07-18 12:47:57,2023-05-14 15:06:03,2022-07-18 12:47:57,1,2026-02-07 14:47:59
897497,Riad de luxe de 248 m,"Ryad avec surface de 248 m² se compose de : 
RDC : 
Entrée : 11m² 		Séjour : 53m² 		Cuisine : 12m² 
L.T : 8m² 		Ch Service : 8m² 	Chbr1 : 22m²
SDB1 : 7m²		Terrasse RDC : 71 m² 
Total RDC : 135 m²
1er Etage : 
Hall : 6m² 		Chbr2 : 29m² 		Sdb2 : 13m²
Chbr3: 28m²		Sdb3 : 8m²		Terrasse 2 :  16 m² 
Total 1er étage : 100 m²
2ème Etage: 
Hall  : 3m²  		Terrasse : 55m²
Total 2ème étage : 58 m²
Piscine : 39 m²",,12.0,,RDC/Étage de villa,villaFloor,sale,private,245.0,https://www.tunisiapromo.com/gallery/photo-1-113621.jpg,"[""https://www.tunisiapromo.com/gallery/photo-1-113621.jpg"", ""https://www.tunisiapromo.com/gallery/photo-2-113622.jpg"", ""https://www.tunisiapromo.com/gallery/photo-3-113623.jpg"", ""https://www.tunisiapromo.com/gallery/photo-4-113624.jpg""]","[{""url"": ""https://www.tunisiapromo.com/gallery/photo-1-113621.jpg"", ""sourceId"": 4, ""adUrl"": ""https://www.tunisiapromo.com/annonce/riad-de-luxe-de-248-m-z24945.html""}, {""url"": ""https://www.tunisiapromo.com/gallery/photo-2-113622.jpg"", ""sourceId"": 4, ""adUrl"": ""https://www.tunisiapromo.com/annonce/riad-de-luxe-de-248-m-z24945.html""}, {""url"": ""https://www.tunisiapromo.com/gallery/photo-3-113623.jpg"", ""sourceId"": 4, ""adUrl"": ""https://www.tunisiapromo.com/annonce/riad-de-luxe-de-248-m-z24945.html""}, {""url"": ""https://www.tunisiapromo.com/gallery/photo-4-113624.jpg"", ""sourceId"": 4, ""adUrl"": ""https://www.tunisiapromo.com/annonce/riad-de-luxe-de-248-m-z24945.html""}]","[{""sourceId"": 4, ""url"": ""https://www.tunisiapromo.com/annonce/riad-de-luxe-de-248-m-z24945.html"", ""price"": null, ""sellerType"": ""private"", ""lastModified"": ""2014-06-17 23:29:39""}]","[{""sellerType"": ""private"", ""contactName"": ""Eurafrim"", ""active"": true}]",1,1,1,1,1,1,[],2024-12-26 23:29:50,2014-05-13 23:29:39,2014-06-17 23:29:39,2014-05-13 23:29:39,1,2026-02-07 14:47:59
383450,Offre a ne pas rater villa A vendre en face clinique Bardo,"Villa de 4 étages en face de clinique Bardo sur la route principale d'une Superficie : 210 m².

Il se compose de  4 étages : 

R.D.C contient : S+2

1 er étage : S+3 

2 ème étage : S+3 

3 ème étage contient un Studio S+1

Prix : 750 MD négociable 

Pour plus d'informations contacter notre agence sur le : <a type=""phone"">+21622XXXXXX</a> - <a type=""phone"">+21624XXXXXX</a>",750000.0,210.0,,RDC/Étage de villa,villaFloor,sale,agency,4988.0,https://www.menzili.tn/upload/photos/2021/12/07/11/33/j5etqdi471.jpg,"[""https://www.menzili.tn/upload/photos/2021/12/07/11/33/j5etqdi471.jpg"", ""https://www.menzili.tn/upload/photos/2021/12/07/11/33/25d67d9214.jpg"", ""https://www.menzili.tn/upload/photos/2021/12/07/11/33/2d364zsimv.jpg"", ""https://www.menzili.tn/upload/photos/2021/12/07/11/33/9ms67mqq3s.jpg"", ""https://www.menzili.tn/upload/photos/2021/12/07/11/34/jbn06m29g6.jpg"", ""https://www.menzili.tn/upload/photos/2021/12/07/11/34/fnsim761e7.jpg"", ""https://www.menzili.tn/upload/photos/2021/12/07/11/34/b2m94t9se4.jpg"", ""https://www.menzili.tn/upload/photos/2021/12/07/11/34/272zsqqo9z.jpg"", ""https://www.menzili.tn/upload/photos/2021/12/07/11/34/43dsdis8e1.jpg"", ""https://www.menzili.tn/upload/photos/2021/12/07/11/34/8enqdsq976.jpg""]","[{""url"": ""https://www.menzili.tn/upload/photos/2021/12/07/11/33/j5etqdi471.jpg"", ""sourceId"": 13, ""adUrl"": ""https://www.menzili.tn/annonce/annonce-74731""}, {""url"": ""https://www.menzili.tn/upload/photos/2021/12/07/11/33/25d67d9214.jpg"", ""sourceId"": 13, ""adUrl"": ""https://www.menzili.tn/annonce/annonce-74731""}, {""url"": ""https://www.menzili.tn/upload/photos/2021/12/07/11/33/2d364zsimv.jpg"", ""sourceId"": 13, ""adUrl"": ""https://www.menzili.tn/annonce/annonce-74731""}, {""url"": ""https://www.menzili.tn/upload/photos/2021/12/07/11/33/9ms67mqq3s.jpg"", ""sourceId"": 13, ""adUrl"": ""https://www.menzili.tn/annonce/annonce-74731""}, {""url"": ""https://www.menzili.tn/upload/photos/2021/12/07/11/34/jbn06m29g6.jpg"", ""sourceId"": 13, ""adUrl"": ""https://www.menzili.tn/annonce/annonce-74731""}, {""url"": ""https://www.menzili.tn/upload/photos/2021/12/07/11/34/fnsim761e7.jpg"", ""sourceId"": 13, ""adUrl"": ""https://www.menzili.tn/annonce/annonce-74731""}, {""url"": ""https://www.menzili.tn/upload/photos/2021/12/07/11/34/b2m94t9se4.jpg"", ""sourceId"": 13, ""adUrl"": ""https://www.menzili.tn/annonce/annonce-74731""}, {""url"": ""https://www.menzili.tn/upload/photos/2021/12/07/11/34/272zsqqo9z.jpg"", ""sourceId"": 13, ""adUrl"": ""https://www.menzili.tn/annonce/annonce-74731""}, {""url"": ""https://www.menzili.tn/upload/photos/2021/12/07/11/34/43dsdis8e1.jpg"", ""sourceId"": 13, ""adUrl"": ""https://www.menzili.tn/annonce/annonce-74731""}, {""url"": ""https://www.menzili.tn/upload/photos/2021/12/07/11/34/8enqdsq976.jpg"", ""sourceId"": 13, ""adUrl"": ""https://www.menzili.tn/annonce/annonce-74731""}]","[{""sourceId"": 13, ""url"": ""https://www.menzili.tn/annonce/annonce-74731"", ""price"": 750000, ""sellerType"": ""agency"", ""lastModified"": ""2021-12-07 01:22:43""}]","[{""sellerType"": ""agency"", ""contactName"": ""Agence immobilière ezemezmi"", ""active"": true}]",1,1,1,1,4,1,[],2022-01-06 19:00:55,2021-11-19 15:08:22,2022-08-19 00:06:53,2021-11-19 15:08:22,1,2026-02-07 14:47:59
647643,Étage de Villa à Sidi Salem,"Votre Agence Immobilière SAIEK et Belhouane vous propose en vente un étage de villa Vue Sur Mer à Sidi Salem Bizerte.
Composé d’un Sallon, d’une Chambre à Coucher, Cuisine, Salle de bain, Balcon.
L’étage et proche de tous les Commodités et 5 minutes à la Plage.

Étage de Villa à Sidi Salem : Vue Sur Mer à Bizerte !

Vous cherchez un endroit paisible et proche de la mer pour vivre ou investir ? Ne cherchez plus ! Votre agence immobilière vous propose en vente un étage de villa avec vue imprenable sur la mer, situé à Sidi Salem, Bizerte.

Un cadre de vie idéal

Cet étage de villa est composé d'un salon spacieux, d'une chambre à coucher confortable, d'une cuisine équipée, d'une salle de bain et d'un balcon avec vue sur la mer. Profitez du soleil et de la brise marine tout en étant proche de toutes les commodités.

Emplacement stratégique

L'étage est situé à seulement 5 minutes à pied de la plage, vous permettant de profiter des activités nautiques et de la détente au bord de l'eau. De plus, vous êtes proche de tous les commerces et services essentiels.

Informations clés

Un investissement ou un lieu de vie idéal

Que vous soyez à la recherche d'un lieu de vie ou d'un investissement immobilier, cet étage de villa à Sidi Salem est une opportunité à ne pas manquer. Profitez de la quiétude et de la beauté de la région de Bizerte.

Découvrez votre nouveau chez-vous !

Venez découvrir cet étage de villa avec vue sur mer à Sidi Salem, Bizerte. Un cadre de vie paisible et proche de la mer vous attend !",200000.0,102.0,S+3,RDC/Étage de villa,villaFloor,sale,agency,1129.0,https://www.bnb.tn/wp-content/uploads/2023/10/thumb_672435_property_xlarge-768x1024.jpeg,"[""https://www.bnb.tn/wp-content/uploads/2023/10/thumb_672435_property_xlarge-768x1024.jpeg"", ""https://www.bnb.tn/wp-content/uploads/2023/10/thumb_672437_property_xlarge-1-768x1024.jpeg"", ""https://www.bnb.tn/wp-content/uploads/2023/10/thumb_672439_property_xlarge-1-768x1024.jpeg"", ""https://www.bnb.tn/wp-content/uploads/2023/10/thumb_672438_property_xlarge-1-768x1024.jpeg"", ""https://www.bnb.tn/wp-content/uploads/2023/10/thumb_672441_property_xlarge-1-768x1024.jpeg"", ""https://www.bnb.tn/wp-content/uploads/2023/10/thumb_672442_property_xlarge-1-768x1024.jpeg""]","[{""url"": ""https://www.bnb.tn/wp-content/uploads/2023/10/thumb_672435_property_xlarge-768x1024.jpeg"", ""sourceId"": 8, ""adUrl"": ""https://www.bnb.tn/properties/etage-de-villa-a-sidi-salem-1491a/""}, {""url"": ""https://www.bnb.tn/wp-content/uploads/2023/10/thumb_672437_property_xlarge-1-768x1024.jpeg"", ""sourceId"": 8, ""adUrl"": ""https://www.bnb.tn/properties/etage-de-villa-a-sidi-salem-1491a/""}, {""url"": ""https://www.bnb.tn/wp-content/uploads/2023/10/thumb_672439_property_xlarge-1-768x1024.jpeg"", ""sourceId"": 8, ""adUrl"": ""https://www.bnb.tn/properties/etage-de-villa-a-sidi-salem-1491a/""}, {""url"": ""https://www.bnb.tn/wp-content/uploads/2023/10/thumb_672438_property_xlarge-1-768x1024.jpeg"", ""sourceId"": 8, ""adUrl"": ""https://www.bnb.tn/properties/etage-de-villa-a-sidi-salem-1491a/""}, {""url"": ""https://www.bnb.tn/wp-content/uploads/2023/10/thumb_672441_property_xlarge-1-768x1024.jpeg"", ""sourceId"": 8, ""adUrl"": ""https://www.bnb.tn/properties/etage-de-villa-a-sidi-salem-1491a/""}, {""url"": ""https://www.bnb.tn/wp-content/uploads/2023/10/thumb_672442_property_xlarge-1-768x1024.jpeg"", ""sourceId"": 8, ""adUrl"": ""https://www.bnb.tn/properties/etage-de-villa-a-sidi-salem-1491a/""}]","[{""sourceId"": 8, ""url"": ""https://www.bnb.tn/properties/etage-de-villa-a-sidi-salem-1491a/"", ""price"": 200000, ""sellerType"": ""agency"", ""lastModified"": ""2025-08-06 14:46:45""}]","[{""sellerType"": ""agency"", ""contactName"": null, ""active"": true}]",1,1,1,1,4,3,[],2023-02-07 18:18:06,2023-02-07 18:18:06,2025-08-06 14:46:45,2023-02-07 18:18:06,1,2026-02-07 14:47:59
897499,Riad de 346 m à marrakech,"Ryad avec surface de 346 m² qui se compose de :
RDC : 				
Entrée : 9m² 	Cuisine : 14m²  		Séjour : 62m²		Chbr1 : 21m²
Rgt : 5m²	Sdb1 : 6m²		Dgt : 5m²		Lt : 2m²
Chbr Service : 9m²	Terrasse Rdc : 50m²		
Total RDC : 133m²
1er Etage : 
Salon : 22m² 		Chbr2 : 26m²		Sdb2 :13m² 	
Terrasse 2: 7m² 		Chrb3 : 22m² 		Sdb3 :5m²
Total 1er étage : 95m²
2ème Etage :
Chbr4 :19m²		Sdb 4 : 6m² 		Terrasse 4 : 41m²
Kitchenette : 3 m² 			
Total 2ème étage : 69m²

Piscine : 34 m²",,22.0,,RDC/Étage de villa,villaFloor,sale,private,4616.0,https://www.tunisiapromo.com/gallery/photo-1-113617.jpg,"[""https://www.tunisiapromo.com/gallery/photo-1-113617.jpg"", ""https://www.tunisiapromo.com/gallery/photo-2-113618.jpg"", ""https://www.tunisiapromo.com/gallery/photo-3-113619.jpg"", ""https://www.tunisiapromo.com/gallery/photo-4-113620.jpg""]","[{""url"": ""https://www.tunisiapromo.com/gallery/photo-1-113617.jpg"", ""sourceId"": 4, ""adUrl"": ""https://www.tunisiapromo.com/annonce/riad-de-346-m-a-marrakech-z24944.html""}, {""url"": ""https://www.tunisiapromo.com/gallery/photo-2-113618.jpg"", ""sourceId"": 4, ""adUrl"": ""https://www.tunisiapromo.com/annonce/riad-de-346-m-a-marrakech-z24944.html""}, {""url"": ""https://www.tunisiapromo.com/gallery/photo-3-113619.jpg"", ""sourceId"": 4, ""adUrl"": ""https://www.tunisiapromo.com/annonce/riad-de-346-m-a-marrakech-z24944.html""}, {""url"": ""https://www.tunisiapromo.com/gallery/photo-4-113620.jpg"", ""sourceId"": 4, ""adUrl"": ""https://www.tunisiapromo.com/annonce/riad-de-346-m-a-marrakech-z24944.html""}]","[{""sourceId"": 4, ""url"": ""https://www.tunisiapromo.com/annonce/riad-de-346-m-a-marrakech-z24944.html"", ""price"": null, ""sellerType"": ""private"", ""lastModified"": ""2014-06-17 23:29:38""}]","[{""sellerType"": ""private"", ""contactName"": ""Eurafrim"", ""active"": true}]",1,1,1,1,1,1,[],2024-12-26 23:29:50,2014-05-13 23:29:38,2014-06-17 23:29:38,2014-05-13 23:29:38,1,2026-02-07 14:47:59
946654,À vendre Charmante Demeure à Hammamet,Découvrez cette superbe propriété qui allie confort moderne et élégance composée de Espaces généreux 7 suites offrant une flexibilité d’aménagement. Profitez de 3 suites au rez-de-jardin avec accès direct à la piscine 1 au rez-de-chaussée et 3 au premier étage. Cuisine moderne Une cuisine intérieure entièrement équipée. Salons lumineux Quatre salons de séjour spacieux doté de cheminée créent des espaces chaleureux. Commodités pratiques Une buanderie fonctionnelle au sous-sol et une cave pour un rangement optimal. Espace extérieur attrayant Cuisine extérieure bien équipée et cuisine de grillade idéales pour des repas en plein air accompagnées d’une piscine de 8m x 4m parfaite pour se rafraîchir et se détendre. Jardin paysager Un jardin luxuriant et soigneusement entretenu.,2800000.0,996.0,,RDC/Étage de villa,villaFloor,sale,agency,3479.0,https://www.mubawab-media.com/ad/8/100/314F/h/thumb_657260_property_large_79848527.avif,"[""https://www.mubawab-media.com/ad/8/100/314F/h/thumb_657260_property_large_79848527.avif"", ""https://www.mubawab-media.com/ad/8/100/314F/h/thumb_657267_property_large_79848528.avif"", ""https://www.mubawab-media.com/ad/8/100/314F/h/thumb_657269_property_large_79848529.avif"", ""https://www.mubawab-media.com/ad/8/100/314F/h/thumb_657268_property_large_79848530.avif"", ""https://www.mubawab-media.com/ad/8/100/314F/h/thumb_657273_property_large_79848531.avif"", ""https://www.mubawab-media.com/ad/8/100/314F/h/thumb_657266_property_large_79848532.avif"", ""https://www.mubawab-media.com/ad/8/100/314F/h/thumb_657271_property_large_79848533.avif"", ""https://www.mubawab-media.com/ad/8/100/314F/h/thumb_657272_property_large_79848534.avif""]","[{""url"": ""https://www.mubawab-media.com/ad/8/100/314F/h/thumb_657260_property_large_79848527.avif"", ""sourceId"": 5, ""adUrl"": ""https://www.mubawab.tn/fr/a/8100314/%C3%A0-vendre-charmante-demeure-%C3%A0-hammamet""}, {""url"": ""https://www.mubawab-media.com/ad/8/100/314F/h/thumb_657267_property_large_79848528.avif"", ""sourceId"": 5, ""adUrl"": ""https://www.mubawab.tn/fr/a/8100314/%C3%A0-vendre-charmante-demeure-%C3%A0-hammamet""}, {""url"": ""https://www.mubawab-media.com/ad/8/100/314F/h/thumb_657269_property_large_79848529.avif"", ""sourceId"": 5, ""adUrl"": ""https://www.mubawab.tn/fr/a/8100314/%C3%A0-vendre-charmante-demeure-%C3%A0-hammamet""}, {""url"": ""https://www.mubawab-media.com/ad/8/100/314F/h/thumb_657268_property_large_79848530.avif"", ""sourceId"": 5, ""adUrl"": ""https://www.mubawab.tn/fr/a/8100314/%C3%A0-vendre-charmante-demeure-%C3%A0-hammamet""}, {""url"": ""https://www.mubawab-media.com/ad/8/100/314F/h/thumb_657273_property_large_79848531.avif"", ""sourceId"": 5, ""adUrl"": ""https://www.mubawab.tn/fr/a/8100314/%C3%A0-vendre-charmante-demeure-%C3%A0-hammamet""}, {""url"": ""https://www.mubawab-media.com/ad/8/100/314F/h/thumb_657266_property_large_79848532.avif"", ""sourceId"": 5, ""adUrl"": ""https://www.mubawab.tn/fr/a/8100314/%C3%A0-vendre-charmante-demeure-%C3%A0-hammamet""}, {""url"": ""https://www.mubawab-media.com/ad/8/100/314F/h/thumb_657271_property_large_79848533.avif"", ""sourceId"": 5, ""adUrl"": ""https://www.mubawab.tn/fr/a/8100314/%C3%A0-vendre-charmante-demeure-%C3%A0-hammamet""}, {""url"": ""https://www.mubawab-media.com/ad/8/100/314F/h/thumb_657272_property_large_79848534.avif"", ""sourceId"": 5, ""adUrl"": ""https://www.mubawab.tn/fr/a/8100314/%C3%A0-vendre-charmante-demeure-%C3%A0-hammamet""}]","[{""sourceId"": 5, ""url"": ""https://www.mubawab.tn/fr/a/8100314/%C3%A0-vendre-charmante-demeure-%C3%A0-hammamet"", ""price"": 2800000, ""sellerType"": ""agency"", ""lastModified"": ""2026-02-05 03:34:42""}]","[{""sellerType"": ""agency"", ""contactName"": ""Zitouna Immobilier"", ""active"": true}]",1,1,1,1,1,1,[],2025-02-25 16:15:32,2025-02-25 16:15:32,2026-02-05 03:34:42,2025-02-25 16:15:32,1,2026-02-07 14:47:59
1165793,Etage de Villa Amigos à Vendre à Ben Arous,"Un 1 er étage de villa situé dans un quartier résidentiel au centre ville de Ben Arous. A L'étage, on trouve un salon avec balcon, un séjour, une cuisine équipée, une salle de bain, une suite parental et 3 chambres . A l'extérieur, on a une terrasse, un jardin et un garage. Pour tous les renseignements,  contacter l'agent sur <a type=""phone"">+21656XXXXXX</a>.",450000.0,325.0,S+4,RDC/Étage de villa,villaFloor,sale,agency,1091.0,https://www.menzili.tn/upload/photos/2023/03/01/11/19/74v7qd7s97.jpg,"[""https://www.menzili.tn/upload/photos/2023/03/01/11/19/74v7qd7s97.jpg"", ""https://www.menzili.tn/upload/photos/2023/03/01/11/19/532f3dds92.jpg"", ""https://www.menzili.tn/upload/photos/2023/03/01/11/20/amt2rqto1v.jpg"", ""https://www.menzili.tn/upload/photos/2023/03/01/11/20/av06tdoz9v.jpg"", ""https://www.menzili.tn/upload/photos/2023/03/01/11/20/2m9r4pq991.jpg"", ""https://www.menzili.tn/upload/photos/2023/03/01/11/20/aji9f3mq9v.jpg""]","[{""url"": ""https://www.menzili.tn/upload/photos/2023/03/01/11/19/74v7qd7s97.jpg"", ""sourceId"": 13, ""adUrl"": ""https://www.menzili.tn/annonce/annonce-111344""}, {""url"": ""https://www.menzili.tn/upload/photos/2023/03/01/11/19/532f3dds92.jpg"", ""sourceId"": 13, ""adUrl"": ""https://www.menzili.tn/annonce/annonce-111344""}, {""url"": ""https://www.menzili.tn/upload/photos/2023/03/01/11/20/amt2rqto1v.jpg"", ""sourceId"": 13, ""adUrl"": ""https://www.menzili.tn/annonce/annonce-111344""}, {""url"": ""https://www.menzili.tn/upload/photos/2023/03/01/11/20/av06tdoz9v.jpg"", ""sourceId"": 13, ""adUrl"": ""https://www.menzili.tn/annonce/annonce-111344""}, {""url"": ""https://www.menzili.tn/upload/photos/2023/03/01/11/20/2m9r4pq991.jpg"", ""sourceId"": 13, ""adUrl"": ""https://www.menzili.tn/annonce/annonce-111344""}, {""url"": ""https://www.menzili.tn/upload/photos/2023/03/01/11/20/aji9f3mq9v.jpg"", ""sourceId"": 13, ""adUrl"": ""https://www.menzili.tn/annonce/annonce-111344""}]","[{""sourceId"": 13, ""url"": ""https://www.menzili.tn/annonce/annonce-111344"", ""price"": 450000, ""sellerType"": ""agency"", ""lastModified"": ""2023-03-01 01:33:05""}]","[{""sellerType"": ""agency"", ""contactName"": ""Home Sweet Home"", ""active"": true}]",1,1,1,1,1,1,"[""airConditioning"", ""garage"", ""garden""]",2025-10-19 01:33:07,2023-03-01 01:33:05,2023-03-01 01:33:05,2023-03-01 01:33:05,1,2026-02-07 14:47:59
51685,Etage de Villa Tophet à Vendre à Mannouba,"Un 1 er étage de villa avec une entrée indépendante situé dans un bon quartier à Cité EL Amal, La Mannouba.  A L'entrée, On a un salon, une cuisine, une chambre et une salle de bain. Pour tous les renseignements, contacter l'agent sur le <a type=""phone"">+21658XXXXXX</a>.",160000.0,70.0,S+1,RDC/Étage de villa,villaFloor,sale,agency,5332.0,,[],,"[{""sourceId"": 3, ""url"": ""https://www.ballouchi.com/annonces/immobilier/villas/etage-de-villa-tophet-a-vendre-a-mannouba.html"", ""price"": 160000, ""sellerType"": ""agency"", ""lastModified"": ""2023-03-31 21:59:32""}]","[{""sellerType"": ""agency"", ""contactName"": ""homesweethome"", ""active"": true}]",1,1,1,1,3,1,[],2023-03-31 10:43:05,2022-10-31 12:17:08,2023-03-31 21:59:32,2022-10-31 12:17:08,1,2026-02-07 14:47:59
1004007,À vendre – Immeuble R+2 au Kram,"Particulier vend un immeuble en très bon état, idéal pour une grande famille ou pour un investissement locatif. Situé dans un quartier calme et résidentiel, proche de toutes commodités.

🔹 Rez-de-chaussée (entrée indépendante) : Villa avec salon, 3 chambres, cuisine, salle de bain, salle d’eau, petit jardin et garage.
🔹 1er étage : Salon, 3 chambres, cuisine équipée avec coin repas, salle de bain, salle d’eau, grande terrasse de 15 m². Chauffage central installé.
🔹 2ème étage : Salon + salle à manger, 3 chambres (dont 2 avec dressing), cuisine équipée, salle de bain, salle d’eau. Chauffage central installé.
🔹 Toit : Chambre supplémentaire + très grande terrasse avec vue dégagée.

✅ Construction solide
✅ Chauffage central (1er et 2e étage)
✅ Idéal pour habitation ou location

💰 Prix : 975 000 DT – légèrement négociable
📞 Contact direct propriétaire : <a type=""phone"">+21692XXXXXX</a>",975000.0,,,RDC/Étage de villa,villaFloor,sale,private,4868.0,https://storage.googleapis.com/tayara-migration-yams-pro/a4/a4e0181c-ecd0-4f3e-ab1f-9e8c972ba028,"[""https://storage.googleapis.com/tayara-migration-yams-pro/a4/a4e0181c-ecd0-4f3e-ab1f-9e8c972ba028""]","[{""url"": ""https://storage.googleapis.com/tayara-migration-yams-pro/a4/a4e0181c-ecd0-4f3e-ab1f-9e8c972ba028"", ""sourceId"": 2, ""adUrl"": ""https://www.tayara.tn/item/6910a992145e1617cba14438/?v=2""}]","[{""sourceId"": 2, ""url"": ""https://www.tayara.tn/item/6910a992145e1617cba14438/?v=2"", ""price"": 975000, ""sellerType"": ""private"", ""lastModified"": ""2025-11-09 15:47:48""}]","[{""sellerType"": ""private"", ""contactName"": ""Hedi"", ""active"": true}]",1,1,1,1,7,1,[],2025-05-11 15:00:10,2025-05-11 14:47:53,2025-11-09 15:47:48,2025-05-11 14:47:53,1,2026-02-07 14:47:59
547303,Etage de villa nohra à carthage el yasmina,"un 1 er étage de villa d'une superficie de 165 m² situé dans un bon quartier à carthage el yasmina. a l'entrée, on a un salon avec balcon, une cuisine, 2 chambres et une salle de bain. pour tous les renseignements, contacter l'agent sur le <a type=""phone"">+21656XXXXXX</a>.",185000.0,165.0,S+2,RDC/Étage de villa,villaFloor,sale,agency,4835.0,http://tunisie-annonce.com/upload2/202501/tunisie-annonce.com/photos/632246_20250108_153930.jpg,"[""https://www.menzili.tn/upload/photos/2023/04/14/11/51/9571q39721.jpg"", ""https://www.menzili.tn/upload/photos/2023/04/14/11/51/m9fn0t2947.jpg"", ""https://www.menzili.tn/upload/photos/2023/04/14/11/51/y6t7s3i32v.jpg"", ""https://www.menzili.tn/upload/photos/2023/04/14/11/51/t1sq9t5v26.jpg"", ""https://www.menzili.tn/upload/photos/2023/04/14/11/51/282720md24.jpg"", ""https://www.menzili.tn/upload/photos/2023/04/14/11/51/2s82z4sqs8.jpg"", ""https://www.menzili.tn/upload/photos/2023/04/14/11/51/y616s20s1e.jpg"", ""https://server.bigdatis.com/api/properties/image/305749667"", ""https://server.bigdatis.com/api/properties/image/305749668"", ""https://server.bigdatis.com/api/properties/image/305749669"", ""https://server.bigdatis.com/api/properties/image/305749672"", ""https://server.bigdatis.com/api/properties/image/305749675"", ""https://server.bigdatis.com/api/properties/image/305749676"", ""https://server.bigdatis.com/api/properties/image/305749677"", ""https://server.bigdatis.com/api/properties/image/305749678"", ""https://server.bigdatis.com/api/properties/image/305749679"", ""https://server.bigdatis.com/api/properties/image/305749680""]","[{""url"": ""https://www.menzili.tn/upload/photos/2023/04/14/11/51/9571q39721.jpg"", ""sourceId"": 13, ""adUrl"": ""https://www.menzili.tn/annonce/annonce-114104""}, {""url"": ""https://www.menzili.tn/upload/photos/2023/04/14/11/51/m9fn0t2947.jpg"", ""sourceId"": 13, ""adUrl"": ""https://www.menzili.tn/annonce/annonce-114104""}, {""url"": ""https://www.menzili.tn/upload/photos/2023/04/14/11/51/y6t7s3i32v.jpg"", ""sourceId"": 13, ""adUrl"": ""https://www.menzili.tn/annonce/annonce-114104""}, {""url"": ""https://www.menzili.tn/upload/photos/2023/04/14/11/51/t1sq9t5v26.jpg"", ""sourceId"": 13, ""adUrl"": ""https://www.menzili.tn/annonce/annonce-114104""}, {""url"": ""https://www.menzili.tn/upload/photos/2023/04/14/11/51/282720md24.jpg"", ""sourceId"": 13, ""adUrl"": ""https://www.menzili.tn/annonce/annonce-114104""}, {""url"": ""https://www.menzili.tn/upload/photos/2023/04/14/11/51/2s82z4sqs8.jpg"", ""sourceId"": 13, ""adUrl"": ""https://www.menzili.tn/annonce/annonce-114104""}, {""url"": ""https://www.menzili.tn/upload/photos/2023/04/14/11/51/y616s20s1e.jpg"", ""sourceId"": 13, ""adUrl"": ""https://www.menzili.tn/annonce/annonce-114104""}, {""url"": ""https://server.bigdatis.com/api/properties/image/305749667"", ""sourceId"": 3, ""adUrl"": ""https://www.ballouchi.com/annonces/immobilier/villas/etage-de-villa-nohra-a-vendre-a-carthage-el-yasmina.html""}, {""url"": ""https://server.bigdatis.com/api/properties/image/305749668"", ""sourceId"": 3, ""adUrl"": ""https://www.ballouchi.com/annonces/immobilier/villas/etage-de-villa-nohra-a-vendre-a-carthage-el-yasmina.html""}, {""url"": ""https://server.bigdatis.com/api/properties/image/305749669"", ""sourceId"": 3, ""adUrl"": ""https://www.ballouchi.com/annonces/immobilier/villas/etage-de-villa-nohra-a-vendre-a-carthage-el-yasmina.html""}, {""url"": ""https://server.bigdatis.com/api/properties/image/305749672"", ""sourceId"": 3, ""adUrl"": ""https://www.ballouchi.com/annonces/immobilier/villas/etage-de-villa-nohra-a-vendre-a-carthage-el-yasmina.html""}, {""url"": ""https://server.bigdatis.com/api/properties/image/305749675"", ""sourceId"": 3, ""adUrl"": ""https://www.ballouchi.com/annonces/immobilier/villas/etage-de-villa-nohra-a-vendre-a-carthage-el-yasmina.html""}, {""url"": ""https://server.bigdatis.com/api/properties/image/305749676"", ""sourceId"": 3, ""adUrl"": ""https://www.ballouchi.com/annonces/immobilier/villas/etage-de-villa-nohra-a-vendre-a-carthage-el-yasmina.html""}, {""url"": ""https://server.bigdatis.com/api/properties/image/305749677"", ""sourceId"": 3, ""adUrl"": ""https://www.ballouchi.com/annonces/immobilier/villas/etage-de-villa-nohra-a-vendre-a-carthage-el-yasmina.html""}, {""url"": ""https://server.bigdatis.com/api/properties/image/305749678"", ""sourceId"": 3, ""adUrl"": ""https://www.ballouchi.com/annonces/immobilier/villas/etage-de-villa-nohra-a-vendre-a-carthage-el-yasmina.html""}, {""url"": ""https://server.bigdatis.com/api/properties/image/305749679"", ""sourceId"": 3, ""adUrl"": ""https://www.ballouchi.com/annonces/immobilier/villas/etage-de-villa-nohra-a-vendre-a-carthage-el-yasmina.html""}, {""url"": ""https://server.bigdatis.com/api/properties/image/305749680"", ""sourceId"": 3, ""adUrl"": ""https://www.ballouchi.com/annonces/immobilier/villas/etage-de-villa-nohra-a-vendre-a-carthage-el-yasmina.html""}]","[{""sourceId"": 1, ""url"": ""http://www.tunisie-annonce.com/DetailsAnnonceImmobilier.asp?cod_ann=3373612"", ""price"": 185000, ""sellerType"": ""agency"", ""lastModified"": ""2025-08-28 14:01:04""}, {""sourceId"": 13, ""url"": ""https://www.menzili.tn/annonce/annonce-114104"", ""price"": 185000, ""sellerType"": ""agency"", ""lastModified"": ""2023-04-14 23:31:43""}, {""sourceId"": 3, ""url"": ""https://www.ballouchi.com/annonces/immobilier/villas/etage-de-villa-nohra-a-vendre-a-carthage-el-yasmina.html"", ""price"": 185000, ""sellerType"": ""agency"", ""lastModified"": ""2023-04-14 01:21:37""}]","[{""sellerType"": ""agency"", ""contactName"": ""HOME SWEET HOME"", ""active"": true}]",3,3,1,1,8,3,[],2023-04-13 13:34:06,2023-04-13 13:33:46,2025-08-28 14:01:04,2023-04-13 13:33:46,1,2026-02-07 14:47:59
1094123,Un étage de villa à vendre s+3 au 1ere étage à bayrem ettounsi,"Un étage de villa à vendre s+3 au 1ere étage à bayrem ettounsi
composé de 3 chambre a coucher un salon et salle de bain et une cuisine c une opportunité à ne pas rater 
N’hésitez pas à nous contacter pour plus d’informations <a type=""phone"">+21655XXXXXX</a>",,140.0,S+3,RDC/Étage de villa,villaFloor,sale,agency,4995.0,55951/27975822_5945470111315181.jpg,"[""https://storage.googleapis.com/tayara-migration-yams-pro/50/5072b62c-5cc7-4ae4-9d4f-39c737bb95c3"", ""https://storage.googleapis.com/tayara-migration-yams-pro/da/da0bc079-fd08-4468-b8c8-f95daba31e21"", ""https://storage.googleapis.com/tayara-migration-yams-pro/44/44f803e7-29a9-4922-afd6-99c9f0e12c43"", ""https://storage.googleapis.com/tayara-migration-yams-pro/1a/1a151c30-7a8f-439b-a1d1-82582603b003"", ""https://storage.googleapis.com/tayara-migration-yams-pro/fd/fde20767-4b46-4189-874a-0bc9967e90ef"", ""https://storage.googleapis.com/tayara-migration-yams-pro/13/135a28be-fcb1-4323-ab45-776b9d893143"", ""https://storage.googleapis.com/tayara-migration-yams-pro/37/37178a4d-f671-497e-94ac-d24232d72fa6"", ""https://storage.googleapis.com/tayara-migration-yams-pro/3a/3ac73fc2-d2a7-4b2c-b6fd-f66848259343""]","[{""url"": ""https://storage.googleapis.com/tayara-migration-yams-pro/50/5072b62c-5cc7-4ae4-9d4f-39c737bb95c3"", ""sourceId"": 2, ""adUrl"": ""https://www.tayara.tn/item/693fc58fcd04d08be74b245e/?v=2""}, {""url"": ""https://storage.googleapis.com/tayara-migration-yams-pro/da/da0bc079-fd08-4468-b8c8-f95daba31e21"", ""sourceId"": 2, ""adUrl"": ""https://www.tayara.tn/item/693fc58fcd04d08be74b245e/?v=2""}, {""url"": ""https://storage.googleapis.com/tayara-migration-yams-pro/44/44f803e7-29a9-4922-afd6-99c9f0e12c43"", ""sourceId"": 2, ""adUrl"": ""https://www.tayara.tn/item/693fc58fcd04d08be74b245e/?v=2""}, {""url"": ""https://storage.googleapis.com/tayara-migration-yams-pro/1a/1a151c30-7a8f-439b-a1d1-82582603b003"", ""sourceId"": 2, ""adUrl"": ""https://www.tayara.tn/item/693fc58fcd04d08be74b245e/?v=2""}, {""url"": ""https://storage.googleapis.com/tayara-migration-yams-pro/fd/fde20767-4b46-4189-874a-0bc9967e90ef"", ""sourceId"": 2, ""adUrl"": ""https://www.tayara.tn/item/693fc58fcd04d08be74b245e/?v=2""}, {""url"": ""https://storage.googleapis.com/tayara-migration-yams-pro/13/135a28be-fcb1-4323-ab45-776b9d893143"", ""sourceId"": 2, ""adUrl"": ""https://www.tayara.tn/item/693fc58fcd04d08be74b245e/?v=2""}, {""url"": ""https://storage.googleapis.com/tayara-migration-yams-pro/37/37178a4d-f671-497e-94ac-d24232d72fa6"", ""sourceId"": 2, ""adUrl"": ""https://www.tayara.tn/item/693fc58fcd04d08be74b245e/?v=2""}, {""url"": ""https://storage.googleapis.com/tayara-migration-yams-pro/3a/3ac73fc2-d2a7-4b2c-b6fd-f66848259343"", ""sourceId"": 2, ""adUrl"": ""https://www.tayara.tn/item/693fc58fcd04d08be74b245e/?v=2""}]","[{""sourceId"": 2, ""url"": ""https://www.tayara.tn/item/693fc58fcd04d08be74b245e/?v=2"", ""price"": null, ""sellerType"": ""agency"", ""lastModified"": ""2026-01-05 12:10:50""}]","[{""sellerType"": ""agency"", ""contactName"": ""agence immobilière Al khalil"", ""active"": true}]",1,1,1,1,2,1,[],2025-08-15 11:00:58,2025-08-15 10:46:06,2026-01-05 12:10:50,2025-08-15 10:46:06,1,2026-02-07 14:47:59
39406,RDC de Villa EL Ksiba à Vendre à Bizerte,"Un RDC de villa à rénové avec une vue sur mer située au vieux port au centre de Bizerte. À L'entrée, On a un salon, une cuisine, 2 chambre et une salle de bain. Pour tous les renseignements, contacter l'agent sur le <a type=""phone"">+21651XXXXXX</a>.",350000.0,120.0,S+2,RDC/Étage de villa,villaFloor,sale,agency,1151.0,https://www.menzili.tn/upload/photos/2022/09/20/13/18/2mtrd73z7v.jpg,"[""https://www.menzili.tn/upload/photos/2022/09/20/13/18/2mtrd73z7v.jpg"", ""https://www.menzili.tn/upload/photos/2022/09/20/13/19/im4fs6mq4v.jpg"", ""https://www.menzili.tn/upload/photos/2022/09/20/13/19/js2d0i7m94.jpg"", ""https://www.menzili.tn/upload/photos/2022/09/20/13/19/yib68f67s1.jpg"", ""https://www.menzili.tn/upload/photos/2022/09/20/13/19/3h9q3s9q66.jpg"", ""https://www.menzili.tn/upload/photos/2022/09/20/13/19/9a92fvqd2v.jpg"", ""https://www.menzili.tn/upload/photos/2022/09/20/13/19/j22f64t3sv.jpg""]","[{""url"": ""https://www.menzili.tn/upload/photos/2022/09/20/13/18/2mtrd73z7v.jpg"", ""sourceId"": 13, ""adUrl"": ""https://www.menzili.tn/annonce/annonce-96265""}, {""url"": ""https://www.menzili.tn/upload/photos/2022/09/20/13/19/im4fs6mq4v.jpg"", ""sourceId"": 13, ""adUrl"": ""https://www.menzili.tn/annonce/annonce-96265""}, {""url"": ""https://www.menzili.tn/upload/photos/2022/09/20/13/19/js2d0i7m94.jpg"", ""sourceId"": 13, ""adUrl"": ""https://www.menzili.tn/annonce/annonce-96265""}, {""url"": ""https://www.menzili.tn/upload/photos/2022/09/20/13/19/yib68f67s1.jpg"", ""sourceId"": 13, ""adUrl"": ""https://www.menzili.tn/annonce/annonce-96265""}, {""url"": ""https://www.menzili.tn/upload/photos/2022/09/20/13/19/3h9q3s9q66.jpg"", ""sourceId"": 13, ""adUrl"": ""https://www.menzili.tn/annonce/annonce-96265""}, {""url"": ""https://www.menzili.tn/upload/photos/2022/09/20/13/19/9a92fvqd2v.jpg"", ""sourceId"": 13, ""adUrl"": ""https://www.menzili.tn/annonce/annonce-96265""}, {""url"": ""https://www.menzili.tn/upload/photos/2022/09/20/13/19/j22f64t3sv.jpg"", ""sourceId"": 13, ""adUrl"": ""https://www.menzili.tn/annonce/annonce-96265""}]","[{""sourceId"": 13, ""url"": ""https://www.menzili.tn/annonce/annonce-96265"", ""price"": 350000, ""sellerType"": ""agency"", ""lastModified"": ""2022-09-20 23:41:15""}]","[{""sellerType"": ""agency"", ""contactName"": ""Home Sweet Home"", ""active"": true}]",1,1,1,1,3,1,[],2022-09-20 12:48:03,2022-09-20 12:48:03,2024-11-12 13:00:10,2022-09-20 12:48:03,1,2026-02-07 14:47:59
1192437,un premier étage de villa a vendre S+3,"Cette superbe maison sur trois étages est idéalement située dans un quartier résidentiel calme de la Cité Yassmine à Mornaguia, proche des commodités (transports, écoles, commerces). Elle offre un cadre de vie agréable pour une famille souhaitant tout avoir à portée de main. 
S+3 
3 chambre / une cuisine avec gaz de ville / salle de bain / salon et un garage pour la voiture 
Pour négocier le numéro : <a type=""phone"">+21625XXXXXX</a>/<a type=""phone"">+21626XXXXXX</a>Cette superbe maison sur trois étages est idéalement située dans un quartier résidentiel calme de la Cité Yassmine à Mornaguia, proche des commodités (transports, écoles, commerces). Elle offre un cadre de vie agréable pour une famille souhaitant tout avoir à portée de main. 
S+3 
3 chambre / une cuisine avec gaz de ville / salle de bain / salon et un garage pour la voiture 
Pour négocier le numéro : <a type=""phone"">+21625XXXXXX</a>/<a type=""phone"">+21626XXXXXX</a>",,154.0,S+3,RDC/Étage de villa,villaFloor,sale,private,2396.0,https://storage.googleapis.com/tayara-migration-yams-pro/ae/ae7f125d-20ef-4fc5-b1f0-ff7b5aee14ed,"[""https://storage.googleapis.com/tayara-migration-yams-pro/ae/ae7f125d-20ef-4fc5-b1f0-ff7b5aee14ed"", ""https://storage.googleapis.com/tayara-migration-yams-pro/2d/2d4ad7d2-7204-4513-8ea1-276b0d978496"", ""https://storage.googleapis.com/tayara-migration-yams-pro/cf/cf436bb9-0aae-4d0a-bd28-56cfe1c5d60f"", ""https://storage.googleapis.com/tayara-migration-yams-pro/22/22f46ff5-30ec-4a6d-a7ce-541a8ce5a1c5"", ""https://storage.googleapis.com/tayara-migration-yams-pro/33/3388b3c3-c84a-400f-a73c-edbc8c59a0d0"", ""https://storage.googleapis.com/tayara-migration-yams-pro/43/43354eaf-124c-4bb0-ac4f-f46dec7de919"", ""https://storage.googleapis.com/tayara-migration-yams-pro/5e/5eb50dcc-b5f5-4351-9503-a667275dff5b"", ""https://storage.googleapis.com/tayara-migration-yams-pro/1b/1b60a7df-26a7-40f6-8e54-2ab9530f8686"", ""https://storage.googleapis.com/tayara-migration-yams-pro/25/25877279-0c1e-4c3d-9f4f-82734e98b5ef""]","[{""url"": ""https://storage.googleapis.com/tayara-migration-yams-pro/ae/ae7f125d-20ef-4fc5-b1f0-ff7b5aee14ed"", ""sourceId"": 2, ""adUrl"": ""https://www.tayara.tn/item/6915f90f145e1617cba4e579/?v=2""}, {""url"": ""https://storage.googleapis.com/tayara-migration-yams-pro/2d/2d4ad7d2-7204-4513-8ea1-276b0d978496"", ""sourceId"": 2, ""adUrl"": ""https://www.tayara.tn/item/6915f90f145e1617cba4e579/?v=2""}, {""url"": ""https://storage.googleapis.com/tayara-migration-yams-pro/cf/cf436bb9-0aae-4d0a-bd28-56cfe1c5d60f"", ""sourceId"": 2, ""adUrl"": ""https://www.tayara.tn/item/6915f90f145e1617cba4e579/?v=2""}, {""url"": ""https://storage.googleapis.com/tayara-migration-yams-pro/22/22f46ff5-30ec-4a6d-a7ce-541a8ce5a1c5"", ""sourceId"": 2, ""adUrl"": ""https://www.tayara.tn/item/6915f90f145e1617cba4e579/?v=2""}, {""url"": ""https://storage.googleapis.com/tayara-migration-yams-pro/33/3388b3c3-c84a-400f-a73c-edbc8c59a0d0"", ""sourceId"": 2, ""adUrl"": ""https://www.tayara.tn/item/6915f90f145e1617cba4e579/?v=2""}, {""url"": ""https://storage.googleapis.com/tayara-migration-yams-pro/43/43354eaf-124c-4bb0-ac4f-f46dec7de919"", ""sourceId"": 2, ""adUrl"": ""https://www.tayara.tn/item/6915f90f145e1617cba4e579/?v=2""}, {""url"": ""https://storage.googleapis.com/tayara-migration-yams-pro/5e/5eb50dcc-b5f5-4351-9503-a667275dff5b"", ""sourceId"": 2, ""adUrl"": ""https://www.tayara.tn/item/6915f90f145e1617cba4e579/?v=2""}, {""url"": ""https://storage.googleapis.com/tayara-migration-yams-pro/1b/1b60a7df-26a7-40f6-8e54-2ab9530f8686"", ""sourceId"": 2, ""adUrl"": ""https://www.tayara.tn/item/6915f90f145e1617cba4e579/?v=2""}, {""url"": ""https://storage.googleapis.com/tayara-migration-yams-pro/25/25877279-0c1e-4c3d-9f4f-82734e98b5ef"", ""sourceId"": 2, ""adUrl"": ""https://www.tayara.tn/item/6915f90f145e1617cba4e579/?v=2""}]","[{""sourceId"": 2, ""url"": ""https://www.tayara.tn/item/6915f90f145e1617cba4e579/?v=2"", ""price"": null, ""sellerType"": ""private"", ""lastModified"": ""2025-11-13 16:28:18""}]","[{""sellerType"": ""private"", ""contactName"": ""Belhassen arfaoui"", ""active"": true}]",1,1,1,1,2,1,[],2025-11-13 16:30:41,2025-11-13 16:28:15,2025-11-13 16:28:18,2025-11-13 16:28:15,1,2026-02-07 14:47:59
1163766,Etage de villa cité ghazala,"a vendre à cité el ghazala (près du rond-point himaya) et pole technologique

un étage de villa avec entrée indépendante

2 sallon + salle à manger

grande cuisine

2 chambre

toilette indépendante + salle de bain

espacé extérieur

avec accès par escalier au toit (possibilité de batir un 2éme étage (zone r+2))

papiers en règles

prix peu négociable",180000.0,130.0,S+4,RDC/Étage de villa,villaFloor,sale,private,429.0,https://www.menzili.tn/upload/photos/2019/04/23/19/53/ymtp120s25.jpeg,"[""https://www.menzili.tn/upload/photos/2019/04/23/19/53/ymtp120s25.jpeg"", ""https://www.menzili.tn/upload/photos/2019/04/23/19/53/9z74qdi767.jpeg"", ""https://www.menzili.tn/upload/photos/2019/04/23/19/53/296pn1v6q8.jpeg"", ""https://www.menzili.tn/upload/photos/2019/04/23/19/53/yds6h7q76z.jpeg"", ""https://www.menzili.tn/upload/photos/2019/04/23/19/53/y9es69o5v2.jpeg"", ""https://www.menzili.tn/upload/photos/2019/04/23/19/54/e4pdd99i94.jpeg"", ""https://www.menzili.tn/upload/photos/2019/04/23/19/54/y9as4q7qo9.jpeg"", ""https://www.menzili.tn/upload/photos/2019/04/23/19/54/a9j9rzvs86.jpeg""]","[{""url"": ""https://www.menzili.tn/upload/photos/2019/04/23/19/53/ymtp120s25.jpeg"", ""sourceId"": 13, ""adUrl"": ""https://www.menzili.tn/annonce/annonce-15183""}, {""url"": ""https://www.menzili.tn/upload/photos/2019/04/23/19/53/9z74qdi767.jpeg"", ""sourceId"": 13, ""adUrl"": ""https://www.menzili.tn/annonce/annonce-15183""}, {""url"": ""https://www.menzili.tn/upload/photos/2019/04/23/19/53/296pn1v6q8.jpeg"", ""sourceId"": 13, ""adUrl"": ""https://www.menzili.tn/annonce/annonce-15183""}, {""url"": ""https://www.menzili.tn/upload/photos/2019/04/23/19/53/yds6h7q76z.jpeg"", ""sourceId"": 13, ""adUrl"": ""https://www.menzili.tn/annonce/annonce-15183""}, {""url"": ""https://www.menzili.tn/upload/photos/2019/04/23/19/53/y9es69o5v2.jpeg"", ""sourceId"": 13, ""adUrl"": ""https://www.menzili.tn/annonce/annonce-15183""}, {""url"": ""https://www.menzili.tn/upload/photos/2019/04/23/19/54/e4pdd99i94.jpeg"", ""sourceId"": 13, ""adUrl"": ""https://www.menzili.tn/annonce/annonce-15183""}, {""url"": ""https://www.menzili.tn/upload/photos/2019/04/23/19/54/y9as4q7qo9.jpeg"", ""sourceId"": 13, ""adUrl"": ""https://www.menzili.tn/annonce/annonce-15183""}, {""url"": ""https://www.menzili.tn/upload/photos/2019/04/23/19/54/a9j9rzvs86.jpeg"", ""sourceId"": 13, ""adUrl"": ""https://www.menzili.tn/annonce/annonce-15183""}]","[{""sourceId"": 13, ""url"": ""https://www.menzili.tn/annonce/annonce-15183"", ""price"": 180000, ""sellerType"": ""private"", ""lastModified"": ""2019-04-23 01:16:44""}]","[{""sellerType"": ""private"", ""contactName"": ""Chiheb"", ""active"": true}]",1,1,1,1,1,1,"[""airConditioning""]",2025-10-19 01:16:48,2019-04-23 01:16:44,2019-04-23 01:16:44,2019-04-23 01:16:44,1,2026-02-07 14:47:59
899573,Av studio rue de jardin à hammamet nord,"Studio rue de jardin à Hammamet nord
Bonne affaire, studio dans un endroit familial
A 10min du centre ville de Hammamet et Nabeul
Proche des commerces et de a 2 pats de la mer 
Prix : 95MD
Superficie : 70m²
  - Pour plus d’information veuillez  contactez Latifa Chaâbani :
 00 216 <a type=""phone"">+21626XXXXXX</a>  / 00 216 <a type=""phone"">+21698XXXXXX</a>
-Pour plus d’information veuillez contactez Med Hedi :
 00 216 <a type=""phone"">+21629XXXXXX</a>  / 00 216 <a type=""phone"">+21622XXXXXX</a>
AGENCE IMMOBILIERE LES ARCADES 
*E-mail : lesarcadesimmob@hotmail.fr
*E-mail : m.ghachem@hotmail.fr
Ag s’abstenir 	
Merci Cordialement",95000.0,70.0,S+1,RDC/Étage de villa,villaFloor,sale,agency,5182.0,https://www.tunisiapromo.com/images/18060.jpg,"[""https://www.tunisiapromo.com/images/18060.jpg""]","[{""url"": ""https://www.tunisiapromo.com/images/18060.jpg"", ""sourceId"": 4, ""adUrl"": ""https://www.tunisiapromo.com/annonce/av-studio-rue-de-jardin-a-hammamet-nord-z18060.html""}]","[{""sourceId"": 4, ""url"": ""https://www.tunisiapromo.com/annonce/av-studio-rue-de-jardin-a-hammamet-nord-z18060.html"", ""price"": 95000, ""sellerType"": ""agency"", ""lastModified"": ""2013-12-10 00:12:13""}]","[{""sellerType"": ""agency"", ""contactName"": ""LES ARCADES"", ""active"": true}]",1,1,1,1,2,2,[],2024-12-27 00:12:26,2013-11-09 00:25:41,2013-12-10 00:12:13,2013-11-09 00:25:41,1,2026-02-07 14:47:59
901624,Villaàvendrebonneoccasion,villa à vendre dans un quartier calme sur deux étages indépendants: rez de chaussée haut standing S+4+sb+se+cuisine 150 m2 couvert et un étage carcasse (sabba et jibba seulement)surface couvert 150m2 avec un studio S+1 70m2 éT un garage  terrain 400m2 prix à débattre pour sérieux,325000.0,400.0,S+3,RDC/Étage de villa,villaFloor,sale,private,286.0,https://www.tunisiapromo.com/gallery/photo-1-60289.jpg,"[""https://www.tunisiapromo.com/gallery/photo-1-60289.jpg"", ""https://www.tunisiapromo.com/gallery/photo-2-60290.jpg"", ""https://www.tunisiapromo.com/gallery/photo-3-60291.jpg""]","[{""url"": ""https://www.tunisiapromo.com/gallery/photo-1-60289.jpg"", ""sourceId"": 4, ""adUrl"": ""https://www.tunisiapromo.com/annonce/villaavendrebonneoccasion-z16412.html""}, {""url"": ""https://www.tunisiapromo.com/gallery/photo-2-60290.jpg"", ""sourceId"": 4, ""adUrl"": ""https://www.tunisiapromo.com/annonce/villaavendrebonneoccasion-z16412.html""}, {""url"": ""https://www.tunisiapromo.com/gallery/photo-3-60291.jpg"", ""sourceId"": 4, ""adUrl"": ""https://www.tunisiapromo.com/annonce/villaavendrebonneoccasion-z16412.html""}]","[{""sourceId"": 4, ""url"": ""https://www.tunisiapromo.com/annonce/villaavendrebonneoccasion-z16412.html"", ""price"": 325000, ""sellerType"": ""private"", ""lastModified"": ""2013-12-04 00:37:45""}]","[{""sellerType"": ""private"", ""contactName"": ""Fatma"", ""active"": true}]",1,1,1,1,1,1,"[""heating"", ""airConditioning"", ""equippedKitchen"", ""garden""]",2024-12-27 00:37:56,2013-10-08 00:37:45,2013-12-04 00:37:45,2013-10-08 00:37:45,1,2026-02-07 14:47:59
1102330,Un bien immobilier d'une superficie de 115 mc,"un excellent bien immobilier composé d'un rez de chaussée et d'un étage
sa superficie est 115 mètre carré convenant pour l'habitation ou pour la location",125000.0,115.0,,RDC/Étage de villa,villaFloor,sale,private,3964.0,https://www.mubawab-media.com/ad/8/204/016F/h/IMG_20250823_153954_565_80901441.avif,"[""https://www.mubawab-media.com/ad/8/204/016F/h/IMG_20250823_153954_565_80901441.avif"", ""https://www.mubawab-media.com/ad/8/204/016F/h/IMG_20250823_154058_686_80901443.avif"", ""https://www.mubawab-media.com/ad/8/204/016F/h/IMG_20250823_153906_515_80901444.avif"", ""https://www.mubawab-media.com/ad/8/204/016F/h/IMG_20250823_153735_397_80901445.avif"", ""https://www.mubawab-media.com/ad/8/204/016F/h/IMG_20250823_153751_562_80901446.avif"", ""https://www.mubawab-media.com/ad/8/204/016F/h/IMG_20250823_154040_521_80901447.avif"", ""https://www.mubawab-media.com/ad/8/204/016F/h/IMG_20250823_154112_385_80901448.avif"", ""https://www.mubawab-media.com/ad/8/204/016F/h/IMG_20250823_154137_306_80901449.avif"", ""https://www.mubawab-media.com/ad/8/204/016F/h/IMG_20250823_154122_774_80901450.avif"", ""https://www.mubawab-media.com/ad/8/204/016F/h/IMG_20250823_154151_897_80901451.avif"", ""https://www.mubawab-media.com/ad/8/204/016F/h/IMG_20250823_154202_571_80901452.avif"", ""https://www.mubawab-media.com/ad/8/204/016F/h/IMG_20250823_154217_882_80901453.avif"", ""https://www.mubawab-media.com/ad/8/204/016F/h/IMG_20250823_154508_284_80901454.avif"", ""https://www.mubawab-media.com/ad/8/204/016F/h/IMG_20250823_154430_305_80901455.avif"", ""https://www.mubawab-media.com/ad/8/204/016F/h/1756035409431_80901456.avif"", ""https://www.mubawab-media.com/ad/8/204/016F/h/1756035462259_80901457.avif"", ""https://www.mubawab-media.com/ad/8/204/016F/h/IMG_20250823_154601_226_80901458.avif"", ""https://www.mubawab-media.com/ad/8/204/016F/h/IMG_20250823_154525_572_80901459.avif"", ""https://www.mubawab-media.com/ad/8/204/016F/h/IMG_20250823_154413_757_80901460.avif""]","[{""url"": ""https://www.mubawab-media.com/ad/8/204/016F/h/IMG_20250823_153954_565_80901441.avif"", ""sourceId"": 5, ""adUrl"": ""https://www.mubawab.tn/fr/a/8204016/un-bien-immobilier-d-une-superficie-de-115-mc""}, {""url"": ""https://www.mubawab-media.com/ad/8/204/016F/h/IMG_20250823_154058_686_80901443.avif"", ""sourceId"": 5, ""adUrl"": ""https://www.mubawab.tn/fr/a/8204016/un-bien-immobilier-d-une-superficie-de-115-mc""}, {""url"": ""https://www.mubawab-media.com/ad/8/204/016F/h/IMG_20250823_153906_515_80901444.avif"", ""sourceId"": 5, ""adUrl"": ""https://www.mubawab.tn/fr/a/8204016/un-bien-immobilier-d-une-superficie-de-115-mc""}, {""url"": ""https://www.mubawab-media.com/ad/8/204/016F/h/IMG_20250823_153735_397_80901445.avif"", ""sourceId"": 5, ""adUrl"": ""https://www.mubawab.tn/fr/a/8204016/un-bien-immobilier-d-une-superficie-de-115-mc""}, {""url"": ""https://www.mubawab-media.com/ad/8/204/016F/h/IMG_20250823_153751_562_80901446.avif"", ""sourceId"": 5, ""adUrl"": ""https://www.mubawab.tn/fr/a/8204016/un-bien-immobilier-d-une-superficie-de-115-mc""}, {""url"": ""https://www.mubawab-media.com/ad/8/204/016F/h/IMG_20250823_154040_521_80901447.avif"", ""sourceId"": 5, ""adUrl"": ""https://www.mubawab.tn/fr/a/8204016/un-bien-immobilier-d-une-superficie-de-115-mc""}, {""url"": ""https://www.mubawab-media.com/ad/8/204/016F/h/IMG_20250823_154112_385_80901448.avif"", ""sourceId"": 5, ""adUrl"": ""https://www.mubawab.tn/fr/a/8204016/un-bien-immobilier-d-une-superficie-de-115-mc""}, {""url"": ""https://www.mubawab-media.com/ad/8/204/016F/h/IMG_20250823_154137_306_80901449.avif"", ""sourceId"": 5, ""adUrl"": ""https://www.mubawab.tn/fr/a/8204016/un-bien-immobilier-d-une-superficie-de-115-mc""}, {""url"": ""https://www.mubawab-media.com/ad/8/204/016F/h/IMG_20250823_154122_774_80901450.avif"", ""sourceId"": 5, ""adUrl"": ""https://www.mubawab.tn/fr/a/8204016/un-bien-immobilier-d-une-superficie-de-115-mc""}, {""url"": ""https://www.mubawab-media.com/ad/8/204/016F/h/IMG_20250823_154151_897_80901451.avif"", ""sourceId"": 5, ""adUrl"": ""https://www.mubawab.tn/fr/a/8204016/un-bien-immobilier-d-une-superficie-de-115-mc""}, {""url"": ""https://www.mubawab-media.com/ad/8/204/016F/h/IMG_20250823_154202_571_80901452.avif"", ""sourceId"": 5, ""adUrl"": ""https://www.mubawab.tn/fr/a/8204016/un-bien-immobilier-d-une-superficie-de-115-mc""}, {""url"": ""https://www.mubawab-media.com/ad/8/204/016F/h/IMG_20250823_154217_882_80901453.avif"", ""sourceId"": 5, ""adUrl"": ""https://www.mubawab.tn/fr/a/8204016/un-bien-immobilier-d-une-superficie-de-115-mc""}, {""url"": ""https://www.mubawab-media.com/ad/8/204/016F/h/IMG_20250823_154508_284_80901454.avif"", ""sourceId"": 5, ""adUrl"": ""https://www.mubawab.tn/fr/a/8204016/un-bien-immobilier-d-une-superficie-de-115-mc""}, {""url"": ""https://www.mubawab-media.com/ad/8/204/016F/h/IMG_20250823_154430_305_80901455.avif"", ""sourceId"": 5, ""adUrl"": ""https://www.mubawab.tn/fr/a/8204016/un-bien-immobilier-d-une-superficie-de-115-mc""}, {""url"": ""https://www.mubawab-media.com/ad/8/204/016F/h/1756035409431_80901456.avif"", ""sourceId"": 5, ""adUrl"": ""https://www.mubawab.tn/fr/a/8204016/un-bien-immobilier-d-une-superficie-de-115-mc""}, {""url"": ""https://www.mubawab-media.com/ad/8/204/016F/h/1756035462259_80901457.avif"", ""sourceId"": 5, ""adUrl"": ""https://www.mubawab.tn/fr/a/8204016/un-bien-immobilier-d-une-superficie-de-115-mc""}, {""url"": ""https://www.mubawab-media.com/ad/8/204/016F/h/IMG_20250823_154601_226_80901458.avif"", ""sourceId"": 5, ""adUrl"": ""https://www.mubawab.tn/fr/a/8204016/un-bien-immobilier-d-une-superficie-de-115-mc""}, {""url"": ""https://www.mubawab-media.com/ad/8/204/016F/h/IMG_20250823_154525_572_80901459.avif"", ""sourceId"": 5, ""adUrl"": ""https://www.mubawab.tn/fr/a/8204016/un-bien-immobilier-d-une-superficie-de-115-mc""}, {""url"": ""https://www.mubawab-media.com/ad/8/204/016F/h/IMG_20250823_154413_757_80901460.avif"", ""sourceId"": 5, ""adUrl"": ""https://www.mubawab.tn/fr/a/8204016/un-bien-immobilier-d-une-superficie-de-115-mc""}]","[{""sourceId"": 5, ""url"": ""https://www.mubawab.tn/fr/a/8204016/un-bien-immobilier-d-une-superficie-de-115-mc"", ""price"": 125000, ""sellerType"": ""private"", ""lastModified"": ""2025-08-24 13:15:48""}]","[{""sellerType"": ""private"", ""contactName"": ""anis Particulier"", ""active"": true}]",1,1,1,1,1,1,[],2025-08-24 13:15:51,2025-08-24 13:15:48,2025-08-24 13:15:48,2025-08-24 13:15:48,1,2026-02-07 14:47:59
868860,Étage de villa a vendre,"💥للبيع 💥 étage de villa🏠 في طريق تنيور كم 2.5 صفاقس
✅ تبع حوالي 100 متر على كياس الرئيسي 
✅ موقع ممتاز 
✅️ مدخل مشترك مع الشقة المجاوررة يتبعها سطح خاص بها

  ✅ Surface 134m²
🎈Salon 
🎈3 chambres
🎈Cuisine 
🎈Salle de bain 🛁
🎈Garage 🚘
📱2<a type=""phone"">+21629XXXXXX</a>",,134.0,S+4,RDC/Étage de villa,villaFloor,sale,private,3965.0,https://b3g4.fra01.idrivee2-68.com/images-mirror/54789/27394844_295295526.jpg,"[""https://b3g4.fra01.idrivee2-68.com/images-mirror/54789/27394844_295295526.jpg?response-content-type=image%2Fjpeg&response-cache-control=public%2C%20max-age%3D31536000%2C%20immutable&X-Amz-Content-Sha256=UNSIGNED-PAYLOAD&X-Amz-Algorithm=AWS4-HMAC-SHA256&X-Amz-Credential=Bhs7rzoWz1jkU0yRURAn%2F20260207%2FFrankfurt%2Fs3%2Faws4_request&X-Amz-Date=20260207T134341Z&X-Amz-SignedHeaders=host&X-Amz-Expires=86400&X-Amz-Signature=fb76ac88afa76ac58025de847c5a59977fcb832a831fb368505dd32a33480c70"", ""https://b3g4.fra01.idrivee2-68.com/images-mirror/54789/27394844_296264816.jpg?response-content-type=image%2Fjpeg&response-cache-control=public%2C%20max-age%3D31536000%2C%20immutable&X-Amz-Content-Sha256=UNSIGNED-PAYLOAD&X-Amz-Algorithm=AWS4-HMAC-SHA256&X-Amz-Credential=Bhs7rzoWz1jkU0yRURAn%2F20260207%2FFrankfurt%2Fs3%2Faws4_request&X-Amz-Date=20260207T134341Z&X-Amz-SignedHeaders=host&X-Amz-Expires=86400&X-Amz-Signature=c9b34cf8c68eb784961be12fc2cb26381b9230b1d5285ce9a81df4cf9c64566a"", ""https://b3g4.fra01.idrivee2-68.com/images-mirror/54789/27394844_296264817.jpg?response-content-type=image%2Fjpeg&response-cache-control=public%2C%20max-age%3D31536000%2C%20immutable&X-Amz-Content-Sha256=UNSIGNED-PAYLOAD&X-Amz-Algorithm=AWS4-HMAC-SHA256&X-Amz-Credential=Bhs7rzoWz1jkU0yRURAn%2F20260207%2FFrankfurt%2Fs3%2Faws4_request&X-Amz-Date=20260207T134341Z&X-Amz-SignedHeaders=host&X-Amz-Expires=86400&X-Amz-Signature=9d88b0381cbd194b95b218ca411df4f551adde58b30ab81c246fed0fbfbb61ed"", ""https://b3g4.fra01.idrivee2-68.com/images-mirror/54789/27394844_296264818.jpg?response-content-type=image%2Fjpeg&response-cache-control=public%2C%20max-age%3D31536000%2C%20immutable&X-Amz-Content-Sha256=UNSIGNED-PAYLOAD&X-Amz-Algorithm=AWS4-HMAC-SHA256&X-Amz-Credential=Bhs7rzoWz1jkU0yRURAn%2F20260207%2FFrankfurt%2Fs3%2Faws4_request&X-Amz-Date=20260207T134341Z&X-Amz-SignedHeaders=host&X-Amz-Expires=86400&X-Amz-Signature=288598bd61544fe234759c3e8e9dec4ff1e2d7ee36c74ec37db5eb9e9306f89e"", ""https://b3g4.fra01.idrivee2-68.com/images-mirror/54789/27394844_296264819.jpg?response-content-type=image%2Fjpeg&response-cache-control=public%2C%20max-age%3D31536000%2C%20immutable&X-Amz-Content-Sha256=UNSIGNED-PAYLOAD&X-Amz-Algorithm=AWS4-HMAC-SHA256&X-Amz-Credential=Bhs7rzoWz1jkU0yRURAn%2F20260207%2FFrankfurt%2Fs3%2Faws4_request&X-Amz-Date=20260207T134341Z&X-Amz-SignedHeaders=host&X-Amz-Expires=86400&X-Amz-Signature=81378a5d1385086e3a8364d4470ee36d19da61dfe179cb163f08be8513b4fb68"", ""https://b3g4.fra01.idrivee2-68.com/images-mirror/54789/27394844_296264820.jpg?response-content-type=image%2Fjpeg&response-cache-control=public%2C%20max-age%3D31536000%2C%20immutable&X-Amz-Content-Sha256=UNSIGNED-PAYLOAD&X-Amz-Algorithm=AWS4-HMAC-SHA256&X-Amz-Credential=Bhs7rzoWz1jkU0yRURAn%2F20260207%2FFrankfurt%2Fs3%2Faws4_request&X-Amz-Date=20260207T134341Z&X-Amz-SignedHeaders=host&X-Amz-Expires=86400&X-Amz-Signature=0d675983d97c1e90154cad11177a04cbf90fba05ba6a39ad817b8444d1957f83"", ""https://b3g4.fra01.idrivee2-68.com/images-mirror/54789/27394844_296264821.jpg?response-content-type=image%2Fjpeg&response-cache-control=public%2C%20max-age%3D31536000%2C%20immutable&X-Amz-Content-Sha256=UNSIGNED-PAYLOAD&X-Amz-Algorithm=AWS4-HMAC-SHA256&X-Amz-Credential=Bhs7rzoWz1jkU0yRURAn%2F20260207%2FFrankfurt%2Fs3%2Faws4_request&X-Amz-Date=20260207T134341Z&X-Amz-SignedHeaders=host&X-Amz-Expires=86400&X-Amz-Signature=086c8c07406c1afc770b1c4b2a436e54856910adf125635e950ed78cae3aafc6"", ""https://b3g4.fra01.idrivee2-68.com/images-mirror/54789/27394844_296264822.jpg?response-content-type=image%2Fjpeg&response-cache-control=public%2C%20max-age%3D31536000%2C%20immutable&X-Amz-Content-Sha256=UNSIGNED-PAYLOAD&X-Amz-Algorithm=AWS4-HMAC-SHA256&X-Amz-Credential=Bhs7rzoWz1jkU0yRURAn%2F20260207%2FFrankfurt%2Fs3%2Faws4_request&X-Amz-Date=20260207T134341Z&X-Amz-SignedHeaders=host&X-Amz-Expires=86400&X-Amz-Signature=c844081ef0f514a4793ace1536d1f581dc20ff9d0e77dd315aa320944cd68e04"", ""https://b3g4.fra01.idrivee2-68.com/images-mirror/54789/27394844_296264823.jpg?response-content-type=image%2Fjpeg&response-cache-control=public%2C%20max-age%3D31536000%2C%20immutable&X-Amz-Content-Sha256=UNSIGNED-PAYLOAD&X-Amz-Algorithm=AWS4-HMAC-SHA256&X-Amz-Credential=Bhs7rzoWz1jkU0yRURAn%2F20260207%2FFrankfurt%2Fs3%2Faws4_request&X-Amz-Date=20260207T134341Z&X-Amz-SignedHeaders=host&X-Amz-Expires=86400&X-Amz-Signature=64f07019d2879947789180ecd0a44c5eb19f0a84b935f5931fdc4ecb7a9dfb68"", ""https://b3g4.fra01.idrivee2-68.com/images-mirror/54789/27394844_296264824.jpg?response-content-type=image%2Fjpeg&response-cache-control=public%2C%20max-age%3D31536000%2C%20immutable&X-Amz-Content-Sha256=UNSIGNED-PAYLOAD&X-Amz-Algorithm=AWS4-HMAC-SHA256&X-Amz-Credential=Bhs7rzoWz1jkU0yRURAn%2F20260207%2FFrankfurt%2Fs3%2Faws4_request&X-Amz-Date=20260207T134341Z&X-Amz-SignedHeaders=host&X-Amz-Expires=86400&X-Amz-Signature=bb0897cc9288283f0df908479f6bddab6f250861062cdee122830bac5f79ecf4""]","[{""url"": ""https://b3g4.fra01.idrivee2-68.com/images-mirror/54789/27394844_295295526.jpg?response-content-type=image%2Fjpeg&response-cache-control=public%2C%20max-age%3D31536000%2C%20immutable&X-Amz-Content-Sha256=UNSIGNED-PAYLOAD&X-Amz-Algorithm=AWS4-HMAC-SHA256&X-Amz-Credential=Bhs7rzoWz1jkU0yRURAn%2F20260207%2FFrankfurt%2Fs3%2Faws4_request&X-Amz-Date=20260207T134341Z&X-Amz-SignedHeaders=host&X-Amz-Expires=86400&X-Amz-Signature=fb76ac88afa76ac58025de847c5a59977fcb832a831fb368505dd32a33480c70"", ""sourceId"": 12, ""adUrl"": ""https://www.facebook.com/marketplace/item/1012837141062338/""}, {""url"": ""https://b3g4.fra01.idrivee2-68.com/images-mirror/54789/27394844_296264816.jpg?response-content-type=image%2Fjpeg&response-cache-control=public%2C%20max-age%3D31536000%2C%20immutable&X-Amz-Content-Sha256=UNSIGNED-PAYLOAD&X-Amz-Algorithm=AWS4-HMAC-SHA256&X-Amz-Credential=Bhs7rzoWz1jkU0yRURAn%2F20260207%2FFrankfurt%2Fs3%2Faws4_request&X-Amz-Date=20260207T134341Z&X-Amz-SignedHeaders=host&X-Amz-Expires=86400&X-Amz-Signature=c9b34cf8c68eb784961be12fc2cb26381b9230b1d5285ce9a81df4cf9c64566a"", ""sourceId"": 12, ""adUrl"": ""https://www.facebook.com/marketplace/item/1012837141062338/""}, {""url"": ""https://b3g4.fra01.idrivee2-68.com/images-mirror/54789/27394844_296264817.jpg?response-content-type=image%2Fjpeg&response-cache-control=public%2C%20max-age%3D31536000%2C%20immutable&X-Amz-Content-Sha256=UNSIGNED-PAYLOAD&X-Amz-Algorithm=AWS4-HMAC-SHA256&X-Amz-Credential=Bhs7rzoWz1jkU0yRURAn%2F20260207%2FFrankfurt%2Fs3%2Faws4_request&X-Amz-Date=20260207T134341Z&X-Amz-SignedHeaders=host&X-Amz-Expires=86400&X-Amz-Signature=9d88b0381cbd194b95b218ca411df4f551adde58b30ab81c246fed0fbfbb61ed"", ""sourceId"": 12, ""adUrl"": ""https://www.facebook.com/marketplace/item/1012837141062338/""}, {""url"": ""https://b3g4.fra01.idrivee2-68.com/images-mirror/54789/27394844_296264818.jpg?response-content-type=image%2Fjpeg&response-cache-control=public%2C%20max-age%3D31536000%2C%20immutable&X-Amz-Content-Sha256=UNSIGNED-PAYLOAD&X-Amz-Algorithm=AWS4-HMAC-SHA256&X-Amz-Credential=Bhs7rzoWz1jkU0yRURAn%2F20260207%2FFrankfurt%2Fs3%2Faws4_request&X-Amz-Date=20260207T134341Z&X-Amz-SignedHeaders=host&X-Amz-Expires=86400&X-Amz-Signature=288598bd61544fe234759c3e8e9dec4ff1e2d7ee36c74ec37db5eb9e9306f89e"", ""sourceId"": 12, ""adUrl"": ""https://www.facebook.com/marketplace/item/1012837141062338/""}, {""url"": ""https://b3g4.fra01.idrivee2-68.com/images-mirror/54789/27394844_296264819.jpg?response-content-type=image%2Fjpeg&response-cache-control=public%2C%20max-age%3D31536000%2C%20immutable&X-Amz-Content-Sha256=UNSIGNED-PAYLOAD&X-Amz-Algorithm=AWS4-HMAC-SHA256&X-Amz-Credential=Bhs7rzoWz1jkU0yRURAn%2F20260207%2FFrankfurt%2Fs3%2Faws4_request&X-Amz-Date=20260207T134341Z&X-Amz-SignedHeaders=host&X-Amz-Expires=86400&X-Amz-Signature=81378a5d1385086e3a8364d4470ee36d19da61dfe179cb163f08be8513b4fb68"", ""sourceId"": 12, ""adUrl"": ""https://www.facebook.com/marketplace/item/1012837141062338/""}, {""url"": ""https://b3g4.fra01.idrivee2-68.com/images-mirror/54789/27394844_296264820.jpg?response-content-type=image%2Fjpeg&response-cache-control=public%2C%20max-age%3D31536000%2C%20immutable&X-Amz-Content-Sha256=UNSIGNED-PAYLOAD&X-Amz-Algorithm=AWS4-HMAC-SHA256&X-Amz-Credential=Bhs7rzoWz1jkU0yRURAn%2F20260207%2FFrankfurt%2Fs3%2Faws4_request&X-Amz-Date=20260207T134341Z&X-Amz-SignedHeaders=host&X-Amz-Expires=86400&X-Amz-Signature=0d675983d97c1e90154cad11177a04cbf90fba05ba6a39ad817b8444d1957f83"", ""sourceId"": 12, ""adUrl"": ""https://www.facebook.com/marketplace/item/1012837141062338/""}, {""url"": ""https://b3g4.fra01.idrivee2-68.com/images-mirror/54789/27394844_296264821.jpg?response-content-type=image%2Fjpeg&response-cache-control=public%2C%20max-age%3D31536000%2C%20immutable&X-Amz-Content-Sha256=UNSIGNED-PAYLOAD&X-Amz-Algorithm=AWS4-HMAC-SHA256&X-Amz-Credential=Bhs7rzoWz1jkU0yRURAn%2F20260207%2FFrankfurt%2Fs3%2Faws4_request&X-Amz-Date=20260207T134341Z&X-Amz-SignedHeaders=host&X-Amz-Expires=86400&X-Amz-Signature=086c8c07406c1afc770b1c4b2a436e54856910adf125635e950ed78cae3aafc6"", ""sourceId"": 12, ""adUrl"": ""https://www.facebook.com/marketplace/item/1012837141062338/""}, {""url"": ""https://b3g4.fra01.idrivee2-68.com/images-mirror/54789/27394844_296264822.jpg?response-content-type=image%2Fjpeg&response-cache-control=public%2C%20max-age%3D31536000%2C%20immutable&X-Amz-Content-Sha256=UNSIGNED-PAYLOAD&X-Amz-Algorithm=AWS4-HMAC-SHA256&X-Amz-Credential=Bhs7rzoWz1jkU0yRURAn%2F20260207%2FFrankfurt%2Fs3%2Faws4_request&X-Amz-Date=20260207T134341Z&X-Amz-SignedHeaders=host&X-Amz-Expires=86400&X-Amz-Signature=c844081ef0f514a4793ace1536d1f581dc20ff9d0e77dd315aa320944cd68e04"", ""sourceId"": 12, ""adUrl"": ""https://www.facebook.com/marketplace/item/1012837141062338/""}, {""url"": ""https://b3g4.fra01.idrivee2-68.com/images-mirror/54789/27394844_296264823.jpg?response-content-type=image%2Fjpeg&response-cache-control=public%2C%20max-age%3D31536000%2C%20immutable&X-Amz-Content-Sha256=UNSIGNED-PAYLOAD&X-Amz-Algorithm=AWS4-HMAC-SHA256&X-Amz-Credential=Bhs7rzoWz1jkU0yRURAn%2F20260207%2FFrankfurt%2Fs3%2Faws4_request&X-Amz-Date=20260207T134341Z&X-Amz-SignedHeaders=host&X-Amz-Expires=86400&X-Amz-Signature=64f07019d2879947789180ecd0a44c5eb19f0a84b935f5931fdc4ecb7a9dfb68"", ""sourceId"": 12, ""adUrl"": ""https://www.facebook.com/marketplace/item/1012837141062338/""}, {""url"": ""https://b3g4.fra01.idrivee2-68.com/images-mirror/54789/27394844_296264824.jpg?response-content-type=image%2Fjpeg&response-cache-control=public%2C%20max-age%3D31536000%2C%20immutable&X-Amz-Content-Sha256=UNSIGNED-PAYLOAD&X-Amz-Algorithm=AWS4-HMAC-SHA256&X-Amz-Credential=Bhs7rzoWz1jkU0yRURAn%2F20260207%2FFrankfurt%2Fs3%2Faws4_request&X-Amz-Date=20260207T134341Z&X-Amz-SignedHeaders=host&X-Amz-Expires=86400&X-Amz-Signature=bb0897cc9288283f0df908479f6bddab6f250861062cdee122830bac5f79ecf4"", ""sourceId"": 12, ""adUrl"": ""https://www.facebook.com/marketplace/item/1012837141062338/""}]","[{""sourceId"": 12, ""url"": ""https://www.facebook.com/marketplace/item/1012837141062338/"", ""price"": null, ""sellerType"": ""private"", ""lastModified"": ""2025-12-18 17:39:34""}, {""sourceId"": 7, ""url"": ""https://www.cava.tn/maisons_et_villas/vente-tage-de-villa-942760"", ""price"": null, ""sellerType"": ""private"", ""lastModified"": ""2025-05-24 18:52:45""}]","[{""sellerType"": ""private"", ""contactName"": ""Allani "", ""active"": true}]",2,2,1,1,5,2,[],2024-12-19 16:30:15,2024-12-19 16:25:58,2025-12-18 17:39:34,2025-05-11 03:05:48,1,2026-02-07 14:47:59
1110526,Etage de Villa Dariane à Vendre à Gammarth Village,"Un étage de villa de charme avec une entrée indépendante situé dans un quartier résidentiel à Gammarth Village. A L'entrée, On a un salon avec balcon, une cuisine avec séchoir, 3 chambres et une salle de bain. Pour tous les renseignements, Contacter L’agent sur le <a type=""phone"">+21656XXXXXX</a>.",330000.0,128.0,S+3,RDC/Étage de villa,villaFloor,sale,agency,5213.0,http://cdn2.ballouchi.com/800x600/400002-1.jpg,"[""https://server.bigdatis.com/api/properties/image/305435795"", ""https://server.bigdatis.com/api/properties/image/305435796"", ""https://server.bigdatis.com/api/properties/image/305435797"", ""https://server.bigdatis.com/api/properties/image/305435798"", ""https://server.bigdatis.com/api/properties/image/305435799"", ""https://server.bigdatis.com/api/properties/image/305435800"", ""https://server.bigdatis.com/api/properties/image/305435801"", ""https://server.bigdatis.com/api/properties/image/305435802"", ""https://server.bigdatis.com/api/properties/image/305435803"", ""https://server.bigdatis.com/api/properties/image/305435804"", ""https://server.bigdatis.com/api/properties/image/305435805""]","[{""url"": ""https://server.bigdatis.com/api/properties/image/305435795"", ""sourceId"": 3, ""adUrl"": ""https://www.ballouchi.com/annonces/immobilier/appartements/etage-de-villa-dariane-a-vendre-a-gammarth-village.html""}, {""url"": ""https://server.bigdatis.com/api/properties/image/305435796"", ""sourceId"": 3, ""adUrl"": ""https://www.ballouchi.com/annonces/immobilier/appartements/etage-de-villa-dariane-a-vendre-a-gammarth-village.html""}, {""url"": ""https://server.bigdatis.com/api/properties/image/305435797"", ""sourceId"": 3, ""adUrl"": ""https://www.ballouchi.com/annonces/immobilier/appartements/etage-de-villa-dariane-a-vendre-a-gammarth-village.html""}, {""url"": ""https://server.bigdatis.com/api/properties/image/305435798"", ""sourceId"": 3, ""adUrl"": ""https://www.ballouchi.com/annonces/immobilier/appartements/etage-de-villa-dariane-a-vendre-a-gammarth-village.html""}, {""url"": ""https://server.bigdatis.com/api/properties/image/305435799"", ""sourceId"": 3, ""adUrl"": ""https://www.ballouchi.com/annonces/immobilier/appartements/etage-de-villa-dariane-a-vendre-a-gammarth-village.html""}, {""url"": ""https://server.bigdatis.com/api/properties/image/305435800"", ""sourceId"": 3, ""adUrl"": ""https://www.ballouchi.com/annonces/immobilier/appartements/etage-de-villa-dariane-a-vendre-a-gammarth-village.html""}, {""url"": ""https://server.bigdatis.com/api/properties/image/305435801"", ""sourceId"": 3, ""adUrl"": ""https://www.ballouchi.com/annonces/immobilier/appartements/etage-de-villa-dariane-a-vendre-a-gammarth-village.html""}, {""url"": ""https://server.bigdatis.com/api/properties/image/305435802"", ""sourceId"": 3, ""adUrl"": ""https://www.ballouchi.com/annonces/immobilier/appartements/etage-de-villa-dariane-a-vendre-a-gammarth-village.html""}, {""url"": ""https://server.bigdatis.com/api/properties/image/305435803"", ""sourceId"": 3, ""adUrl"": ""https://www.ballouchi.com/annonces/immobilier/appartements/etage-de-villa-dariane-a-vendre-a-gammarth-village.html""}, {""url"": ""https://server.bigdatis.com/api/properties/image/305435804"", ""sourceId"": 3, ""adUrl"": ""https://www.ballouchi.com/annonces/immobilier/appartements/etage-de-villa-dariane-a-vendre-a-gammarth-village.html""}, {""url"": ""https://server.bigdatis.com/api/properties/image/305435805"", ""sourceId"": 3, ""adUrl"": ""https://www.ballouchi.com/annonces/immobilier/appartements/etage-de-villa-dariane-a-vendre-a-gammarth-village.html""}]","[{""sourceId"": 3, ""url"": ""https://www.ballouchi.com/annonces/immobilier/appartements/etage-de-villa-dariane-a-vendre-a-gammarth-village.html"", ""price"": 330000, ""sellerType"": ""agency"", ""lastModified"": ""2024-08-01 21:21:44""}]","[{""sellerType"": ""agency"", ""contactName"": ""homesweethome"", ""active"": true}]",1,1,1,1,2,1,[],2025-09-02 17:00:58,2024-08-01 21:21:44,2025-09-02 17:00:57,2025-09-02 17:00:57,1,2026-02-07 14:47:59
137726,Deuxième étage de villa,"je vous propose à la vente d'un luxueux étage de villa s+3 toute neuf dans un quartier calme bien sécurisé, agréable et proche de toutes commodités avec un idéal emplacement situé au rue des états-unis au bardo près de la banque du sang militaire .

à 5 minutes des stations métro n 3 et n 4 et n 5

à 3 minutes de bus numéro (64 515 78 72 14 etc)

à 12 minutes hôpital d'enfants bab saadoun

à 15 minutes hôpital rabta

à 3 minutes de boulangerie pâtisserie ranim

à 7 minutes de boulangerie pâtisserie hbib mokhtar

à 3 minutes de foyer universitaire public bardo 1

à 3 minutes de magasin général

à 3 minutes de monoprix

à 3 minutes de kiabi

à 3 minutes du marché hneya bardo

il se compose de 

un salon spacieux

3 chambres à coucher dont une avec dressing

salle à manger ouverte sur le salon

une cuisine

une salle de bain

un grand couloir avec placard

interphone

compteur d’électricité indépendant

compteur d’eau indépendant

compteur de gaz indépendant

porte d'extérieure indépendan

whatsapp : <a type=""phone"">+79251XXXXXX</a>",250000.0,132.0,S+3,RDC/Étage de villa,villaFloor,sale,private,4995.0,https://www.menzili.tn/upload/photos/2022/01/18/16/46/y9p104q892.jpg,"[""https://www.menzili.tn/upload/photos/2022/01/18/16/46/y9p104q892.jpg"", ""https://www.menzili.tn/upload/photos/2022/01/18/16/46/9a942vitv4.jpg"", ""https://www.menzili.tn/upload/photos/2022/01/18/16/46/81t2647mo1.jpg"", ""https://www.menzili.tn/upload/photos/2022/01/18/16/46/2s1d0i7641.jpg"", ""https://www.menzili.tn/upload/photos/2022/01/18/16/47/2trz4ni921.jpg"", ""https://www.menzili.tn/upload/photos/2022/01/18/16/48/yse2z30i21.jpg"", ""https://www.menzili.tn/upload/photos/2022/01/18/16/48/969p39932e.jpg"", ""https://www.menzili.tn/upload/photos/2022/01/18/16/49/92zn1qqqzv.jpg"", ""https://www.menzili.tn/upload/photos/2022/01/18/16/49/yis079gv84.jpg"", ""https://www.menzili.tn/upload/photos/2022/01/18/16/49/72n1mdg794.jpg""]","[{""url"": ""https://www.menzili.tn/upload/photos/2022/01/18/16/46/y9p104q892.jpg"", ""sourceId"": 13, ""adUrl"": ""https://www.menzili.tn/annonce/annonce-77966""}, {""url"": ""https://www.menzili.tn/upload/photos/2022/01/18/16/46/9a942vitv4.jpg"", ""sourceId"": 13, ""adUrl"": ""https://www.menzili.tn/annonce/annonce-77966""}, {""url"": ""https://www.menzili.tn/upload/photos/2022/01/18/16/46/81t2647mo1.jpg"", ""sourceId"": 13, ""adUrl"": ""https://www.menzili.tn/annonce/annonce-77966""}, {""url"": ""https://www.menzili.tn/upload/photos/2022/01/18/16/46/2s1d0i7641.jpg"", ""sourceId"": 13, ""adUrl"": ""https://www.menzili.tn/annonce/annonce-77966""}, {""url"": ""https://www.menzili.tn/upload/photos/2022/01/18/16/47/2trz4ni921.jpg"", ""sourceId"": 13, ""adUrl"": ""https://www.menzili.tn/annonce/annonce-77966""}, {""url"": ""https://www.menzili.tn/upload/photos/2022/01/18/16/48/yse2z30i21.jpg"", ""sourceId"": 13, ""adUrl"": ""https://www.menzili.tn/annonce/annonce-77966""}, {""url"": ""https://www.menzili.tn/upload/photos/2022/01/18/16/48/969p39932e.jpg"", ""sourceId"": 13, ""adUrl"": ""https://www.menzili.tn/annonce/annonce-77966""}, {""url"": ""https://www.menzili.tn/upload/photos/2022/01/18/16/49/92zn1qqqzv.jpg"", ""sourceId"": 13, ""adUrl"": ""https://www.menzili.tn/annonce/annonce-77966""}, {""url"": ""https://www.menzili.tn/upload/photos/2022/01/18/16/49/yis079gv84.jpg"", ""sourceId"": 13, ""adUrl"": ""https://www.menzili.tn/annonce/annonce-77966""}, {""url"": ""https://www.menzili.tn/upload/photos/2022/01/18/16/49/72n1mdg794.jpg"", ""sourceId"": 13, ""adUrl"": ""https://www.menzili.tn/annonce/annonce-77966""}]","[{""sourceId"": 13, ""url"": ""https://www.menzili.tn/annonce/annonce-77966"", ""price"": 250000, ""sellerType"": ""private"", ""lastModified"": ""2022-01-18 02:02:53""}]","[{""sellerType"": ""private"", ""contactName"": ""Wassim belaid"", ""active"": true}]",1,1,1,1,2,1,[],2022-01-18 08:33:03,2022-01-18 02:02:53,2022-01-18 08:33:03,2022-01-18 02:02:53,1,2026-02-07 14:47:59
754179,Premier étage d’une villa à Carthage Yasmina,"Pour cause de départ à l'étranger, particulier vend PREMIER étage d’une villa semi meublé à carthage yasmina d’une surface de 183 m2 couvert et 18 m2 partie commune. La maison est composée de 5 chambres spacieuses (4x4m) et 2 grands salons. Titre bleu individuel et papiers en règle. L’acheteur a la possibilité de construire deux étages supplémentaires.
Prière aux intermédiaires immobiliers de s'abstenir.
Prix légèrement négociable : 445 MD",445000.0,183.0,S+5,RDC/Étage de villa,villaFloor,sale,private,4835.0,https://www.mubawab-media.com/ad/7/765/259F/h/7e539d16-df5f-46ab-bbb7-b5d2d5199eb8_54637325.avif,"[""https://www.mubawab-media.com/ad/7/765/259F/h/7e539d16-df5f-46ab-bbb7-b5d2d5199eb8_54637325.avif"", ""https://www.mubawab-media.com/ad/7/765/259F/h/318e7a24-2a32-4cdb-813a-ce3c3242ef7e_54637326.avif"", ""https://www.mubawab-media.com/ad/7/765/259F/h/IMG_3612_54637327.avif"", ""https://www.mubawab-media.com/ad/7/765/259F/h/IMG_3618_54637328.avif"", ""https://www.mubawab-media.com/ad/7/765/259F/h/IMG_3623_54637329.avif"", ""https://www.mubawab-media.com/ad/7/765/259F/h/IMG_3624_54637330.avif"", ""https://www.mubawab-media.com/ad/7/765/259F/h/IMG_3630_54637331.avif"", ""https://www.mubawab-media.com/ad/7/765/259F/h/IMG_3635_54637332.avif"", ""https://www.mubawab-media.com/ad/7/765/259F/h/IMG_3636_54637333.avif"", ""https://www.mubawab-media.com/ad/7/765/259F/h/IMG_3640_54637334.avif"", ""https://www.menzili.tn/upload/photos/2025/05/20/21/34/b2dvd02d54.jpg"", ""https://www.menzili.tn/upload/photos/2025/05/20/21/34/jb2h46v782.jpg"", ""https://www.menzili.tn/upload/photos/2025/05/20/21/35/ya073qodg9.jpg"", ""https://www.menzili.tn/upload/photos/2025/05/20/21/35/j5mq6m9924.jpg"", ""https://www.menzili.tn/upload/photos/2025/05/20/21/36/y3bps0d3z7.jpg"", ""https://www.menzili.tn/upload/photos/2025/05/20/21/37/57321t27s9.jpg""]","[{""url"": ""https://www.mubawab-media.com/ad/7/765/259F/h/7e539d16-df5f-46ab-bbb7-b5d2d5199eb8_54637325.avif"", ""sourceId"": 5, ""adUrl"": ""https://www.mubawab.tn/fr/a/7765259/premier-%C3%A9tage-d%E2%80%99une-villa-%C3%A0-carthage-yasmina""}, {""url"": ""https://www.mubawab-media.com/ad/7/765/259F/h/318e7a24-2a32-4cdb-813a-ce3c3242ef7e_54637326.avif"", ""sourceId"": 5, ""adUrl"": ""https://www.mubawab.tn/fr/a/7765259/premier-%C3%A9tage-d%E2%80%99une-villa-%C3%A0-carthage-yasmina""}, {""url"": ""https://www.mubawab-media.com/ad/7/765/259F/h/IMG_3612_54637327.avif"", ""sourceId"": 5, ""adUrl"": ""https://www.mubawab.tn/fr/a/7765259/premier-%C3%A9tage-d%E2%80%99une-villa-%C3%A0-carthage-yasmina""}, {""url"": ""https://www.mubawab-media.com/ad/7/765/259F/h/IMG_3618_54637328.avif"", ""sourceId"": 5, ""adUrl"": ""https://www.mubawab.tn/fr/a/7765259/premier-%C3%A9tage-d%E2%80%99une-villa-%C3%A0-carthage-yasmina""}, {""url"": ""https://www.mubawab-media.com/ad/7/765/259F/h/IMG_3623_54637329.avif"", ""sourceId"": 5, ""adUrl"": ""https://www.mubawab.tn/fr/a/7765259/premier-%C3%A9tage-d%E2%80%99une-villa-%C3%A0-carthage-yasmina""}, {""url"": ""https://www.mubawab-media.com/ad/7/765/259F/h/IMG_3624_54637330.avif"", ""sourceId"": 5, ""adUrl"": ""https://www.mubawab.tn/fr/a/7765259/premier-%C3%A9tage-d%E2%80%99une-villa-%C3%A0-carthage-yasmina""}, {""url"": ""https://www.mubawab-media.com/ad/7/765/259F/h/IMG_3630_54637331.avif"", ""sourceId"": 5, ""adUrl"": ""https://www.mubawab.tn/fr/a/7765259/premier-%C3%A9tage-d%E2%80%99une-villa-%C3%A0-carthage-yasmina""}, {""url"": ""https://www.mubawab-media.com/ad/7/765/259F/h/IMG_3635_54637332.avif"", ""sourceId"": 5, ""adUrl"": ""https://www.mubawab.tn/fr/a/7765259/premier-%C3%A9tage-d%E2%80%99une-villa-%C3%A0-carthage-yasmina""}, {""url"": ""https://www.mubawab-media.com/ad/7/765/259F/h/IMG_3636_54637333.avif"", ""sourceId"": 5, ""adUrl"": ""https://www.mubawab.tn/fr/a/7765259/premier-%C3%A9tage-d%E2%80%99une-villa-%C3%A0-carthage-yasmina""}, {""url"": ""https://www.mubawab-media.com/ad/7/765/259F/h/IMG_3640_54637334.avif"", ""sourceId"": 5, ""adUrl"": ""https://www.mubawab.tn/fr/a/7765259/premier-%C3%A9tage-d%E2%80%99une-villa-%C3%A0-carthage-yasmina""}, {""url"": ""https://www.menzili.tn/upload/photos/2025/05/20/21/34/b2dvd02d54.jpg"", ""sourceId"": 13, ""adUrl"": ""https://www.menzili.tn/annonce/annonce-142613""}, {""url"": ""https://www.menzili.tn/upload/photos/2025/05/20/21/34/jb2h46v782.jpg"", ""sourceId"": 13, ""adUrl"": ""https://www.menzili.tn/annonce/annonce-142613""}, {""url"": ""https://www.menzili.tn/upload/photos/2025/05/20/21/35/ya073qodg9.jpg"", ""sourceId"": 13, ""adUrl"": ""https://www.menzili.tn/annonce/annonce-142613""}, {""url"": ""https://www.menzili.tn/upload/photos/2025/05/20/21/35/j5mq6m9924.jpg"", ""sourceId"": 13, ""adUrl"": ""https://www.menzili.tn/annonce/annonce-142613""}, {""url"": ""https://www.menzili.tn/upload/photos/2025/05/20/21/36/y3bps0d3z7.jpg"", ""sourceId"": 13, ""adUrl"": ""https://www.menzili.tn/annonce/annonce-142613""}, {""url"": ""https://www.menzili.tn/upload/photos/2025/05/20/21/37/57321t27s9.jpg"", ""sourceId"": 13, ""adUrl"": ""https://www.menzili.tn/annonce/annonce-142613""}]","[{""sourceId"": 5, ""url"": ""https://www.mubawab.tn/fr/a/7765259/premier-%C3%A9tage-d%E2%80%99une-villa-%C3%A0-carthage-yasmina"", ""price"": 445000, ""sellerType"": ""private"", ""lastModified"": ""2026-01-22 03:16:02""}, {""sourceId"": 13, ""url"": ""https://www.menzili.tn/annonce/annonce-142613"", ""price"": 435000, ""sellerType"": ""private"", ""lastModified"": ""2025-05-20 02:03:29""}]","[{""sellerType"": ""private"", ""contactName"": ""SASSI Particulier"", ""active"": true}]",2,2,1,1,9,2,[],2023-08-18 23:49:04,2023-08-18 23:48:47,2026-01-22 03:16:02,2025-05-20 02:03:29,1,2026-02-07 14:47:59
938505,Rez de chaussée d'une villa a vendre,"Rez-de-chaussée de villa à vendre à Kheireddine
À vendre charmant rez-de-chaussée indépendant d’une villa situé dans un quartier calme et bien desservi à Kheireddine.
Surface bâtie : 70 m²
Terrain : 130 m² avec jardin privatif
Composition 3 chambres petite cuisine fonctionnelle salle d’eau
Extérieur jardin agréable idéal pour détente ou aménagement
Bien entretenu parfait pour une petite famille ou un investissement locatif. Proche des commerces, écoles et transports
Pour plus d’informations ou pour organiser une visite, merci de me contacter directement via le site.",,130.0,S+2,RDC/Étage de villa,villaFloor,sale,private,4938.0,https://www.mubawab-media.com/ad/8/088/355F/h/5de1151e-9c0d-478a-9fb4-97cd2eb542c9_79735063.avif,"[""https://www.mubawab-media.com/ad/8/088/355F/h/5de1151e-9c0d-478a-9fb4-97cd2eb542c9_79735063.avif"", ""https://www.mubawab-media.com/ad/8/088/355F/h/d8500a37-3377-44a5-a79d-aa4aa31f24a6_79735064.avif"", ""https://www.mubawab-media.com/ad/8/088/355F/h/0e2dc741-e84e-4dc8-9777-1e7a2a06943c_79735065.avif"", ""https://www.mubawab-media.com/ad/8/088/355F/h/4d0ae6a4-9ac4-41fd-a632-76c4ae0de611_79735066.avif"", ""https://www.mubawab-media.com/ad/8/088/355F/h/9b5db8b2-c7ba-4f4e-a5d6-747a395c5dfc_79735067.avif"", ""https://www.mubawab-media.com/ad/8/088/355F/h/c4f9db8e-9045-4891-9871-76f2a4d1ad5e_79735068.avif"", ""https://www.mubawab-media.com/ad/8/088/355F/h/b4744126-c088-4e88-a88f-2c7b288b5491_79735069.avif"", ""https://www.mubawab-media.com/ad/8/088/355F/h/ffda48ec-2edc-4929-bc08-c5386c5e6fb9_79735070.avif"", ""https://www.mubawab-media.com/ad/8/088/355F/h/e31d8237-7af8-4faf-9b72-adcdd8ab04a4_79735071.avif""]","[{""url"": ""https://www.mubawab-media.com/ad/8/088/355F/h/5de1151e-9c0d-478a-9fb4-97cd2eb542c9_79735063.avif"", ""sourceId"": 5, ""adUrl"": ""https://www.mubawab.tn/fr/a/8088355/rez-de-chauss%C3%A9e-d-une-villa-a-vendre""}, {""url"": ""https://www.mubawab-media.com/ad/8/088/355F/h/d8500a37-3377-44a5-a79d-aa4aa31f24a6_79735064.avif"", ""sourceId"": 5, ""adUrl"": ""https://www.mubawab.tn/fr/a/8088355/rez-de-chauss%C3%A9e-d-une-villa-a-vendre""}, {""url"": ""https://www.mubawab-media.com/ad/8/088/355F/h/0e2dc741-e84e-4dc8-9777-1e7a2a06943c_79735065.avif"", ""sourceId"": 5, ""adUrl"": ""https://www.mubawab.tn/fr/a/8088355/rez-de-chauss%C3%A9e-d-une-villa-a-vendre""}, {""url"": ""https://www.mubawab-media.com/ad/8/088/355F/h/4d0ae6a4-9ac4-41fd-a632-76c4ae0de611_79735066.avif"", ""sourceId"": 5, ""adUrl"": ""https://www.mubawab.tn/fr/a/8088355/rez-de-chauss%C3%A9e-d-une-villa-a-vendre""}, {""url"": ""https://www.mubawab-media.com/ad/8/088/355F/h/9b5db8b2-c7ba-4f4e-a5d6-747a395c5dfc_79735067.avif"", ""sourceId"": 5, ""adUrl"": ""https://www.mubawab.tn/fr/a/8088355/rez-de-chauss%C3%A9e-d-une-villa-a-vendre""}, {""url"": ""https://www.mubawab-media.com/ad/8/088/355F/h/c4f9db8e-9045-4891-9871-76f2a4d1ad5e_79735068.avif"", ""sourceId"": 5, ""adUrl"": ""https://www.mubawab.tn/fr/a/8088355/rez-de-chauss%C3%A9e-d-une-villa-a-vendre""}, {""url"": ""https://www.mubawab-media.com/ad/8/088/355F/h/b4744126-c088-4e88-a88f-2c7b288b5491_79735069.avif"", ""sourceId"": 5, ""adUrl"": ""https://www.mubawab.tn/fr/a/8088355/rez-de-chauss%C3%A9e-d-une-villa-a-vendre""}, {""url"": ""https://www.mubawab-media.com/ad/8/088/355F/h/ffda48ec-2edc-4929-bc08-c5386c5e6fb9_79735070.avif"", ""sourceId"": 5, ""adUrl"": ""https://www.mubawab.tn/fr/a/8088355/rez-de-chauss%C3%A9e-d-une-villa-a-vendre""}, {""url"": ""https://www.mubawab-media.com/ad/8/088/355F/h/e31d8237-7af8-4faf-9b72-adcdd8ab04a4_79735071.avif"", ""sourceId"": 5, ""adUrl"": ""https://www.mubawab.tn/fr/a/8088355/rez-de-chauss%C3%A9e-d-une-villa-a-vendre""}]","[{""sourceId"": 5, ""url"": ""https://www.mubawab.tn/fr/a/8088355/rez-de-chauss%C3%A9e-d-une-villa-a-vendre"", ""price"": null, ""sellerType"": ""private"", ""lastModified"": ""2025-09-27 03:35:15""}]","[{""sellerType"": ""private"", ""contactName"": ""Lahmar emir Particulier"", ""active"": true}]",1,1,1,1,2,1,[],2024-03-22 21:22:03,2024-03-22 21:22:03,2025-09-27 03:35:15,2024-03-22 21:22:03,1,2026-02-07 14:47:59
225805,RDC d'une villa à vendre à mahdia,"AGENCE EL HANA ORPI vous offre une très bonne occasion; à vendre un RDC d'une villa pour habitation ou bien usage commercial sur la route principale du corniche mahdia,en face hotel sable d 'or et 50 mètres de royal mansour.

composée de:

* grand salon;

* 3 chambres à coucher;

*salle de bain;

*salle d'eau;

*débarras;

*terasse et un grand jardin contenant un garage,une 2ème cuisine et une salle de bain.

superficie du terrain: 700 m²

surface bâtie: 200 m²

prix: 600.000d

pour plus d'information merci de contacter notre agence sur <a type=""phone"">+21653XXXXXX</a>",600000.0,700.0,S+3,RDC/Étage de villa,villaFloor,sale,agency,2818.0,https://www.menzili.tn/upload/photos/2019/06/20/16/27/97tr47ie41.jpg,"[""https://www.menzili.tn/upload/photos/2019/06/20/16/27/97tr47ie41.jpg"", ""https://www.menzili.tn/upload/photos/2019/06/20/16/27/tnitd2692e.jpg"", ""https://www.menzili.tn/upload/photos/2019/06/20/16/27/5d8h1635v1.jpg"", ""https://www.menzili.tn/upload/photos/2019/06/20/16/28/i2m094o847.jpg"", ""https://www.menzili.tn/upload/photos/2019/06/20/16/28/ji21640944.jpg"", ""https://www.menzili.tn/upload/photos/2019/06/20/16/28/99492di2s9.jpg"", ""https://www.menzili.tn/upload/photos/2019/06/20/16/28/jsz2vst7e6.jpg"", ""https://www.menzili.tn/upload/photos/2019/06/20/16/28/5d31si9147.jpg""]","[{""url"": ""https://www.menzili.tn/upload/photos/2019/06/20/16/27/97tr47ie41.jpg"", ""sourceId"": 13, ""adUrl"": ""https://www.menzili.tn/annonce/annonce-17021""}, {""url"": ""https://www.menzili.tn/upload/photos/2019/06/20/16/27/tnitd2692e.jpg"", ""sourceId"": 13, ""adUrl"": ""https://www.menzili.tn/annonce/annonce-17021""}, {""url"": ""https://www.menzili.tn/upload/photos/2019/06/20/16/27/5d8h1635v1.jpg"", ""sourceId"": 13, ""adUrl"": ""https://www.menzili.tn/annonce/annonce-17021""}, {""url"": ""https://www.menzili.tn/upload/photos/2019/06/20/16/28/i2m094o847.jpg"", ""sourceId"": 13, ""adUrl"": ""https://www.menzili.tn/annonce/annonce-17021""}, {""url"": ""https://www.menzili.tn/upload/photos/2019/06/20/16/28/ji21640944.jpg"", ""sourceId"": 13, ""adUrl"": ""https://www.menzili.tn/annonce/annonce-17021""}, {""url"": ""https://www.menzili.tn/upload/photos/2019/06/20/16/28/99492di2s9.jpg"", ""sourceId"": 13, ""adUrl"": ""https://www.menzili.tn/annonce/annonce-17021""}, {""url"": ""https://www.menzili.tn/upload/photos/2019/06/20/16/28/jsz2vst7e6.jpg"", ""sourceId"": 13, ""adUrl"": ""https://www.menzili.tn/annonce/annonce-17021""}, {""url"": ""https://www.menzili.tn/upload/photos/2019/06/20/16/28/5d31si9147.jpg"", ""sourceId"": 13, ""adUrl"": ""https://www.menzili.tn/annonce/annonce-17021""}]","[{""sourceId"": 13, ""url"": null, ""price"": 600000, ""sellerType"": ""agency"", ""lastModified"": ""2019-06-20 01:33:37""}]","[{""sellerType"": ""agency"", ""contactName"": ""AGENCE EL HANA ORPI"", ""active"": true}]",1,0,1,1,2,1,[],2022-01-06 21:53:18,2019-06-20 01:33:37,2019-07-11 14:41:34,2019-06-20 01:33:37,1,2026-02-07 14:47:59
527,Etage de villa à vendre à Nabeul à 260 MD,"NOTRE AGENCE #MS_IMMOBILIER met en #Vente un étage de villa s+4 situé à #NABEUL

Il est composé de :

Un spacieux salon , un séjour, une belle cuisine bien équipée, 4 chambres à coucher avec placard, une salle d'eau avec douche et une toilette

SUPERFICIE TERRAIN : 365 m²

SUPERFICIE COUVERT : 190 m²

PRIX : 260 MD

REF : MN002

Pour plus d’informations merci de nous contacter sur <a type=""phone"">+21651XXXXXX</a>

Visite disponible 7/7

Page officielle Facebook : https://www.facebook.com/ms.Immobilier2020

Instagram : https://www.instagram.com/ms_immobilier1/?hl=fr

Site web : https://www.ms-immobilier.tn/",260000.0,365.0,S+4,RDC/Étage de villa,villaFloor,sale,agency,3609.0,http://cdn2.ballouchi.com/800x600/341174-1.jpg,"[""https://server.bigdatis.com/api/properties/image/305528535"", ""https://server.bigdatis.com/api/properties/image/305528536"", ""https://server.bigdatis.com/api/properties/image/305528537"", ""https://server.bigdatis.com/api/properties/image/305528538"", ""https://server.bigdatis.com/api/properties/image/305528539"", ""https://server.bigdatis.com/api/properties/image/305528540"", ""https://server.bigdatis.com/api/properties/image/305528541"", ""https://server.bigdatis.com/api/properties/image/305528542""]","[{""url"": ""https://server.bigdatis.com/api/properties/image/305528535"", ""sourceId"": 3, ""adUrl"": ""https://www.ballouchi.com/annonces/immobilier/villas/etage-de-villa-a-vendre-a-nabeul-a-260-md-51355351.html""}, {""url"": ""https://server.bigdatis.com/api/properties/image/305528536"", ""sourceId"": 3, ""adUrl"": ""https://www.ballouchi.com/annonces/immobilier/villas/etage-de-villa-a-vendre-a-nabeul-a-260-md-51355351.html""}, {""url"": ""https://server.bigdatis.com/api/properties/image/305528537"", ""sourceId"": 3, ""adUrl"": ""https://www.ballouchi.com/annonces/immobilier/villas/etage-de-villa-a-vendre-a-nabeul-a-260-md-51355351.html""}, {""url"": ""https://server.bigdatis.com/api/properties/image/305528538"", ""sourceId"": 3, ""adUrl"": ""https://www.ballouchi.com/annonces/immobilier/villas/etage-de-villa-a-vendre-a-nabeul-a-260-md-51355351.html""}, {""url"": ""https://server.bigdatis.com/api/properties/image/305528539"", ""sourceId"": 3, ""adUrl"": ""https://www.ballouchi.com/annonces/immobilier/villas/etage-de-villa-a-vendre-a-nabeul-a-260-md-51355351.html""}, {""url"": ""https://server.bigdatis.com/api/properties/image/305528540"", ""sourceId"": 3, ""adUrl"": ""https://www.ballouchi.com/annonces/immobilier/villas/etage-de-villa-a-vendre-a-nabeul-a-260-md-51355351.html""}, {""url"": ""https://server.bigdatis.com/api/properties/image/305528541"", ""sourceId"": 3, ""adUrl"": ""https://www.ballouchi.com/annonces/immobilier/villas/etage-de-villa-a-vendre-a-nabeul-a-260-md-51355351.html""}, {""url"": ""https://server.bigdatis.com/api/properties/image/305528542"", ""sourceId"": 3, ""adUrl"": ""https://www.ballouchi.com/annonces/immobilier/villas/etage-de-villa-a-vendre-a-nabeul-a-260-md-51355351.html""}]","[{""sourceId"": 3, ""url"": null, ""price"": 260000, ""sellerType"": ""agency"", ""lastModified"": ""2022-05-19 22:38:06""}]","[{""sellerType"": ""agency"", ""contactName"": ""mayssaimmo"", ""active"": true}, {""sellerType"": ""agency"", ""contactName"": ""MSIMMOBILIERHEJER"", ""active"": true}]",1,0,2,2,45,6,[],2022-01-06 21:31:11,2021-03-12 21:31:06,2023-05-02 19:05:13,2021-03-12 21:31:06,1,2026-02-07 14:47:59
1102353,Maisons à deux étages indépendants,"a vendre à el mourouj 4 deux villas indépendantes construites sur une surfaces de de 600 mètre carré dont 250 mètre carré couverte pour chaque étages.
 villa rc construite de terrasse à l'entrée surface: peut-être utilisée pour 1 voiture,d'un salon, 4 chambres à coucher,une cuisine avec terrasse ,une salle de bain et une toilette.
villa indépendante au premier étage construite d'un salon, 3 chambre à coucher, une cuisine et un salle de bain 
prêt de toute commodité : poste, supérette : mg,aziza,école, dispensaire,
titre foncier 
prix négociable 
pour plus d'informations merci de contacter 
agence immobilière al fawz sur tel: <a type=""phone"">+21626XXXXXX</a>
ou tél/whatsapp:<a type=""phone"">+21694XXXXXX</a>",650000.0,600.0,,RDC/Étage de villa,villaFloor,sale,agency,5175.0,http://tunisie-annonce.com/upload2/202508/tunisie-annonce.com/photos/790858_20250824_143810.jpg,"[""https://server.bigdatis.com/api/properties/image/295392199"", ""https://server.bigdatis.com/api/properties/image/295392200"", ""https://server.bigdatis.com/api/properties/image/295392201"", ""https://server.bigdatis.com/api/properties/image/295392202"", ""https://server.bigdatis.com/api/properties/image/295392203""]","[{""url"": ""https://server.bigdatis.com/api/properties/image/295392199"", ""sourceId"": 1, ""adUrl"": ""http://www.tunisie-annonce.com/DetailsAnnonceImmobilier.asp?cod_ann=3421346""}, {""url"": ""https://server.bigdatis.com/api/properties/image/295392200"", ""sourceId"": 1, ""adUrl"": ""http://www.tunisie-annonce.com/DetailsAnnonceImmobilier.asp?cod_ann=3421346""}, {""url"": ""https://server.bigdatis.com/api/properties/image/295392201"", ""sourceId"": 1, ""adUrl"": ""http://www.tunisie-annonce.com/DetailsAnnonceImmobilier.asp?cod_ann=3421346""}, {""url"": ""https://server.bigdatis.com/api/properties/image/295392202"", ""sourceId"": 1, ""adUrl"": ""http://www.tunisie-annonce.com/DetailsAnnonceImmobilier.asp?cod_ann=3421346""}, {""url"": ""https://server.bigdatis.com/api/properties/image/295392203"", ""sourceId"": 1, ""adUrl"": ""http://www.tunisie-annonce.com/DetailsAnnonceImmobilier.asp?cod_ann=3421346""}]","[{""sourceId"": 1, ""url"": null, ""price"": 650000, ""sellerType"": ""agency"", ""lastModified"": ""2025-11-08 00:00:00""}]","[{""sellerType"": ""agency"", ""contactName"": null, ""active"": true}]",1,0,1,1,1,1,[],2025-08-24 13:45:51,2025-08-24 13:45:51,2025-11-08 00:00:00,2025-08-24 13:45:51,1,2026-02-07 14:47:59
981522,Etage de villa à elmenza1,"Avec TITRE INDIVIDUEL, à vendre étage de villa ,de 160 m2 .avec jardin ,au totl 430 m2,prix 890Md Négociable Tél : <a type=""phone"">+21622XXXXXX</a>",890000.0,430.0,S+3,RDC/Étage de villa,villaFloor,sale,private,266.0,https://www.affare.tn/image/11_2023_cbc424e4.JPG,"[""https://www.affare.tn/image/11_2023_cbc424e4.JPG"", ""https://www.affare.tn/image/11_2023_320eab42.JPG"", ""https://www.affare.tn/image/11_2023_a3c56d05.JPG"", ""https://www.affare.tn/image/11_2023_25d012b7.JPG"", ""https://www.affare.tn/image/11_2023_a63b777c.JPG"", ""https://www.affare.tn/image/03_2024_d216a672.JPG"", ""https://www.affare.tn/image/07_2024_47bcabc7.JPG""]","[{""url"": ""https://www.affare.tn/image/11_2023_cbc424e4.JPG"", ""sourceId"": 6, ""adUrl"": ""https://www.affare.tn/annonce/un-etagede-villa-terrain-a-el-menzah-1-195701""}, {""url"": ""https://www.affare.tn/image/11_2023_320eab42.JPG"", ""sourceId"": 6, ""adUrl"": ""https://www.affare.tn/annonce/un-etagede-villa-terrain-a-el-menzah-1-195701""}, {""url"": ""https://www.affare.tn/image/11_2023_a3c56d05.JPG"", ""sourceId"": 6, ""adUrl"": ""https://www.affare.tn/annonce/un-etagede-villa-terrain-a-el-menzah-1-195701""}, {""url"": ""https://www.affare.tn/image/11_2023_25d012b7.JPG"", ""sourceId"": 6, ""adUrl"": ""https://www.affare.tn/annonce/un-etagede-villa-terrain-a-el-menzah-1-195701""}, {""url"": ""https://www.affare.tn/image/11_2023_a63b777c.JPG"", ""sourceId"": 6, ""adUrl"": ""https://www.affare.tn/annonce/un-etagede-villa-terrain-a-el-menzah-1-195701""}, {""url"": ""https://www.affare.tn/image/03_2024_d216a672.JPG"", ""sourceId"": 6, ""adUrl"": ""https://www.affare.tn/annonce/un-etagede-villa-terrain-a-el-menzah-1-195701""}, {""url"": ""https://www.affare.tn/image/07_2024_47bcabc7.JPG"", ""sourceId"": 6, ""adUrl"": ""https://www.affare.tn/annonce/un-etagede-villa-terrain-a-el-menzah-1-195701""}]","[{""sourceId"": 6, ""url"": null, ""price"": 890000, ""sellerType"": ""private"", ""lastModified"": ""2026-01-31 17:45:30""}]","[{""sellerType"": ""private"", ""contactName"": ""A louer"", ""active"": true}]",1,0,1,1,1,1,[],2023-11-23 10:00:25,2023-11-23 09:59:24,2026-01-31 17:45:30,2025-08-09 03:47:53,1,2026-02-07 14:47:59
819729,2 étages indépendants à Hammamet Nord à vendre,"🎁فرصتك🎁 باش تملك #دار تحفونة📣📣في #الحمامات 🏝🏖 و تفرح روحك و العزيز عليك
 الطابق السفلي S+2 و معاها قاراج 🔑🔑
في الطابق الأول S+2 معاها زوز تيراسات كبار و 🔑🔑
مدخل مستقل لكل طابق🙋🙋
🚶🚶بعيدة 1.5 كم عالبجر🌊🌊
📐مساحة كل طابق :150م²
📐مساحة الأرض: 150م²
💰الثمن : 380 مليون قابل للنقاش
👉مع امكانية بيع كل طابق وحدو🙋🙋بـ190مليون👉        
🌈Réf: MH132
👇مالا كلمنا على <a type=""phone"">+21651XXXXXX</a>📞📞",380000.0,150.0,S+6,RDC/Étage de villa,villaFloor,sale,agency,5182.0,https://www.affare.tn/image/12_2024_91c3f50f.JPG,"[""https://www.affare.tn/image/12_2024_91c3f50f.JPG"", ""https://www.affare.tn/image/12_2024_f896e438.JPG"", ""https://www.affare.tn/image/12_2024_88b2452e.JPG"", ""https://www.affare.tn/image/12_2024_4b97c0b4.JPG"", ""https://www.affare.tn/image/12_2024_5344883b.JPG"", ""https://www.affare.tn/image/12_2024_811ad850.JPG"", ""https://www.affare.tn/image/12_2024_53b508be.JPG"", ""https://www.affare.tn/image/12_2024_3f8424b8.JPG"", ""https://www.affare.tn/image/12_2024_5261d684.JPG"", ""https://www.affare.tn/image/12_2024_4af267f5.JPG"", ""https://www.affare.tn/image/12_2024_46d5c40a.JPG"", ""https://www.affare.tn/image/12_2024_81034fb7.JPG"", ""https://www.menzili.tn/upload/photos/2025/01/18/15/41/916pq9qo14.jpg""]","[{""url"": ""https://www.affare.tn/image/12_2024_91c3f50f.JPG"", ""sourceId"": 6, ""adUrl"": ""https://www.affare.tn/annonce/2-etages-independants-a-hammamet-nord-a-vendre-51355351-229825""}, {""url"": ""https://www.affare.tn/image/12_2024_f896e438.JPG"", ""sourceId"": 6, ""adUrl"": ""https://www.affare.tn/annonce/2-etages-independants-a-hammamet-nord-a-vendre-51355351-229825""}, {""url"": ""https://www.affare.tn/image/12_2024_88b2452e.JPG"", ""sourceId"": 6, ""adUrl"": ""https://www.affare.tn/annonce/2-etages-independants-a-hammamet-nord-a-vendre-51355351-229825""}, {""url"": ""https://www.affare.tn/image/12_2024_4b97c0b4.JPG"", ""sourceId"": 6, ""adUrl"": ""https://www.affare.tn/annonce/2-etages-independants-a-hammamet-nord-a-vendre-51355351-229825""}, {""url"": ""https://www.affare.tn/image/12_2024_5344883b.JPG"", ""sourceId"": 6, ""adUrl"": ""https://www.affare.tn/annonce/2-etages-independants-a-hammamet-nord-a-vendre-51355351-229825""}, {""url"": ""https://www.affare.tn/image/12_2024_811ad850.JPG"", ""sourceId"": 6, ""adUrl"": ""https://www.affare.tn/annonce/2-etages-independants-a-hammamet-nord-a-vendre-51355351-229825""}, {""url"": ""https://www.affare.tn/image/12_2024_53b508be.JPG"", ""sourceId"": 6, ""adUrl"": ""https://www.affare.tn/annonce/2-etages-independants-a-hammamet-nord-a-vendre-51355351-229825""}, {""url"": ""https://www.affare.tn/image/12_2024_3f8424b8.JPG"", ""sourceId"": 6, ""adUrl"": ""https://www.affare.tn/annonce/2-etages-independants-a-hammamet-nord-a-vendre-51355351-229825""}, {""url"": ""https://www.affare.tn/image/12_2024_5261d684.JPG"", ""sourceId"": 6, ""adUrl"": ""https://www.affare.tn/annonce/2-etages-independants-a-hammamet-nord-a-vendre-51355351-229825""}, {""url"": ""https://www.affare.tn/image/12_2024_4af267f5.JPG"", ""sourceId"": 6, ""adUrl"": ""https://www.affare.tn/annonce/2-etages-independants-a-hammamet-nord-a-vendre-51355351-229825""}, {""url"": ""https://www.affare.tn/image/12_2024_46d5c40a.JPG"", ""sourceId"": 6, ""adUrl"": ""https://www.affare.tn/annonce/2-etages-independants-a-hammamet-nord-a-vendre-51355351-229825""}, {""url"": ""https://www.affare.tn/image/12_2024_81034fb7.JPG"", ""sourceId"": 6, ""adUrl"": ""https://www.affare.tn/annonce/2-etages-independants-a-hammamet-nord-a-vendre-51355351-229825""}, {""url"": ""https://www.menzili.tn/upload/photos/2025/01/18/15/41/916pq9qo14.jpg"", ""sourceId"": 13, ""adUrl"": ""https://www.menzili.tn/annonce/annonce-138752""}]","[{""sourceId"": 6, ""url"": null, ""price"": 380000, ""sellerType"": ""agency"", ""lastModified"": ""2025-08-23 07:48:07""}, {""sourceId"": 13, ""url"": null, ""price"": 380000, ""sellerType"": ""agency"", ""lastModified"": ""2025-01-18 00:50:17""}]","[{""sellerType"": ""agency"", ""contactName"": ""MS IMMOBILIER"", ""active"": true}]",2,0,1,1,14,4,"[""airConditioning"", ""garage""]",2024-09-13 13:36:41,2024-09-13 13:35:39,2025-08-23 09:34:31,2024-09-13 13:35:39,1,2026-02-07 14:47:59
891411,Triplew en plein centre ville hammamet kk,"AV au centre de Hammamet et à deux pas de la plage de la corniche, un triplex au deuxième étage d'une maison. D'une superficie totale d'environ 130 m² il est composé d'un au premier étage d'un salon de style traditionnel et une cuisine, au deuxième niveau, deux petites chambres et une salle d'eau et au dernier niveau une suite et une belle terrasse. Idéal comme résidence secondaire mais aussi permanente vu le nombre de chambres disponibles et sa situation stratégique près des commodités et des services.
Prix très intéressant: 80 MD
pour plus de renseignements contacter: <a type=""phone"">+21625XXXXXX</a> / <a type=""phone"">+21624XXXXXX</a>",80000.0,130.0,S+3,RDC/Étage de villa,villaFloor,sale,agency,3479.0,https://www.tunisiapromo.com/gallery/photo-1-235081.jpg,"[""https://www.tunisiapromo.com/gallery/photo-1-235081.jpg"", ""https://www.tunisiapromo.com/gallery/photo-2-235082.jpg"", ""https://www.tunisiapromo.com/gallery/photo-3-235083.jpg"", ""https://www.tunisiapromo.com/gallery/photo-4-235084.jpg"", ""https://www.tunisiapromo.com/gallery/photo-5-235085.jpg"", ""https://www.tunisiapromo.com/gallery/photo-6-235086.jpg"", ""https://www.tunisiapromo.com/gallery/photo-7-235087.jpg""]","[{""url"": ""https://www.tunisiapromo.com/gallery/photo-1-235081.jpg"", ""sourceId"": 4, ""adUrl"": ""https://www.tunisiapromo.com/annonce/triplew-en-plein-centre-ville-hammamet-kk-z46540.html""}, {""url"": ""https://www.tunisiapromo.com/gallery/photo-2-235082.jpg"", ""sourceId"": 4, ""adUrl"": ""https://www.tunisiapromo.com/annonce/triplew-en-plein-centre-ville-hammamet-kk-z46540.html""}, {""url"": ""https://www.tunisiapromo.com/gallery/photo-3-235083.jpg"", ""sourceId"": 4, ""adUrl"": ""https://www.tunisiapromo.com/annonce/triplew-en-plein-centre-ville-hammamet-kk-z46540.html""}, {""url"": ""https://www.tunisiapromo.com/gallery/photo-4-235084.jpg"", ""sourceId"": 4, ""adUrl"": ""https://www.tunisiapromo.com/annonce/triplew-en-plein-centre-ville-hammamet-kk-z46540.html""}, {""url"": ""https://www.tunisiapromo.com/gallery/photo-5-235085.jpg"", ""sourceId"": 4, ""adUrl"": ""https://www.tunisiapromo.com/annonce/triplew-en-plein-centre-ville-hammamet-kk-z46540.html""}, {""url"": ""https://www.tunisiapromo.com/gallery/photo-6-235086.jpg"", ""sourceId"": 4, ""adUrl"": ""https://www.tunisiapromo.com/annonce/triplew-en-plein-centre-ville-hammamet-kk-z46540.html""}, {""url"": ""https://www.tunisiapromo.com/gallery/photo-7-235087.jpg"", ""sourceId"": 4, ""adUrl"": ""https://www.tunisiapromo.com/annonce/triplew-en-plein-centre-ville-hammamet-kk-z46540.html""}]","[{""sourceId"": 4, ""url"": null, ""price"": 80000, ""sellerType"": ""agency"", ""lastModified"": ""2015-09-29 20:59:22""}]","[{""sellerType"": ""agency"", ""contactName"": ""agence immobilière ghalleb"", ""active"": true}]",1,0,1,1,1,1,[],2024-12-26 20:59:32,2015-09-29 20:59:22,2015-09-29 20:59:22,2015-09-29 20:59:22,1,2026-02-07 14:47:59
1237530,A vendre étage de villa,,300000.0,140.0,S+3,RDC/Étage de villa,villaFloor,sale,agency,4995.0,56097/28048692_e869d8501090f00d.jpg,[],,[],[],0,0,0,1,2,1,[],2025-06-01 17:30:25,2025-06-01 17:30:17,2026-01-26 17:23:03,2025-06-01 17:30:17,1,2026-02-07 14:47:59
1030683,A Vendre Un Etage De Villa S2 Situe Ain Zaghouan,,235000.0,80.0,S+2,RDC/Étage de villa,villaFloor,sale,agency,5187.0,https://www.mubawab-media.com/ad/8/157/747F/h/Design%20sans%20titre%20%284%29_80437738.avif,[],,[],[],0,0,0,1,1,1,[],2025-06-09 18:00:48,,2026-01-29 19:01:34,,1,2026-02-07 14:47:59
1161755,A vendre appartement villa RDC S+3 avec jardin et 2 places parking,,,138.0,S+3,RDC/Étage de villa,villaFloor,sale,private,346.0,,[],,[],[],0,0,0,0,1,1,[],2025-10-19 00:54:22,2024-10-12 00:54:20,2024-10-12 00:54:20,2024-10-12 00:54:20,1,2026-02-07 14:47:59
1229341,A vendre un étage de villa à Gammarth,,680000.0,450.0,S+4,RDC/Étage de villa,villaFloor,sale,agency,4971.0,56042/28021376_f0ddf0f8d4f4f4f0.jpg,[],,[],[],0,0,0,1,2,2,[],2026-01-06 15:15:34,2026-01-06 15:15:06,2026-01-27 15:33:11,2026-01-06 15:15:06,1,2026-02-07 14:47:59
864798,,,300000.0,115.0,S+3,RDC/Étage de villa,villaFloor,sale,agency,1135.0,https://fi-dari.tn/uploads/1734626633703blob,[],,[],[],0,0,0,1,5,1,[],2024-12-09 15:15:26,2024-12-09 15:14:21,2025-08-28 10:41:57,2025-07-09 16:06:16,1,2026-02-07 14:47:59
901659,Immeuble dar ltaief -titre foncier,,1000000.0,1050.0,,RDC/Étage de villa,villaFloor,sale,private,1410.0,,[],,[],[],0,0,0,1,1,1,[],2024-12-27 00:39:26,2013-02-27 00:39:10,2013-02-27 00:39:10,2013-02-27 00:39:10,1,2026-02-07 14:47:59
883234,Réf 2060:un rdc de villa à vendre à cité nakhla bizerte,,90000.0,70.0,S+2,RDC/Étage de villa,villaFloor,sale,agency,1136.0,https://www.tunisiapromo.com/gallery/photo-1-332777.jpg,[],,[],[],0,0,0,1,2,2,[],2024-12-26 19:26:35,2017-12-25 01:37:57,2017-12-25 19:26:25,2017-12-25 01:37:57,1,2026-02-07 14:47:59
868901,,,350000.0,220.0,S+3,RDC/Étage de villa,villaFloor,sale,agency,1124.0,https://fi-dari.tn/uploads/1734626193549blob,[],,[],[],0,0,0,1,2,1,[],2024-12-19 17:31:29,2024-12-19 17:28:59,2024-12-21 10:37:00,2024-12-19 17:28:59,1,2026-02-07 14:47:59
578087,RDC de Villa Gaëlle à Vendre à Gammarth Sup,,1600000.0,500.0,S+3,RDC/Étage de villa,villaFloor,sale,agency,5194.0,http://cdn2.ballouchi.com/800x600/371197-1.jpg,[],,[],[],0,0,0,1,5,2,[],2023-05-25 12:11:10,2023-05-24 01:06:39,2025-08-01 13:54:35,2023-05-24 01:06:39,1,2026-02-07 14:47:59
903721,"Appartement spatieux , etage de villa vu mer 280m",,120000.0,,S+4,RDC/Étage de villa,villaFloor,sale,private,3442.0,,[],,[],[],0,0,0,1,1,1,[],2024-12-27 00:57:45,2012-06-22 00:57:31,2012-06-22 00:57:31,2012-06-22 00:57:31,1,2026-02-07 14:47:59
789036,Gps maison plus deux  étages indépendants,,280000.0,309.0,,RDC/Étage de villa,villaFloor,sale,agency,966.0,http://tunisie-annonce.com/upload2/202407/tunisie-annonce.com/photos/155991_20240711_175716.jpg,[],,[],[],0,0,0,1,1,1,[],2024-07-11 17:08:04,2024-07-11 17:08:04,2024-11-24 11:23:51,2024-07-11 17:08:04,1,2026-02-07 14:47:59
1241645,Rdc de villa ceyla à casino la goulette,,600000.0,300.0,S+4,RDC/Étage de villa,villaFloor,sale,agency,4934.0,56128/28064209_3c3e7c7732363337.jpg,[],,[],[],0,0,0,1,1,1,[],2026-01-29 12:00:06,2026-01-29 00:00:00,2026-01-29 00:00:00,2026-01-29 00:00:00,1,2026-02-07 14:47:59
883247,Appartements avec villa rdc meublée a vendre,,1100000.0,1000.0,,RDC/Étage de villa,villaFloor,sale,agency,3496.0,https://www.tunisiapromo.com/gallery/photo-1-337260.jpg,[],,[],[],0,0,0,1,1,1,[],2024-12-26 19:26:47,2018-01-29 19:26:40,2018-01-29 19:26:40,2018-01-29 19:26:40,1,2026-02-07 14:47:59
1006128,#Deux #Réz de Chaussée de Villa [#S+3//#S+2]#Cité Riadh (1),,390000.0,320.0,S+3,RDC/Étage de villa,villaFloor,sale,agency,4602.0,https://www.affare.tn/image/05_2025_39d72c53.JPG,[],,[],[],0,0,0,1,2,1,[],2025-05-13 11:45:13,2025-05-13 11:45:10,2025-08-23 05:41:01,2025-05-13 11:45:10,1,2026-02-07 14:47:59
1165875,A vendre étage d'une maison a Soliman ville,,,,,RDC/Étage de villa,villaFloor,sale,private,3624.0,https://www.menzili.tn/upload/photos/2022/05/07/12/34/271q3s49s4.jpg,[],,[],[],0,0,0,1,1,1,[],2025-10-19 01:33:25,2022-05-07 01:33:22,2022-05-07 01:33:22,2022-05-07 01:33:22,1,2026-02-07 14:47:59
1208886,Jardin d'enfant IRIS CITY,,,153.0,,RDC/Étage de villa,villaFloor,sale,promoter,5191.0,https://www.mubawab-media.com/ad/8/266/710F/h/592520755_122220049844091777_8212826896786651180_n_81574895.avif,[],,[],[],0,0,0,1,1,1,[],2025-12-05 21:15:18,,2026-01-24 22:47:48,,1,2026-02-07 14:47:59
789051,A VENDRE RDC de villa S4 à cité ettaamir Sousse,,288000.0,228.0,S+4,RDC/Étage de villa,villaFloor,sale,agency,5307.0,https://www.mubawab-media.com/ad/8/167/613F/h/thumb_850809_property_xlarge_80537256.avif,[],,[],[],0,0,0,1,7,3,[],2024-07-11 17:27:03,2024-07-11 17:26:39,2026-01-28 16:17:04,2024-12-09 16:52:44,1,2026-02-07 14:47:59
1145406,Rez de chaussée d'une villa à Cité Nozha,,380000.0,441.0,S+4,RDC/Étage de villa,villaFloor,sale,agency,301.0,https://storage.googleapis.com/tayara-migration-yams-pro/27/27131919-9e24-47d8-b7bd-40d38c3bc80d,[],,[],[],0,0,0,1,1,1,[],2025-10-15 13:31:02,2025-10-15 13:19:35,2025-12-06 10:34:09,2025-10-15 13:19:35,1,2026-02-07 14:47:59
854598,Etage de villa thomas d el mourouj,,165000.0,65.0,S+2,RDC/Étage de villa,villaFloor,sale,agency,5284.0,http://tunisie-annonce.com/upload2/202511/tunisie-annonce.com/photos/632246_20251126_092905.jpg,[],,[],[],0,0,0,1,4,3,[],2024-11-15 10:30:27,2022-10-28 01:46:21,2025-11-26 00:00:00,2022-10-28 01:46:21,1,2026-02-07 14:47:59
1155657,Villa 2 étages indépendants + Jardin + Garage,,600000.0,590.0,S+3,RDC/Étage de villa,villaFloor,sale,private,3968.0,https://www.menzili.tn/upload/photos/2020/05/25/17/53/9j2r4m9d3z.jpg,[],,[],[],0,0,0,1,1,1,[],2025-10-19 00:08:58,2020-05-25 00:08:53,2020-05-25 00:08:53,2020-05-25 00:08:53,1,2026-02-07 14:47:59
762442,etage de villa s plus 3 a el manzah 8 wb1965,,420000.0,170.0,S+3,RDC/Étage de villa,villaFloor,sale,agency,5314.0,56161/28080514_e1e9a989daac2c7c.jpg,[],,[],[],0,0,0,1,84,2,[],2022-01-06 22:14:47,2021-10-04 22:14:45,2026-02-06 09:18:13,2023-11-18 17:25:11,1,2026-02-07 14:47:59
1161806,Un bel étage d une immeuble situé dans un quartier très calme,,290000.0,90.0,S+4,RDC/Étage de villa,villaFloor,sale,private,5220.0,https://www.menzili.tn/upload/photos/2021/01/13/23/58/sm160itg72.jpg,[],,[],[],0,0,0,1,1,1,[],2025-10-19 01:01:10,2021-01-14 01:01:07,2021-01-14 01:01:07,2021-01-14 01:01:07,1,2026-02-07 14:47:59
666193,Maison à 2 étages indépendants,,530000.0,376.0,S+6,RDC/Étage de villa,villaFloor,sale,private,4908.0,,[],,[],[],0,0,0,1,1,1,[],2023-11-12 06:23:05,2023-11-11 06:23:05,2023-11-11 06:23:05,2023-11-11 06:23:05,1,2026-02-07 14:47:59
1206866,"Une carcasse 3 chambres RDC et étage, située à Guecheine",,310000.0,160.0,S+2,RDC/Étage de villa,villaFloor,sale,agency,2967.0,https://www.menzili.tn/upload/photos/2025/11/27/11/51/d3sm896td8.jpg,[],,[],[],0,0,0,1,1,1,[],2025-12-03 18:00:51,2025-11-27 00:00:00,2026-01-01 00:15:11,2025-11-27 00:00:00,1,2026-02-07 14:47:59
1208915,طابق مستقل برياض الأندلس اريانة,,450000.0,,,RDC/Étage de villa,villaFloor,sale,private,320.0,55911/27955604_01026ad00f72140c.jpg,[],,[],[],0,0,0,1,2,2,[],2025-10-18 23:12:02,2025-08-08 23:12:00,2026-01-12 18:03:25,2025-08-08 23:12:00,1,2026-02-07 14:47:59
1051218,Maison à deux étages indépendants,,400000.0,230.0,,RDC/Étage de villa,villaFloor,sale,agency,5175.0,http://tunisie-annonce.com/upload2/202506/tunisie-annonce.com/photos/790858_20250629_165149.jpg,[],,[],[],0,0,0,1,1,1,[],2025-06-29 15:15:11,2025-06-29 15:15:11,2025-11-08 00:00:00,2025-06-29 15:15:11,1,2026-02-07 14:47:59
109146,A vendre Rez de chaussée + 1 Étage A Bouficha Sousse. (tele: ),,,130.0,S+3,RDC/Étage de villa,villaFloor,sale,private,4446.0,https://storage.googleapis.com/tayara-migration-yams-pro/ff/ff1fa222-258c-4cbb-b53e-b98db5fefbde,[],,[],[],0,0,0,1,8,2,[],2022-06-17 16:05:53,2021-08-29 01:32:58,2025-11-16 17:54:11,2021-08-29 01:32:58,1,2026-02-07 14:47:59
797276,RDC proche de la plage baghdedi Mahdia,,500000.0,180.0,S+2,RDC/Étage de villa,villaFloor,sale,agency,3081.0,https://www.bnb.tn/wp-content/uploads/2024/07/DSC_5226-Copier-1024x683.jpg,[],,[],[],0,0,0,1,2,1,[],2024-07-24 14:14:30,2024-07-24 14:14:30,2025-09-05 19:01:11,2024-07-24 14:14:30,1,2026-02-07 14:47:59
752223,"A vendre à  Rawed plage à 5 mn de la zone touristique de Gammart, une  résidence composée d'un rez de chaussée indépendant (villa au rez-de-chaussée)+ 2 étages entrée indépendante : 2 appartements haut standing",,800000.0,510.0,S+3,RDC/Étage de villa,villaFloor,sale,private,5173.0,https://storage.googleapis.com/tayara-migration-yams-pro/1d/1de873ac-b9d4-4314-8152-167ee5a1c120,[],,[],[],0,0,0,1,6,1,[],2024-05-27 00:34:08,2024-05-27 00:33:52,2025-12-22 19:48:32,2024-05-27 00:33:52,1,2026-02-07 14:47:59
1057377,Etage de villa en vente,,290000.0,140.0,S+5,RDC/Étage de villa,villaFloor,sale,agency,4995.0,https://cdn-media.medialabtc.it/tn/agencies/tucg1/estates/55520/images/296488/detail.jpeg,[],,[],[],0,0,0,2,4,2,[],2025-07-04 15:00:16,2025-06-25 18:10:43,2025-12-25 19:01:57,2025-12-23 15:45:58,1,2026-02-07 14:47:59
868964,Etage de villa en vente,,220000.0,120.0,S+4,RDC/Étage de villa,villaFloor,sale,agency,4.0,https://www.mubawab-media.com/ad/8/059/758F/h/gallery_79455627.avif,[],,[],[],0,0,0,1,2,1,[],2024-12-19 22:15:21,2024-12-19 22:15:21,2025-12-04 21:32:37,2025-05-15 15:30:19,1,2026-02-07 14:47:59
1194601,Etage villa à ouardia1 garage jardin et 2 terrasses,,350000.0,270.0,S+4,RDC/Étage de villa,villaFloor,sale,private,4908.0,https://www.mubawab-media.com/ad/8/131/638F/h/ETAGE_80163681.avif,[],,[],[],0,0,0,1,7,3,[],2025-04-26 13:30:10,2025-04-26 00:53:14,2026-01-26 16:46:05,2026-01-26 12:15:26,1,2026-02-07 14:47:59
924267,Immeuble NOURHENE (Réf: V2608),,350000.0,,,RDC/Étage de villa,villaFloor,sale,agency,5182.0,http://cdn2.ballouchi.com/800x600/407391-1.jpg,[],,[],[],0,0,0,1,4,2,[],2025-01-07 15:15:27,2025-01-07 15:01:54,2025-01-07 21:12:40,2025-01-07 15:01:54,1,2026-02-07 14:47:59
938609,Etage de villa en vente,,95000.0,113.0,S+1,RDC/Étage de villa,villaFloor,sale,agency,4.0,https://www.mubawab-media.com/ad/8/089/683F/h/gallery_79747731.avif,[],,[],[],0,0,0,1,4,1,[],2025-02-06 11:30:34,2025-02-06 11:22:38,2025-12-04 21:32:29,2025-04-26 16:45:42,1,2026-02-07 14:47:59
166514,A vendre Complexe habitation Haut Standing( Villa + 6 Appartements et Un studio)ben arous,,950000.0,120.0,,RDC/Étage de villa,villaFloor,sale,private,5321.0,https://www.menzili.tn/upload/photos/2018/12/19/11/03/i9pss672oz.jpg,[],,[],[],0,0,0,1,18,2,[],2022-01-06 21:23:10,2018-11-09 10:31:50,2019-03-12 16:33:09,2018-11-09 10:31:50,1,2026-02-07 14:47:59
701043,un étage De villa Haut Standing à Cite Sante Bizerte,,,130.0,S+3,RDC/Étage de villa,villaFloor,sale,agency,1132.0,https://www.affare.tn/image/12_2024_4a9af8fa.JPG,[],,[],[],0,0,0,1,2,1,[],2024-01-26 17:41:07,2024-01-26 17:41:07,2025-08-23 09:47:31,2024-01-26 17:41:07,1,2026-02-07 14:47:59
879219,Appartement misk un rdc de villa av à jinan hammamet,,600000.0,200.0,S+4,RDC/Étage de villa,villaFloor,sale,agency,3469.0,https://www.tunisiapromo.com/images/76994.jpg,[],,[],[],0,0,0,1,1,1,[],2024-12-26 17:46:08,2018-10-10 17:46:03,2018-10-10 17:46:03,2018-10-10 17:46:03,1,2026-02-07 14:47:59
1239673,Maison divisée en deux étages indépendants,,290000.0,150.0,,RDC/Étage de villa,villaFloor,sale,private,4864.0,56113/28056975_6b161e2c603afe7f.jpg,[],,[],[],0,0,0,1,1,1,[],2026-01-25 01:45:53,2026-01-25 00:00:00,2026-01-25 00:00:00,2026-01-25 00:00:00,1,2026-02-07 14:47:59
1165946,"étage de villa au bardo ,entrée indépendante  250 milles dinars contacter le",,250000.0,155.0,S+3,RDC/Étage de villa,villaFloor,sale,private,4995.0,https://www.menzili.tn/upload/photos/2020/11/13/06/20/961etr6dtv.jpg,[],,[],[],0,0,0,1,1,1,[],2025-10-19 01:33:41,2020-11-13 01:33:40,2020-11-13 01:33:40,2020-11-13 01:33:40,1,2026-02-07 14:47:59
2684,Etage de Villa Amigos à Vendre à Ben Arous,,450000.0,,S+4,RDC/Étage de villa,villaFloor,sale,agency,804.0,http://cdn2.ballouchi.com/800x600/401215-1.jpg,[],,[],[],0,0,0,1,7,2,[],2023-03-01 10:57:03,2023-03-01 10:56:12,2024-10-31 16:15:00,2023-03-01 10:56:12,1,2026-02-07 14:47:59
856701,Un étage de villa s+3 à vendre située à Hammem sousse,,260000.0,160.0,S+3,RDC/Étage de villa,villaFloor,sale,agency,4504.0,https://www.menzili.tn/upload/photos/2024/11/20/11/14/yj66i9d164.jpg,[],,[],[],0,0,0,1,4,1,[],2024-11-20 11:15:14,2024-11-20 01:47:14,2024-12-30 13:57:15,2024-11-20 01:47:14,1,2026-02-07 14:47:59
725628,Etage de Villa S3 Amina à Vendre à Ghar EL Mellah,,200000.0,120.0,S+3,RDC/Étage de villa,villaFloor,sale,agency,1182.0,http://cdn2.ballouchi.com/800x600/393051-1.jpg,[],,[],[],0,0,0,1,4,1,[],2024-03-18 10:34:03,2024-03-18 10:33:26,2024-10-19 10:00:10,2024-03-18 10:33:26,1,2026-02-07 14:47:59
1239679,Villa avec deux étages indépendants,,,,,RDC/Étage de villa,villaFloor,sale,agency,967.0,56114/28057007_f0a0f029296868fc.jpg,[],,[],[],0,0,0,1,1,1,[],2026-01-25 02:01:03,2026-01-23 00:00:00,2026-01-23 00:00:00,2026-01-23 00:00:00,1,2026-02-07 14:47:59
1159810,Villa à deux étages indépendants,,950000.0,500.0,S+1,RDC/Étage de villa,villaFloor,sale,private,391.0,https://www.menzili.tn/upload/photos/2018/11/26/16/25/7nqdi7mqi1.jpg,[],,[],[],0,0,0,1,1,1,[],2025-10-19 00:41:58,2018-11-26 00:41:56,2018-11-26 00:41:56,2018-11-26 00:41:56,1,2026-02-07 14:47:59
1041030,Etage de villa en vente,,380000.0,441.0,S+5,RDC/Étage de villa,villaFloor,sale,agency,312.0,55894/27947276_53c73b07c585e216.jpg,[],,[],[],0,0,0,1,2,2,[],2025-06-19 16:45:15,2025-06-18 16:53:44,2026-01-09 04:38:24,2025-06-18 16:53:44,1,2026-02-07 14:47:59
764553,RDC de villa Ankara à Vendre à Sidi Daoud,,390000.0,,,RDC/Étage de villa,villaFloor,sale,agency,4974.0,https://www.menzili.tn/upload/photos/2022/12/20/12/29/5d6zfq6267.jpg,[],,[],[],0,0,0,1,2,1,[],2022-12-20 12:29:09,2022-12-20 12:29:09,2024-03-23 12:56:01,2023-10-25 12:40:23,1,2026-02-07 14:47:59
811658,Étage de villa s+2 à borj baccouche,,185000.0,183.0,S+2,RDC/Étage de villa,villaFloor,sale,agency,287.0,https://img.cava.tn/cava/items/a4e365aa-53a5-4325-8e4c-161e67c4bde1/1743536656136.webp,[],,[],[],0,0,0,1,10,1,[],2024-08-27 14:28:40,2024-08-27 14:28:40,2025-07-30 13:32:30,2025-07-30 13:32:30,1,2026-02-07 14:47:59
1159821,À vendre un étage de Villa,,250000.0,200.0,S+3,RDC/Étage de villa,villaFloor,sale,agency,2825.0,https://www.menzili.tn/upload/photos/2019/02/12/09/41/a36et0g928.jpg,[],,[],[],0,0,0,1,1,1,[],2025-10-19 00:42:02,2019-02-12 00:42:00,2019-02-12 00:42:00,2019-02-12 00:42:00,1,2026-02-07 14:47:59
907917,Vente rdc de villa a monastir,,110000.0,220.0,,RDC/Étage de villa,villaFloor,sale,private,3217.0,,[],,[],[],0,0,0,1,1,1,[],2024-12-27 02:01:11,2012-08-17 02:01:03,2012-08-17 02:01:03,2012-08-17 02:01:03,1,2026-02-07 14:47:59
807571,Maison à vendre 3 étages indépendants,,240000.0,100.0,S+1,RDC/Étage de villa,villaFloor,sale,private,942.0,https://www.mubawab-media.com/ad/7/978/346F/h/IMG-20240816-WA0001_78644253.avif,[],,[],[],0,0,0,1,1,1,[],2024-08-17 23:29:42,2024-08-17 23:29:42,2026-01-26 21:01:05,2024-08-17 23:29:42,1,2026-02-07 14:47:59
1120919,Etage de villa S3 Elwifak à vendre à la Marsa,,1000000.0,160.0,S+3,RDC/Étage de villa,villaFloor,sale,agency,5301.0,https://www.mubawab-media.com/ad/8/217/514F/h/9301511c-b880-4e7e-965d-d8855495c2d8_GF_81043272.avif,[],,[],[],0,0,0,1,1,1,[],2025-09-16 12:00:33,2025-09-16 12:00:22,2026-01-27 13:31:56,2025-09-16 12:00:22,1,2026-02-07 14:47:59
881304,Réf 2034: espace couvert à bir masyougha bizerte,,370000.0,428.0,,RDC/Étage de villa,villaFloor,sale,agency,1160.0,https://www.tunisiapromo.com/gallery/photo-1-352122.jpg,[],,[],[],0,0,0,1,1,1,[],2024-12-26 19:06:16,2018-06-01 19:06:07,2018-06-01 19:06:07,2018-06-01 19:06:07,1,2026-02-07 14:47:59
971417,"À vendre – Rez-de-chaussée de villa 286 m² à Mourouj 1, Avenue Abou El Kacem, proche mosquée – Salon, 3 chambres, jardin, terrasse, garage – Compteurs séparés",,320000.0,286.0,S+3,RDC/Étage de villa,villaFloor,sale,agency,5174.0,http://cdn2.ballouchi.com/800x600/416004-1.jpg,[],,[],[],0,0,0,1,7,4,[],2025-04-16 13:15:12,2025-04-16 13:12:24,2025-12-04 00:00:00,2025-04-16 13:12:24,1,2026-02-07 14:47:59
1151643,A vendre,,700000.0,400.0,,RDC/Étage de villa,villaFloor,sale,private,5145.0,https://www.menzili.tn/upload/photos/2023/08/14/14/57/5mhsi7mtvv.jpg,[],,[],[],0,0,0,1,1,1,[],2025-10-18 23:27:22,2023-08-14 23:27:19,2023-08-14 23:27:19,2023-08-14 23:27:19,1,2026-02-07 14:47:59
1235615,"À VENDRE Étage de villa S3, Le Kram",,650000.0,193.0,S+3,RDC/Étage de villa,villaFloor,sale,agency,4868.0,56070/28035154_666b6d393b395cff.jpg,[],,[],[],0,0,0,1,2,2,[],2026-01-12 17:46:15,2026-01-12 17:45:06,2026-02-06 15:34:30,2026-02-06 15:34:30,1,2026-02-07 14:47:59
1098402,A Vendre Etage de Villa,,350000.0,200.0,S+3,RDC/Étage de villa,villaFloor,sale,agency,4586.0,https://www.mubawab-media.com/ad/8/201/043F/h/WhatsApp%20Image%202025-08-16%20at%2012.02.52_80871652.avif,[],,[],[],0,0,0,2,2,2,[],2025-08-18 10:45:31,2025-08-18 10:45:28,2026-01-28 21:16:30,2026-01-28 21:16:30,1,2026-02-07 14:47:59
64162,Etage de Villa Valentina à Vendre à La Soukra,,650000.0,300.0,S+4,RDC/Étage de villa,villaFloor,sale,agency,391.0,https://www.menzili.tn/upload/photos/2023/02/17/16/21/993h2v07qd.jpg,[],,[],[],0,0,0,1,7,2,[],2023-02-17 16:39:06,2023-02-17 01:07:39,2024-03-20 12:16:15,2023-02-17 01:07:39,1,2026-02-07 14:47:59
946852,Etage de Villa,,325000.0,202.0,S+2,RDC/Étage de villa,villaFloor,sale,agency,2831.0,https://www.mubawab-media.com/ad/8/100/614F/h/480268744_591952367146199_8505950121600874895_n_79851741.avif,[],,[],[],0,0,0,1,1,1,[],2025-02-26 10:15:50,2025-02-26 10:15:50,2026-02-05 03:34:42,2025-02-26 10:15:50,1,2026-02-07 14:47:59
1165989,Etage de villa S+2,,400000.0,135.0,S+2,RDC/Étage de villa,villaFloor,sale,agency,3442.0,https://www.menzili.tn/upload/photos/2025/01/30/11/10/y92907d561.jpg,[],,[],[],0,0,0,1,1,1,[],2025-10-19 01:34:00,2025-01-30 01:33:56,2025-01-30 01:33:56,2025-01-30 01:33:56,1,2026-02-07 14:47:59
1163943,Maison + appartement 1 er étage à vendre à kairouan,,450000.0,330.0,S+2,RDC/Étage de villa,villaFloor,sale,private,2025.0,https://www.menzili.tn/upload/photos/2023/07/22/15/03/a9b8t1s991.jpg,[],,[],[],0,0,0,1,1,1,[],2025-10-19 01:17:37,2023-07-22 01:17:34,2023-07-22 01:17:34,2023-07-22 01:17:34,1,2026-02-07 14:47:59
901802,Titre arabe numéro 56,,85000.0,300.0,S+2,RDC/Étage de villa,villaFloor,sale,private,3969.0,,[],,[],[],0,0,0,1,1,1,[],2024-12-27 00:40:41,2013-01-22 00:40:31,2013-01-22 00:40:31,2013-01-22 00:40:31,1,2026-02-07 14:47:59
1163949,ETAGE 1,,,217.0,S+3,RDC/Étage de villa,villaFloor,sale,private,3558.0,https://www.menzili.tn/upload/photos/2024/04/04/20/56/y2r7s9giv2.jpg,[],,[],[],0,0,0,1,1,1,[],2025-10-19 01:17:40,2024-04-04 01:17:37,2024-04-04 01:17:37,2024-04-04 01:17:37,1,2026-02-07 14:47:59
881327,Réf 2044:un rdc de villa du 4 piéces à vendre à cité hana,,155000.0,160.0,S+3,RDC/Étage de villa,villaFloor,sale,agency,1134.0,https://www.tunisiapromo.com/gallery/photo-1-352163.jpg,[],,[],[],0,0,0,1,2,2,[],2024-12-26 19:06:35,2017-12-16 19:27:58,2018-06-01 19:06:17,2017-12-16 19:27:58,1,2026-02-07 14:47:59
905905,Etage de villa et studio à sidi bousaid,,450000.0,170.0,S+5,RDC/Étage de villa,villaFloor,sale,private,4837.0,https://www.tunisiapromo.com/images/3165.jpg,[],,[],[],0,0,0,1,1,1,[],2024-12-27 01:16:37,2011-04-18 01:16:29,2011-04-18 01:16:29,2011-04-18 01:16:29,1,2026-02-07 14:47:59
1206962,A vendre Étage de maison,,150000.0,170.0,S+3,RDC/Étage de villa,villaFloor,sale,agency,452.0,55909/27954659_454565a7a7255529.jpg,[],,[],[],0,0,0,1,4,4,[],2025-12-03 19:11:04,2025-12-13 00:00:00,2026-01-12 07:59:37,2025-12-13 00:00:00,1,2026-02-07 14:47:59
1155762,Occasion en or au kram,,550000.0,180.0,S+2,RDC/Étage de villa,villaFloor,sale,private,4868.0,https://www.menzili.tn/upload/photos/2020/05/08/23/08/2392z6ov21.jpeg,[],,[],[],0,0,0,1,1,1,[],2025-10-19 00:09:37,2020-05-08 00:09:32,2020-05-08 00:09:32,2020-05-08 00:09:32,1,2026-02-07 14:47:59
914101,Etage Cayenne,,450000.0,150.0,S+4,RDC/Étage de villa,villaFloor,sale,agency,5298.0,https://www.menzili.tn/upload/photos/2022/02/23/11/21/jd296n3mg2.jpg,[],,[],[],0,0,0,1,4,1,[],2022-02-23 11:22:12,2022-02-23 01:19:50,2023-05-16 12:03:49,2022-02-23 01:19:50,1,2026-02-07 14:47:59
1120953,A vendre étage de villa,,,180.0,S+3,RDC/Étage de villa,villaFloor,sale,private,3956.0,56120/28060202_f8d938afc9c2212c.jpg,[],,[],[],0,0,0,1,2,1,[],2025-09-16 12:31:06,2025-09-16 12:24:06,2026-01-27 13:14:00,2025-09-16 12:24:06,1,2026-02-07 14:47:59
881340,Réf 2060:un rdc d'un duplexe à vendre à cité nakhla bizerte,,83000.0,91.0,S+2,RDC/Étage de villa,villaFloor,sale,agency,1136.0,https://www.tunisiapromo.com/gallery/photo-1-352192.jpg,[],,[],[],0,0,0,1,1,1,[],2024-12-26 19:06:35,2018-06-02 19:06:19,2018-06-02 19:06:19,2018-06-02 19:06:19,1,2026-02-07 14:47:59
705216,,,580000.0,265.0,S+4,RDC/Étage de villa,villaFloor,sale,agency,3590.0,https://fi-dari.tn/uploads/1706968209541blob,[],,[],[],0,0,0,1,1,1,[],2024-02-03 14:49:13,2024-02-03 14:48:38,2024-02-03 13:48:38,2024-02-03 14:48:38,1,2026-02-07 14:47:59
1020610,Etage de villa à Korba avec vue de mer,,280000.0,180.0,S+3,RDC/Étage de villa,villaFloor,sale,agency,3521.0,https://www.affare.tn/image/05_2025_7dda6fc1.JPG,[],,[],[],0,0,0,1,2,2,[],2025-05-27 16:31:00,2025-05-27 16:23:14,2025-08-23 05:41:14,2025-05-27 16:23:14,1,2026-02-07 14:47:59
1204931,,,210000.0,160.0,S+2,RDC/Étage de villa,villaFloor,sale,agency,3344.0,56023/28011783_ededef4e5467161f.jpg,[],,[],[],0,0,0,1,29,29,[],2025-12-01 07:32:49,2025-12-02 14:03:08,2026-01-15 02:14:54,2025-12-02 14:03:08,1,2026-02-07 14:47:59
901827,Des appartement + villa avendre,,500000.0,300.0,S+3,RDC/Étage de villa,villaFloor,sale,private,5306.0,,[],,[],[],0,0,0,1,1,1,[],2024-12-27 00:40:54,2013-02-20 00:40:44,2013-02-20 00:40:44,2013-02-20 00:40:44,1,2026-02-07 14:47:59
821959,Etage de villa Pivette S2 à Vendre à Hammam Lif,,190000.0,120.0,S+2,RDC/Étage de villa,villaFloor,sale,agency,987.0,http://cdn2.ballouchi.com/800x600/405202-1.jpg,[],,[],[],0,0,0,1,4,1,[],2024-09-18 11:32:12,2024-09-18 11:32:12,2025-01-30 12:16:51,2024-09-18 11:32:12,1,2026-02-07 14:47:59
1215177,Rez de chaussée de villa a el mrezga wb4358,,250000.0,200.0,,RDC/Étage de villa,villaFloor,sale,agency,3442.0,http://tunisie-annonce.com/upload2/202512/annonces-tunisie.net/photos/91639_20251213_175018.jpg,[],,[],[],0,0,0,1,1,1,[],2025-12-13 18:15:40,2025-12-13 00:00:00,2025-12-13 00:00:00,2025-12-13 00:00:00,1,2026-02-07 14:47:59
103114,Etage de Villa Arancio à Vendre à Borj Cédria,,250000.0,180.0,S+3,RDC/Étage de villa,villaFloor,sale,agency,5321.0,https://www.menzili.tn/upload/photos/2022/12/05/11/51/7s673o9e7v.jpg,[],,[],[],0,0,0,1,3,1,[],2022-12-05 11:57:04,2022-12-05 01:46:24,2024-03-20 12:43:01,2022-12-05 01:46:24,1,2026-02-07 14:47:59
793292,Etage de Villa Tophet à Vendre à Mannouba,,140000.0,70.0,S+1,RDC/Étage de villa,villaFloor,sale,agency,5332.0,https://www.menzili.tn/upload/photos/2022/10/29/12/03/bpq32to3sv.jpg,[],,[],[],0,0,0,1,4,1,[],2022-10-29 11:01:02,2022-10-29 01:48:51,2024-03-20 12:19:35,2022-10-29 01:48:51,1,2026-02-07 14:47:59
899790,Rdc plus étage de villa à menzah,,850000.0,,,RDC/Étage de villa,villaFloor,sale,private,308.0,https://www.tunisiapromo.com/gallery/photo-1-64645.jpg,[],,[],[],0,0,0,1,1,1,[],2024-12-27 00:16:13,2013-11-07 00:16:08,2013-11-07 00:16:08,2013-11-07 00:16:08,1,2026-02-07 14:47:59
944850,Etage de villa S2,,210000.0,110.0,S+2,RDC/Étage de villa,villaFloor,sale,private,292.0,https://www.mubawab-media.com/ad/8/098/180F/h/f190d814-73b1-4d7f-aa24-df62bdfc81a4_79828360.avif,[],,[],[],0,0,0,1,1,1,[],2025-02-21 11:46:38,2025-02-21 11:46:38,2026-02-03 15:23:06,2025-02-21 11:46:38,1,2026-02-07 14:47:59
1229523,Un super rez de chaussée à Ma39il za3im,,300000.0,170.0,S+4,RDC/Étage de villa,villaFloor,sale,agency,4977.0,56044/28022033_dad8f8939393b393.jpg,[],,[],[],0,0,0,1,1,1,[],2026-01-06 21:00:52,2026-01-06 20:57:34,2026-01-06 20:59:38,2026-01-06 20:57:34,1,2026-02-07 14:47:59
1192658,Immeuble r2 boumhal,,1650000.0,,,RDC/Étage de villa,villaFloor,sale,agency,818.0,http://tunisie-annonce.com/upload2/202511/tunisie-annonce.com/photos/402384_20251109_113537.jpg,[],,[],[],0,0,0,1,1,1,[],2025-11-13 17:18:06,2025-11-09 00:00:00,2025-12-24 00:00:00,2025-11-09 00:00:00,1,2026-02-07 14:47:59
51925,Etage de villa beïda à mornaguia,,130000.0,125.0,S+2,RDC/Étage de villa,villaFloor,sale,agency,2396.0,http://tunisie-annonce.com/upload2/202501/tunisie-annonce.com/photos/632246_20250120_103002.jpg,[],,[],[],0,0,0,1,6,3,[],2023-02-08 16:45:05,2023-02-08 16:42:25,2025-08-25 21:15:44,2023-02-08 16:42:25,1,2026-02-07 14:47:59
586450,Un jolie rez de chaussé à kélibia,,125000.0,120.0,S+4,RDC/Étage de villa,villaFloor,sale,agency,3496.0,https://www.tunisiapromo.com/images/133997.jpg,[],,[],[],0,0,0,1,3,1,[],2023-06-07 14:20:06,2023-06-07 14:20:06,2023-11-29 15:48:24,2023-06-07 14:20:06,1,2026-02-07 14:47:59
1166036,A vendre étage de villa,,400000.0,150.0,S+3,RDC/Étage de villa,villaFloor,sale,private,5207.0,https://www.menzili.tn/upload/photos/2021/11/10/22/14/25m1642395.jpg,[],,[],[],0,0,0,0,1,1,[],2025-10-19 01:34:13,2021-11-10 01:34:11,2021-11-10 01:34:11,2021-11-10 01:34:11,1,2026-02-07 14:47:59
651999,,,250000.0,161.0,S+3,RDC/Étage de villa,villaFloor,sale,agency,5183.0,https://fi-dari.tn/uploads/1727259380218blob,[],,[],[],0,0,0,1,20,6,[],2024-02-02 15:03:20,2024-02-02 15:03:07,2025-08-23 08:30:34,2024-02-02 15:03:07,1,2026-02-07 14:47:59
592611,Etage de villa pour famille,,420000.0,200.0,S+4,RDC/Étage de villa,villaFloor,sale,private,4444.0,,[],,[],[],0,0,0,1,1,1,[],2023-06-16 18:14:06,2023-06-16 18:14:05,2024-12-10 14:44:53,2024-09-08 16:10:08,1,2026-02-07 14:47:59
670436,Immeuble Milo à Vendre à Bhar Lazreg,,250000.0,120.0,S+2,RDC/Étage de villa,villaFloor,sale,agency,4946.0,https://www.menzili.tn/upload/photos/2023/11/20/11/53/a9z2v25i62.jpg,[],,[],[],0,0,0,1,8,2,[],2023-11-20 12:00:10,2023-11-20 01:07:42,2025-08-07 14:06:40,2023-11-20 01:07:42,1,2026-02-07 14:47:59
1161956,Etage à usage d'habitation,,,,,RDC/Étage de villa,villaFloor,sale,private,429.0,,[],,[],[],0,0,0,1,1,1,[],2025-10-19 01:01:49,2017-11-01 01:01:46,2017-11-01 01:01:46,2017-11-01 01:01:46,1,2026-02-07 14:47:59
1204968,Rdc de villa s3 viora à el ouardia,,270000.0,155.0,S+3,RDC/Étage de villa,villaFloor,sale,agency,4908.0,56164/28082207_e4f0f0707038b915.jpg,[],,[],[],0,0,0,2,2,2,[],2025-12-01 09:45:09,2025-12-01 09:41:00,2026-02-07 00:00:00,2025-12-01 09:41:00,1,2026-02-07 14:47:59
1170161,Etage de villa en vente,,220000.0,120.0,S+4,RDC/Étage de villa,villaFloor,sale,agency,804.0,https://cdn-media.medialabtc.it/tn/agencies/bzco1/estates/49177/images/235839/detail.jpeg,[],,[],[],0,0,0,1,1,1,[],2025-10-22 18:18:46,2024-12-18 10:07:08,2024-12-18 10:07:08,2024-12-18 10:07:08,1,2026-02-07 14:47:59
899826,Etage de villa à hammamet nord,,260000.0,,S+2,RDC/Étage de villa,villaFloor,sale,agency,5182.0,https://www.tunisiapromo.com/gallery/photo-1-64781.jpg,[],,[],[],0,0,0,1,1,1,[],2024-12-27 00:16:28,2013-11-08 00:16:24,2013-11-08 00:16:24,2013-11-08 00:16:24,1,2026-02-07 14:47:59
1164019,Etage de villa à coté de la nouvelle palace municipale,,190000.0,170.0,S+3,RDC/Étage de villa,villaFloor,sale,private,1091.0,https://www.menzili.tn/upload/photos/2017/11/01/16/54/3h2rqv0te1.jpg,[],,[],[],0,0,0,1,1,1,[],2025-10-19 01:17:56,2017-10-13 01:17:53,2017-10-13 01:17:53,2017-10-13 01:17:53,1,2026-02-07 14:47:59
725748,Etage de Villa S3 Amari à Vendre à Mnihla Supérieur,,180000.0,110.0,S+3,RDC/Étage de villa,villaFloor,sale,agency,5316.0,http://cdn2.ballouchi.com/800x600/393072-1.jpg,[],,[],[],0,0,0,1,2,1,[],2024-03-18 13:54:05,2024-03-18 13:54:05,2024-03-18 22:09:57,2024-03-18 13:54:05,1,2026-02-07 14:47:59
709365,A VENDRE: Etage de villa à BELLEVUE,,350000.0,208.0,S+4,RDC/Étage de villa,villaFloor,sale,agency,4903.0,https://www.mubawab-media.com/ad/7/863/740F/h/thumb_762669_property_xlarge_78383048.avif,[],,[],[],0,0,0,2,2,2,[],2024-02-13 11:23:05,2024-02-13 11:23:05,2026-02-03 12:17:45,2025-07-06 20:18:18,1,2026-02-07 14:47:59
889594,Immeubles résidentiels avec garage réf v,,550000.0,355.0,S+3,RDC/Étage de villa,villaFloor,sale,agency,3496.0,https://www.tunisiapromo.com/gallery/photo-1-265384.jpg,[],,[],[],0,0,0,1,1,1,[],2024-12-26 20:42:08,2016-06-08 20:42:03,2016-06-08 20:42:03,2016-06-08 20:42:03,1,2026-02-07 14:47:59
1161986,Rez de chaussée de villa,,320000.0,300.0,S+4,RDC/Étage de villa,villaFloor,sale,agency,934.0,https://www.menzili.tn/upload/photos/2018/03/28/21/24/ds6mr4dvqq.jpg,[],,[],[],0,0,0,1,1,1,[],2025-10-19 01:01:57,2018-03-28 01:01:56,2018-03-28 01:01:56,2018-03-28 01:01:56,1,2026-02-07 14:47:59
1196804,"À vendre : Maison spacieuse à Béni Khiar Plage – terrain 234 m², bâti 330 m² (deux étages indépendants)",,,330.0,,RDC/Étage de villa,villaFloor,sale,private,3296.0,https://storage.googleapis.com/tayara-migration-yams-pro/10/1059cb36-8ea3-4b87-8786-f2588efae8d9,[],,[],[],0,0,0,1,1,1,[],2025-11-19 12:45:15,2025-11-19 12:36:36,2025-12-08 13:01:01,2025-11-19 12:36:36,1,2026-02-07 14:47:59
789270,Etage de Villa Dassine à Vendre à La soukra,,490000.0,320.0,S+3,RDC/Étage de villa,villaFloor,sale,agency,391.0,http://cdn2.ballouchi.com/800x600/398978-1.jpg,[],,[],[],0,0,0,1,2,1,[],2024-07-12 10:21:06,2024-07-12 10:21:05,2024-07-12 21:23:20,2024-07-12 10:21:05,1,2026-02-07 14:47:59
666397,Bel étage de villa à vendre à Nabeul,,580000.0,265.0,S+4,RDC/Étage de villa,villaFloor,sale,agency,3609.0,https://www.menzili.tn/upload/photos/2024/04/16/11/37/yi1d64q7z1.jpg,[],,[],[],0,0,0,1,3,2,[],2024-04-16 10:44:18,2024-04-16 10:39:33,2025-01-16 18:49:12,2025-01-16 18:49:12,1,2026-02-07 14:47:59
871199,Etage de villa en vente,,450000.0,140.0,S+2,RDC/Étage de villa,villaFloor,sale,agency,4995.0,https://cdn-media.medialabtc.it/tn/agencies/tucg1/estates/49222/images/264307/detail.jpeg,[],,[],[],0,0,0,1,4,1,[],2024-12-25 21:00:11,2024-12-24 14:45:50,2025-12-25 19:15:55,2025-02-21 21:40:41,1,2026-02-07 14:47:59
1166112,"Villa , 3 appartements et un studio",,1250000.0,600.0,S+3,RDC/Étage de villa,villaFloor,sale,private,4617.0,https://www.menzili.tn/upload/photos/2021/04/27/15/37/yj6930t9i6.jpeg,[],,[],[],0,0,0,1,1,1,[],2025-10-19 01:34:40,2021-04-27 01:34:37,2021-04-27 01:34:37,2021-04-27 01:34:37,1,2026-02-07 14:47:59
899872,Etage de villa à sahloul,,350000.0,312.0,S+3,RDC/Étage de villa,villaFloor,sale,agency,4590.0,https://www.tunisiapromo.com/gallery/photo-1-61722.jpg,[],,[],[],0,0,0,1,1,1,[],2024-12-27 00:17:32,2013-10-19 00:17:23,2013-10-19 00:17:23,2013-10-19 00:17:23,1,2026-02-07 14:47:59
1151781,Offre spécial,,3900.0,289.0,,RDC/Étage de villa,villaFloor,sale,private,4880.0,https://www.menzili.tn/upload/photos/2023/05/28/17/45/9id44nsv92.jpg,[],,[],[],0,0,0,1,1,1,[],2025-10-18 23:29:21,2023-05-28 23:29:19,2023-05-28 23:29:19,2023-05-28 23:29:19,1,2026-02-07 14:47:59
1176363,Cherchons Achat Villa ou appartement,,,,,RDC/Étage de villa,villaFloor,sale,agency,4880.0,http://cdn2.ballouchi.com/800x600/341139-1.jpg,[],,[],[],0,0,0,1,1,1,[],2025-10-24 00:51:44,2022-05-19 00:51:40,2022-05-19 00:51:40,2022-05-19 00:51:40,1,2026-02-07 14:47:59
938805,Etage de villa S4 Ariana Jadida,,320000.0,180.0,S+4,RDC/Étage de villa,villaFloor,sale,agency,312.0,https://www.mubawab-media.com/ad/8/088/745F/h/thumb_1009557_property_large_79738731.avif,[],,[],[],0,0,0,1,3,2,[],2025-02-06 15:45:34,2025-02-06 01:05:32,2026-01-29 19:58:14,2025-02-06 01:05:32,1,2026-02-07 14:47:59
1200949,Rdc de villa s3 césar à zaghouan,,180000.0,207.0,S+3,RDC/Étage de villa,villaFloor,sale,agency,5145.0,http://tunisie-annonce.com/upload2/202511/tunisie-annonce.com/photos/632246_20251125_093857.jpg,[],,[],[],0,0,0,1,1,1,[],2025-11-25 10:00:34,2025-11-25 00:00:00,2025-11-25 00:00:00,2025-11-25 00:00:00,1,2026-02-07 14:47:59
1176374,Appartement S+2 Manouba Prés Maison de jeune,,,,S+2,RDC/Étage de villa,villaFloor,sale,agency,2386.0,,[],,[],[],0,0,0,1,1,1,[],2025-10-24 00:53:02,2022-07-19 00:52:57,2022-07-19 00:52:57,2022-07-19 00:52:57,1,2026-02-07 14:47:59
1213242,Etage de villa s5 magnolia à bardo,,500000.0,155.0,S+5,RDC/Étage de villa,villaFloor,sale,agency,4995.0,http://tunisie-annonce.com/upload2/202512/tunisie-annonce.com/photos/632246_20251211_121629.jpg,[],,[],[],0,0,0,1,1,1,[],2025-12-11 12:30:46,2025-12-11 00:00:00,2025-12-11 00:00:00,2025-12-11 00:00:00,1,2026-02-07 14:47:59
1053501,Étage de villa à vendre,,380000.0,175.0,S+3,RDC/Étage de villa,villaFloor,sale,private,301.0,https://www.mubawab-media.com/ad/8/180/134F/h/IMG_3978_80663922.avif,[],,[],[],0,0,0,1,1,1,[],2025-07-14 00:15:29,2025-07-14 00:15:25,2026-02-03 16:54:10,2025-07-14 00:15:25,1,2026-02-07 14:47:59
1160006,A vendre un très beau rez de jardin,,250000.0,,,RDC/Étage de villa,villaFloor,sale,private,4558.0,https://www.menzili.tn/upload/photos/2023/10/22/12/35/h9r7vdti71.jpg,[],,[],[],0,0,0,0,1,1,[],2025-10-19 00:47:02,2023-10-22 00:47:00,2023-10-22 00:47:00,2023-10-22 00:47:00,1,2026-02-07 14:47:59
533320,RDC de Villa Bouraq à Vendre à Monfleury,,280000.0,202.0,S+3,RDC/Étage de villa,villaFloor,sale,agency,5002.0,https://www.menzili.tn/upload/photos/2023/04/08/12/06/b4p1dq3314.jpg,[],,[],[],0,0,0,1,6,2,[],2023-04-08 10:56:05,2023-04-08 00:12:21,2025-09-13 00:08:02,2023-04-08 00:12:21,1,2026-02-07 14:47:59
318281,Etage de villa S3 haut standing à Corniche Sousse,,380000.0,135.0,S+3,RDC/Étage de villa,villaFloor,sale,agency,4617.0,https://www.mubawab-media.com/ad/8/079/742F/h/Picture-6654295-1-watermark_79651380.avif,[],,[],[],0,0,0,1,4,2,[],2023-01-25 11:44:06,2022-07-15 15:11:56,2026-02-03 15:02:05,2022-07-15 15:11:56,1,2026-02-07 14:47:59
1192778,A  un rdc de villa a el menzah5 ref52a,,650000.0,233.0,,RDC/Étage de villa,villaFloor,sale,agency,308.0,,[],,[],[],0,0,0,1,1,1,[],2025-11-13 17:19:26,2025-11-05 00:00:00,2025-11-05 00:00:00,2025-11-05 00:00:00,1,2026-02-07 14:47:59
904008,Un grand étage de villa à ben arous,,170000.0,170.0,S+2,RDC/Étage de villa,villaFloor,sale,private,804.0,,[],,[],[],0,0,0,1,1,1,[],2024-12-27 00:59:54,2013-03-20 00:59:43,2013-03-20 00:59:43,2013-03-20 00:59:43,1,2026-02-07 14:47:59
899917,Villa avec étage d’une villa à bhayer,,260000.0,303.0,,RDC/Étage de villa,villaFloor,sale,agency,5312.0,,[],,[],[],0,0,0,1,1,1,[],2024-12-27 00:18:07,2013-10-12 00:17:58,2013-10-12 00:17:58,2013-10-12 00:17:58,1,2026-02-07 14:47:59
1186639,À vendre étage de villa,,200000.0,80.0,S+2,RDC/Étage de villa,villaFloor,sale,agency,5189.0,https://www.mubawab-media.com/ad/8/247/646F/h/WhatsApp%20Image%202025-11-05%20at%2021.16.46%20%281%29_81362016.avif,[],,"[{""sourceId"": 5, ""url"": ""https://www.mubawab.tn/fr/a/8247646/%C3%A0-vendre-%C3%A9tage-de-villa"", ""price"": 200000, ""sellerType"": ""agency"", ""lastModified"": ""2026-01-21 22:31:43""}]",[],1,1,0,1,1,1,[],2025-11-05 22:00:10,2025-11-05 22:00:06,2026-01-21 22:31:43,2025-11-05 22:00:06,1,2026-02-07 14:47:59
11088,Une étage de villa au 1éré étage,,320000.0,190.0,S+4,RDC/Étage de villa,villaFloor,sale,agency,3479.0,https://www.tunisiapromo.com/gallery/photo-1-480957.jpg,[],,"[{""sourceId"": 4, ""url"": ""https://www.tunisiapromo.com/annonce/une-etage-de-villa-au-1ere-etage-z117641.html"", ""price"": 320000, ""sellerType"": ""agency"", ""lastModified"": ""2022-02-11 13:27:19""}]",[],1,1,0,1,7,2,[],2022-01-06 19:01:17,2021-11-27 10:52:46,2022-02-11 13:27:19,2021-11-27 10:52:46,1,2026-02-07 14:47:59
1168210,Bonne affaire,,680000.0,500.0,,RDC/Étage de villa,villaFloor,sale,private,5174.0,https://www.menzili.tn/upload/photos/2021/09/08/22/48/29530mq2d9.jpg,[],,"[{""sourceId"": 13, ""url"": ""https://www.menzili.tn/annonce/annonce-66533"", ""price"": 680000, ""sellerType"": ""private"", ""lastModified"": ""2021-09-08 01:52:07""}]",[],1,1,0,1,1,1,[],2025-10-19 01:52:10,2021-09-08 01:52:07,2021-09-08 01:52:07,2021-09-08 01:52:07,1,2026-02-07 14:47:59
879443,Magnifique etage de villa studio,,450000.0,180.0,S+3,RDC/Étage de villa,villaFloor,sale,agency,4503.0,https://www.tunisiapromo.com/gallery/photo-1-356936.jpg,[],,"[{""sourceId"": 4, ""url"": ""https://www.tunisiapromo.com/annonce/magnifique-etage-de-villa-studio-z75292.html"", ""price"": 450000, ""sellerType"": ""agency"", ""lastModified"": ""2018-09-24 17:48:59""}]",[],1,1,0,1,1,1,[],2024-12-26 17:49:06,2018-08-06 17:48:59,2018-09-24 17:48:59,2018-08-06 17:48:59,1,2026-02-07 14:47:59
1168215,A Vendre un étage de villa,,,100.0,,RDC/Étage de villa,villaFloor,sale,private,961.0,,[],,"[{""sourceId"": 13, ""url"": ""https://www.menzili.tn/annonce/annonce-98975"", ""price"": null, ""sellerType"": ""private"", ""lastModified"": ""2022-10-12 01:52:10""}]",[],1,1,0,0,1,1,[],2025-10-19 01:52:13,2022-10-12 01:52:10,2022-10-12 01:52:10,2022-10-12 01:52:10,1,2026-02-07 14:47:59
1153881,Bonne opportunité étage de maison,,110000.0,160.0,,RDC/Étage de villa,villaFloor,sale,private,325.0,,[],,"[{""sourceId"": 13, ""url"": ""https://www.menzili.tn/annonce/annonce-64528"", ""price"": 110000, ""sellerType"": ""private"", ""lastModified"": ""2021-08-10 23:52:48""}]",[],1,1,0,1,1,1,[],2025-10-18 23:52:53,2021-08-10 23:52:48,2021-08-10 23:52:48,2021-08-10 23:52:48,1,2026-02-07 14:47:59
1184603,,"L’agence Century 21 Karaouli vous propose à la vente un rez-de-chaussée d’une villa de type S+3, situé à El Menzah 5.

Données générales

* Type : S+3

* Superficie totale : 250 m²

Composition:

– Un salon

– Une cuisine ouvrant sur une terrasse

– Trois chambres à coucher

– Salle d’eau pour les invités 

– Salle d’eau avec cabine de douche 

Équipements et prestations

– Jardin privatif

– Chauffage central

– Climatisation

Pour plus d’informations ou pour organiser une visite, n’hésitez pas à nous contacter :

<a type=""phone"">+21654XXXXXX</a> / <a type=""phone"">+21654XXXXXX</a>

karaouli@century21.tn",620000.0,250.0,S+3,RDC/Étage de villa,villaFloor,sale,agency,308.0,56158/28079338_2010a020313131b8.jpg,"[""https://logis.fra1.digitaloceanspaces.com/15/Properties/145711/conversions/zNE4fi2yfuV5B1kx-thumb.jpg"", ""https://logis.fra1.digitaloceanspaces.com/15/Properties/145712/conversions/aoxBrtu00J3fdNgr-thumb.jpg"", ""https://logis.fra1.digitaloceanspaces.com/15/Properties/145713/conversions/r6JivnX8OF82NhIC-thumb.jpg"", ""https://logis.fra1.digitaloceanspaces.com/15/Properties/145714/conversions/aoxoBRfTrgpNX1eJ-thumb.jpg"", ""https://logis.fra1.digitaloceanspaces.com/15/Properties/145716/conversions/BuE8e8LKJhagVosk-thumb.jpg"", ""https://logis.fra1.digitaloceanspaces.com/15/Properties/145718/conversions/hc8bsvrSS2QvnVdq-thumb.jpg"", ""https://logis.fra1.digitaloceanspaces.com/15/Properties/145719/conversions/OLUDsHrdRYFjlMn1-thumb.jpg"", ""https://www.mubawab-media.com/ad/8/245/996F/h/thumb_1197883_property_large_81345286.avif"", ""https://www.mubawab-media.com/ad/8/245/996F/h/thumb_1197886_property_large_81345288.avif"", ""https://www.mubawab-media.com/ad/8/245/996F/h/thumb_1197889_property_large_81345291.avif"", ""https://b3g4.fra01.idrivee2-68.com/images-mirror/55855/27927594_310787903.jpg?response-content-type=image%2Fjpeg&response-cache-control=public%2C%20max-age%3D31536000%2C%20immutable&X-Amz-Content-Sha256=UNSIGNED-PAYLOAD&X-Amz-Algorithm=AWS4-HMAC-SHA256&X-Amz-Credential=Bhs7rzoWz1jkU0yRURAn%2F20260207%2FFrankfurt%2Fs3%2Faws4_request&X-Amz-Date=20260207T134431Z&X-Amz-SignedHeaders=host&X-Amz-Expires=86400&X-Amz-Signature=6025f1b12001b12d3269d8a0a8ef7d6c539a56d2e85666adec9cebbcd40ef0d1"", ""https://b3g4.fra01.idrivee2-68.com/images-mirror/55855/27927594_310787905.jpg?response-content-type=image%2Fjpeg&response-cache-control=public%2C%20max-age%3D31536000%2C%20immutable&X-Amz-Content-Sha256=UNSIGNED-PAYLOAD&X-Amz-Algorithm=AWS4-HMAC-SHA256&X-Amz-Credential=Bhs7rzoWz1jkU0yRURAn%2F20260207%2FFrankfurt%2Fs3%2Faws4_request&X-Amz-Date=20260207T134431Z&X-Amz-SignedHeaders=host&X-Amz-Expires=86400&X-Amz-Signature=32885ee4cb71fa124fbee4872e35e25398c1d4c6f4c39641fc69304e2aa56cfc"", ""https://b3g4.fra01.idrivee2-68.com/images-mirror/55855/27927594_310787908.jpg?response-content-type=image%2Fjpeg&response-cache-control=public%2C%20max-age%3D31536000%2C%20immutable&X-Amz-Content-Sha256=UNSIGNED-PAYLOAD&X-Amz-Algorithm=AWS4-HMAC-SHA256&X-Amz-Credential=Bhs7rzoWz1jkU0yRURAn%2F20260207%2FFrankfurt%2Fs3%2Faws4_request&X-Amz-Date=20260207T134431Z&X-Amz-SignedHeaders=host&X-Amz-Expires=86400&X-Amz-Signature=f903018c2fc6bdfca3687da95fb8506e98b396f4ebb33996f6295aae3f3b7ed4"", ""https://b3g4.fra01.idrivee2-68.com/images-mirror/55855/27927594_310787909.jpg?response-content-type=image%2Fjpeg&response-cache-control=public%2C%20max-age%3D31536000%2C%20immutable&X-Amz-Content-Sha256=UNSIGNED-PAYLOAD&X-Amz-Algorithm=AWS4-HMAC-SHA256&X-Amz-Credential=Bhs7rzoWz1jkU0yRURAn%2F20260207%2FFrankfurt%2Fs3%2Faws4_request&X-Amz-Date=20260207T134431Z&X-Amz-SignedHeaders=host&X-Amz-Expires=86400&X-Amz-Signature=5489e0d500222f426df940f151d74ddd2d26c14757c5b22779a3e069a6428f9f"", ""https://b3g4.fra01.idrivee2-68.com/images-mirror/55855/27927594_310787910.jpg?response-content-type=image%2Fjpeg&response-cache-control=public%2C%20max-age%3D31536000%2C%20immutable&X-Amz-Content-Sha256=UNSIGNED-PAYLOAD&X-Amz-Algorithm=AWS4-HMAC-SHA256&X-Amz-Credential=Bhs7rzoWz1jkU0yRURAn%2F20260207%2FFrankfurt%2Fs3%2Faws4_request&X-Amz-Date=20260207T134431Z&X-Amz-SignedHeaders=host&X-Amz-Expires=86400&X-Amz-Signature=d572934cd5e2077255837fff33e826df9fb8b9bdc22e6d33f9b3a44587dabf56"", ""https://b3g4.fra01.idrivee2-68.com/images-mirror/55855/27927594_310787911.jpg?response-content-type=image%2Fjpeg&response-cache-control=public%2C%20max-age%3D31536000%2C%20immutable&X-Amz-Content-Sha256=UNSIGNED-PAYLOAD&X-Amz-Algorithm=AWS4-HMAC-SHA256&X-Amz-Credential=Bhs7rzoWz1jkU0yRURAn%2F20260207%2FFrankfurt%2Fs3%2Faws4_request&X-Amz-Date=20260207T134431Z&X-Amz-SignedHeaders=host&X-Amz-Expires=86400&X-Amz-Signature=131e5ee9de565988e081c1574fbb38dd681b9852b8d151539e8b5d0950868833""]","[{""url"": ""https://logis.fra1.digitaloceanspaces.com/15/Properties/145711/conversions/zNE4fi2yfuV5B1kx-thumb.jpg"", ""sourceId"": 11, ""adUrl"": ""https://century21.tn/property/a-vendre-rdc-de-villa-s3-el-menzah-5/""}, {""url"": ""https://logis.fra1.digitaloceanspaces.com/15/Properties/145712/conversions/aoxBrtu00J3fdNgr-thumb.jpg"", ""sourceId"": 11, ""adUrl"": ""https://century21.tn/property/a-vendre-rdc-de-villa-s3-el-menzah-5/""}, {""url"": ""https://logis.fra1.digitaloceanspaces.com/15/Properties/145713/conversions/r6JivnX8OF82NhIC-thumb.jpg"", ""sourceId"": 11, ""adUrl"": ""https://century21.tn/property/a-vendre-rdc-de-villa-s3-el-menzah-5/""}, {""url"": ""https://logis.fra1.digitaloceanspaces.com/15/Properties/145714/conversions/aoxoBRfTrgpNX1eJ-thumb.jpg"", ""sourceId"": 11, ""adUrl"": ""https://century21.tn/property/a-vendre-rdc-de-villa-s3-el-menzah-5/""}, {""url"": ""https://logis.fra1.digitaloceanspaces.com/15/Properties/145716/conversions/BuE8e8LKJhagVosk-thumb.jpg"", ""sourceId"": 11, ""adUrl"": ""https://century21.tn/property/a-vendre-rdc-de-villa-s3-el-menzah-5/""}, {""url"": ""https://logis.fra1.digitaloceanspaces.com/15/Properties/145718/conversions/hc8bsvrSS2QvnVdq-thumb.jpg"", ""sourceId"": 11, ""adUrl"": ""https://century21.tn/property/a-vendre-rdc-de-villa-s3-el-menzah-5/""}, {""url"": ""https://logis.fra1.digitaloceanspaces.com/15/Properties/145719/conversions/OLUDsHrdRYFjlMn1-thumb.jpg"", ""sourceId"": 11, ""adUrl"": ""https://century21.tn/property/a-vendre-rdc-de-villa-s3-el-menzah-5/""}, {""url"": ""https://www.mubawab-media.com/ad/8/245/996F/h/thumb_1197883_property_large_81345286.avif"", ""sourceId"": 5, ""adUrl"": ""https://www.mubawab.tn/fr/a/8245996/rez-de-chauss%C3%A9e-d-une-villa-s3-menzah-5""}, {""url"": ""https://www.mubawab-media.com/ad/8/245/996F/h/thumb_1197886_property_large_81345288.avif"", ""sourceId"": 5, ""adUrl"": ""https://www.mubawab.tn/fr/a/8245996/rez-de-chauss%C3%A9e-d-une-villa-s3-menzah-5""}, {""url"": ""https://www.mubawab-media.com/ad/8/245/996F/h/thumb_1197889_property_large_81345291.avif"", ""sourceId"": 5, ""adUrl"": ""https://www.mubawab.tn/fr/a/8245996/rez-de-chauss%C3%A9e-d-une-villa-s3-menzah-5""}, {""url"": ""https://b3g4.fra01.idrivee2-68.com/images-mirror/55855/27927594_310787903.jpg?response-content-type=image%2Fjpeg&response-cache-control=public%2C%20max-age%3D31536000%2C%20immutable&X-Amz-Content-Sha256=UNSIGNED-PAYLOAD&X-Amz-Algorithm=AWS4-HMAC-SHA256&X-Amz-Credential=Bhs7rzoWz1jkU0yRURAn%2F20260207%2FFrankfurt%2Fs3%2Faws4_request&X-Amz-Date=20260207T134431Z&X-Amz-SignedHeaders=host&X-Amz-Expires=86400&X-Amz-Signature=6025f1b12001b12d3269d8a0a8ef7d6c539a56d2e85666adec9cebbcd40ef0d1"", ""sourceId"": 12, ""adUrl"": ""https://www.facebook.com/marketplace/item/1534386537773905/""}, {""url"": ""https://b3g4.fra01.idrivee2-68.com/images-mirror/55855/27927594_310787905.jpg?response-content-type=image%2Fjpeg&response-cache-control=public%2C%20max-age%3D31536000%2C%20immutable&X-Amz-Content-Sha256=UNSIGNED-PAYLOAD&X-Amz-Algorithm=AWS4-HMAC-SHA256&X-Amz-Credential=Bhs7rzoWz1jkU0yRURAn%2F20260207%2FFrankfurt%2Fs3%2Faws4_request&X-Amz-Date=20260207T134431Z&X-Amz-SignedHeaders=host&X-Amz-Expires=86400&X-Amz-Signature=32885ee4cb71fa124fbee4872e35e25398c1d4c6f4c39641fc69304e2aa56cfc"", ""sourceId"": 12, ""adUrl"": ""https://www.facebook.com/marketplace/item/1534386537773905/""}, {""url"": ""https://b3g4.fra01.idrivee2-68.com/images-mirror/55855/27927594_310787908.jpg?response-content-type=image%2Fjpeg&response-cache-control=public%2C%20max-age%3D31536000%2C%20immutable&X-Amz-Content-Sha256=UNSIGNED-PAYLOAD&X-Amz-Algorithm=AWS4-HMAC-SHA256&X-Amz-Credential=Bhs7rzoWz1jkU0yRURAn%2F20260207%2FFrankfurt%2Fs3%2Faws4_request&X-Amz-Date=20260207T134431Z&X-Amz-SignedHeaders=host&X-Amz-Expires=86400&X-Amz-Signature=f903018c2fc6bdfca3687da95fb8506e98b396f4ebb33996f6295aae3f3b7ed4"", ""sourceId"": 12, ""adUrl"": ""https://www.facebook.com/marketplace/item/1534386537773905/""}, {""url"": ""https://b3g4.fra01.idrivee2-68.com/images-mirror/55855/27927594_310787909.jpg?response-content-type=image%2Fjpeg&response-cache-control=public%2C%20max-age%3D31536000%2C%20immutable&X-Amz-Content-Sha256=UNSIGNED-PAYLOAD&X-Amz-Algorithm=AWS4-HMAC-SHA256&X-Amz-Credential=Bhs7rzoWz1jkU0yRURAn%2F20260207%2FFrankfurt%2Fs3%2Faws4_request&X-Amz-Date=20260207T134431Z&X-Amz-SignedHeaders=host&X-Amz-Expires=86400&X-Amz-Signature=5489e0d500222f426df940f151d74ddd2d26c14757c5b22779a3e069a6428f9f"", ""sourceId"": 12, ""adUrl"": ""https://www.facebook.com/marketplace/item/1534386537773905/""}, {""url"": ""https://b3g4.fra01.idrivee2-68.com/images-mirror/55855/27927594_310787910.jpg?response-content-type=image%2Fjpeg&response-cache-control=public%2C%20max-age%3D31536000%2C%20immutable&X-Amz-Content-Sha256=UNSIGNED-PAYLOAD&X-Amz-Algorithm=AWS4-HMAC-SHA256&X-Amz-Credential=Bhs7rzoWz1jkU0yRURAn%2F20260207%2FFrankfurt%2Fs3%2Faws4_request&X-Amz-Date=20260207T134431Z&X-Amz-SignedHeaders=host&X-Amz-Expires=86400&X-Amz-Signature=d572934cd5e2077255837fff33e826df9fb8b9bdc22e6d33f9b3a44587dabf56"", ""sourceId"": 12, ""adUrl"": ""https://www.facebook.com/marketplace/item/1534386537773905/""}, {""url"": ""https://b3g4.fra01.idrivee2-68.com/images-mirror/55855/27927594_310787911.jpg?response-content-type=image%2Fjpeg&response-cache-control=public%2C%20max-age%3D31536000%2C%20immutable&X-Amz-Content-Sha256=UNSIGNED-PAYLOAD&X-Amz-Algorithm=AWS4-HMAC-SHA256&X-Amz-Credential=Bhs7rzoWz1jkU0yRURAn%2F20260207%2FFrankfurt%2Fs3%2Faws4_request&X-Amz-Date=20260207T134431Z&X-Amz-SignedHeaders=host&X-Amz-Expires=86400&X-Amz-Signature=131e5ee9de565988e081c1574fbb38dd681b9852b8d151539e8b5d0950868833"", ""sourceId"": 12, ""adUrl"": ""https://www.facebook.com/marketplace/item/1534386537773905/""}]","[{""sourceId"": 11, ""url"": ""https://century21.tn/property/a-vendre-rdc-de-villa-s3-el-menzah-5/"", ""price"": 620000, ""sellerType"": ""agency"", ""lastModified"": ""2026-02-06 08:43:36""}, {""sourceId"": 5, ""url"": ""https://www.mubawab.tn/fr/a/8245996/rez-de-chauss%C3%A9e-d-une-villa-s3-menzah-5"", ""price"": 650000, ""sellerType"": ""agency"", ""lastModified"": ""2026-02-03 18:35:01""}, {""sourceId"": 12, ""url"": ""https://www.facebook.com/marketplace/item/1534386537773905/"", ""price"": 650000, ""sellerType"": ""agency"", ""lastModified"": ""2026-01-12 02:14:47""}]","[{""sellerType"": ""agency"", ""contactName"": ""CENTURY 21 Karaouli"", ""active"": true}, {""sellerType"": ""agency"", ""contactName"": ""Perla Immo"", ""active"": true}, {""sellerType"": ""agency"", ""contactName"": null, ""active"": true}, {""sellerType"": ""agency"", ""contactName"": null, ""active"": true}]",3,3,4,4,7,6,[],2025-11-03 14:15:17,2025-11-03 14:15:14,2026-02-06 08:43:36,2025-12-01 21:46:59,1,2026-02-07 14:47:59
1227612,À vendre Etage de villa inachevé,"New Bridge Immobilier vous propose à la vente un étage de villa de **160 m²**, **inachevé**, avec **entrée totalement indépendante** à Ain Zaghouan Nord

Le bien est au **stade du gros œuvre avancé**, avec une structure en béton armé achevée (poteaux, poutres et dalle), des murs en briques rouges montés, un plafond en hourdis apparent et un sol brut prêt à recevoir les revêtements, offrant une base saine et solide pour un aménagement personnalisé selon vos besoins. L’espace, spacieux et ouvert, permet une grande flexibilité d’agencement (S3, S4 ou autre configuration), avec une bonne hauteur sous plafond. 

Les **papiers sont en règle**, ce qui garantit une transaction sécurisée. Idéalement situé à proximité des **Jardins de Carthage**, de **La Marsa** et avec un accès rapide au **Lac 2**, ce bien représente une excellente opportunité pour une résidence principale ou un investissement à fort potentiel.

Pour plus d’informations, merci de nous appeler au <a type=""phone"">+21653XXXXXX</a>",300000.0,160.0,S+4,RDC/Étage de villa,villaFloor,sale,agency,5188.0,56031/28015990_e7ebe7fd2f3de7ff.jpg,"[""https://www.mubawab-media.com/ad/8/280/038F/h/369cf4b6-c2be-4681-8b47-0ae42c583bbd_81716909.avif""]","[{""url"": ""https://www.mubawab-media.com/ad/8/280/038F/h/369cf4b6-c2be-4681-8b47-0ae42c583bbd_81716909.avif"", ""sourceId"": 5, ""adUrl"": ""https://www.mubawab.tn/fr/a/8280038/%C3%A0-vendre-etage-de-villa-inachev%C3%A9""}]","[{""sourceId"": 5, ""url"": ""https://www.mubawab.tn/fr/a/8280038/%C3%A0-vendre-etage-de-villa-inachev%C3%A9"", ""price"": 300000, ""sellerType"": ""agency"", ""lastModified"": ""2026-01-24 23:20:32""}]","[{""sellerType"": ""agency"", ""contactName"": ""NEW BRIDGE"", ""active"": true}]",1,1,1,1,1,1,[],2026-01-03 20:15:49,2026-01-03 20:15:36,2026-01-24 23:20:32,2026-01-03 20:15:36,1,2026-02-07 14:47:59
1143648,Bel étage de villa avec studio indépendant,"situé dans un quartier résidentiel calme et recherché de mourouj 3, cet étage de villa (222 partie) offre un cadre de vie confortable, idéal pour une grande famille ou pour un investissement locatif rentable.
caractéristiques du bien :5 chambres spacieuses et bien éclairées, cuisine fonctionnelle, salle de bain + salle deau séparée,jardin indépendant, escalier intérieur menant au toit, sur le toit : chambre de lessive pratique et aérée+ studio avec entrée indépendante, idéal pour location ou hébergement dun proche
atouts :quartier résidentiel calme, proche de toutes commodités, environnement agréable et sécurisé, titre de copropriété individuel",400000.0,222.0,S+5,RDC/Étage de villa,villaFloor,sale,private,5284.0,http://tunisie-annonce.com/upload2/202510/tunisie-annonce.com/photos/786330_20251013_114353.jpg,"[""https://server.bigdatis.com/api/properties/image/303598409"", ""https://server.bigdatis.com/api/properties/image/303598410"", ""https://server.bigdatis.com/api/properties/image/303598411""]","[{""url"": ""https://server.bigdatis.com/api/properties/image/303598409"", ""sourceId"": 1, ""adUrl"": ""http://www.tunisie-annonce.com/DetailsAnnonceImmobilier.asp?cod_ann=3430095""}, {""url"": ""https://server.bigdatis.com/api/properties/image/303598410"", ""sourceId"": 1, ""adUrl"": ""http://www.tunisie-annonce.com/DetailsAnnonceImmobilier.asp?cod_ann=3430095""}, {""url"": ""https://server.bigdatis.com/api/properties/image/303598411"", ""sourceId"": 1, ""adUrl"": ""http://www.tunisie-annonce.com/DetailsAnnonceImmobilier.asp?cod_ann=3430095""}]","[{""sourceId"": 1, ""url"": ""http://www.tunisie-annonce.com/DetailsAnnonceImmobilier.asp?cod_ann=3430095"", ""price"": 400000, ""sellerType"": ""private"", ""lastModified"": ""2025-10-13 11:20:03""}]","[{""sellerType"": ""private"", ""contactName"": null, ""active"": true}]",1,1,1,1,2,1,[],2025-10-13 11:19:02,2025-10-13 11:11:23,2025-10-13 11:20:03,2025-10-13 11:11:23,1,2026-02-07 14:47:59
1045345,A Vendre un 1et 2ème étage Front Mer à Bizerte,"A Vendre  un Etage  S2 Front Mer à Bizerte

Collection Immo vous propose un Superbe Etage de villa S2 pour la Vente

Composé de ; 

Cuisine américaine equipée

Salon lumineux avec un Balcon Front mer

Chambre avec Balcon

Chambre à coucher

Salle de Bain avec douche Italienne

Sechoir 

Une vaste terrasse vu sur mer 

Titre bleu individuel

Place parking exterieur

Pour en avoir plus d infos merci de me contacter sur le 216 <a type=""phone"">+21655XXXXXX</a>

Photos et prix sur demande",,200.0,S+2,RDC/Étage de villa,villaFloor,sale,agency,1135.0,https://www.mubawab-media.com/ad/8/166/713F/h/thumb_1115196_property_xlarge_80526799.avif,"[""https://www.mubawab-media.com/ad/8/166/713F/h/thumb_1115196_property_xlarge_80526799.avif"", ""https://www.mubawab-media.com/ad/8/166/713F/h/thumb_1115193_property_xlarge_80526800.avif"", ""https://www.mubawab-media.com/ad/8/166/713F/h/thumb_1115192_property_xlarge_80526801.avif"", ""https://www.mubawab-media.com/ad/8/166/713F/h/thumb_1115195_property_xlarge_80526802.avif""]","[{""url"": ""https://www.mubawab-media.com/ad/8/166/713F/h/thumb_1115196_property_xlarge_80526799.avif"", ""sourceId"": 5, ""adUrl"": ""https://www.mubawab.tn/fr/a/8166713/a-vendre-un-1et-2%C3%A8me-%C3%A9tage-front-mer-%C3%A0-bizerte""}, {""url"": ""https://www.mubawab-media.com/ad/8/166/713F/h/thumb_1115193_property_xlarge_80526800.avif"", ""sourceId"": 5, ""adUrl"": ""https://www.mubawab.tn/fr/a/8166713/a-vendre-un-1et-2%C3%A8me-%C3%A9tage-front-mer-%C3%A0-bizerte""}, {""url"": ""https://www.mubawab-media.com/ad/8/166/713F/h/thumb_1115192_property_xlarge_80526801.avif"", ""sourceId"": 5, ""adUrl"": ""https://www.mubawab.tn/fr/a/8166713/a-vendre-un-1et-2%C3%A8me-%C3%A9tage-front-mer-%C3%A0-bizerte""}, {""url"": ""https://www.mubawab-media.com/ad/8/166/713F/h/thumb_1115195_property_xlarge_80526802.avif"", ""sourceId"": 5, ""adUrl"": ""https://www.mubawab.tn/fr/a/8166713/a-vendre-un-1et-2%C3%A8me-%C3%A9tage-front-mer-%C3%A0-bizerte""}]","[{""sourceId"": 5, ""url"": ""https://www.mubawab.tn/fr/a/8166713/a-vendre-un-1et-2%C3%A8me-%C3%A9tage-front-mer-%C3%A0-bizerte"", ""price"": null, ""sellerType"": ""agency"", ""lastModified"": ""2026-02-03 16:08:54""}]","[{""sellerType"": ""agency"", ""contactName"": ""COLLECTION IMMO"", ""active"": true}]",1,1,1,1,1,1,[],2025-06-23 23:30:09,2025-06-23 23:30:05,2026-02-03 16:08:54,2025-06-23 23:30:05,1,2026-02-07 14:47:59
811873,Grand etage de villa terasse possibi d'extension,"Ne laissez pas passer cet appartement à vendre. Prix 180 000 TND. 7 pièces, 1 salle de bains, 156 m². 3 chambres. 1er étage. Moins de 20 ans. Type de sol: Carrelage. Jardin.

Venez découvrir cet appartement à vendre à Cité de la Rtt 3, Mornaguia.",180000.0,156.0,S+3,RDC/Étage de villa,villaFloor,sale,private,2390.0,https://www.mubawab-media.com/ad/7/527/449F/h/pixlr_31055295.avif,"[""https://www.mubawab-media.com/ad/7/527/449F/h/pixlr_31055295.avif"", ""https://www.mubawab-media.com/ad/7/527/449F/h/pixlr_20220830102306927_31055296.avif"", ""https://www.mubawab-media.com/ad/7/527/449F/h/pixlr_20220830102425729_31055297.avif""]","[{""url"": ""https://www.mubawab-media.com/ad/7/527/449F/h/pixlr_31055295.avif"", ""sourceId"": 5, ""adUrl"": ""https://www.mubawab.tn/fr/a/7527449/grand-etage-de-villa-terasse-possibi-d-extension""}, {""url"": ""https://www.mubawab-media.com/ad/7/527/449F/h/pixlr_20220830102306927_31055296.avif"", ""sourceId"": 5, ""adUrl"": ""https://www.mubawab.tn/fr/a/7527449/grand-etage-de-villa-terasse-possibi-d-extension""}, {""url"": ""https://www.mubawab-media.com/ad/7/527/449F/h/pixlr_20220830102425729_31055297.avif"", ""sourceId"": 5, ""adUrl"": ""https://www.mubawab.tn/fr/a/7527449/grand-etage-de-villa-terasse-possibi-d-extension""}]","[{""sourceId"": 5, ""url"": ""https://www.mubawab.tn/fr/a/7527449/grand-etage-de-villa-terasse-possibi-d-extension"", ""price"": 180000, ""sellerType"": ""private"", ""lastModified"": ""2026-02-03 10:01:02""}]","[{""sellerType"": ""private"", ""contactName"": ""HEFDHI LEMSI Particulier"", ""active"": true}]",1,1,1,1,1,1,[],2022-09-06 22:48:04,2022-09-06 22:48:04,2026-02-03 10:01:02,2024-12-19 15:30:20,1,2026-02-07 14:47:59
1143651,Immeuble résidentiel de six apartments,"découvrez cet immeuble idéalement conçu, composé de six appartements spacieux, répartis sur trois niveaux , deux appartements par étage. prix legerement negociable. immeuble bati 2015. titre bleu individual.

chaque appartement comprend :

deux chambres lumineuses, un salon confortable, une cuisine indépendante et fonctionnelle, une salle de bain complète. 

les appartements du rez-de-chaussée bénéficient dun jardin privatif ainsi que dun espace de stationnement pouvant accueillir deux voitures, offrant ainsi un confort de vie supplémentaire.

limmeuble est situé dans un quartier calme et agréable, proche de toutes les commodités (écoles, commerces, transports). il représente une excellente opportunité dinvestissement, que ce soit pour la location ou pour une résidence principale.

atouts :

bon rendement locatif potentiel construction solide et bien entretenue environnement paisible.
ne manquez pas cette occasion unique dacquérir un immeuble polyvalent et rentable.",930000.0,396.0,S+2,RDC/Étage de villa,villaFloor,sale,private,967.0,http://tunisie-annonce.com/upload2/202510/tunisie-annonce.com/photos/548876_20251013_115632.jpg,"[""https://server.bigdatis.com/api/properties/image/303598421"", ""https://server.bigdatis.com/api/properties/image/303598422"", ""https://server.bigdatis.com/api/properties/image/303598423"", ""https://server.bigdatis.com/api/properties/image/303598424"", ""https://server.bigdatis.com/api/properties/image/303598425""]","[{""url"": ""https://server.bigdatis.com/api/properties/image/303598421"", ""sourceId"": 1, ""adUrl"": ""http://www.tunisie-annonce.com/DetailsAnnonceImmobilier.asp?cod_ann=3430097""}, {""url"": ""https://server.bigdatis.com/api/properties/image/303598422"", ""sourceId"": 1, ""adUrl"": ""http://www.tunisie-annonce.com/DetailsAnnonceImmobilier.asp?cod_ann=3430097""}, {""url"": ""https://server.bigdatis.com/api/properties/image/303598423"", ""sourceId"": 1, ""adUrl"": ""http://www.tunisie-annonce.com/DetailsAnnonceImmobilier.asp?cod_ann=3430097""}, {""url"": ""https://server.bigdatis.com/api/properties/image/303598424"", ""sourceId"": 1, ""adUrl"": ""http://www.tunisie-annonce.com/DetailsAnnonceImmobilier.asp?cod_ann=3430097""}, {""url"": ""https://server.bigdatis.com/api/properties/image/303598425"", ""sourceId"": 1, ""adUrl"": ""http://www.tunisie-annonce.com/DetailsAnnonceImmobilier.asp?cod_ann=3430097""}]","[{""sourceId"": 1, ""url"": ""http://www.tunisie-annonce.com/DetailsAnnonceImmobilier.asp?cod_ann=3430097"", ""price"": 930000, ""sellerType"": ""private"", ""lastModified"": ""2025-10-13 11:20:03""}]",[],1,1,0,0,1,1,[],2025-10-13 11:20:28,2025-10-13 11:20:03,2025-10-13 11:20:03,2025-10-13 11:20:03,1,2026-02-07 14:47:59
897889,Av etage de villa inachevée à hammamet,"Etage de villa inachevée à Hammamet
A 5min de centre ville  Hammamet et de la mer
Dans un quartier calme, proche de toute commodité 
Au 2eme étage avec une  vue sur mer, étage inachevée reste séparation des chambres et finition 
Avec la possibilité d’ajouter un petit studio 
Superficie : 160m²
Prix : 160MD
- Pour plus d’information veuillez  contactez Latifa Chaâbani :
 00 216 <a type=""phone"">+21626XXXXXX</a>  / 00 216 <a type=""phone"">+21698XXXXXX</a>
-Pour plus d’information veuillez contactez Med Hedi :
 00 216 <a type=""phone"">+21629XXXXXX</a>  / 00 216 <a type=""phone"">+21622XXXXXX</a>
AGENCE  IMMOBILIÈRE LES ARCADES 
*E-mail : lesarcadesimmob@hotmail.fr
*E-mail : m.ghachem@hotmail.fr
*Site Web: www.lesarcades-immobiliere.com
*Facebook : les arcades.
Ag s’abstenir 	
Merci Cordialement",160000.0,160.0,S+0,RDC/Étage de villa,villaFloor,sale,agency,3479.0,https://www.tunisiapromo.com/images/26347.jpg,"[""https://www.tunisiapromo.com/images/26347.jpg""]","[{""url"": ""https://www.tunisiapromo.com/images/26347.jpg"", ""sourceId"": 4, ""adUrl"": ""https://www.tunisiapromo.com/annonce/av-etage-de-villa-inachevee-a-hammamet-z26347.html""}]","[{""sourceId"": 4, ""url"": ""https://www.tunisiapromo.com/annonce/av-etage-de-villa-inachevee-a-hammamet-z26347.html"", ""price"": 160000, ""sellerType"": ""agency"", ""lastModified"": ""2014-06-13 23:37:15""}]","[{""sellerType"": ""agency"", ""contactName"": ""LES ARCADES"", ""active"": true}]",1,1,1,1,1,1,[],2024-12-26 23:37:26,2014-06-13 23:37:15,2014-06-13 23:37:15,2014-06-13 23:37:15,1,2026-02-07 14:47:59
881513,Etage de villa haut standing,"un appartement bien lumineux meublé et spacieux avec (cuisine équipé, salle d'eau , 2 terrasses) elle se situe en 2 éme étage d'une villa haute standing avec entrée indépendante.
 elle est à 200 mètres de la plage , sur la route principale du port , vue panoramique et sur la montagne et ouest sur mer.
papier en règle avec certificat de propriété    nb: visite par rdv",200000.0,120.0,,RDC/Étage de villa,villaFloor,sale,private,3362.0,,[],,"[{""sourceId"": 4, ""url"": ""https://www.tunisiapromo.com/annonce/etage-de-villa-haut-standing-z73415.html"", ""price"": 200000, ""sellerType"": ""private"", ""lastModified"": ""2018-05-12 19:08:11""}]","[{""sellerType"": ""private"", ""contactName"": ""Lotfi"", ""active"": true}]",1,1,1,1,1,1,"[""equippedKitchen"", ""terrace""]",2024-12-26 19:08:17,2018-05-12 19:08:11,2018-05-12 19:08:11,2018-05-12 19:08:11,1,2026-02-07 14:47:59
899946,Maison local commercial deux appartements à hammamet nord,"AV à Hammamet Nord une construction inachevée composée au rez-de-chaussée d’une maison et un local à usage de café. A l’étage deux appartements à finir.
Superficie : 230 m² terrain et 450m² couverts.
Prix : 225 MD",225000.0,450.0,,RDC/Étage de villa,villaFloor,sale,agency,3442.0,https://www.tunisiapromo.com/gallery/photo-1-57495.jpg,"[""https://www.tunisiapromo.com/gallery/photo-1-57495.jpg"", ""https://www.tunisiapromo.com/gallery/photo-2-57496.jpg""]","[{""url"": ""https://www.tunisiapromo.com/gallery/photo-1-57495.jpg"", ""sourceId"": 4, ""adUrl"": ""https://www.tunisiapromo.com/annonce/maison-local-commercial-deux-appartements-a-hammamet-nord-z15973.html""}, {""url"": ""https://www.tunisiapromo.com/gallery/photo-2-57496.jpg"", ""sourceId"": 4, ""adUrl"": ""https://www.tunisiapromo.com/annonce/maison-local-commercial-deux-appartements-a-hammamet-nord-z15973.html""}]","[{""sourceId"": 4, ""url"": ""https://www.tunisiapromo.com/annonce/maison-local-commercial-deux-appartements-a-hammamet-nord-z15973.html"", ""price"": 225000, ""sellerType"": ""agency"", ""lastModified"": ""2013-09-23 00:18:27""}]","[{""sellerType"": ""agency"", ""contactName"": ""Agence Immobilière Ghalleb"", ""active"": true}]",1,1,1,1,1,1,[],2024-12-27 00:18:36,2013-09-23 00:18:27,2013-09-23 00:18:27,2013-09-23 00:18:27,1,2026-02-07 14:47:59
1190763,A vendre un étage de villa rdc à El menzah 5,"La Méditerranée Immobilière Jardin d'el Menzah vous propose à la vente un étage de villa de très haut standing située dans un quartier résidentiel et calme à Menzeh 5 . Ce dernier dispose d'une grande terrasse salon très spacieux et lumineux , une cuisine entièrement équipée . Elle est complétée par un séchoir avec un grand Terrace , 3 chambres à coucher , une salle de douche et une salle d'eau sont disponibles .

merci de contacter le numero suivant <a type=""phone"">+21653XXXXXX</a>",650000.0,235.0,S+3,RDC/Étage de villa,villaFloor,sale,agency,308.0,https://www.mubawab-media.com/ad/8/250/827F/h/8_81393909.avif,"[""https://www.mubawab-media.com/ad/8/250/827F/h/8_81393909.avif"", ""https://www.mubawab-media.com/ad/8/250/827F/h/5_81393910.avif"", ""https://www.mubawab-media.com/ad/8/250/827F/h/6_81393911.avif"", ""https://www.mubawab-media.com/ad/8/250/827F/h/7_81393912.avif"", ""https://www.mubawab-media.com/ad/8/250/827F/h/9_81393913.avif"", ""https://www.mubawab-media.com/ad/8/250/827F/h/10_81393914.avif"", ""https://www.mubawab-media.com/ad/8/250/827F/h/11_81393915.avif"", ""https://www.mubawab-media.com/ad/8/250/827F/h/12_81393916.avif"", ""https://www.mubawab-media.com/ad/8/250/827F/h/13_81393917.avif"", ""https://www.mubawab-media.com/ad/8/250/827F/h/14_81393918.avif"", ""https://www.mubawab-media.com/ad/8/250/827F/h/15_81393919.avif"", ""https://www.mubawab-media.com/ad/8/250/827F/h/16_81393920.avif"", ""https://www.mubawab-media.com/ad/8/250/827F/h/17_81393921.avif"", ""https://www.mubawab-media.com/ad/8/250/827F/h/18_81393922.avif"", ""https://b3g4.fra01.idrivee2-68.com/images-mirror/55974/27987387_316018914.jpg?response-content-type=image%2Fjpeg&response-cache-control=public%2C%20max-age%3D31536000%2C%20immutable&X-Amz-Content-Sha256=UNSIGNED-PAYLOAD&X-Amz-Algorithm=AWS4-HMAC-SHA256&X-Amz-Credential=Bhs7rzoWz1jkU0yRURAn%2F20260207%2FFrankfurt%2Fs3%2Faws4_request&X-Amz-Date=20260207T134435Z&X-Amz-SignedHeaders=host&X-Amz-Expires=86400&X-Amz-Signature=77e7360ae204c0640922cadd3233bf5155d04bfb48705c646f3e28bda95dbda1""]","[{""url"": ""https://www.mubawab-media.com/ad/8/250/827F/h/8_81393909.avif"", ""sourceId"": 5, ""adUrl"": ""https://www.mubawab.tn/fr/a/8250827/a-vendre-un-%C3%A9tage-de-villa-rdc-%C3%A0-el-menzah-5""}, {""url"": ""https://www.mubawab-media.com/ad/8/250/827F/h/5_81393910.avif"", ""sourceId"": 5, ""adUrl"": ""https://www.mubawab.tn/fr/a/8250827/a-vendre-un-%C3%A9tage-de-villa-rdc-%C3%A0-el-menzah-5""}, {""url"": ""https://www.mubawab-media.com/ad/8/250/827F/h/6_81393911.avif"", ""sourceId"": 5, ""adUrl"": ""https://www.mubawab.tn/fr/a/8250827/a-vendre-un-%C3%A9tage-de-villa-rdc-%C3%A0-el-menzah-5""}, {""url"": ""https://www.mubawab-media.com/ad/8/250/827F/h/7_81393912.avif"", ""sourceId"": 5, ""adUrl"": ""https://www.mubawab.tn/fr/a/8250827/a-vendre-un-%C3%A9tage-de-villa-rdc-%C3%A0-el-menzah-5""}, {""url"": ""https://www.mubawab-media.com/ad/8/250/827F/h/9_81393913.avif"", ""sourceId"": 5, ""adUrl"": ""https://www.mubawab.tn/fr/a/8250827/a-vendre-un-%C3%A9tage-de-villa-rdc-%C3%A0-el-menzah-5""}, {""url"": ""https://www.mubawab-media.com/ad/8/250/827F/h/10_81393914.avif"", ""sourceId"": 5, ""adUrl"": ""https://www.mubawab.tn/fr/a/8250827/a-vendre-un-%C3%A9tage-de-villa-rdc-%C3%A0-el-menzah-5""}, {""url"": ""https://www.mubawab-media.com/ad/8/250/827F/h/11_81393915.avif"", ""sourceId"": 5, ""adUrl"": ""https://www.mubawab.tn/fr/a/8250827/a-vendre-un-%C3%A9tage-de-villa-rdc-%C3%A0-el-menzah-5""}, {""url"": ""https://www.mubawab-media.com/ad/8/250/827F/h/12_81393916.avif"", ""sourceId"": 5, ""adUrl"": ""https://www.mubawab.tn/fr/a/8250827/a-vendre-un-%C3%A9tage-de-villa-rdc-%C3%A0-el-menzah-5""}, {""url"": ""https://www.mubawab-media.com/ad/8/250/827F/h/13_81393917.avif"", ""sourceId"": 5, ""adUrl"": ""https://www.mubawab.tn/fr/a/8250827/a-vendre-un-%C3%A9tage-de-villa-rdc-%C3%A0-el-menzah-5""}, {""url"": ""https://www.mubawab-media.com/ad/8/250/827F/h/14_81393918.avif"", ""sourceId"": 5, ""adUrl"": ""https://www.mubawab.tn/fr/a/8250827/a-vendre-un-%C3%A9tage-de-villa-rdc-%C3%A0-el-menzah-5""}, {""url"": ""https://www.mubawab-media.com/ad/8/250/827F/h/15_81393919.avif"", ""sourceId"": 5, ""adUrl"": ""https://www.mubawab.tn/fr/a/8250827/a-vendre-un-%C3%A9tage-de-villa-rdc-%C3%A0-el-menzah-5""}, {""url"": ""https://www.mubawab-media.com/ad/8/250/827F/h/16_81393920.avif"", ""sourceId"": 5, ""adUrl"": ""https://www.mubawab.tn/fr/a/8250827/a-vendre-un-%C3%A9tage-de-villa-rdc-%C3%A0-el-menzah-5""}, {""url"": ""https://www.mubawab-media.com/ad/8/250/827F/h/17_81393921.avif"", ""sourceId"": 5, ""adUrl"": ""https://www.mubawab.tn/fr/a/8250827/a-vendre-un-%C3%A9tage-de-villa-rdc-%C3%A0-el-menzah-5""}, {""url"": ""https://www.mubawab-media.com/ad/8/250/827F/h/18_81393922.avif"", ""sourceId"": 5, ""adUrl"": ""https://www.mubawab.tn/fr/a/8250827/a-vendre-un-%C3%A9tage-de-villa-rdc-%C3%A0-el-menzah-5""}, {""url"": ""https://b3g4.fra01.idrivee2-68.com/images-mirror/55974/27987387_316018914.jpg?response-content-type=image%2Fjpeg&response-cache-control=public%2C%20max-age%3D31536000%2C%20immutable&X-Amz-Content-Sha256=UNSIGNED-PAYLOAD&X-Amz-Algorithm=AWS4-HMAC-SHA256&X-Amz-Credential=Bhs7rzoWz1jkU0yRURAn%2F20260207%2FFrankfurt%2Fs3%2Faws4_request&X-Amz-Date=20260207T134435Z&X-Amz-SignedHeaders=host&X-Amz-Expires=86400&X-Amz-Signature=77e7360ae204c0640922cadd3233bf5155d04bfb48705c646f3e28bda95dbda1"", ""sourceId"": 12, ""adUrl"": ""https://www.facebook.com/marketplace/item/876741451420372/""}]","[{""sourceId"": 5, ""url"": ""https://www.mubawab.tn/fr/a/8250827/a-vendre-un-%C3%A9tage-de-villa-rdc-%C3%A0-el-menzah-5"", ""price"": 650000, ""sellerType"": ""agency"", ""lastModified"": ""2026-01-27 19:34:41""}, {""sourceId"": 12, ""url"": ""https://www.facebook.com/marketplace/item/876741451420372/"", ""price"": 650000, ""sellerType"": ""private"", ""lastModified"": ""2026-01-09 18:57:18""}, {""sourceId"": 2, ""url"": ""https://www.tayara.tn/item/69218745145e1617cbaa4dde/?v=2"", ""price"": 650000, ""sellerType"": ""agency"", ""lastModified"": ""2025-11-29 13:29:48""}]","[{""sellerType"": ""agency"", ""contactName"": ""méditerranée TUNIS"", ""active"": true}]",3,3,1,1,3,3,[],2025-11-11 18:00:16,2025-11-11 18:00:08,2026-01-27 19:34:41,2025-11-11 18:00:08,1,2026-02-07 14:47:59
1190764,,"L’agence immobilière Century 21 Infinity vous propose à la vente une villa avec  deux étages indépendants  à la Kheireddine

*Emplacement: Kheireddine

*Superficie: 386 m²

Il est composé de:

*Un rez-de-chaussée (récemment rénové) :

 -Un salon, une salle à manger avec accès à la piscine

-Une cuisine richement équipée

-Une suite parentale

-Une chambre à coucher

-Une salle de bain

-Une buanderie 

*Un étage, doté d’une entrée totalement indépendante:

-Un salon avec accès à la terrasse

-Une salle d’eau invités

-Une cuisine

-Trois chambres à coucher

-Une salle de bain  

*Piscine

*Terrasse

*Garage

*Chauffage central

*Climatisation multi split

Pour plus d’informations, veuillez nous contacter sur le <a type=""phone"">+21627XXXXXX</a> ou <a type=""phone"">+21625XXXXXX</a>",950000.0,386.0,S+5,RDC/Étage de villa,villaFloor,sale,agency,4938.0,https://logis.fra1.digitaloceanspaces.com/7/Properties/128576/conversions/8RwpKpP4SiIp5R3C-thumb.jpg,"[""https://logis.fra1.digitaloceanspaces.com/7/Properties/128576/conversions/8RwpKpP4SiIp5R3C-thumb.jpg"", ""https://logis.fra1.digitaloceanspaces.com/7/Properties/128577/conversions/CNfG0NVYCOV8Ukfm-thumb.jpg"", ""https://logis.fra1.digitaloceanspaces.com/7/Properties/128578/conversions/STJeO8wL74jgThIN-thumb.jpg"", ""https://logis.fra1.digitaloceanspaces.com/7/Properties/128579/conversions/35M4NXHcqRpTqPlS-thumb.jpg"", ""https://logis.fra1.digitaloceanspaces.com/7/Properties/128580/conversions/cquFfABEtW1NOvgF-thumb.jpg"", ""https://logis.fra1.digitaloceanspaces.com/7/Properties/128581/conversions/cd9t8pfZZg2L35DK-thumb.jpg""]","[{""url"": ""https://logis.fra1.digitaloceanspaces.com/7/Properties/128576/conversions/8RwpKpP4SiIp5R3C-thumb.jpg"", ""sourceId"": 11, ""adUrl"": ""https://century21.tn/property/a-vendre-villa-avec-deux-etages-independants-a-kheireddine/""}, {""url"": ""https://logis.fra1.digitaloceanspaces.com/7/Properties/128577/conversions/CNfG0NVYCOV8Ukfm-thumb.jpg"", ""sourceId"": 11, ""adUrl"": ""https://century21.tn/property/a-vendre-villa-avec-deux-etages-independants-a-kheireddine/""}, {""url"": ""https://logis.fra1.digitaloceanspaces.com/7/Properties/128578/conversions/STJeO8wL74jgThIN-thumb.jpg"", ""sourceId"": 11, ""adUrl"": ""https://century21.tn/property/a-vendre-villa-avec-deux-etages-independants-a-kheireddine/""}, {""url"": ""https://logis.fra1.digitaloceanspaces.com/7/Properties/128579/conversions/35M4NXHcqRpTqPlS-thumb.jpg"", ""sourceId"": 11, ""adUrl"": ""https://century21.tn/property/a-vendre-villa-avec-deux-etages-independants-a-kheireddine/""}, {""url"": ""https://logis.fra1.digitaloceanspaces.com/7/Properties/128580/conversions/cquFfABEtW1NOvgF-thumb.jpg"", ""sourceId"": 11, ""adUrl"": ""https://century21.tn/property/a-vendre-villa-avec-deux-etages-independants-a-kheireddine/""}, {""url"": ""https://logis.fra1.digitaloceanspaces.com/7/Properties/128581/conversions/cd9t8pfZZg2L35DK-thumb.jpg"", ""sourceId"": 11, ""adUrl"": ""https://century21.tn/property/a-vendre-villa-avec-deux-etages-independants-a-kheireddine/""}]","[{""sourceId"": 11, ""url"": ""https://century21.tn/property/a-vendre-villa-avec-deux-etages-independants-a-kheireddine/"", ""price"": 950000, ""sellerType"": ""agency"", ""lastModified"": ""2025-11-11 16:47:38""}]","[{""sellerType"": ""agency"", ""contactName"": ""CENTURY 21 Infinity"", ""active"": true}]",1,1,1,1,1,1,[],2025-11-11 18:00:31,2025-11-11 16:47:38,2025-11-11 16:47:38,2025-11-11 16:47:38,1,2026-02-07 14:47:59
877,Av un beau rdc avec etage inachevé a hammamet sud,"av beau RDC avec étage inachevé situé à 4 km de hammamet yasmine , zone calme et proche de toutes les commodités.
composé au RDC d'un salon, deux chambres à coucher, cuisine équipée, sale d'eau et garage , avec étage inachevé .
superficie terrain; 160m2
couvert: 110m2
prix de vente : 130MD à débattre
pour plus des détailles contactez sur: <a type=""phone"">+21699XXXXXX</a>
ou bien viber/whatsapp/ imo: <a type=""phone"">+21628XXXXXX</a>
tél : <a type=""phone"">+21672XXXXXX</a>",130000.0,160.0,S+2,RDC/Étage de villa,villaFloor,sale,agency,5183.0,https://www.tunisiapromo.com/gallery/photo-1-518725.jpg,"[""https://www.tunisiapromo.com/gallery/photo-1-518725.jpg"", ""https://www.tunisiapromo.com/gallery/photo-2-518726.jpg"", ""https://www.tunisiapromo.com/gallery/photo-3-518727.jpg"", ""https://www.tunisiapromo.com/gallery/photo-4-518728.jpg"", ""https://www.tunisiapromo.com/gallery/photo-5-518729.jpg"", ""https://www.tunisiapromo.com/gallery/photo-3-526533.jpg"", ""https://www.tunisiapromo.com/gallery/photo-3-525973.jpg"", ""https://www.tunisiapromo.com/gallery/photo-6-523609.jpg"", ""https://www.tunisiapromo.com/gallery/photo-6-522757.jpg"", ""https://www.tunisiapromo.com/gallery/photo-7-522758.jpg"", ""https://www.tunisiapromo.com/gallery/photo-5-521743.jpg"", ""https://www.tunisiapromo.com/gallery/photo-6-521113.jpg"", ""https://www.tunisiapromo.com/gallery/photo-2-520903.jpg"", ""https://www.tunisiapromo.com/gallery/photo-5-520106.jpg"", ""https://www.tunisiapromo.com/gallery/photo-5-519015.jpg"", ""https://www.tunisiapromo.com/gallery/photo-2-515010.jpg"", ""https://www.tunisiapromo.com/gallery/photo-3-515011.jpg"", ""https://www.tunisiapromo.com/gallery/photo-5-514077.jpg"", ""https://www.tunisiapromo.com/gallery/photo-1-506334.jpg""]","[{""url"": ""https://www.tunisiapromo.com/gallery/photo-1-518725.jpg"", ""sourceId"": 4, ""adUrl"": ""https://www.tunisiapromo.com/annonce/av-un-beau-rdc-avec-etage-inacheve-a-hammamet-sud-z125358.html""}, {""url"": ""https://www.tunisiapromo.com/gallery/photo-2-518726.jpg"", ""sourceId"": 4, ""adUrl"": ""https://www.tunisiapromo.com/annonce/av-un-beau-rdc-avec-etage-inacheve-a-hammamet-sud-z125358.html""}, {""url"": ""https://www.tunisiapromo.com/gallery/photo-3-518727.jpg"", ""sourceId"": 4, ""adUrl"": ""https://www.tunisiapromo.com/annonce/av-un-beau-rdc-avec-etage-inacheve-a-hammamet-sud-z125358.html""}, {""url"": ""https://www.tunisiapromo.com/gallery/photo-4-518728.jpg"", ""sourceId"": 4, ""adUrl"": ""https://www.tunisiapromo.com/annonce/av-un-beau-rdc-avec-etage-inacheve-a-hammamet-sud-z125358.html""}, {""url"": ""https://www.tunisiapromo.com/gallery/photo-5-518729.jpg"", ""sourceId"": 4, ""adUrl"": ""https://www.tunisiapromo.com/annonce/av-un-beau-rdc-avec-etage-inacheve-a-hammamet-sud-z125358.html""}, {""url"": ""https://www.tunisiapromo.com/gallery/photo-3-526533.jpg"", ""sourceId"": 4, ""adUrl"": ""https://www.tunisiapromo.com/annonce/av-beau-rdc-130md-situee-a-hammamet-sud-z126951.html""}, {""url"": ""https://www.tunisiapromo.com/gallery/photo-3-525973.jpg"", ""sourceId"": 4, ""adUrl"": ""https://www.tunisiapromo.com/annonce/av-un-beau-rdc-situee-a-hammamet-sud-130md-z126850.html""}, {""url"": ""https://www.tunisiapromo.com/gallery/photo-6-523609.jpg"", ""sourceId"": 4, ""adUrl"": ""https://www.tunisiapromo.com/annonce/av-un-beau-rdc-a-hammamet-sud-de-130md-z126394.html""}, {""url"": ""https://www.tunisiapromo.com/gallery/photo-6-522757.jpg"", ""sourceId"": 4, ""adUrl"": ""https://www.tunisiapromo.com/annonce/av-beau-rdc-a-hammamet-sud-de-130md-z126196.html""}, {""url"": ""https://www.tunisiapromo.com/gallery/photo-7-522758.jpg"", ""sourceId"": 4, ""adUrl"": ""https://www.tunisiapromo.com/annonce/av-beau-rdc-a-hammamet-sud-de-130md-z126196.html""}, {""url"": ""https://www.tunisiapromo.com/gallery/photo-5-521743.jpg"", ""sourceId"": 4, ""adUrl"": ""https://www.tunisiapromo.com/annonce/av-un-beau-rdc-a-130md-a-hammamet-sud-z125990.html""}, {""url"": ""https://www.tunisiapromo.com/gallery/photo-6-521113.jpg"", ""sourceId"": 4, ""adUrl"": ""https://www.tunisiapromo.com/annonce/av-un-beau-rdc-130md-situee-a-hammamet-sud-z125855.html""}, {""url"": ""https://www.tunisiapromo.com/gallery/photo-2-520903.jpg"", ""sourceId"": 4, ""adUrl"": ""https://www.tunisiapromo.com/annonce/av-un-beau-rdc-a-hammamet-sud-130md-z125808.html""}, {""url"": ""https://www.tunisiapromo.com/gallery/photo-5-520106.jpg"", ""sourceId"": 4, ""adUrl"": ""https://www.tunisiapromo.com/annonce/av-un-beau-avec-etage-inacheve-a-hammamet-sud-z125641.html""}, {""url"": ""https://www.tunisiapromo.com/gallery/photo-5-519015.jpg"", ""sourceId"": 4, ""adUrl"": ""https://www.tunisiapromo.com/annonce/av-un-beau-rdc-de-130md-situe-a-hammamet-sud-z125423.html""}, {""url"": ""https://www.tunisiapromo.com/gallery/photo-2-515010.jpg"", ""sourceId"": 4, ""adUrl"": ""https://www.tunisiapromo.com/annonce/av-une-beau-rdc-avec-etage-inchevee-a-hammamet-sud-z124566.html""}, {""url"": ""https://www.tunisiapromo.com/gallery/photo-3-515011.jpg"", ""sourceId"": 4, ""adUrl"": ""https://www.tunisiapromo.com/annonce/av-une-beau-rdc-avec-etage-inchevee-a-hammamet-sud-z124566.html""}, {""url"": ""https://www.tunisiapromo.com/gallery/photo-5-514077.jpg"", ""sourceId"": 4, ""adUrl"": ""https://www.tunisiapromo.com/annonce/av-beau-rdc-avec-etage-inachevee-situee-a-hammamet-sud-z124382.html""}, {""url"": ""https://www.tunisiapromo.com/gallery/photo-1-506334.jpg"", ""sourceId"": 4, ""adUrl"": ""https://www.tunisiapromo.com/annonce/av-beau-rdc-130md-a-hammamet-sud-z122780.html""}]","[{""sourceId"": 4, ""url"": ""https://www.tunisiapromo.com/annonce/av-un-beau-rdc-avec-etage-inacheve-a-hammamet-sud-z125358.html"", ""price"": 130000, ""sellerType"": ""agency"", ""lastModified"": ""2023-05-02 12:03:32""}, {""sourceId"": 3, ""url"": ""https://www.ballouchi.com/annonces/immobilier/villas/av-beau-rdc-avec-etage-inachevee-a-hammamet-sud-4.html"", ""price"": 130000, ""sellerType"": ""agency"", ""lastModified"": ""2022-09-09 23:57:17""}]","[{""sellerType"": ""agency"", ""contactName"": ""Tunisie Invest"", ""active"": true}]",2,2,1,1,44,32,[],2022-07-07 16:09:53,2022-07-07 16:09:53,2024-02-15 15:18:26,2022-07-07 16:09:53,1,2026-02-07 14:47:59
269165,à Hammam-Lif Côte Plage à Vendre étage Rez de Chaussée,"à Vendre un étage rez de chaussée d'une villa sur deux niveaux seulement l'étage rez de chaussée est à vendre, il est composée d'un appartement S+4, Studio et une épicerie. L'appartement contient un salon vaste et 4 chambres larges, salle de bain neuve, cuisine aménagé, deux vérandas, salle d'eau, jardin et trottoir large pour le parking de deux voitures. à coté il y a un studio loué avec entrée indépendante, et un local commercial loué épicerie, le nouveau propriétaire profitera d'un bon revenu du loyer du studio et de l'épicerie et vivra dans un appartement large s+4 dar hjar qui ouvre sur deux rues dans l'angle en face du stade gazonné de football de hammam lif. La plage est à 2 minutes à pied. titre bleu et papiers en règles, il y a trois héritiers qui ont tous décidé de vendre cet étage vu qu'il est indivisible. Une Excellente Affaire à Saisir: logement vaste et un bon revenu au même temps contactez le propriétaire directement au <a type=""phone"">+21694XXXXXX</a>",520000.0,400.0,S+4,RDC/Étage de villa,villaFloor,sale,private,987.0,https://www.menzili.tn/upload/photos/2021/09/01/05/19/9j8h9t2f0i.jpg,"[""https://www.menzili.tn/upload/photos/2021/09/01/05/19/9j8h9t2f0i.jpg"", ""https://www.menzili.tn/upload/photos/2021/09/01/05/20/jm6n1s7q2d.jpg"", ""https://www.menzili.tn/upload/photos/2021/09/01/05/20/y5smrfsq9z.jpg"", ""https://www.menzili.tn/upload/photos/2021/09/01/05/07/9imq69t972.jpg"", ""https://www.menzili.tn/upload/photos/2021/09/01/05/07/aj8h967imt.jpg"", ""https://www.menzili.tn/upload/photos/2021/09/01/05/07/j6074d382v.jpg"", ""https://www.menzili.tn/upload/photos/2021/09/01/05/09/2ytz7sg987.jpg"", ""https://www.menzili.tn/upload/photos/2021/09/01/05/09/zfvd491e67.jpg"", ""https://www.menzili.tn/upload/photos/2021/09/01/05/10/f4pv6378e4.jpg"", ""https://www.menzili.tn/upload/photos/2021/09/01/05/13/92q643qg31.jpg""]","[{""url"": ""https://www.menzili.tn/upload/photos/2021/09/01/05/19/9j8h9t2f0i.jpg"", ""sourceId"": 13, ""adUrl"": ""https://www.menzili.tn/annonce/annonce-65876""}, {""url"": ""https://www.menzili.tn/upload/photos/2021/09/01/05/20/jm6n1s7q2d.jpg"", ""sourceId"": 13, ""adUrl"": ""https://www.menzili.tn/annonce/annonce-65876""}, {""url"": ""https://www.menzili.tn/upload/photos/2021/09/01/05/20/y5smrfsq9z.jpg"", ""sourceId"": 13, ""adUrl"": ""https://www.menzili.tn/annonce/annonce-65876""}, {""url"": ""https://www.menzili.tn/upload/photos/2021/09/01/05/07/9imq69t972.jpg"", ""sourceId"": 13, ""adUrl"": ""https://www.menzili.tn/annonce/annonce-65876""}, {""url"": ""https://www.menzili.tn/upload/photos/2021/09/01/05/07/aj8h967imt.jpg"", ""sourceId"": 13, ""adUrl"": ""https://www.menzili.tn/annonce/annonce-65876""}, {""url"": ""https://www.menzili.tn/upload/photos/2021/09/01/05/07/j6074d382v.jpg"", ""sourceId"": 13, ""adUrl"": ""https://www.menzili.tn/annonce/annonce-65876""}, {""url"": ""https://www.menzili.tn/upload/photos/2021/09/01/05/09/2ytz7sg987.jpg"", ""sourceId"": 13, ""adUrl"": ""https://www.menzili.tn/annonce/annonce-65876""}, {""url"": ""https://www.menzili.tn/upload/photos/2021/09/01/05/09/zfvd491e67.jpg"", ""sourceId"": 13, ""adUrl"": ""https://www.menzili.tn/annonce/annonce-65876""}, {""url"": ""https://www.menzili.tn/upload/photos/2021/09/01/05/10/f4pv6378e4.jpg"", ""sourceId"": 13, ""adUrl"": ""https://www.menzili.tn/annonce/annonce-65876""}, {""url"": ""https://www.menzili.tn/upload/photos/2021/09/01/05/13/92q643qg31.jpg"", ""sourceId"": 13, ""adUrl"": ""https://www.menzili.tn/annonce/annonce-65876""}]","[{""sourceId"": 13, ""url"": ""https://www.menzili.tn/annonce/annonce-65876"", ""price"": 520000, ""sellerType"": ""private"", ""lastModified"": ""2021-09-01 23:51:08""}]","[{""sellerType"": ""private"", ""contactName"": ""Tarhouni"", ""active"": true}]",1,1,1,1,2,1,"[""garden""]",2022-01-06 23:30:55,2021-09-01 23:51:08,2021-09-02 13:45:10,2021-09-01 23:51:08,1,2026-02-07 14:47:59
1172338,étage de villa s+4,L’agence Aminos Immo El MANAR❤ vous propose pour la location d'une ETAGE DE VILLA S+4 situé à MENZAH 9 prés de clinque l'espoir,2500.0,200.0,S+4,RDC/Étage de villa,villaFloor,sale,agency,5207.0,http://cdn2.ballouchi.com/800x600/398837-1.jpg,"[""https://server.bigdatis.com/api/properties/image/305437643"", ""https://server.bigdatis.com/api/properties/image/305437644"", ""https://server.bigdatis.com/api/properties/image/305437645"", ""https://server.bigdatis.com/api/properties/image/305437646""]","[{""url"": ""https://server.bigdatis.com/api/properties/image/305437643"", ""sourceId"": 3, ""adUrl"": ""https://www.ballouchi.com/annonces/immobilier/appartements/etage-de-villa-s4-4.html""}, {""url"": ""https://server.bigdatis.com/api/properties/image/305437644"", ""sourceId"": 3, ""adUrl"": ""https://www.ballouchi.com/annonces/immobilier/appartements/etage-de-villa-s4-4.html""}, {""url"": ""https://server.bigdatis.com/api/properties/image/305437645"", ""sourceId"": 3, ""adUrl"": ""https://www.ballouchi.com/annonces/immobilier/appartements/etage-de-villa-s4-4.html""}, {""url"": ""https://server.bigdatis.com/api/properties/image/305437646"", ""sourceId"": 3, ""adUrl"": ""https://www.ballouchi.com/annonces/immobilier/appartements/etage-de-villa-s4-4.html""}]","[{""sourceId"": 3, ""url"": ""https://www.ballouchi.com/annonces/immobilier/appartements/etage-de-villa-s4-4.html"", ""price"": 2500, ""sellerType"": ""agency"", ""lastModified"": ""2024-07-09 21:23:09""}]","[{""sellerType"": ""agency"", ""contactName"": ""immoaminos"", ""active"": true}]",1,1,1,1,1,1,"[""balcony"", ""centralHeating"", ""airConditioning"", ""equippedKitchen"", ""parking""]",2025-10-23 21:23:12,2024-07-09 21:23:09,2024-07-09 21:23:09,2024-07-09 21:23:09,1,2026-02-07 14:47:59
887669,Particulier à particulier Étage de villa,"Particulier Propose Un Beau Étage de Villa à Hammamet Nord Cité Riadh Cartier Très Calme ,Tous Prés de centre Ville Hammamet ,avec Trois Pièces et Salon ,un Beau Terrasse ,Cuisine ,Un grand Hall.Prix 160MD .
Directement Avec Propriétaire .",160000.0,100.0,S+3,RDC/Étage de villa,villaFloor,sale,private,5182.0,https://www.tunisiapromo.com/gallery/photo-1-291948.jpg,"[""https://www.tunisiapromo.com/gallery/photo-1-291948.jpg"", ""https://www.tunisiapromo.com/gallery/photo-2-291949.jpg"", ""https://www.tunisiapromo.com/gallery/photo-3-291950.jpg"", ""https://www.tunisiapromo.com/gallery/photo-5-291952.jpg"", ""https://www.tunisiapromo.com/plans/58469.jpg""]","[{""url"": ""https://www.tunisiapromo.com/gallery/photo-1-291948.jpg"", ""sourceId"": 4, ""adUrl"": ""https://www.tunisiapromo.com/annonce/particulier-a-particulier-etage-de-villa-z58469.html""}, {""url"": ""https://www.tunisiapromo.com/gallery/photo-2-291949.jpg"", ""sourceId"": 4, ""adUrl"": ""https://www.tunisiapromo.com/annonce/particulier-a-particulier-etage-de-villa-z58469.html""}, {""url"": ""https://www.tunisiapromo.com/gallery/photo-3-291950.jpg"", ""sourceId"": 4, ""adUrl"": ""https://www.tunisiapromo.com/annonce/particulier-a-particulier-etage-de-villa-z58469.html""}, {""url"": ""https://www.tunisiapromo.com/gallery/photo-5-291952.jpg"", ""sourceId"": 4, ""adUrl"": ""https://www.tunisiapromo.com/annonce/particulier-a-particulier-etage-de-villa-z58469.html""}, {""url"": ""https://www.tunisiapromo.com/plans/58469.jpg"", ""sourceId"": 4, ""adUrl"": ""https://www.tunisiapromo.com/annonce/particulier-a-particulier-etage-de-villa-z58469.html""}]","[{""sourceId"": 4, ""url"": ""https://www.tunisiapromo.com/annonce/particulier-a-particulier-etage-de-villa-z58469.html"", ""price"": 160000, ""sellerType"": ""private"", ""lastModified"": ""2016-11-22 20:15:15""}]","[{""sellerType"": ""private"", ""contactName"": ""Promoteur"", ""active"": true}]",1,1,1,1,1,1,"[""balcony"", ""airConditioning"", ""equippedKitchen""]",2024-12-26 20:15:27,2016-11-22 20:15:15,2016-11-22 20:15:15,2016-11-22 20:15:15,1,2026-02-07 14:47:59
1225590,Etage d'une villa avec une  entrée indépendante,"notre agence vous propose!
etage villa duplex spacieux à vendre  vue mer & montagne
hamam lif  côté montagne
quartier résidentiel chic, entouré de villas
calme, sécurisé, voisinage respectueux
 composition :
salon + séjour lumineux
4 chambres
cuisine
salle deau + salle de bain
balcon (vue mer & montagne)
superficie: 300 m²
prix : 450 000 dt/légèrement négociable 
contact / whatsapp : <a type=""phone"">+21658XXXXXX</a>
archicasa immobilier 
décoration-achat-vente-location",450000.0,300.0,S+4,RDC/Étage de villa,villaFloor,sale,agency,987.0,http://tunisie-annonce.com/upload2/202512/tunisie-annonce.com/photos/789185_20251230_134053.jpg,"[""https://server.bigdatis.com/api/properties/image/317943341"", ""https://server.bigdatis.com/api/properties/image/317943342"", ""https://server.bigdatis.com/api/properties/image/317943343"", ""https://server.bigdatis.com/api/properties/image/317943344"", ""https://server.bigdatis.com/api/properties/image/317943345""]","[{""url"": ""https://server.bigdatis.com/api/properties/image/317943341"", ""sourceId"": 1, ""adUrl"": ""http://www.tunisie-annonce.com/DetailsAnnonceImmobilier.asp?cod_ann=3443607""}, {""url"": ""https://server.bigdatis.com/api/properties/image/317943342"", ""sourceId"": 1, ""adUrl"": ""http://www.tunisie-annonce.com/DetailsAnnonceImmobilier.asp?cod_ann=3443607""}, {""url"": ""https://server.bigdatis.com/api/properties/image/317943343"", ""sourceId"": 1, ""adUrl"": ""http://www.tunisie-annonce.com/DetailsAnnonceImmobilier.asp?cod_ann=3443607""}, {""url"": ""https://server.bigdatis.com/api/properties/image/317943344"", ""sourceId"": 1, ""adUrl"": ""http://www.tunisie-annonce.com/DetailsAnnonceImmobilier.asp?cod_ann=3443607""}, {""url"": ""https://server.bigdatis.com/api/properties/image/317943345"", ""sourceId"": 1, ""adUrl"": ""http://www.tunisie-annonce.com/DetailsAnnonceImmobilier.asp?cod_ann=3443607""}]","[{""sourceId"": 1, ""url"": ""http://www.tunisie-annonce.com/DetailsAnnonceImmobilier.asp?cod_ann=3443607"", ""price"": 450000, ""sellerType"": ""agency"", ""lastModified"": ""2025-12-30 00:00:00""}]","[{""sellerType"": ""agency"", ""contactName"": null, ""active"": true}]",1,1,1,1,1,1,[],2025-12-30 14:00:27,2025-12-30 00:00:00,2025-12-30 00:00:00,2025-12-30 00:00:00,1,2026-02-07 14:47:59
852855,📌Étage de Villa à Vendre - Monfleury,"📌Étage de Villa à Vendre - Monfleury

✨️Charmant étage de villa de 150 m² avec entrée indépendante, situé dans un quartier résidentiel calme à Monfleury✨️

♦️ Composition :

✅️Salon et salle à manger
✅️Cuisine
✅️3 chambres
✅️Salle de bain
✅️Chambre de service au toit

📞 Contactez nos agents pour plus d'informations au ☎️5<a type=""phone"">+21650XXXXXX</a>️5<a type=""phone"">+21654XXXXXX</a>️

Contactez-nous pour plus d'informations ou une visite !",300000.0,150.0,S+3,RDC/Étage de villa,villaFloor,sale,agency,5002.0,54883/27441657_ff1f1da38f072a3c.jpg,"[""https://b3g4.fra01.idrivee2-68.com/images-mirror/54883/27441657_290116390.jpg?response-content-type=image%2Fjpeg&response-cache-control=public%2C%20max-age%3D31536000%2C%20immutable&X-Amz-Content-Sha256=UNSIGNED-PAYLOAD&X-Amz-Algorithm=AWS4-HMAC-SHA256&X-Amz-Credential=Bhs7rzoWz1jkU0yRURAn%2F20260207%2FFrankfurt%2Fs3%2Faws4_request&X-Amz-Date=20260207T134440Z&X-Amz-SignedHeaders=host&X-Amz-Expires=86400&X-Amz-Signature=d4d0ee4b5015893bb23622732d4ca445e2bd731e2730f8af8ae5781c3d3b4840"", ""https://b3g4.fra01.idrivee2-68.com/images-mirror/54883/27441657_296262785.jpg?response-content-type=image%2Fjpeg&response-cache-control=public%2C%20max-age%3D31536000%2C%20immutable&X-Amz-Content-Sha256=UNSIGNED-PAYLOAD&X-Amz-Algorithm=AWS4-HMAC-SHA256&X-Amz-Credential=Bhs7rzoWz1jkU0yRURAn%2F20260207%2FFrankfurt%2Fs3%2Faws4_request&X-Amz-Date=20260207T134440Z&X-Amz-SignedHeaders=host&X-Amz-Expires=86400&X-Amz-Signature=273103ac4940b26c1353081230fda032aa2dbd8a109ae446b7325348dd089be5"", ""https://b3g4.fra01.idrivee2-68.com/images-mirror/54883/27441657_296262786.jpg?response-content-type=image%2Fjpeg&response-cache-control=public%2C%20max-age%3D31536000%2C%20immutable&X-Amz-Content-Sha256=UNSIGNED-PAYLOAD&X-Amz-Algorithm=AWS4-HMAC-SHA256&X-Amz-Credential=Bhs7rzoWz1jkU0yRURAn%2F20260207%2FFrankfurt%2Fs3%2Faws4_request&X-Amz-Date=20260207T134440Z&X-Amz-SignedHeaders=host&X-Amz-Expires=86400&X-Amz-Signature=25304327836b699b52ad2cb90677b4ea798e25a3657cc682ac0474938b9f2748"", ""https://b3g4.fra01.idrivee2-68.com/images-mirror/54883/27441657_296262787.jpg?response-content-type=image%2Fjpeg&response-cache-control=public%2C%20max-age%3D31536000%2C%20immutable&X-Amz-Content-Sha256=UNSIGNED-PAYLOAD&X-Amz-Algorithm=AWS4-HMAC-SHA256&X-Amz-Credential=Bhs7rzoWz1jkU0yRURAn%2F20260207%2FFrankfurt%2Fs3%2Faws4_request&X-Amz-Date=20260207T134440Z&X-Amz-SignedHeaders=host&X-Amz-Expires=86400&X-Amz-Signature=60f86717de5df9588b20e67323ff2c5414d2cc78757a8e0a3d56dea9dd546d15"", ""https://www.menzili.tn/upload/photos/2022/12/14/11/35/9dhnd9573z.jpg""]","[{""url"": ""https://b3g4.fra01.idrivee2-68.com/images-mirror/54883/27441657_290116390.jpg?response-content-type=image%2Fjpeg&response-cache-control=public%2C%20max-age%3D31536000%2C%20immutable&X-Amz-Content-Sha256=UNSIGNED-PAYLOAD&X-Amz-Algorithm=AWS4-HMAC-SHA256&X-Amz-Credential=Bhs7rzoWz1jkU0yRURAn%2F20260207%2FFrankfurt%2Fs3%2Faws4_request&X-Amz-Date=20260207T134440Z&X-Amz-SignedHeaders=host&X-Amz-Expires=86400&X-Amz-Signature=d4d0ee4b5015893bb23622732d4ca445e2bd731e2730f8af8ae5781c3d3b4840"", ""sourceId"": 12, ""adUrl"": ""https://www.facebook.com/marketplace/item/1129565055145110/""}, {""url"": ""https://b3g4.fra01.idrivee2-68.com/images-mirror/54883/27441657_296262785.jpg?response-content-type=image%2Fjpeg&response-cache-control=public%2C%20max-age%3D31536000%2C%20immutable&X-Amz-Content-Sha256=UNSIGNED-PAYLOAD&X-Amz-Algorithm=AWS4-HMAC-SHA256&X-Amz-Credential=Bhs7rzoWz1jkU0yRURAn%2F20260207%2FFrankfurt%2Fs3%2Faws4_request&X-Amz-Date=20260207T134440Z&X-Amz-SignedHeaders=host&X-Amz-Expires=86400&X-Amz-Signature=273103ac4940b26c1353081230fda032aa2dbd8a109ae446b7325348dd089be5"", ""sourceId"": 12, ""adUrl"": ""https://www.facebook.com/marketplace/item/1129565055145110/""}, {""url"": ""https://b3g4.fra01.idrivee2-68.com/images-mirror/54883/27441657_296262786.jpg?response-content-type=image%2Fjpeg&response-cache-control=public%2C%20max-age%3D31536000%2C%20immutable&X-Amz-Content-Sha256=UNSIGNED-PAYLOAD&X-Amz-Algorithm=AWS4-HMAC-SHA256&X-Amz-Credential=Bhs7rzoWz1jkU0yRURAn%2F20260207%2FFrankfurt%2Fs3%2Faws4_request&X-Amz-Date=20260207T134440Z&X-Amz-SignedHeaders=host&X-Amz-Expires=86400&X-Amz-Signature=25304327836b699b52ad2cb90677b4ea798e25a3657cc682ac0474938b9f2748"", ""sourceId"": 12, ""adUrl"": ""https://www.facebook.com/marketplace/item/1129565055145110/""}, {""url"": ""https://b3g4.fra01.idrivee2-68.com/images-mirror/54883/27441657_296262787.jpg?response-content-type=image%2Fjpeg&response-cache-control=public%2C%20max-age%3D31536000%2C%20immutable&X-Amz-Content-Sha256=UNSIGNED-PAYLOAD&X-Amz-Algorithm=AWS4-HMAC-SHA256&X-Amz-Credential=Bhs7rzoWz1jkU0yRURAn%2F20260207%2FFrankfurt%2Fs3%2Faws4_request&X-Amz-Date=20260207T134440Z&X-Amz-SignedHeaders=host&X-Amz-Expires=86400&X-Amz-Signature=60f86717de5df9588b20e67323ff2c5414d2cc78757a8e0a3d56dea9dd546d15"", ""sourceId"": 12, ""adUrl"": ""https://www.facebook.com/marketplace/item/1129565055145110/""}, {""url"": ""https://www.menzili.tn/upload/photos/2022/12/14/11/35/9dhnd9573z.jpg"", ""sourceId"": 13, ""adUrl"": ""https://www.menzili.tn/annonce/annonce-104283""}]","[{""sourceId"": 12, ""url"": ""https://www.facebook.com/marketplace/item/1129565055145110/"", ""price"": 300000, ""sellerType"": ""agency"", ""lastModified"": ""2026-01-11 15:01:07""}, {""sourceId"": 13, ""url"": ""https://www.menzili.tn/annonce/annonce-104283"", ""price"": 350000, ""sellerType"": ""agency"", ""lastModified"": ""2022-12-14 01:20:18""}]","[{""sellerType"": ""agency"", ""contactName"": ""Home Sweet Home"", ""active"": true}]",2,2,1,1,3,2,[],2024-11-11 15:00:12,2022-12-14 01:20:18,2026-01-11 15:01:07,2024-11-11 15:00:11,1,2026-02-07 14:47:59
1151867,RDC de Villa Aéna à Vendre à Boumhal,"Un RDC de villa situé dans un bon quartier à Boumhal.  A L'entrée, On a un salon donnant sur une terrasse, une cuisine, 2 chambres et une salle de bain. Pour tous les renseignements, Contacter l'agent sur le <a type=""phone"">+21651XXXXXX</a>.",145000.0,100.0,S+2,RDC/Étage de villa,villaFloor,sale,agency,818.0,https://www.menzili.tn/upload/photos/2023/04/29/11/39/73eddgv61v.jpg,"[""https://www.menzili.tn/upload/photos/2023/04/29/11/39/73eddgv61v.jpg"", ""https://www.menzili.tn/upload/photos/2023/04/29/11/39/9i26e9zv99.jpg"", ""https://www.menzili.tn/upload/photos/2023/04/29/11/39/he7135vz91.jpg"", ""https://www.menzili.tn/upload/photos/2023/04/29/11/39/dszdtod739.jpg"", ""https://www.menzili.tn/upload/photos/2023/04/29/11/39/58241sod96.jpg"", ""https://www.menzili.tn/upload/photos/2023/04/29/11/39/2h42039v67.jpg"", ""https://www.menzili.tn/upload/photos/2023/04/29/11/39/4sd0398z41.jpg""]","[{""url"": ""https://www.menzili.tn/upload/photos/2023/04/29/11/39/73eddgv61v.jpg"", ""sourceId"": 13, ""adUrl"": ""https://www.menzili.tn/annonce/annonce-114572""}, {""url"": ""https://www.menzili.tn/upload/photos/2023/04/29/11/39/9i26e9zv99.jpg"", ""sourceId"": 13, ""adUrl"": ""https://www.menzili.tn/annonce/annonce-114572""}, {""url"": ""https://www.menzili.tn/upload/photos/2023/04/29/11/39/he7135vz91.jpg"", ""sourceId"": 13, ""adUrl"": ""https://www.menzili.tn/annonce/annonce-114572""}, {""url"": ""https://www.menzili.tn/upload/photos/2023/04/29/11/39/dszdtod739.jpg"", ""sourceId"": 13, ""adUrl"": ""https://www.menzili.tn/annonce/annonce-114572""}, {""url"": ""https://www.menzili.tn/upload/photos/2023/04/29/11/39/58241sod96.jpg"", ""sourceId"": 13, ""adUrl"": ""https://www.menzili.tn/annonce/annonce-114572""}, {""url"": ""https://www.menzili.tn/upload/photos/2023/04/29/11/39/2h42039v67.jpg"", ""sourceId"": 13, ""adUrl"": ""https://www.menzili.tn/annonce/annonce-114572""}, {""url"": ""https://www.menzili.tn/upload/photos/2023/04/29/11/39/4sd0398z41.jpg"", ""sourceId"": 13, ""adUrl"": ""https://www.menzili.tn/annonce/annonce-114572""}]","[{""sourceId"": 13, ""url"": ""https://www.menzili.tn/annonce/annonce-114572"", ""price"": 145000, ""sellerType"": ""agency"", ""lastModified"": ""2023-04-29 23:30:17""}, {""sourceId"": 3, ""url"": ""https://www.ballouchi.com/annonces/immobilier/appartements/rdc-de-villa-aena-a-vendre-a-boumhal.html"", ""price"": 145000, ""sellerType"": ""agency"", ""lastModified"": ""2023-04-29 23:17:46""}]","[{""sellerType"": ""agency"", ""contactName"": ""Home Sweet Home"", ""active"": true}]",2,2,1,1,2,2,[],2025-10-18 23:30:21,2023-04-29 23:17:46,2023-04-29 23:30:17,2023-04-29 23:17:46,1,2026-02-07 14:47:59
850814,RDC de Villa Divine à Vendre à Ben Arous,"Un RDC de villa sur un terrain de 136 m², situé dans un quartier résidentiel à Ben Arous. À l’entrée, on trouve un salon, une cuisine, 2 chambres et une salle d'eau avec douche à l'italienne. À l’extérieur, il y a une terrasse. Pour tout renseignement, contacter l’agent sur le <a type=""phone"">+21650XXXXXX</a>.",115000.0,136.0,S+2,RDC/Étage de villa,villaFloor,sale,agency,804.0,http://cdn2.ballouchi.com/800x600/404861-1.jpg,"[""https://server.bigdatis.com/api/properties/image/305776922"", ""https://server.bigdatis.com/api/properties/image/305776923"", ""https://server.bigdatis.com/api/properties/image/305776924"", ""https://server.bigdatis.com/api/properties/image/305776925"", ""https://server.bigdatis.com/api/properties/image/305776926"", ""https://server.bigdatis.com/api/properties/image/305776927"", ""https://server.bigdatis.com/api/properties/image/305776928"", ""https://server.bigdatis.com/api/properties/image/305776929"", ""https://server.bigdatis.com/api/properties/image/305776930"", ""https://server.bigdatis.com/api/properties/image/305776931"", ""https://server.bigdatis.com/api/properties/image/305776932"", ""https://server.bigdatis.com/api/properties/image/305776933"", ""https://server.bigdatis.com/api/properties/image/305776934""]","[{""url"": ""https://server.bigdatis.com/api/properties/image/305776922"", ""sourceId"": 3, ""adUrl"": ""https://www.ballouchi.com/annonces/immobilier/appartements/rdc-de-villa-divine-a-vendre-a-ben-arous.html""}, {""url"": ""https://server.bigdatis.com/api/properties/image/305776923"", ""sourceId"": 3, ""adUrl"": ""https://www.ballouchi.com/annonces/immobilier/appartements/rdc-de-villa-divine-a-vendre-a-ben-arous.html""}, {""url"": ""https://server.bigdatis.com/api/properties/image/305776924"", ""sourceId"": 3, ""adUrl"": ""https://www.ballouchi.com/annonces/immobilier/appartements/rdc-de-villa-divine-a-vendre-a-ben-arous.html""}, {""url"": ""https://server.bigdatis.com/api/properties/image/305776925"", ""sourceId"": 3, ""adUrl"": ""https://www.ballouchi.com/annonces/immobilier/appartements/rdc-de-villa-divine-a-vendre-a-ben-arous.html""}, {""url"": ""https://server.bigdatis.com/api/properties/image/305776926"", ""sourceId"": 3, ""adUrl"": ""https://www.ballouchi.com/annonces/immobilier/appartements/rdc-de-villa-divine-a-vendre-a-ben-arous.html""}, {""url"": ""https://server.bigdatis.com/api/properties/image/305776927"", ""sourceId"": 3, ""adUrl"": ""https://www.ballouchi.com/annonces/immobilier/appartements/rdc-de-villa-divine-a-vendre-a-ben-arous.html""}, {""url"": ""https://server.bigdatis.com/api/properties/image/305776928"", ""sourceId"": 3, ""adUrl"": ""https://www.ballouchi.com/annonces/immobilier/appartements/rdc-de-villa-divine-a-vendre-a-ben-arous.html""}, {""url"": ""https://server.bigdatis.com/api/properties/image/305776929"", ""sourceId"": 3, ""adUrl"": ""https://www.ballouchi.com/annonces/immobilier/appartements/rdc-de-villa-divine-a-vendre-a-ben-arous.html""}, {""url"": ""https://server.bigdatis.com/api/properties/image/305776930"", ""sourceId"": 3, ""adUrl"": ""https://www.ballouchi.com/annonces/immobilier/appartements/rdc-de-villa-divine-a-vendre-a-ben-arous.html""}, {""url"": ""https://server.bigdatis.com/api/properties/image/305776931"", ""sourceId"": 3, ""adUrl"": ""https://www.ballouchi.com/annonces/immobilier/appartements/rdc-de-villa-divine-a-vendre-a-ben-arous.html""}, {""url"": ""https://server.bigdatis.com/api/properties/image/305776932"", ""sourceId"": 3, ""adUrl"": ""https://www.ballouchi.com/annonces/immobilier/appartements/rdc-de-villa-divine-a-vendre-a-ben-arous.html""}, {""url"": ""https://server.bigdatis.com/api/properties/image/305776933"", ""sourceId"": 3, ""adUrl"": ""https://www.ballouchi.com/annonces/immobilier/appartements/rdc-de-villa-divine-a-vendre-a-ben-arous.html""}, {""url"": ""https://server.bigdatis.com/api/properties/image/305776934"", ""sourceId"": 3, ""adUrl"": ""https://www.ballouchi.com/annonces/immobilier/appartements/rdc-de-villa-divine-a-vendre-a-ben-arous.html""}]","[{""sourceId"": 3, ""url"": ""https://www.ballouchi.com/annonces/immobilier/appartements/rdc-de-villa-divine-a-vendre-a-ben-arous.html"", ""price"": 115000, ""sellerType"": ""agency"", ""lastModified"": ""2025-01-15 01:41:37""}]","[{""sellerType"": ""agency"", ""contactName"": ""hshrades"", ""active"": true}]",1,1,1,1,2,1,[],2024-11-07 13:04:30,2024-11-07 01:41:37,2025-01-15 01:41:37,2024-11-07 01:41:37,1,2026-02-07 14:47:59
897922,Appartement rez de jardin,"appartement à skanes composé de d'une sallon, deux chambres à coucher, cuisine, salle d'eau, une grande jardin superficie de 60 m²
pour plus de détails veuillez nous contacter sur les numéros suivants: <a type=""phone"">+21626XXXXXX</a> /<a type=""phone"">+21673XXXXXX</a>. 
skype: immobsalma1",250000.0,60.0,S+2,RDC/Étage de villa,villaFloor,sale,agency,3230.0,,[],,"[{""sourceId"": 4, ""url"": ""https://www.tunisiapromo.com/annonce/appartement-rez-de-jardin-z25231.html"", ""price"": 250000, ""sellerType"": ""agency"", ""lastModified"": ""2014-05-21 23:37:49""}]","[{""sellerType"": ""agency"", ""contactName"": ""agence immobilière salma"", ""active"": true}]",1,1,1,1,1,1,"[""garden""]",2024-12-26 23:38:01,2014-05-20 23:37:49,2014-05-21 23:37:49,2014-05-20 23:37:49,1,2026-02-07 14:47:59
838533,,"La Croisette Immobilière Tunisie vous propose à la vente un rez-de-chaussée de villa S+2 situé dans un quartier résidentiel à La Soukra.

Ce dernier fait 107 mètres carrés avec une terrasse de 23 mètres carrés et se compose d'un salon-salle à manger, d'un e cuisine aménagée attenante à une terrasse, d'une salle d'eau invités, de deux chambres à coucher avec dressings et d'une salle d'eau avec douche.

Le rez-de-chaussée est équipé du chauffage central, de climatiseurs et dispose d'un garage pour deux voitures.

Réf : MRCV0015

Whatsapp : <a type=""phone"">+21650XXXXXX</a>/ <a type=""phone"">+21650XXXXXX</a>

CONTACT : <a type=""phone"">+21670XXXXXX</a>/ <a type=""phone"">+21671XXXXXX</a>",345000.0,107.0,S+2,RDC/Étage de villa,villaFloor,sale,agency,391.0,https://fi-dari.tn/uploads/1729249212205blob,"[""https://fi-dari.tn/uploads/1729249212205blob"", ""https://fi-dari.tn/uploads/1729249212212blob"", ""https://fi-dari.tn/uploads/1729249212217blob"", ""https://fi-dari.tn/uploads/1729249212222blob"", ""https://fi-dari.tn/uploads/1729249212223blob"", ""https://fi-dari.tn/uploads/1729249212225blob"", ""https://fi-dari.tn/uploads/1729249212227blob"", ""https://fi-dari.tn/uploads/1729249212229blob""]","[{""url"": ""https://fi-dari.tn/uploads/1729249212205blob"", ""sourceId"": 10, ""adUrl"": ""https://fi-dari.tn/bien/Soukra-AI25449-1""}, {""url"": ""https://fi-dari.tn/uploads/1729249212212blob"", ""sourceId"": 10, ""adUrl"": ""https://fi-dari.tn/bien/Soukra-AI25449-1""}, {""url"": ""https://fi-dari.tn/uploads/1729249212217blob"", ""sourceId"": 10, ""adUrl"": ""https://fi-dari.tn/bien/Soukra-AI25449-1""}, {""url"": ""https://fi-dari.tn/uploads/1729249212222blob"", ""sourceId"": 10, ""adUrl"": ""https://fi-dari.tn/bien/Soukra-AI25449-1""}, {""url"": ""https://fi-dari.tn/uploads/1729249212223blob"", ""sourceId"": 10, ""adUrl"": ""https://fi-dari.tn/bien/Soukra-AI25449-1""}, {""url"": ""https://fi-dari.tn/uploads/1729249212225blob"", ""sourceId"": 10, ""adUrl"": ""https://fi-dari.tn/bien/Soukra-AI25449-1""}, {""url"": ""https://fi-dari.tn/uploads/1729249212227blob"", ""sourceId"": 10, ""adUrl"": ""https://fi-dari.tn/bien/Soukra-AI25449-1""}, {""url"": ""https://fi-dari.tn/uploads/1729249212229blob"", ""sourceId"": 10, ""adUrl"": ""https://fi-dari.tn/bien/Soukra-AI25449-1""}]","[{""sourceId"": 10, ""url"": ""https://fi-dari.tn/bien/Soukra-AI25449-1"", ""price"": 345000, ""sellerType"": ""agency"", ""lastModified"": ""2024-10-18 11:00:09""}]","[{""sellerType"": ""agency"", ""contactName"": ""La croisette immobilière"", ""active"": true}]",1,1,1,1,1,1,[],2024-10-18 12:00:44,2024-10-18 12:00:09,2024-10-18 11:00:09,2024-10-18 12:00:09,1,2026-02-07 14:47:59
1223560,étage de villa moderne en S+5 Titré,"Tecnocasa Ariana Ville met en vente un étage de villa
en S+5 de style américain de 330 m², totalement revêtu
en marbre de haute qualité et situé au premier étage
d’une villa avec entrée indépendante au cœur de
l'Ariana.
📍 Cité Nozha coté Villas
✔Titre bleu
✔Bien orienté
✔Double salon
✔Cuisine moderne qui donne sur un séchoir
✔Quatre chambres à coucher
✔Suite parentale
✔Salles d’eau
✔Séjour
✔Dressings
✔Place de parking pour deux voitures
✔Terrasses et balcon
✔Chauffage central
✔Climatiseurs
✔Entrée indépendante
VISITE GRATUITE.
📱2<a type=""phone"">+21629XXXXXX</a>📱2<a type=""phone"">+21629XXXXXX</a>📧contact.av@tecnocasa.tn",759000.0,330.0,S+5,RDC/Étage de villa,villaFloor,sale,agency,301.0,https://storage.googleapis.com/tayara-migration-yams-pro/f4/f472b9ce-9321-46e9-86d2-712d239b99d6,"[""https://storage.googleapis.com/tayara-migration-yams-pro/f4/f472b9ce-9321-46e9-86d2-712d239b99d6"", ""https://storage.googleapis.com/tayara-migration-yams-pro/05/0533b1b6-a8bc-4ba8-8c02-955c0fced712"", ""https://storage.googleapis.com/tayara-migration-yams-pro/ff/ff117136-66c7-47d8-a632-4891d66bd0e8"", ""https://storage.googleapis.com/tayara-migration-yams-pro/c8/c8f44cae-b233-44b8-901d-26ccd1edd119"", ""https://storage.googleapis.com/tayara-migration-yams-pro/cb/cba36e43-ed95-41b1-9951-c83763155519"", ""https://storage.googleapis.com/tayara-migration-yams-pro/10/10533a36-e47d-4acc-aea5-f966a66190a6"", ""https://storage.googleapis.com/tayara-migration-yams-pro/3c/3c684f6d-efab-400d-bc6f-81459f3ee0b2"", ""https://storage.googleapis.com/tayara-migration-yams-pro/4d/4d6770c9-87e1-4328-b64e-40236aa59ba3"", ""https://storage.googleapis.com/tayara-migration-yams-pro/41/41f34ebb-e91d-4339-81cb-0a3731e5f378"", ""https://storage.googleapis.com/tayara-migration-yams-pro/b7/b7f1d5ce-f005-4634-9207-f8029c88b7e2"", ""https://storage.googleapis.com/tayara-migration-yams-pro/04/048d336a-391a-4d23-b5c8-7888c6976e79"", ""https://storage.googleapis.com/tayara-migration-yams-pro/e9/e9362994-9e93-41f5-b55c-1c77a22e56ce""]","[{""url"": ""https://storage.googleapis.com/tayara-migration-yams-pro/f4/f472b9ce-9321-46e9-86d2-712d239b99d6"", ""sourceId"": 2, ""adUrl"": ""https://www.tayara.tn/item/694eb481cd04d08be751805e/?v=2""}, {""url"": ""https://storage.googleapis.com/tayara-migration-yams-pro/05/0533b1b6-a8bc-4ba8-8c02-955c0fced712"", ""sourceId"": 2, ""adUrl"": ""https://www.tayara.tn/item/694eb481cd04d08be751805e/?v=2""}, {""url"": ""https://storage.googleapis.com/tayara-migration-yams-pro/ff/ff117136-66c7-47d8-a632-4891d66bd0e8"", ""sourceId"": 2, ""adUrl"": ""https://www.tayara.tn/item/694eb481cd04d08be751805e/?v=2""}, {""url"": ""https://storage.googleapis.com/tayara-migration-yams-pro/c8/c8f44cae-b233-44b8-901d-26ccd1edd119"", ""sourceId"": 2, ""adUrl"": ""https://www.tayara.tn/item/694eb481cd04d08be751805e/?v=2""}, {""url"": ""https://storage.googleapis.com/tayara-migration-yams-pro/cb/cba36e43-ed95-41b1-9951-c83763155519"", ""sourceId"": 2, ""adUrl"": ""https://www.tayara.tn/item/694eb481cd04d08be751805e/?v=2""}, {""url"": ""https://storage.googleapis.com/tayara-migration-yams-pro/10/10533a36-e47d-4acc-aea5-f966a66190a6"", ""sourceId"": 2, ""adUrl"": ""https://www.tayara.tn/item/694eb481cd04d08be751805e/?v=2""}, {""url"": ""https://storage.googleapis.com/tayara-migration-yams-pro/3c/3c684f6d-efab-400d-bc6f-81459f3ee0b2"", ""sourceId"": 2, ""adUrl"": ""https://www.tayara.tn/item/694eb481cd04d08be751805e/?v=2""}, {""url"": ""https://storage.googleapis.com/tayara-migration-yams-pro/4d/4d6770c9-87e1-4328-b64e-40236aa59ba3"", ""sourceId"": 2, ""adUrl"": ""https://www.tayara.tn/item/694eb481cd04d08be751805e/?v=2""}, {""url"": ""https://storage.googleapis.com/tayara-migration-yams-pro/41/41f34ebb-e91d-4339-81cb-0a3731e5f378"", ""sourceId"": 2, ""adUrl"": ""https://www.tayara.tn/item/694eb481cd04d08be751805e/?v=2""}, {""url"": ""https://storage.googleapis.com/tayara-migration-yams-pro/b7/b7f1d5ce-f005-4634-9207-f8029c88b7e2"", ""sourceId"": 2, ""adUrl"": ""https://www.tayara.tn/item/694eb481cd04d08be751805e/?v=2""}, {""url"": ""https://storage.googleapis.com/tayara-migration-yams-pro/04/048d336a-391a-4d23-b5c8-7888c6976e79"", ""sourceId"": 2, ""adUrl"": ""https://www.tayara.tn/item/694eb481cd04d08be751805e/?v=2""}, {""url"": ""https://storage.googleapis.com/tayara-migration-yams-pro/e9/e9362994-9e93-41f5-b55c-1c77a22e56ce"", ""sourceId"": 2, ""adUrl"": ""https://www.tayara.tn/item/694eb481cd04d08be751805e/?v=2""}]","[{""sourceId"": 2, ""url"": ""https://www.tayara.tn/item/694eb481cd04d08be751805e/?v=2"", ""price"": 759000, ""sellerType"": ""agency"", ""lastModified"": ""2025-12-26 17:15:00""}]","[{""sellerType"": ""agency"", ""contactName"": ""Tecnocasa Ariana ville"", ""active"": true}]",1,1,1,1,1,1,[],2025-12-26 17:15:06,2025-12-26 17:14:57,2025-12-26 17:15:00,2025-12-26 17:14:57,1,2026-02-07 14:47:59
123787,RDC de Villa Cordoue à Vendre au Kram,"Un RDC de Villa avec une entrée indépendante sur un terrain de 280 m² situé dans un bon quartier au Kram Ouest. A L'entrée, On a un salon, salle à manger, une cuisine avec séchoir, 3 chambres et une salle de bain. A L'extérieur, On a une terrasse et un jardin. Pour tous les renseignements, contacter l'agent sur le <a type=""phone"">+21656XXXXXX</a>.",240000.0,280.0,S+3,RDC/Étage de villa,villaFloor,sale,agency,4870.0,http://cdn2.ballouchi.com/800x600/396770-1.jpg,"[""https://server.bigdatis.com/api/properties/image/305727345"", ""https://server.bigdatis.com/api/properties/image/305727346"", ""https://server.bigdatis.com/api/properties/image/305727347"", ""https://server.bigdatis.com/api/properties/image/305727348"", ""https://server.bigdatis.com/api/properties/image/305727349"", ""https://server.bigdatis.com/api/properties/image/305727350"", ""https://server.bigdatis.com/api/properties/image/305727351"", ""https://server.bigdatis.com/api/properties/image/305727352"", ""https://server.bigdatis.com/api/properties/image/305727353""]","[{""url"": ""https://server.bigdatis.com/api/properties/image/305727345"", ""sourceId"": 3, ""adUrl"": ""https://www.ballouchi.com/annonces/immobilier/appartements/rdc-de-villa-cordoue-a-vendre-au-kram.html""}, {""url"": ""https://server.bigdatis.com/api/properties/image/305727346"", ""sourceId"": 3, ""adUrl"": ""https://www.ballouchi.com/annonces/immobilier/appartements/rdc-de-villa-cordoue-a-vendre-au-kram.html""}, {""url"": ""https://server.bigdatis.com/api/properties/image/305727347"", ""sourceId"": 3, ""adUrl"": ""https://www.ballouchi.com/annonces/immobilier/appartements/rdc-de-villa-cordoue-a-vendre-au-kram.html""}, {""url"": ""https://server.bigdatis.com/api/properties/image/305727348"", ""sourceId"": 3, ""adUrl"": ""https://www.ballouchi.com/annonces/immobilier/appartements/rdc-de-villa-cordoue-a-vendre-au-kram.html""}, {""url"": ""https://server.bigdatis.com/api/properties/image/305727349"", ""sourceId"": 3, ""adUrl"": ""https://www.ballouchi.com/annonces/immobilier/appartements/rdc-de-villa-cordoue-a-vendre-au-kram.html""}, {""url"": ""https://server.bigdatis.com/api/properties/image/305727350"", ""sourceId"": 3, ""adUrl"": ""https://www.ballouchi.com/annonces/immobilier/appartements/rdc-de-villa-cordoue-a-vendre-au-kram.html""}, {""url"": ""https://server.bigdatis.com/api/properties/image/305727351"", ""sourceId"": 3, ""adUrl"": ""https://www.ballouchi.com/annonces/immobilier/appartements/rdc-de-villa-cordoue-a-vendre-au-kram.html""}, {""url"": ""https://server.bigdatis.com/api/properties/image/305727352"", ""sourceId"": 3, ""adUrl"": ""https://www.ballouchi.com/annonces/immobilier/appartements/rdc-de-villa-cordoue-a-vendre-au-kram.html""}, {""url"": ""https://server.bigdatis.com/api/properties/image/305727353"", ""sourceId"": 3, ""adUrl"": ""https://www.ballouchi.com/annonces/immobilier/appartements/rdc-de-villa-cordoue-a-vendre-au-kram.html""}]","[{""sourceId"": 3, ""url"": ""https://www.ballouchi.com/annonces/immobilier/appartements/rdc-de-villa-cordoue-a-vendre-au-kram.html"", ""price"": 240000, ""sellerType"": ""agency"", ""lastModified"": ""2024-06-01 01:04:33""}, {""sourceId"": 13, ""url"": ""https://www.menzili.tn/annonce/annonce-106050"", ""price"": 240000, ""sellerType"": ""agency"", ""lastModified"": ""2023-01-04 23:35:00""}]","[{""sellerType"": ""agency"", ""contactName"": ""homesweethome"", ""active"": true}]",2,2,1,1,13,3,[],2023-01-04 10:24:05,2023-01-04 10:17:40,2025-03-14 17:48:36,2024-05-11 12:08:10,1,2026-02-07 14:47:59
1237907,Etage de villa en vente,"Étage de villa S3 avec entrée indépendanteCet étage de villa S3 bénéficie d’une entrée totalement indépendante.
 La partie jour se compose d’un salon spacieux et lumineux.
 La partie nuit comprend trois chambres à coucher bien séparées, assurant confort et intimité.
 L’étage dispose également d’une cuisine fonctionnelle avec point d’eau ainsi que d’une salle de bain équipée d’une baignoire.Un accès au toit est disponible, où l’on trouve une chambre débarras.L’étage est équipé du chauffage central.",395000.0,170.0,S+4,RDC/Étage de villa,villaFloor,sale,agency,1096.0,56100/28050101_203838ace4abf0f8.jpg,"[""https://www.mubawab-media.com/ad/8/287/967F/h/gallery_81800889.avif"", ""https://www.mubawab-media.com/ad/8/287/967F/h/gallery_81800890.avif"", ""https://www.mubawab-media.com/ad/8/287/967F/h/gallery_81800891.avif"", ""https://www.mubawab-media.com/ad/8/287/967F/h/gallery_81800892.avif"", ""https://www.mubawab-media.com/ad/8/287/967F/h/gallery_81800893.avif"", ""https://www.mubawab-media.com/ad/8/287/967F/h/gallery_81800894.avif"", ""https://www.mubawab-media.com/ad/8/287/967F/h/gallery_81800895.avif"", ""https://www.mubawab-media.com/ad/8/287/967F/h/gallery_81800896.avif"", ""https://www.mubawab-media.com/ad/8/287/967F/h/gallery_81800897.avif"", ""https://www.mubawab-media.com/ad/8/287/967F/h/gallery_81800898.avif"", ""https://www.mubawab-media.com/ad/8/287/967F/h/gallery_81800899.avif"", ""https://www.mubawab-media.com/ad/8/287/967F/h/gallery_81800900.avif"", ""https://www.mubawab-media.com/ad/8/287/967F/h/gallery_81800901.avif"", ""https://www.mubawab-media.com/ad/8/287/967F/h/gallery_81800902.avif"", ""https://www.mubawab-media.com/ad/8/287/967F/h/gallery_81800903.avif"", ""https://www.mubawab-media.com/ad/8/287/967F/h/gallery_81800904.avif"", ""https://www.mubawab-media.com/ad/8/287/967F/h/gallery_81800905.avif"", ""https://www.mubawab-media.com/ad/8/287/967F/h/gallery_81800906.avif"", ""https://www.mubawab-media.com/ad/8/287/967F/h/gallery_81800908.avif"", ""https://www.mubawab-media.com/ad/8/287/967F/h/gallery_81800909.avif"", ""https://www.mubawab-media.com/ad/8/287/967F/h/gallery_81800910.avif"", ""https://www.mubawab-media.com/ad/8/287/967F/h/gallery_81800911.avif"", ""https://www.mubawab-media.com/ad/8/287/967F/h/gallery_81800912.avif""]","[{""url"": ""https://www.mubawab-media.com/ad/8/287/967F/h/gallery_81800889.avif"", ""sourceId"": 5, ""adUrl"": ""https://www.mubawab.tn/fr/a/8287967/etage-de-villa-en-vente""}, {""url"": ""https://www.mubawab-media.com/ad/8/287/967F/h/gallery_81800890.avif"", ""sourceId"": 5, ""adUrl"": ""https://www.mubawab.tn/fr/a/8287967/etage-de-villa-en-vente""}, {""url"": ""https://www.mubawab-media.com/ad/8/287/967F/h/gallery_81800891.avif"", ""sourceId"": 5, ""adUrl"": ""https://www.mubawab.tn/fr/a/8287967/etage-de-villa-en-vente""}, {""url"": ""https://www.mubawab-media.com/ad/8/287/967F/h/gallery_81800892.avif"", ""sourceId"": 5, ""adUrl"": ""https://www.mubawab.tn/fr/a/8287967/etage-de-villa-en-vente""}, {""url"": ""https://www.mubawab-media.com/ad/8/287/967F/h/gallery_81800893.avif"", ""sourceId"": 5, ""adUrl"": ""https://www.mubawab.tn/fr/a/8287967/etage-de-villa-en-vente""}, {""url"": ""https://www.mubawab-media.com/ad/8/287/967F/h/gallery_81800894.avif"", ""sourceId"": 5, ""adUrl"": ""https://www.mubawab.tn/fr/a/8287967/etage-de-villa-en-vente""}, {""url"": ""https://www.mubawab-media.com/ad/8/287/967F/h/gallery_81800895.avif"", ""sourceId"": 5, ""adUrl"": ""https://www.mubawab.tn/fr/a/8287967/etage-de-villa-en-vente""}, {""url"": ""https://www.mubawab-media.com/ad/8/287/967F/h/gallery_81800896.avif"", ""sourceId"": 5, ""adUrl"": ""https://www.mubawab.tn/fr/a/8287967/etage-de-villa-en-vente""}, {""url"": ""https://www.mubawab-media.com/ad/8/287/967F/h/gallery_81800897.avif"", ""sourceId"": 5, ""adUrl"": ""https://www.mubawab.tn/fr/a/8287967/etage-de-villa-en-vente""}, {""url"": ""https://www.mubawab-media.com/ad/8/287/967F/h/gallery_81800898.avif"", ""sourceId"": 5, ""adUrl"": ""https://www.mubawab.tn/fr/a/8287967/etage-de-villa-en-vente""}, {""url"": ""https://www.mubawab-media.com/ad/8/287/967F/h/gallery_81800899.avif"", ""sourceId"": 5, ""adUrl"": ""https://www.mubawab.tn/fr/a/8287967/etage-de-villa-en-vente""}, {""url"": ""https://www.mubawab-media.com/ad/8/287/967F/h/gallery_81800900.avif"", ""sourceId"": 5, ""adUrl"": ""https://www.mubawab.tn/fr/a/8287967/etage-de-villa-en-vente""}, {""url"": ""https://www.mubawab-media.com/ad/8/287/967F/h/gallery_81800901.avif"", ""sourceId"": 5, ""adUrl"": ""https://www.mubawab.tn/fr/a/8287967/etage-de-villa-en-vente""}, {""url"": ""https://www.mubawab-media.com/ad/8/287/967F/h/gallery_81800902.avif"", ""sourceId"": 5, ""adUrl"": ""https://www.mubawab.tn/fr/a/8287967/etage-de-villa-en-vente""}, {""url"": ""https://www.mubawab-media.com/ad/8/287/967F/h/gallery_81800903.avif"", ""sourceId"": 5, ""adUrl"": ""https://www.mubawab.tn/fr/a/8287967/etage-de-villa-en-vente""}, {""url"": ""https://www.mubawab-media.com/ad/8/287/967F/h/gallery_81800904.avif"", ""sourceId"": 5, ""adUrl"": ""https://www.mubawab.tn/fr/a/8287967/etage-de-villa-en-vente""}, {""url"": ""https://www.mubawab-media.com/ad/8/287/967F/h/gallery_81800905.avif"", ""sourceId"": 5, ""adUrl"": ""https://www.mubawab.tn/fr/a/8287967/etage-de-villa-en-vente""}, {""url"": ""https://www.mubawab-media.com/ad/8/287/967F/h/gallery_81800906.avif"", ""sourceId"": 5, ""adUrl"": ""https://www.mubawab.tn/fr/a/8287967/etage-de-villa-en-vente""}, {""url"": ""https://www.mubawab-media.com/ad/8/287/967F/h/gallery_81800908.avif"", ""sourceId"": 5, ""adUrl"": ""https://www.mubawab.tn/fr/a/8287967/etage-de-villa-en-vente""}, {""url"": ""https://www.mubawab-media.com/ad/8/287/967F/h/gallery_81800909.avif"", ""sourceId"": 5, ""adUrl"": ""https://www.mubawab.tn/fr/a/8287967/etage-de-villa-en-vente""}, {""url"": ""https://www.mubawab-media.com/ad/8/287/967F/h/gallery_81800910.avif"", ""sourceId"": 5, ""adUrl"": ""https://www.mubawab.tn/fr/a/8287967/etage-de-villa-en-vente""}, {""url"": ""https://www.mubawab-media.com/ad/8/287/967F/h/gallery_81800911.avif"", ""sourceId"": 5, ""adUrl"": ""https://www.mubawab.tn/fr/a/8287967/etage-de-villa-en-vente""}, {""url"": ""https://www.mubawab-media.com/ad/8/287/967F/h/gallery_81800912.avif"", ""sourceId"": 5, ""adUrl"": ""https://www.mubawab.tn/fr/a/8287967/etage-de-villa-en-vente""}]","[{""sourceId"": 5, ""url"": ""https://www.mubawab.tn/fr/a/8287967/etage-de-villa-en-vente"", ""price"": 395000, ""sellerType"": ""agency"", ""lastModified"": null}]","[{""sellerType"": ""agency"", ""contactName"": ""tecnocasa rades"", ""active"": true}]",1,1,1,1,1,1,[],2026-01-20 23:01:21,,,,1,2026-02-07 14:47:59
1153942,Étage de villa à vendre,"Étage de villa à vendre sise route de mahdia km 5,5 rue yasmine et à peu pré 110 m de la route principale (salon,salle de séjour,3 chambres à coucher,cuisine, salle d'eau, salle de bain,Gaz de  ville  ,staff...",160000.0,180.0,S+4,RDC/Étage de villa,villaFloor,sale,private,3968.0,https://www.menzili.tn/upload/photos/2021/07/23/15/03/4204q2o981.jpeg,"[""https://www.menzili.tn/upload/photos/2021/07/23/15/03/4204q2o981.jpeg"", ""https://www.menzili.tn/upload/photos/2021/07/23/15/04/5h1tr07387.jpeg"", ""https://www.menzili.tn/upload/photos/2021/07/23/15/04/9dsqdv0dgs.jpeg"", ""https://www.menzili.tn/upload/photos/2021/07/23/15/04/3281ddg571.jpeg"", ""https://www.menzili.tn/upload/photos/2021/07/23/15/05/a6103o3821.jpeg"", ""https://www.menzili.tn/upload/photos/2021/07/23/15/05/y26h9t7dve.jpeg"", ""https://www.menzili.tn/upload/photos/2021/07/23/15/05/5tr46sv378.jpeg"", ""https://www.menzili.tn/upload/photos/2021/07/23/15/06/bh2d431z46.jpeg"", ""https://www.menzili.tn/upload/photos/2021/07/23/15/07/y996viq4d4.jpeg"", ""https://www.menzili.tn/upload/photos/2021/07/23/15/07/2ssiqd95ve.jpeg""]","[{""url"": ""https://www.menzili.tn/upload/photos/2021/07/23/15/03/4204q2o981.jpeg"", ""sourceId"": 13, ""adUrl"": ""https://www.menzili.tn/annonce/annonce-63253""}, {""url"": ""https://www.menzili.tn/upload/photos/2021/07/23/15/04/5h1tr07387.jpeg"", ""sourceId"": 13, ""adUrl"": ""https://www.menzili.tn/annonce/annonce-63253""}, {""url"": ""https://www.menzili.tn/upload/photos/2021/07/23/15/04/9dsqdv0dgs.jpeg"", ""sourceId"": 13, ""adUrl"": ""https://www.menzili.tn/annonce/annonce-63253""}, {""url"": ""https://www.menzili.tn/upload/photos/2021/07/23/15/04/3281ddg571.jpeg"", ""sourceId"": 13, ""adUrl"": ""https://www.menzili.tn/annonce/annonce-63253""}, {""url"": ""https://www.menzili.tn/upload/photos/2021/07/23/15/05/a6103o3821.jpeg"", ""sourceId"": 13, ""adUrl"": ""https://www.menzili.tn/annonce/annonce-63253""}, {""url"": ""https://www.menzili.tn/upload/photos/2021/07/23/15/05/y26h9t7dve.jpeg"", ""sourceId"": 13, ""adUrl"": ""https://www.menzili.tn/annonce/annonce-63253""}, {""url"": ""https://www.menzili.tn/upload/photos/2021/07/23/15/05/5tr46sv378.jpeg"", ""sourceId"": 13, ""adUrl"": ""https://www.menzili.tn/annonce/annonce-63253""}, {""url"": ""https://www.menzili.tn/upload/photos/2021/07/23/15/06/bh2d431z46.jpeg"", ""sourceId"": 13, ""adUrl"": ""https://www.menzili.tn/annonce/annonce-63253""}, {""url"": ""https://www.menzili.tn/upload/photos/2021/07/23/15/07/y996viq4d4.jpeg"", ""sourceId"": 13, ""adUrl"": ""https://www.menzili.tn/annonce/annonce-63253""}, {""url"": ""https://www.menzili.tn/upload/photos/2021/07/23/15/07/2ssiqd95ve.jpeg"", ""sourceId"": 13, ""adUrl"": ""https://www.menzili.tn/annonce/annonce-63253""}]","[{""sourceId"": 13, ""url"": null, ""price"": 160000, ""sellerType"": ""private"", ""lastModified"": ""2021-07-23 23:54:04""}]",[],1,0,0,0,1,1,[],2025-10-18 23:54:11,2021-07-23 23:54:04,2021-07-23 23:54:04,2021-07-23 23:54:04,1,2026-02-07 14:47:59
1168287,ETAGE DE VILLA EL MOUROUJ 2 380MD,"ETAGE DE VILLA EL MOUROUJ 2 380MD

HOUWA_Immobilière met en vente un étage de villa , 1er étage , à EL MOUROUJ 2

Proche de toutes les commodités.

Se compose de 2 appartements (chacun 100m² + s+2 +douche)

Surface total: 200m²

Prix : 380MD Légèrement négociable

Papier en règle

pour plus d'information merci de nous appeler sur :

<a type=""phone"">+21656XXXXXX</a> /<a type=""phone"">+21656XXXXXX</a>/<a type=""phone"">+21631XXXXXX</a>",380000.0,200.0,,RDC/Étage de villa,villaFloor,sale,agency,5283.0,https://www.menzili.tn/upload/photos/2020/06/16/16/27/2sef0d6se6.jpg,"[""https://www.menzili.tn/upload/photos/2020/06/16/16/27/2sef0d6se6.jpg""]","[{""url"": ""https://www.menzili.tn/upload/photos/2020/06/16/16/27/2sef0d6se6.jpg"", ""sourceId"": 13, ""adUrl"": ""https://www.menzili.tn/annonce/annonce-35915""}]","[{""sourceId"": 13, ""url"": ""https://www.menzili.tn/annonce/annonce-35915"", ""price"": 380000, ""sellerType"": ""agency"", ""lastModified"": ""2020-06-16 01:52:26""}]","[{""sellerType"": ""agency"", ""contactName"": ""Krimi faten"", ""active"": true}]",1,1,1,1,1,1,[],2025-10-19 01:52:29,2020-06-16 01:52:26,2020-06-16 01:52:26,2020-06-16 01:52:26,1,2026-02-07 14:47:59
1196960,App spacieux 3eme etage,s+3+cuisine+sdb+wc+balcon+sechoir 3eme etage,170000.0,130.0,S+3,RDC/Étage de villa,villaFloor,sale,private,3963.0,,[],,"[{""sourceId"": 1, ""url"": null, ""price"": 170000, ""sellerType"": ""private"", ""lastModified"": ""2025-11-19 00:00:00""}]","[{""sellerType"": ""private"", ""contactName"": null, ""active"": true}]",1,0,1,1,1,1,[],2025-11-19 15:45:26,2025-11-19 00:00:00,2025-11-19 00:00:00,2025-11-19 00:00:00,1,2026-02-07 14:47:59
557984,A vendre un étage d’une villa bardo,"Particulier mets en vente un étage d'une Villa. Grand S+3.Couvert 140m.Entrée indépendante titre foncier individuel Très bon emplacement et bon voisinage avec des villas, zone très calme sécurise et proche de toutes les commodité.

Prix négociable.

Pour plus d’info :<a type=""phone"">+21692XXXXXX</a>",,140.0,S+3,RDC/Étage de villa,villaFloor,sale,private,4995.0,https://www.menzili.tn/upload/photos/2023/03/07/11/07/ahe26f1v0m.jpeg,"[""https://www.menzili.tn/upload/photos/2023/03/07/11/07/ahe26f1v0m.jpeg"", ""https://www.menzili.tn/upload/photos/2023/03/07/11/08/riqq5i7v92.jpeg"", ""https://www.menzili.tn/upload/photos/2023/03/07/11/08/747d0d5z6v.jpeg"", ""https://www.menzili.tn/upload/photos/2023/03/07/11/08/y22v953z21.jpeg"", ""https://www.menzili.tn/upload/photos/2023/03/07/11/09/2etn09tod9.jpeg""]","[{""url"": ""https://www.menzili.tn/upload/photos/2023/03/07/11/07/ahe26f1v0m.jpeg"", ""sourceId"": 13, ""adUrl"": ""https://www.menzili.tn/annonce/annonce-111889""}, {""url"": ""https://www.menzili.tn/upload/photos/2023/03/07/11/08/riqq5i7v92.jpeg"", ""sourceId"": 13, ""adUrl"": ""https://www.menzili.tn/annonce/annonce-111889""}, {""url"": ""https://www.menzili.tn/upload/photos/2023/03/07/11/08/747d0d5z6v.jpeg"", ""sourceId"": 13, ""adUrl"": ""https://www.menzili.tn/annonce/annonce-111889""}, {""url"": ""https://www.menzili.tn/upload/photos/2023/03/07/11/08/y22v953z21.jpeg"", ""sourceId"": 13, ""adUrl"": ""https://www.menzili.tn/annonce/annonce-111889""}, {""url"": ""https://www.menzili.tn/upload/photos/2023/03/07/11/09/2etn09tod9.jpeg"", ""sourceId"": 13, ""adUrl"": ""https://www.menzili.tn/annonce/annonce-111889""}]","[{""sourceId"": 13, ""url"": null, ""price"": null, ""sellerType"": ""private"", ""lastModified"": ""2023-03-07 23:32:54""}]","[{""sellerType"": ""private"", ""contactName"": ""Fadi"", ""active"": true}]",1,0,1,1,4,1,[],2023-03-05 23:46:06,2023-03-05 23:45:29,2023-05-02 19:20:28,2023-03-30 11:19:13,1,2026-02-07 14:47:59
1166245,طابق علوي للبيع,"للبيع طابق علوي مستقبل به 2غرفتا نوم وقاعة جلوس ومطبخ ولست استحمام بحي ابن خلدون

يعتليه ستيديو صغير به غرفة نوم وقاعة جلوس ومطبخ ودوش وفيراندا واسعة

المنزل بحي ابن خلدون",175000.0,,,RDC/Étage de villa,villaFloor,sale,private,4898.0,,[],,"[{""sourceId"": 13, ""url"": null, ""price"": 175000, ""sellerType"": ""private"", ""lastModified"": ""2024-11-18 01:35:19""}]",[],1,0,0,0,1,1,[],2025-10-19 01:35:21,2024-11-18 01:35:19,2024-11-18 01:35:19,2024-11-18 01:35:19,1,2026-02-07 14:47:59
922534,RDC de Villa Nadia à Vendre à Dar Fadhal,,230000.0,,S+2,RDC/Étage de villa,villaFloor,sale,agency,390.0,55600/27800201_be3c9cdad6d79b0f.jpg,[],,[],[],0,0,0,2,3,2,[],2025-01-02 15:30:11,2024-02-05 01:21:47,2026-01-10 09:56:18,2025-01-02 15:30:10,1,2026-02-07 14:47:59
1133479,RDC de villa S2 Florence à Vendre S2 à kelibia,,190000.0,250.0,S+2,RDC/Étage de villa,villaFloor,sale,agency,3496.0,55410/27705461_80c05c4854c08800.jpg,[],,[],[],0,0,0,1,2,2,[],2025-10-01 14:25:01,2025-12-22 00:00:00,2026-01-10 00:33:34,2025-12-22 00:00:00,1,2026-02-07 14:47:59
1000359,🔑 À vendre à Raoued : Immeuble 465 m² avec villa + appartements – 450 000 DT – Réf : AR288,,450000.0,465.0,,RDC/Étage de villa,villaFloor,sale,agency,434.0,https://img.cava.tn/cava/items/1021f988-645d-4e04-951a-6efa61d5f6a3/1746694148431.webp,[],,[],[],0,0,0,1,1,1,[],2025-05-08 10:00:51,2025-05-08 09:54:32,2025-05-08 09:54:32,2025-05-08 09:54:32,1,2026-02-07 14:47:59
1160103,A vendre Un très beau étage de villa,,350000.0,170.0,,RDC/Étage de villa,villaFloor,sale,private,4558.0,https://www.menzili.tn/upload/photos/2023/10/22/12/49/h209gv2847.jpg,[],,[],[],0,0,0,0,1,1,[],2025-10-19 00:47:26,2023-10-22 00:47:24,2023-10-22 00:47:24,2023-10-22 00:47:24,1,2026-02-07 14:47:59
908197,Etage de villa à soliman,,250000.0,250.0,S+5,RDC/Étage de villa,villaFloor,sale,private,3624.0,,[],,[],[],0,0,0,1,1,1,[],2024-12-27 02:04:51,2012-08-04 02:04:46,2012-08-04 02:04:46,2012-08-04 02:04:46,1,2026-02-07 14:47:59
895915,Etage de villa à 5 min de hammamet sur la route de birbouragba,,129000.0,178.0,S+3,RDC/Étage de villa,villaFloor,sale,agency,3441.0,https://www.tunisiapromo.com/gallery/photo-1-169778.jpg,[],,[],[],0,0,0,1,5,5,[],2024-12-26 22:52:40,2014-05-27 23:36:27,2014-11-26 02:08:58,2014-05-27 23:36:27,1,2026-02-07 14:47:59
779180,A VENDRE villa à composée de 3 appart El Ouardia,,850000.0,600.0,S+6,RDC/Étage de villa,villaFloor,sale,agency,4908.0,https://www.mubawab-media.com/ad/7/884/968F/h/thumb_789347_property_large_71027467.avif,[],,[],[],0,0,0,1,1,1,[],2024-03-22 17:45:31,2024-03-22 17:45:31,2026-01-22 03:17:22,2024-09-08 11:21:37,1,2026-02-07 14:47:59
1164206,Étage de Villa à Ain Mariem,,110000.0,150.0,S+1,RDC/Étage de villa,villaFloor,sale,agency,1124.0,https://www.menzili.tn/upload/photos/2022/01/15/11/53/7r6p71d716.jpeg,[],,[],[],0,0,0,1,1,1,[],2025-10-19 01:18:40,2022-01-15 01:18:36,2022-01-15 01:18:36,2022-01-15 01:18:36,1,2026-02-07 14:47:59
943023,RDC De Villa S3 Malie À Vendre À La Marsa,,450000.0,163.0,S+3,RDC/Étage de villa,villaFloor,sale,agency,4963.0,54868/27434347_ac2d23a327ab2c53.jpg,[],,[],[],0,0,0,1,3,2,[],2025-02-17 16:00:29,2025-02-17 15:54:11,2026-01-12 11:58:14,2025-02-17 15:54:11,1,2026-02-07 14:47:59
1137589,Etage de villa en vente,,110000.0,76.0,S+1,RDC/Étage de villa,villaFloor,sale,agency,3964.0,https://www.mubawab-media.com/ad/8/229/468F/h/gallery_81171088.avif,[],,[],[],0,0,0,1,2,2,[],2025-10-05 22:30:49,2025-10-04 12:36:39,2025-10-05 22:30:17,2025-10-04 12:36:39,1,2026-02-07 14:47:59
818102,3 ETAGES,,2000000.0,,,RDC/Étage de villa,villaFloor,sale,private,4903.0,http://cdn2.ballouchi.com/800x600/402216-1.jpeg,[],,[],[],0,0,0,1,2,1,[],2024-09-10 14:55:13,2024-09-10 14:55:11,2024-09-15 01:19:29,2024-09-10 14:55:11,1,2026-02-07 14:47:59
639930,Etage de Villa  Iandra à Vendre à La Marsa,,200000.0,90.0,S+1,RDC/Étage de villa,villaFloor,sale,agency,4963.0,https://www.menzili.tn/upload/photos/2023/09/19/12/26/yh12t25is9.jpg,[],,[],[],0,0,0,1,6,2,[],2023-09-19 11:22:04,2023-09-19 01:49:21,2025-08-01 14:22:46,2023-09-19 01:49:21,1,2026-02-07 14:47:59
914373,Etage de Villa Younane à Vendre à Bizerte,,270000.0,177.0,S+3,RDC/Étage de villa,villaFloor,sale,agency,1120.0,https://www.menzili.tn/upload/photos/2023/01/30/11/58/isend9g1z4.jpg,[],,[],[],0,0,0,1,2,1,[],2023-01-30 11:57:04,2023-01-30 01:48:27,2023-01-30 11:57:04,2023-01-30 01:48:27,1,2026-02-07 14:47:59
900037,Av a l'entrée de hammamet étage de villa,,145000.0,145.0,S+3,RDC/Étage de villa,villaFloor,sale,agency,3441.0,https://www.tunisiapromo.com/gallery/photo-1-76075.jpg,[],,[],[],0,0,0,1,5,5,[],2024-12-27 00:05:40,2013-08-02 00:28:57,2014-01-14 00:05:21,2014-01-14 00:05:21,1,2026-02-07 14:47:59
852942,RDC de Villa Mallet à Vendre à Bizerte,,250000.0,215.0,S+2,RDC/Étage de villa,villaFloor,sale,agency,1120.0,https://www.menzili.tn/upload/photos/2022/11/09/11/57/57312s6392.jpg,[],,[],[],0,0,0,1,2,1,[],2024-11-11 17:00:21,2022-11-09 01:21:11,2024-11-11 17:00:20,2022-11-09 01:21:11,1,2026-02-07 14:47:59
1201104,Rez de Jardin 2 S1 et un suite Neuf Meublé à Kant,,380000.0,100.0,S+1,RDC/Étage de villa,villaFloor,sale,agency,4502.0,https://www.mubawab-media.com/ad/8/258/267F/h/thumb_1214806_property_large_81469643.avif,[],,[],[],0,0,0,1,3,3,[],2025-11-25 12:45:41,2025-11-25 00:00:00,2026-01-27 13:32:41,2025-11-25 00:00:00,1,2026-02-07 14:47:59
1172432,Etage de Villa Emma à Vendre à Gammarth,,215000.0,85.0,S+2,RDC/Étage de villa,villaFloor,sale,agency,4971.0,http://cdn2.ballouchi.com/800x600/395684-1.jpg,[],,[],[],0,0,0,2,2,2,[],2025-10-23 21:28:11,2023-07-20 01:20:44,2024-05-13 21:28:06,2023-07-20 01:20:44,1,2026-02-07 14:47:59
898004,Rez de chaussée en plein centre ville et proche de la mer,,120000.0,134.0,S+2,RDC/Étage de villa,villaFloor,sale,agency,3479.0,https://www.tunisiapromo.com/gallery/photo-1-112118.jpg,[],,[],[],0,0,0,1,1,1,[],2024-12-26 23:39:45,2014-05-07 23:39:30,2014-05-08 23:39:30,2014-05-07 23:39:30,1,2026-02-07 14:47:59
1133525,à vendre à ariana,,450000.0,387.0,S+3,RDC/Étage de villa,villaFloor,sale,agency,286.0,https://www.affare.tn/image/10_2025_7032945f.JPG,[],,[],[],0,0,0,1,1,1,[],2025-10-01 14:47:17,2025-10-01 14:38:29,2025-10-01 14:38:29,2025-10-01 14:38:29,1,2026-02-07 14:47:59
889815,Villa et 2 appartements,,700000.0,540.0,,RDC/Étage de villa,villaFloor,sale,agency,2825.0,https://www.tunisiapromo.com/gallery/photo-1-262546.jpg,[],,[],[],0,0,0,1,1,1,[],2024-12-26 20:43:51,2016-05-20 20:43:46,2016-05-20 20:43:46,2016-05-20 20:43:46,1,2026-02-07 14:47:59
906201,A rades,,130000.0,190.0,,RDC/Étage de villa,villaFloor,sale,private,1106.0,,[],,[],[],0,0,0,1,1,1,[],2024-12-27 01:32:28,2010-10-18 01:32:18,2010-10-18 01:32:18,2010-10-18 01:32:18,1,2026-02-07 14:47:59
1211356,À Vendre – Étage de Villa S3 au 1er Étage,,325000.0,150.0,S+3,RDC/Étage de villa,villaFloor,sale,agency,4503.0,https://www.mubawab-media.com/ad/8/268/604F/h/WhatsApp%20Image%202025-12-04%20at%2011.39.08%20%281%29_81594027.avif,[],,[],[],0,0,0,1,1,1,[],2025-12-09 11:23:00,2025-12-09 11:15:03,2026-02-03 23:16:43,2025-12-09 11:15:03,1,2026-02-07 14:47:59
1104862,"À VENDRE Étage de villa S3, Le Kram",,690000.0,193.0,S+3,RDC/Étage de villa,villaFloor,sale,agency,4868.0,56070/28035154_9bcf8e8b8d2d2d2f.jpg,[],,[],[],0,0,0,1,2,2,[],2025-08-27 10:15:14,2025-08-27 10:12:11,2026-02-03 19:50:45,2025-08-27 10:12:11,1,2026-02-07 14:47:59
1129442,Étage de villa S+3 – Ouardia 6,,195000.0,150.0,S+3,RDC/Étage de villa,villaFloor,sale,agency,5319.0,https://www.bnb.tn/wp-content/uploads/2025/09/IMG-20250925-WA0005-461x1024.jpg,[],,[],[],0,0,0,1,2,1,[],2025-09-26 12:03:39,2025-09-26 11:47:46,2025-10-16 09:45:56,2025-09-26 11:47:46,1,2026-02-07 14:47:59
887778,Etage de villa au cœur de la cité riadh kélibia,,195000.0,290.0,S+4,RDC/Étage de villa,villaFloor,sale,agency,3492.0,https://www.tunisiapromo.com/gallery/photo-1-293008.jpg,[],,[],[],0,0,0,1,1,1,[],2024-12-26 20:16:32,2016-11-27 20:16:29,2016-11-27 20:16:29,2016-11-27 20:16:29,1,2026-02-07 14:47:59
1164262,étage de villa en plein centre ville korba,,165000.0,165.0,S+3,RDC/Étage de villa,villaFloor,sale,agency,3521.0,https://www.menzili.tn/upload/photos/2019/05/21/15/38/78e632d9z9.jpg,[],,[],[],0,0,0,1,1,1,[],2025-10-19 01:18:54,2019-05-21 01:18:52,2019-05-21 01:18:52,2019-05-21 01:18:52,1,2026-02-07 14:47:59
1209322,A VENDRE Un étage de villa à bni khiar Nabeul,,,260.0,S+3,RDC/Étage de villa,villaFloor,sale,agency,3293.0,https://www.mubawab-media.com/ad/8/267/385F/h/63d03598-0156-4255-8f01-1a48c9d52cf6_81581225.avif,[],,[],[],0,0,0,4,5,5,[],2025-12-06 12:50:22,2025-12-06 15:45:09,2026-01-24 22:48:46,2025-12-06 15:45:09,1,2026-02-07 14:47:59
928746,A vendre étage de villa S+3 à Bardo,,260000.0,125.0,S+3,RDC/Étage de villa,villaFloor,sale,agency,4995.0,https://www.affare.tn/image/03_2025_0bab4eed.JPG,[],,[],[],0,0,0,1,4,2,[],2025-01-18 10:30:11,2025-01-18 10:24:20,2025-08-23 07:11:32,2025-04-28 11:37:11,1,2026-02-07 14:47:59
961516,Rez de chaussée de villa avec jardin à borj baccouche,,285000.0,183.0,S+2,RDC/Étage de villa,villaFloor,sale,agency,287.0,https://img.cava.tn/cava/items/564ec9b8-90d9-43ac-a37d-51e3dce17e43/1743536092662.webp,[],,[],[],0,0,0,1,1,1,[],2025-04-01 20:45:27,2025-04-01 20:34:49,2025-04-01 20:34:49,2025-04-01 20:34:49,1,2026-02-07 14:47:59
1104877,Étage de villa à vendre à chott mariam soussse,,420000.0,150.0,S+4,RDC/Étage de villa,villaFloor,sale,agency,4439.0,https://www.mubawab-media.com/ad/8/060/036F/h/thumb_60446_property_big_79458266.avif,[],,[],[],0,0,0,2,2,2,[],2024-12-20 11:30:15,2024-11-06 00:41:13,2026-01-24 21:55:40,2025-09-05 21:00:56,1,2026-02-07 14:47:59
1176555,RDC de villa Ica à Vendre à Ezzahrouni,,180000.0,170.0,S+2,RDC/Étage de villa,villaFloor,sale,agency,4856.0,http://cdn2.ballouchi.com/800x600/381724-1.jpg,[],,[],[],0,0,0,1,1,1,[],2025-10-24 01:05:43,2023-09-14 01:05:36,2023-09-14 01:05:36,2023-09-14 01:05:36,1,2026-02-07 14:47:59
1162224,Etage de villa inachevé à Hammamet Nord à 300 MDT,,300000.0,328.0,S+3,RDC/Étage de villa,villaFloor,sale,agency,5182.0,https://www.menzili.tn/upload/photos/2019/03/28/11/04/27serd5894.jpg,[],,[],[],0,0,0,1,4,4,[],2025-10-19 01:03:12,2019-01-26 01:03:09,2019-03-28 02:00:41,2019-01-26 01:03:09,1,2026-02-07 14:47:59
1170425,Etage de villa en vente,,95000.0,113.0,S+1,RDC/Étage de villa,villaFloor,sale,agency,1153.0,https://cdn-media.medialabtc.it/tn/agencies/bzco1/estates/50871/images/250308/detail.jpeg,[],,[],[],0,0,0,1,1,1,[],2025-10-22 18:22:44,2025-04-25 16:37:55,2025-04-25 16:37:55,2025-04-25 16:37:55,1,2026-02-07 14:47:59
895997,2 maisons avec appartement vue mer,,350000.0,210.0,,RDC/Étage de villa,villaFloor,sale,agency,3442.0,https://www.tunisiapromo.com/gallery/photo-1-171723.jpg,[],,[],[],0,0,0,1,4,4,[],2024-12-26 22:53:52,2013-12-02 00:11:17,2014-12-03 22:55:39,2014-11-07 22:53:44,1,2026-02-07 14:47:59
1014785,,,1800000.0,670.0,S+4,RDC/Étage de villa,villaFloor,sale,agency,308.0,56035/28017912_f0783c0e1b72faf4.jpg,[],,[],[],0,0,0,1,1,1,[],2025-05-21 17:15:43,2025-05-21 17:09:33,2026-01-05 08:48:05,2025-05-21 17:09:33,1,2026-02-07 14:47:59
887810,Etage de villa de 210m avec terrasse,,350000.0,210.0,S+4,RDC/Étage de villa,villaFloor,sale,agency,3479.0,https://www.tunisiapromo.com/images/57897.jpg,[],,[],[],0,0,0,1,3,3,[],2024-12-26 20:16:58,2016-10-07 21:04:29,2016-11-07 20:16:49,2016-10-07 21:04:29,1,2026-02-07 14:47:59
1082371,RDC d’une villa sise à Marsa ville,,600000.0,260.0,S+4,RDC/Étage de villa,villaFloor,sale,private,5220.0,,[],,[],[],0,0,0,1,2,1,[],2025-08-05 10:00:20,2025-08-05 09:48:07,2025-10-17 22:09:13,2025-08-05 09:48:07,1,2026-02-07 14:47:59
1100805,,,1500000.0,363.0,,RDC/Étage de villa,villaFloor,sale,agency,308.0,https://logis.fra1.digitaloceanspaces.com/8/Properties/113842/conversions/lhbGQrUusnjNmwNm-thumb.jpg,[],,[],[],0,0,0,1,1,1,[],2025-08-23 09:01:06,2025-08-23 09:00:33,2025-08-23 09:00:33,2025-08-23 09:00:33,1,2026-02-07 14:47:59
21509,Étage d’une villa mourouj,,430000.0,240.0,S+4,RDC/Étage de villa,villaFloor,sale,private,5174.0,https://www.menzili.tn/upload/photos/2021/08/07/17/13/zfpnq06i73.jpeg,[],,[],[],0,0,0,1,4,1,[],2022-02-17 13:41:44,2021-08-07 23:52:28,2023-04-14 16:31:29,2021-08-07 23:52:28,1,2026-02-07 14:47:59
922632,Etage de villa en vente,,340000.0,230.0,S+3,RDC/Étage de villa,villaFloor,sale,agency,286.0,https://cdn-media.medialabtc.it/tn/agencies/tuha9/estates/46618/images/222952/detail.jpeg,[],,[],[],0,0,0,1,2,2,[],2025-01-02 19:15:09,2024-12-05 10:57:28,2025-12-25 18:45:58,2024-12-05 10:57:28,1,2026-02-07 14:47:59
1192970,km 2.5 route mohamed gayed (emplacement commercial) en face factory,,1200000.0,970.0,,RDC/Étage de villa,villaFloor,sale,private,3929.0,56157/28078927_766581111553231f.jpg,[],,[],[],0,0,0,1,20,4,[],2025-11-13 22:57:19,2025-11-13 22:57:04,2026-02-05 15:26:23,2025-11-13 22:57:04,1,2026-02-07 14:47:59
1240079,villa + etage villa a vendre a sfax,,549000.0,500.0,S+3,RDC/Étage de villa,villaFloor,sale,private,3965.0,56116/28058447_5d4348246952631e.jpg,[],,[],[],0,0,0,1,1,1,[],2026-01-26 11:15:09,2026-01-26 11:03:58,2026-01-26 11:04:00,2026-01-26 11:03:58,1,2026-02-07 14:47:59
900113,Av une villa un étage de villa inachevée,,300000.0,,S+3,RDC/Étage de villa,villaFloor,sale,agency,5182.0,https://www.tunisiapromo.com/gallery/photo-1-56283.jpg,[],,[],[],0,0,0,1,1,1,[],2024-12-27 00:21:38,2013-09-17 00:21:26,2013-09-28 00:21:26,2013-09-17 00:21:26,1,2026-02-07 14:47:59
1104916,,,1500000.0,467.0,S+6,RDC/Étage de villa,villaFloor,sale,agency,308.0,https://logis.fra1.digitaloceanspaces.com/13/Properties/115141/conversions/0XmzasHydDt6RAyP-thumb.jpg,[],,[],[],0,0,0,1,2,2,[],2025-08-05 12:45:30,2025-08-05 12:37:46,2025-12-08 16:05:21,2025-08-05 12:37:46,1,2026-02-07 14:47:59
5142,Vente d'étage à kélibia,,240000.0,180.0,,RDC/Étage de villa,villaFloor,sale,private,3496.0,https://www.menzili.tn/upload/photos/2022/12/13/20/04/9h1d9q93sv.jpeg,[],,[],[],0,0,0,1,2,1,[],2022-12-13 22:14:05,2022-12-13 01:08:57,2024-01-10 08:28:26,2022-12-13 01:08:57,1,2026-02-07 14:47:59
1158166,Un RDC de villa de 170 m² à Hammamet Nord,,260000.0,170.0,S+1,RDC/Étage de villa,villaFloor,sale,agency,5182.0,https://www.menzili.tn/upload/photos/2019/02/28/14/07/2b6h2zfd2v.jpg,[],,[],[],0,0,0,1,4,4,[],2025-10-19 00:36:52,2019-01-17 00:36:50,2019-02-28 00:38:01,2019-01-17 00:36:50,1,2026-02-07 14:47:59
893975,Etage de villa omar hammamet lv,,,90.0,S+2,RDC/Étage de villa,villaFloor,sale,agency,3479.0,https://www.tunisiapromo.com/gallery/photo-1-211544.jpg,[],,[],[],0,0,0,1,1,1,[],2024-12-26 22:20:59,2015-04-28 22:20:53,2015-04-28 22:20:53,2015-04-28 22:20:53,1,2026-02-07 14:47:59
1068068,Villa de deux étages indépendants à Sidi Sofienne,,655000.0,337.0,,RDC/Étage de villa,villaFloor,sale,agency,400.0,55439/27719598_9cf6f377eb7bdb93.jpg,[],,[],[],0,0,0,2,11,10,[],2025-07-14 14:48:57,2025-07-14 14:47:29,2026-01-15 09:29:14,2025-07-14 14:47:29,1,2026-02-07 14:47:59
865317,Étage de villa s3 à morneg,,220000.0,200.0,S+3,RDC/Étage de villa,villaFloor,sale,agency,1080.0,https://www.mubawab-media.com/ad/7/964/535F/h/362653230_659673826071647_1230488580003682719_n_78507862.avif,[],,[],[],0,0,0,1,2,1,[],2024-07-26 12:02:19,2024-07-26 12:02:19,2026-01-29 00:31:11,2024-12-10 14:57:20,1,2026-02-07 14:47:59
1154089,Villa 2 étages indépendants,,420000.0,328.0,,RDC/Étage de villa,villaFloor,sale,private,346.0,https://www.menzili.tn/upload/photos/2021/05/28/12/38/jim96ds727.jpg,[],,[],[],0,0,0,1,1,1,[],2025-10-18 23:55:32,2021-05-28 23:55:29,2021-05-28 23:55:29,2021-05-28 23:55:29,1,2026-02-07 14:47:59
1164334,Étage de villa,,200000.0,125.0,,RDC/Étage de villa,villaFloor,sale,private,3964.0,,[],,[],[],0,0,0,0,1,1,[],2025-10-19 01:19:16,2025-03-31 01:19:14,2025-03-31 01:19:14,2025-03-31 01:19:14,1,2026-02-07 14:47:59
1102895,A vendre maison 03 appartements,,750000.0,150.0,S+5,RDC/Étage de villa,villaFloor,sale,private,5173.0,https://www.mubawab-media.com/ad/8/204/366F/h/IMG_20200621_114545_80905017.avif,[],,[],[],0,0,0,1,1,1,[],2025-08-25 11:00:57,2025-08-25 11:00:49,2026-01-22 04:56:17,2025-08-25 11:00:49,1,2026-02-07 14:47:59
74798,A VENDRE un Etage de villa à Khézema,,470000.0,172.0,S+4,RDC/Étage de villa,villaFloor,sale,agency,5186.0,http://cdn2.ballouchi.com/800x600/366799-1.jpg,[],,[],[],0,0,0,1,6,2,[],2022-12-02 10:01:07,2022-12-02 10:01:07,2023-11-14 08:50:49,2022-12-09 10:05:05,1,2026-02-07 14:47:59
1121329,Un petit immeuble à Rades Mohamed Ali,,650000.0,200.0,S+6,RDC/Étage de villa,villaFloor,sale,agency,1096.0,https://www.mubawab-media.com/ad/8/217/862F/h/545867153_1227417099072812_2630680685506503526_n_81046934.avif,[],,[],[],0,0,0,1,2,1,[],2025-09-16 18:00:38,2025-09-16 18:00:19,2026-01-22 22:47:25,2025-09-16 18:00:19,1,2026-02-07 14:47:59
191538,Dar la gare hammamet a,,500000.0,200.0,S+3,RDC/Étage de villa,villaFloor,sale,agency,3479.0,https://www.tunisiapromo.com/images/99048.jpg,[],,[],[],0,0,0,1,3,2,[],2022-01-06 20:21:36,2019-12-11 15:38:08,2025-01-29 03:26:32,2019-12-11 15:38:08,1,2026-02-07 14:47:59
1008694,à vendre RDC d’une maison arabe à hiboune,,130000.0,130.0,S+2,RDC/Étage de villa,villaFloor,sale,agency,2828.0,http://cdn2.ballouchi.com/800x600/413138-1.jpg,[],,[],[],0,0,0,1,5,3,[],2025-05-15 15:45:30,2025-05-15 15:41:11,2025-12-17 15:00:47,2025-05-15 15:41:11,1,2026-02-07 14:47:59
934966,Rdc de villa s3 amos à sidi bou said,,950000.0,300.0,S+3,RDC/Étage de villa,villaFloor,sale,agency,4837.0,http://tunisie-annonce.com/upload2/202501/tunisie-annonce.com/photos/632246_20250129_111035.jpg,[],,[],[],0,0,0,1,1,1,[],2025-01-29 11:30:42,2025-01-29 11:30:40,2025-10-16 11:39:48,2025-01-29 11:30:40,1,2026-02-07 14:47:59
605238,RDC de Villa GERARDO à Vendre à Bardo,,600000.0,544.0,S+4,RDC/Étage de villa,villaFloor,sale,agency,4995.0,http://cdn2.ballouchi.com/800x600/375519-1.jpg,[],,[],[],0,0,0,1,5,1,[],2023-07-13 09:24:04,2023-07-13 09:23:21,2025-08-15 14:23:58,2023-07-13 09:23:21,1,2026-02-07 14:47:59
1160251,Bardo,,300000.0,160.0,S+2,RDC/Étage de villa,villaFloor,sale,private,4995.0,https://www.menzili.tn/upload/photos/2020/08/04/16/05/ai1tz1v744.jpg,[],,[],[],0,0,0,1,1,1,[],2025-10-19 00:48:05,2020-08-04 00:48:03,2020-08-04 00:48:03,2020-08-04 00:48:03,1,2026-02-07 14:47:59
1221692,Un immeuble avec cinq appartements,,1300000.0,750.0,,RDC/Étage de villa,villaFloor,sale,agency,3296.0,http://tunisie-annonce.com/upload2/202512/tunisie-annonce.com/photos/92642_20251224_085032.jpg,[],,[],[],0,0,0,1,1,1,[],2025-12-24 09:01:17,2025-12-24 00:00:00,2025-12-24 00:00:00,2025-12-24 00:00:00,1,2026-02-07 14:47:59
1164349,étage de villa à vendre en ariana,,250000.0,176.0,,RDC/Étage de villa,villaFloor,sale,private,312.0,,[],,[],[],0,0,0,1,1,1,[],2025-10-19 01:19:19,2017-12-01 01:19:17,2017-12-01 01:19:17,2017-12-01 01:19:17,1,2026-02-07 14:47:59
1221694,عمارة للبيع,,1300000.0,750.0,,RDC/Étage de villa,villaFloor,sale,agency,3293.0,https://img.cava.tn/cava/items/67b8b0c3-a7b6-4cf5-83fc-7e5b4764d51e/1766562790278.webp,[],,[],[],0,0,0,1,1,1,[],2025-12-24 09:01:27,2025-12-24 07:56:27,2025-12-24 07:56:27,2025-12-24 07:56:27,1,2026-02-07 14:47:59
1236031,Etage de Villa S3 a marsa Plage,,1100000.0,210.0,S+3,RDC/Étage de villa,villaFloor,sale,agency,5206.0,56085/28042998_c1e1310547484a40.jpg,[],,[],[],0,0,0,1,1,1,[],2026-01-16 10:30:32,2026-01-16 10:30:09,2026-01-23 10:31:50,2026-01-16 10:30:09,1,2026-02-07 14:47:59
898116,Restaurant au rdc fond et murs,,350000.0,109.0,,RDC/Étage de villa,villaFloor,sale,private,5186.0,https://www.tunisiapromo.com/gallery/photo-1-111602.jpg,[],,[],[],0,0,0,1,1,1,[],2024-12-26 23:41:54,2014-05-05 23:41:43,2014-05-05 23:41:43,2014-05-05 23:41:43,1,2026-02-07 14:47:59
797766,Immeuble R+2 à vendre au Kram,,1100000.0,500.0,,RDC/Étage de villa,villaFloor,sale,private,4868.0,https://www.menzili.tn/upload/photos/2024/07/25/14/08/j967qt368e.jpg,[],,[],[],0,0,0,1,6,1,[],2024-07-12 19:29:03,2024-07-12 19:28:16,2024-10-08 08:22:50,2024-07-25 12:59:20,1,2026-02-07 14:47:59
924747,A vendre etage de villa à cité ennasr 2,,620000.0,180.0,S+3,RDC/Étage de villa,villaFloor,sale,private,300.0,https://www.mubawab-media.com/ad/8/070/092F/h/resize-image_79556580.avif,[],,[],[],0,0,0,1,4,4,[],2022-01-06 19:14:59,2017-06-24 14:44:43,2026-02-03 13:52:01,2025-03-21 13:30:41,1,2026-02-07 14:47:59
910415,Av maison plus appartement au centre ville hammamet,,100000.0,120.0,,RDC/Étage de villa,villaFloor,sale,agency,3479.0,https://www.tunisiapromo.com/gallery/photo-1-70230.jpg,[],,[],[],0,0,0,1,4,4,[],2024-12-27 00:13:20,2013-07-12 00:29:48,2013-12-11 00:13:08,2013-12-11 00:13:08,1,2026-02-07 14:47:59
877648,Un (RDC) à 400 MDT à Hammamet du coté de la Corniche,,400000.0,381.0,S+1,RDC/Étage de villa,villaFloor,sale,agency,3479.0,https://www.menzili.tn/upload/photos/2019/04/11/11/44/d612rz48zv.jpg,[],,[],[],0,0,0,1,5,5,[],2024-12-26 17:19:07,2016-07-16 17:18:53,2019-04-11 01:32:07,2016-07-16 17:18:53,1,2026-02-07 14:47:59
189523,Stop a vendre une coquette immeuble toute neuve R+2,,270000.0,,S+1,RDC/Étage de villa,villaFloor,sale,agency,4995.0,https://www.menzili.tn/upload/photos/2021/09/30/11/10/ybse409qd9.jpg,[],,[],[],0,0,0,1,2,1,[],2022-01-20 11:25:04,2021-09-30 01:38:29,2022-03-10 13:58:41,2021-09-30 01:38:29,1,2026-02-07 14:47:59
1160276,A vendre Complexe habitation Haut Standing( Villa + 6 Appartements et Un studio)ben arous,,950000.0,120.0,,RDC/Étage de villa,villaFloor,sale,private,5321.0,https://www.menzili.tn/upload/photos/2019/01/11/11/07/95dm2qs698.jpg,[],,[],[],0,0,0,1,5,5,[],2025-10-19 00:48:11,2018-11-08 00:48:09,2019-01-11 02:01:38,2018-12-04 01:16:30,1,2026-02-07 14:47:59
887895,Particulier propose un beau Étage de villa à hammamet,,160000.0,100.0,S+3,RDC/Étage de villa,villaFloor,sale,private,3479.0,https://www.tunisiapromo.com/gallery/photo-1-290953.jpg,[],,[],[],0,0,0,1,1,1,[],2024-12-26 20:17:48,2016-11-12 20:17:36,2016-11-12 20:17:36,2016-11-12 20:17:36,1,2026-02-07 14:47:59
941145,Appartement ou maison,,,,,RDC/Étage de villa,villaFloor,sale,private,1410.0,,[],,[],[],0,0,0,0,1,1,[],2025-02-12 14:30:26,2025-02-12 14:30:25,2025-02-12 14:30:25,2025-02-12 14:30:25,1,2026-02-07 14:47:59
1176673,"beni khiar , un rdc en bon état en plein centre ville",,,160.0,S+3,RDC/Étage de villa,villaFloor,sale,agency,3293.0,http://cdn2.ballouchi.com/800x600/371917-1.jpg,[],,[],[],0,0,0,1,1,1,[],2025-10-24 01:12:12,2023-06-03 01:12:04,2023-06-03 01:12:04,2023-06-03 01:12:04,1,2026-02-07 14:47:59
1070179,"A Vendre Etage de Villa en S+3 à Riadh El Andalous, Ariana",,520000.0,322.0,S+3,RDC/Étage de villa,villaFloor,sale,agency,320.0,55102/27551481_a8ec6e6dd44c3a32.jpg,[],,[],[],0,0,0,1,4,2,[],2025-07-17 15:00:56,2025-07-17 14:59:37,2026-01-22 17:04:05,2025-07-17 14:59:37,1,2026-02-07 14:47:59
963683,Étage de villa à vendre,,375000.0,140.0,S+2,RDC/Étage de villa,villaFloor,sale,private,429.0,https://img.cava.tn/cava/items/4a910b1f-a140-4b7b-b8c6-339f252f992d/1743884848820.png,[],,[],[],0,0,0,1,3,1,[],2025-04-05 20:30:20,2025-04-05 20:19:30,2025-04-09 22:10:10,2025-04-05 20:19:30,1,2026-02-07 14:47:59
1199209,Rez de jardin au mourouj 2,,290000.0,250.0,S+3,RDC/Étage de villa,villaFloor,sale,private,5283.0,56064/28032424_d0c38e30f4c4809c.jpg,[],,[],[],0,0,0,1,2,1,[],2025-11-22 16:00:32,2025-11-22 15:50:49,2026-02-01 12:30:14,2025-11-22 15:50:49,1,2026-02-07 14:47:59
902249,étage de villa à montfleury,,100000.0,130.0,S+3,RDC/Étage de villa,villaFloor,sale,private,5002.0,https://www.tunisiapromo.com/gallery/photo-1-34171.jpg,[],,[],[],0,0,0,1,1,1,[],2024-12-27 00:45:18,2013-01-03 00:45:11,2013-01-04 00:45:11,2013-01-03 00:45:11,1,2026-02-07 14:47:59
898158,Immeuble à mansourah à vendre,,280000.0,525.0,,RDC/Étage de villa,villaFloor,sale,agency,3499.0,https://www.tunisiapromo.com/gallery/photo-1-108596.jpg,[],,[],[],0,0,0,1,1,1,[],2024-12-26 23:42:29,2014-04-22 23:42:15,2014-04-22 23:42:15,2014-04-22 23:42:15,1,2026-02-07 14:47:59
1166454,Appartement étage de villa,,190000.0,110.0,S+2,RDC/Étage de villa,villaFloor,sale,private,465.0,https://www.menzili.tn/upload/photos/2019/12/25/11/58/9mh4zq20t1.jpg,[],,[],[],0,0,0,1,1,1,[],2025-10-19 01:36:21,2019-12-25 01:36:19,2019-12-25 01:36:19,2019-12-25 01:36:19,1,2026-02-07 14:47:59
902264,Etage de villa a saisir a bardo,,160000.0,130.0,S+3,RDC/Étage de villa,villaFloor,sale,agency,4995.0,,[],,[],[],0,0,0,1,1,1,[],2024-12-27 00:45:45,2012-11-06 00:45:37,2012-11-06 00:45:37,2012-11-06 00:45:37,1,2026-02-07 14:47:59
1147,Etage de Villa Ezzahra à Vendre à La Marsa,,900000.0,247.0,S+3,RDC/Étage de villa,villaFloor,sale,agency,5217.0,https://www.menzili.tn/upload/photos/2022/08/26/14/50/ydb672o894.jpg,[],,[],[],0,0,0,1,4,1,[],2022-08-26 13:35:05,2022-08-26 00:47:17,2024-03-20 12:14:00,2022-08-26 00:47:17,1,2026-02-07 14:47:59
111740,Très beau RDC d’une villa haut standing S4,,500000.0,300.0,S+4,RDC/Étage de villa,villaFloor,sale,agency,4594.0,https://www.bnb.tn/wp-content/uploads/2022/10/WhatsApp-Image-2022-06-09-at-21.03.03-2.jpg,[],,[],[],0,0,0,1,2,2,[],2022-06-20 13:22:12,2022-06-20 13:21:07,2025-08-01 13:51:43,2022-06-20 13:21:07,1,2026-02-07 14:47:59
902271,A bardo a saisir etage de villa,,145000.0,200.0,S+3,RDC/Étage de villa,villaFloor,sale,agency,4995.0,,[],,[],[],0,0,0,1,1,1,[],2024-12-27 00:45:45,2012-11-06 00:45:38,2012-11-06 00:45:38,2012-11-06 00:45:38,1,2026-02-07 14:47:59
900227,à centre ville de hammamet etage de villa,,155000.0,137.0,S+2,RDC/Étage de villa,villaFloor,sale,agency,3479.0,https://www.tunisiapromo.com/images/22098.jpg,[],,[],[],0,0,0,1,6,6,[],2024-12-26 23:50:53,2013-08-17 00:30:41,2014-03-17 23:50:45,2014-01-15 00:37:48,1,2026-02-07 14:47:59
1207436,Etage de villa en vente,,259000.0,230.0,S+4,RDC/Étage de villa,villaFloor,sale,agency,4616.0,https://cdn-media.medialabtc.it/tn/agencies/ssca3/estates/61264/images/345321/detail.jpeg,[],,[],[],0,0,0,1,1,1,[],2025-12-04 11:15:52,2025-12-04 11:12:45,2026-02-04 12:46:44,2025-12-04 11:12:45,1,2026-02-07 14:47:59
900237,A la ceinture du hammamet à 5 min du centre ville,,140000.0,92.0,S+3,RDC/Étage de villa,villaFloor,sale,agency,3479.0,https://www.tunisiapromo.com/gallery/photo-1-53312.jpg,[],,[],[],0,0,0,1,1,1,[],2024-12-27 00:23:26,2013-09-03 00:23:19,2013-09-03 00:23:19,2013-09-03 00:23:19,1,2026-02-07 14:47:59
853137,"Immeuble inachevé R+2 à cité Mora, Nabeul",,990000.0,522.0,,RDC/Étage de villa,villaFloor,sale,agency,3596.0,https://www.bnb.tn/wp-content/uploads/2024/11/thumb_948756_property_xlarge-1-1024x577.jpeg,[],,[],[],0,0,0,1,4,1,[],2024-11-12 10:45:08,2024-11-12 10:45:08,2025-08-23 06:04:39,2024-11-12 10:45:08,1,2026-02-07 14:47:59
1084563,À vendre Etage de villa S3 avec entrée indp,,370000.0,150.0,S+3,RDC/Étage de villa,villaFloor,sale,agency,4963.0,https://www.mubawab-media.com/ad/8/195/822F/h/1_80822036.avif,[],,[],[],0,0,0,1,2,1,[],2022-06-21 11:00:15,2022-06-21 11:00:15,2026-01-29 16:38:46,2025-08-07 14:45:07,1,2026-02-07 14:47:59
842900,RDC Villa Martel A Vendre A Menzah 8,,220000.0,180.0,S+2,RDC/Étage de villa,villaFloor,sale,agency,5314.0,https://www.menzili.tn/upload/photos/2022/12/28/15/41/8v0m9gi268.jpg,[],,[],[],0,0,0,1,4,1,[],2022-12-28 15:41:05,2022-12-28 01:48:00,2024-03-20 12:20:31,2022-12-28 01:48:00,1,2026-02-07 14:47:59
1025175,,,600000.0,277.0,S+5,RDC/Étage de villa,villaFloor,sale,agency,3345.0,,[],,[],[],0,0,0,1,3,1,[],2024-05-10 13:01:22,2024-05-10 13:00:50,2024-05-11 01:04:27,2024-05-10 13:00:50,1,2026-02-07 14:47:59
199833,étage de villa totalement indépendant,,200000.0,250.0,,RDC/Étage de villa,villaFloor,sale,private,1106.0,https://www.menzili.tn/upload/photos/2019/05/31/07/18/9s6r4vs639.jpg,[],,[],[],0,0,0,1,2,1,[],2022-01-06 21:50:12,2019-05-31 00:34:32,2019-06-15 11:12:36,2019-05-31 00:34:32,1,2026-02-07 14:47:59
926875,A vendre étage villa au premier situé a sousse centre ville,,280000.0,117.0,,RDC/Étage de villa,villaFloor,sale,agency,4616.0,55465/27732852_a72d8ccceccc8a99.jpg,[],,[],[],0,0,0,1,3,2,[],2025-01-14 09:00:47,2025-01-14 09:00:47,2026-01-08 06:24:17,2025-01-14 09:00:47,1,2026-02-07 14:47:59
881820,Immeuble à hammamet nord mrezga,,1300000.0,254.0,,RDC/Étage de villa,villaFloor,sale,agency,3442.0,https://www.tunisiapromo.com/gallery/photo-1-345306.jpg,[],,[],[],0,0,0,1,1,1,[],2024-12-26 19:11:24,2018-03-23 19:11:17,2018-04-04 19:11:17,2018-03-23 19:11:17,1,2026-02-07 14:47:59
1234077,A Vendre un Etage de Villa à Bizerte,,,250.0,S+2,RDC/Étage de villa,villaFloor,sale,agency,1120.0,56073/28036850_e0a5d4193361693c.jpg,[],,[],[],0,0,0,1,1,1,[],2026-01-13 14:00:20,2026-01-13 14:00:08,2026-02-03 14:16:38,2026-01-13 14:00:08,1,2026-02-07 14:47:59
898209,Av à hammamet nord maison avec 2 appartements,,350000.0,268.0,S+3,RDC/Étage de villa,villaFloor,sale,agency,5182.0,https://www.tunisiapromo.com/gallery/photo-1-105067.jpg,[],,[],[],0,0,0,1,8,8,[],2024-12-26 23:43:45,2013-08-28 00:24:16,2014-04-10 23:43:42,2013-08-28 00:24:16,1,2026-02-07 14:47:59
904353,Joli étage de villa à chott meriem,,150000.0,120.0,S+2,RDC/Étage de villa,villaFloor,sale,agency,4439.0,https://www.tunisiapromo.com/gallery/photo-1-21027.jpg,[],,[],[],0,0,0,1,1,1,[],2024-12-27 01:03:24,2012-04-16 01:03:18,2012-04-16 01:03:18,2012-04-16 01:03:18,1,2026-02-07 14:47:59
603305,étage de villa plus s plus 1 et terrain dépôt non couvert,,,,S+1,RDC/Étage de villa,villaFloor,sale,private,4838.0,https://www.menzili.tn/upload/photos/2022/10/18/21/22/76iq39is82.jpg,[],,"[{""sourceId"": 13, ""url"": ""https://www.menzili.tn/annonce/annonce-99907"", ""price"": null, ""sellerType"": ""private"", ""lastModified"": ""2022-10-18 23:39:10""}]",[],1,1,0,1,4,1,[],2022-10-16 13:22:09,2022-10-16 13:22:09,2023-07-09 21:19:02,2022-10-16 13:22:09,1,2026-02-07 14:47:59
1156268,Appartement coquet 200m² en rez-de-jardin,,530000.0,200.0,S+3,RDC/Étage de villa,villaFloor,sale,private,3593.0,https://www.menzili.tn/upload/photos/2020/02/15/12/30/a2s0s9q9zv.jpg,[],,"[{""sourceId"": 13, ""url"": ""https://www.menzili.tn/annonce/annonce-29548"", ""price"": 530000, ""sellerType"": ""private"", ""lastModified"": ""2020-02-15 00:13:10""}]",[],1,1,0,1,1,1,[],2025-10-19 00:13:14,2020-02-15 00:13:10,2020-02-15 00:13:10,2020-02-15 00:13:10,1,2026-02-07 14:47:59
824497,Etage de villa pavillon à carthage el yasmina,,185000.0,98.0,S+2,RDC/Étage de villa,villaFloor,sale,agency,4835.0,http://tunisie-annonce.com/upload2/202509/tunisie-annonce.com/photos/632246_20250901_114605.jpg,[],,[],[],0,0,0,1,4,1,[],2024-09-23 14:33:03,2024-09-23 14:32:43,2025-10-18 12:31:07,2024-09-23 14:52:11,1,2026-02-07 14:47:59
132274,Immeuble Sidi Abdelaziz,,,95.0,,RDC/Étage de villa,villaFloor,sale,private,5298.0,https://www.menzili.tn/upload/photos/2022/06/30/20/06/y2ssq4td96.jpg,[],,"[{""sourceId"": 13, ""url"": ""https://www.menzili.tn/annonce/annonce-90681"", ""price"": null, ""sellerType"": ""private"", ""lastModified"": ""2022-06-30 23:40:36""}]",[],1,1,0,1,3,1,[],2022-06-30 14:57:05,2022-06-30 14:57:05,2022-06-30 23:40:36,2022-06-30 14:57:05,1,2026-02-07 14:47:59
908469,Etage de villa  à ksar-hellal,,130000.0,141.0,S+3,RDC/Étage de villa,villaFloor,sale,private,3163.0,https://www.tunisiapromo.com/images/10881.jpg,[],,"[{""sourceId"": 4, ""url"": ""https://www.tunisiapromo.com/annonce/etage-de-villa-a-ksar-hellal-z10881.html"", ""price"": 130000, ""sellerType"": ""private"", ""lastModified"": ""2012-12-24 02:08:21""}]",[],1,1,0,1,1,1,[],2024-12-27 02:08:33,2012-12-24 02:08:21,2012-12-24 02:08:21,2012-12-24 02:08:21,1,2026-02-07 14:47:59
851126,À vendre étage de villa à Ezzahra plage,"🏠A vendre étage de villa a ezzahra plage 

Offrez-vous le confort et la tranquillité de cette étage de villa premier étage spacieux de 200 m2 . 
idéalement située a trois minutes a la gare et a six minutes a pied de la plage .          
elle répondra à tous vos besoin en matière de commodité et de confort. 
-Dans la partie jour on trouve un grand salon lumineux , une cuisine avec séjour . 
- la partie nuit est composé d’une suite parentale avec salle de bain privative garantissant un espace de confort et d’intimité , en outre deux chambres supplémentaires offrant un espace généreux  qui se partagent une salle de bain 
- Une place de parking disponible 
- une terrasse de 11 m2 
- climatisation split 

Pour plus d’information : 
☎️ + [hidden information]",370000.0,200.0,S+3,RDC/Étage de villa,villaFloor,sale,private,932.0,https://b3g4.fra01.idrivee2-68.com/images-mirror/54828/27414457_290965264.jpg,"[""https://b3g4.fra01.idrivee2-68.com/images-mirror/54828/27414457_290965264.jpg?response-content-type=image%2Fjpeg&response-cache-control=public%2C%20max-age%3D31536000%2C%20immutable&X-Amz-Content-Sha256=UNSIGNED-PAYLOAD&X-Amz-Algorithm=AWS4-HMAC-SHA256&X-Amz-Credential=Bhs7rzoWz1jkU0yRURAn%2F20260207%2FFrankfurt%2Fs3%2Faws4_request&X-Amz-Date=20260207T134531Z&X-Amz-SignedHeaders=host&X-Amz-Expires=86400&X-Amz-Signature=be626896114ebaafc60da6558cf79a580f401454d22b7b952c2a60885774a0c1"", ""https://b3g4.fra01.idrivee2-68.com/images-mirror/54828/27414457_296036352.jpg?response-content-type=image%2Fjpeg&response-cache-control=public%2C%20max-age%3D31536000%2C%20immutable&X-Amz-Content-Sha256=UNSIGNED-PAYLOAD&X-Amz-Algorithm=AWS4-HMAC-SHA256&X-Amz-Credential=Bhs7rzoWz1jkU0yRURAn%2F20260207%2FFrankfurt%2Fs3%2Faws4_request&X-Amz-Date=20260207T134531Z&X-Amz-SignedHeaders=host&X-Amz-Expires=86400&X-Amz-Signature=1708b928a0736d39fba08ccb40d5e2fae4729c90e3607c11ce5e874b1f6c74fd"", ""https://b3g4.fra01.idrivee2-68.com/images-mirror/54828/27414457_296036353.jpg?response-content-type=image%2Fjpeg&response-cache-control=public%2C%20max-age%3D31536000%2C%20immutable&X-Amz-Content-Sha256=UNSIGNED-PAYLOAD&X-Amz-Algorithm=AWS4-HMAC-SHA256&X-Amz-Credential=Bhs7rzoWz1jkU0yRURAn%2F20260207%2FFrankfurt%2Fs3%2Faws4_request&X-Amz-Date=20260207T134531Z&X-Amz-SignedHeaders=host&X-Amz-Expires=86400&X-Amz-Signature=fec4544d0bf55f9f42a3767f7aae5898d94dc584fcd8912a22b59135753b3861"", ""https://b3g4.fra01.idrivee2-68.com/images-mirror/54828/27414457_296036354.jpg?response-content-type=image%2Fjpeg&response-cache-control=public%2C%20max-age%3D31536000%2C%20immutable&X-Amz-Content-Sha256=UNSIGNED-PAYLOAD&X-Amz-Algorithm=AWS4-HMAC-SHA256&X-Amz-Credential=Bhs7rzoWz1jkU0yRURAn%2F20260207%2FFrankfurt%2Fs3%2Faws4_request&X-Amz-Date=20260207T134531Z&X-Amz-SignedHeaders=host&X-Amz-Expires=86400&X-Amz-Signature=d51be2ba9b6ea6eb0e9ccd44e908ad6d37b161d25d4b2d59b79ce941d1adc7e7"", ""https://b3g4.fra01.idrivee2-68.com/images-mirror/54828/27414457_296036355.jpg?response-content-type=image%2Fjpeg&response-cache-control=public%2C%20max-age%3D31536000%2C%20immutable&X-Amz-Content-Sha256=UNSIGNED-PAYLOAD&X-Amz-Algorithm=AWS4-HMAC-SHA256&X-Amz-Credential=Bhs7rzoWz1jkU0yRURAn%2F20260207%2FFrankfurt%2Fs3%2Faws4_request&X-Amz-Date=20260207T134531Z&X-Amz-SignedHeaders=host&X-Amz-Expires=86400&X-Amz-Signature=2685f338b84d8bb6adc5ff9b56c9adfcba4a602b8323a872b023936f7e3450d2"", ""https://b3g4.fra01.idrivee2-68.com/images-mirror/54828/27414457_296036356.jpg?response-content-type=image%2Fjpeg&response-cache-control=public%2C%20max-age%3D31536000%2C%20immutable&X-Amz-Content-Sha256=UNSIGNED-PAYLOAD&X-Amz-Algorithm=AWS4-HMAC-SHA256&X-Amz-Credential=Bhs7rzoWz1jkU0yRURAn%2F20260207%2FFrankfurt%2Fs3%2Faws4_request&X-Amz-Date=20260207T134531Z&X-Amz-SignedHeaders=host&X-Amz-Expires=86400&X-Amz-Signature=08298f08309355bbbdbe17a8a3525f458f91716166ec24c9007890dbbcfc2f8f"", ""https://b3g4.fra01.idrivee2-68.com/images-mirror/54828/27414457_296036357.jpg?response-content-type=image%2Fjpeg&response-cache-control=public%2C%20max-age%3D31536000%2C%20immutable&X-Amz-Content-Sha256=UNSIGNED-PAYLOAD&X-Amz-Algorithm=AWS4-HMAC-SHA256&X-Amz-Credential=Bhs7rzoWz1jkU0yRURAn%2F20260207%2FFrankfurt%2Fs3%2Faws4_request&X-Amz-Date=20260207T134531Z&X-Amz-SignedHeaders=host&X-Amz-Expires=86400&X-Amz-Signature=5e51c90318fb19fbefc32c442a9c431f245e3d21d6bc9ef8c6bbce29caaf8ac4"", ""https://b3g4.fra01.idrivee2-68.com/images-mirror/54828/27414457_296036358.jpg?response-content-type=image%2Fjpeg&response-cache-control=public%2C%20max-age%3D31536000%2C%20immutable&X-Amz-Content-Sha256=UNSIGNED-PAYLOAD&X-Amz-Algorithm=AWS4-HMAC-SHA256&X-Amz-Credential=Bhs7rzoWz1jkU0yRURAn%2F20260207%2FFrankfurt%2Fs3%2Faws4_request&X-Amz-Date=20260207T134531Z&X-Amz-SignedHeaders=host&X-Amz-Expires=86400&X-Amz-Signature=25785211174a0aa81860739d01cf6b35dbfe690b7ba51ff9bdd640c126d3a546"", ""https://b3g4.fra01.idrivee2-68.com/images-mirror/54828/27414457_296036359.jpg?response-content-type=image%2Fjpeg&response-cache-control=public%2C%20max-age%3D31536000%2C%20immutable&X-Amz-Content-Sha256=UNSIGNED-PAYLOAD&X-Amz-Algorithm=AWS4-HMAC-SHA256&X-Amz-Credential=Bhs7rzoWz1jkU0yRURAn%2F20260207%2FFrankfurt%2Fs3%2Faws4_request&X-Amz-Date=20260207T134531Z&X-Amz-SignedHeaders=host&X-Amz-Expires=86400&X-Amz-Signature=e318fabd6ae50fc556fddc10027c0fb89e1008c551cb0d795987707829498d74"", ""https://b3g4.fra01.idrivee2-68.com/images-mirror/54828/27414457_296036360.jpg?response-content-type=image%2Fjpeg&response-cache-control=public%2C%20max-age%3D31536000%2C%20immutable&X-Amz-Content-Sha256=UNSIGNED-PAYLOAD&X-Amz-Algorithm=AWS4-HMAC-SHA256&X-Amz-Credential=Bhs7rzoWz1jkU0yRURAn%2F20260207%2FFrankfurt%2Fs3%2Faws4_request&X-Amz-Date=20260207T134531Z&X-Amz-SignedHeaders=host&X-Amz-Expires=86400&X-Amz-Signature=7639ee0994a255b512342515c9b2c85ddafcc1a7960be60708bd215a0ab3549b"", ""https://www.menzili.tn/upload/photos/2024/11/07/14/02/9940qod147.jpg"", ""https://www.menzili.tn/upload/photos/2024/11/07/14/01/95mdv7q5vv.jpg"", ""https://www.menzili.tn/upload/photos/2024/11/07/14/01/a98e46sm21.jpg"", ""https://www.menzili.tn/upload/photos/2024/11/07/14/01/9382sqog38.jpg"", ""https://www.menzili.tn/upload/photos/2024/11/07/14/01/yr41s20994.jpg"", ""https://www.menzili.tn/upload/photos/2024/11/07/14/01/y71009d32s.jpg"", ""https://www.menzili.tn/upload/photos/2024/11/07/14/02/92m82s30d7.jpg"", ""https://www.menzili.tn/upload/photos/2024/11/07/14/02/7s694ii724.jpg"", ""https://www.menzili.tn/upload/photos/2024/11/07/14/02/bs42v9361z.jpg""]","[{""url"": ""https://b3g4.fra01.idrivee2-68.com/images-mirror/54828/27414457_290965264.jpg?response-content-type=image%2Fjpeg&response-cache-control=public%2C%20max-age%3D31536000%2C%20immutable&X-Amz-Content-Sha256=UNSIGNED-PAYLOAD&X-Amz-Algorithm=AWS4-HMAC-SHA256&X-Amz-Credential=Bhs7rzoWz1jkU0yRURAn%2F20260207%2FFrankfurt%2Fs3%2Faws4_request&X-Amz-Date=20260207T134531Z&X-Amz-SignedHeaders=host&X-Amz-Expires=86400&X-Amz-Signature=be626896114ebaafc60da6558cf79a580f401454d22b7b952c2a60885774a0c1"", ""sourceId"": 12, ""adUrl"": ""https://www.facebook.com/marketplace/item/1763251057609959/""}, {""url"": ""https://b3g4.fra01.idrivee2-68.com/images-mirror/54828/27414457_296036352.jpg?response-content-type=image%2Fjpeg&response-cache-control=public%2C%20max-age%3D31536000%2C%20immutable&X-Amz-Content-Sha256=UNSIGNED-PAYLOAD&X-Amz-Algorithm=AWS4-HMAC-SHA256&X-Amz-Credential=Bhs7rzoWz1jkU0yRURAn%2F20260207%2FFrankfurt%2Fs3%2Faws4_request&X-Amz-Date=20260207T134531Z&X-Amz-SignedHeaders=host&X-Amz-Expires=86400&X-Amz-Signature=1708b928a0736d39fba08ccb40d5e2fae4729c90e3607c11ce5e874b1f6c74fd"", ""sourceId"": 12, ""adUrl"": ""https://www.facebook.com/marketplace/item/1763251057609959/""}, {""url"": ""https://b3g4.fra01.idrivee2-68.com/images-mirror/54828/27414457_296036353.jpg?response-content-type=image%2Fjpeg&response-cache-control=public%2C%20max-age%3D31536000%2C%20immutable&X-Amz-Content-Sha256=UNSIGNED-PAYLOAD&X-Amz-Algorithm=AWS4-HMAC-SHA256&X-Amz-Credential=Bhs7rzoWz1jkU0yRURAn%2F20260207%2FFrankfurt%2Fs3%2Faws4_request&X-Amz-Date=20260207T134531Z&X-Amz-SignedHeaders=host&X-Amz-Expires=86400&X-Amz-Signature=fec4544d0bf55f9f42a3767f7aae5898d94dc584fcd8912a22b59135753b3861"", ""sourceId"": 12, ""adUrl"": ""https://www.facebook.com/marketplace/item/1763251057609959/""}, {""url"": ""https://b3g4.fra01.idrivee2-68.com/images-mirror/54828/27414457_296036354.jpg?response-content-type=image%2Fjpeg&response-cache-control=public%2C%20max-age%3D31536000%2C%20immutable&X-Amz-Content-Sha256=UNSIGNED-PAYLOAD&X-Amz-Algorithm=AWS4-HMAC-SHA256&X-Amz-Credential=Bhs7rzoWz1jkU0yRURAn%2F20260207%2FFrankfurt%2Fs3%2Faws4_request&X-Amz-Date=20260207T134531Z&X-Amz-SignedHeaders=host&X-Amz-Expires=86400&X-Amz-Signature=d51be2ba9b6ea6eb0e9ccd44e908ad6d37b161d25d4b2d59b79ce941d1adc7e7"", ""sourceId"": 12, ""adUrl"": ""https://www.facebook.com/marketplace/item/1763251057609959/""}, {""url"": ""https://b3g4.fra01.idrivee2-68.com/images-mirror/54828/27414457_296036355.jpg?response-content-type=image%2Fjpeg&response-cache-control=public%2C%20max-age%3D31536000%2C%20immutable&X-Amz-Content-Sha256=UNSIGNED-PAYLOAD&X-Amz-Algorithm=AWS4-HMAC-SHA256&X-Amz-Credential=Bhs7rzoWz1jkU0yRURAn%2F20260207%2FFrankfurt%2Fs3%2Faws4_request&X-Amz-Date=20260207T134531Z&X-Amz-SignedHeaders=host&X-Amz-Expires=86400&X-Amz-Signature=2685f338b84d8bb6adc5ff9b56c9adfcba4a602b8323a872b023936f7e3450d2"", ""sourceId"": 12, ""adUrl"": ""https://www.facebook.com/marketplace/item/1763251057609959/""}, {""url"": ""https://b3g4.fra01.idrivee2-68.com/images-mirror/54828/27414457_296036356.jpg?response-content-type=image%2Fjpeg&response-cache-control=public%2C%20max-age%3D31536000%2C%20immutable&X-Amz-Content-Sha256=UNSIGNED-PAYLOAD&X-Amz-Algorithm=AWS4-HMAC-SHA256&X-Amz-Credential=Bhs7rzoWz1jkU0yRURAn%2F20260207%2FFrankfurt%2Fs3%2Faws4_request&X-Amz-Date=20260207T134531Z&X-Amz-SignedHeaders=host&X-Amz-Expires=86400&X-Amz-Signature=08298f08309355bbbdbe17a8a3525f458f91716166ec24c9007890dbbcfc2f8f"", ""sourceId"": 12, ""adUrl"": ""https://www.facebook.com/marketplace/item/1763251057609959/""}, {""url"": ""https://b3g4.fra01.idrivee2-68.com/images-mirror/54828/27414457_296036357.jpg?response-content-type=image%2Fjpeg&response-cache-control=public%2C%20max-age%3D31536000%2C%20immutable&X-Amz-Content-Sha256=UNSIGNED-PAYLOAD&X-Amz-Algorithm=AWS4-HMAC-SHA256&X-Amz-Credential=Bhs7rzoWz1jkU0yRURAn%2F20260207%2FFrankfurt%2Fs3%2Faws4_request&X-Amz-Date=20260207T134531Z&X-Amz-SignedHeaders=host&X-Amz-Expires=86400&X-Amz-Signature=5e51c90318fb19fbefc32c442a9c431f245e3d21d6bc9ef8c6bbce29caaf8ac4"", ""sourceId"": 12, ""adUrl"": ""https://www.facebook.com/marketplace/item/1763251057609959/""}, {""url"": ""https://b3g4.fra01.idrivee2-68.com/images-mirror/54828/27414457_296036358.jpg?response-content-type=image%2Fjpeg&response-cache-control=public%2C%20max-age%3D31536000%2C%20immutable&X-Amz-Content-Sha256=UNSIGNED-PAYLOAD&X-Amz-Algorithm=AWS4-HMAC-SHA256&X-Amz-Credential=Bhs7rzoWz1jkU0yRURAn%2F20260207%2FFrankfurt%2Fs3%2Faws4_request&X-Amz-Date=20260207T134531Z&X-Amz-SignedHeaders=host&X-Amz-Expires=86400&X-Amz-Signature=25785211174a0aa81860739d01cf6b35dbfe690b7ba51ff9bdd640c126d3a546"", ""sourceId"": 12, ""adUrl"": ""https://www.facebook.com/marketplace/item/1763251057609959/""}, {""url"": ""https://b3g4.fra01.idrivee2-68.com/images-mirror/54828/27414457_296036359.jpg?response-content-type=image%2Fjpeg&response-cache-control=public%2C%20max-age%3D31536000%2C%20immutable&X-Amz-Content-Sha256=UNSIGNED-PAYLOAD&X-Amz-Algorithm=AWS4-HMAC-SHA256&X-Amz-Credential=Bhs7rzoWz1jkU0yRURAn%2F20260207%2FFrankfurt%2Fs3%2Faws4_request&X-Amz-Date=20260207T134531Z&X-Amz-SignedHeaders=host&X-Amz-Expires=86400&X-Amz-Signature=e318fabd6ae50fc556fddc10027c0fb89e1008c551cb0d795987707829498d74"", ""sourceId"": 12, ""adUrl"": ""https://www.facebook.com/marketplace/item/1763251057609959/""}, {""url"": ""https://b3g4.fra01.idrivee2-68.com/images-mirror/54828/27414457_296036360.jpg?response-content-type=image%2Fjpeg&response-cache-control=public%2C%20max-age%3D31536000%2C%20immutable&X-Amz-Content-Sha256=UNSIGNED-PAYLOAD&X-Amz-Algorithm=AWS4-HMAC-SHA256&X-Amz-Credential=Bhs7rzoWz1jkU0yRURAn%2F20260207%2FFrankfurt%2Fs3%2Faws4_request&X-Amz-Date=20260207T134531Z&X-Amz-SignedHeaders=host&X-Amz-Expires=86400&X-Amz-Signature=7639ee0994a255b512342515c9b2c85ddafcc1a7960be60708bd215a0ab3549b"", ""sourceId"": 12, ""adUrl"": ""https://www.facebook.com/marketplace/item/1763251057609959/""}, {""url"": ""https://www.menzili.tn/upload/photos/2024/11/07/14/02/9940qod147.jpg"", ""sourceId"": 13, ""adUrl"": ""https://www.menzili.tn/annonce/annonce-136133""}, {""url"": ""https://www.menzili.tn/upload/photos/2024/11/07/14/01/95mdv7q5vv.jpg"", ""sourceId"": 13, ""adUrl"": ""https://www.menzili.tn/annonce/annonce-136133""}, {""url"": ""https://www.menzili.tn/upload/photos/2024/11/07/14/01/a98e46sm21.jpg"", ""sourceId"": 13, ""adUrl"": ""https://www.menzili.tn/annonce/annonce-136133""}, {""url"": ""https://www.menzili.tn/upload/photos/2024/11/07/14/01/9382sqog38.jpg"", ""sourceId"": 13, ""adUrl"": ""https://www.menzili.tn/annonce/annonce-136133""}, {""url"": ""https://www.menzili.tn/upload/photos/2024/11/07/14/01/yr41s20994.jpg"", ""sourceId"": 13, ""adUrl"": ""https://www.menzili.tn/annonce/annonce-136133""}, {""url"": ""https://www.menzili.tn/upload/photos/2024/11/07/14/01/y71009d32s.jpg"", ""sourceId"": 13, ""adUrl"": ""https://www.menzili.tn/annonce/annonce-136133""}, {""url"": ""https://www.menzili.tn/upload/photos/2024/11/07/14/02/92m82s30d7.jpg"", ""sourceId"": 13, ""adUrl"": ""https://www.menzili.tn/annonce/annonce-136133""}, {""url"": ""https://www.menzili.tn/upload/photos/2024/11/07/14/02/7s694ii724.jpg"", ""sourceId"": 13, ""adUrl"": ""https://www.menzili.tn/annonce/annonce-136133""}, {""url"": ""https://www.menzili.tn/upload/photos/2024/11/07/14/02/bs42v9361z.jpg"", ""sourceId"": 13, ""adUrl"": ""https://www.menzili.tn/annonce/annonce-136133""}]","[{""sourceId"": 12, ""url"": ""https://www.facebook.com/marketplace/item/1763251057609959/"", ""price"": 370000, ""sellerType"": ""private"", ""lastModified"": ""2025-12-31 23:50:12""}, {""sourceId"": 13, ""url"": ""https://www.menzili.tn/annonce/annonce-136133"", ""price"": 360000, ""sellerType"": ""private"", ""lastModified"": ""2024-11-07 01:00:45""}]","[{""sellerType"": ""private"", ""contactName"": ""Anis salmi"", ""active"": true}]",2,2,1,1,3,2,"[""airConditioning"", ""garage"", ""garden""]",2024-11-07 21:13:05,2024-11-07 01:00:45,2025-12-31 23:50:12,2024-11-07 01:00:45,1,2026-02-07 14:47:59
492726,étage de maison s+2 réf v,"réf : V 260
l'agence immobilière kerkouane vous propose à vendre un jolie étage d'une maison de 120 m², il est située dans un quartier résidentiel calme accessible à proximité de la plage, il se compose d'un salon plus séjour, 2 chambres à coucher , cuisine aménagée , salle de bain , les papiers en règle titre bleu disponible, prix 75000 DT , pour plus de renseignement ou visite du bien, veuillez nous contacter au <a type=""phone"">+21655XXXXXX</a> / <a type=""phone"">+21655XXXXXX</a> / <a type=""phone"">+21672XXXXXX</a>",75000.0,120.0,S+2,RDC/Étage de villa,villaFloor,sale,agency,3496.0,https://www.tunisiapromo.com/gallery/photo-1-265389.jpg,"[""https://www.tunisiapromo.com/gallery/photo-1-265389.jpg"", ""https://www.tunisiapromo.com/gallery/photo-2-265390.jpg"", ""https://www.tunisiapromo.com/gallery/photo-3-265391.jpg"", ""https://www.tunisiapromo.com/gallery/photo-4-265392.jpg""]","[{""url"": ""https://www.tunisiapromo.com/gallery/photo-1-265389.jpg"", ""sourceId"": 4, ""adUrl"": ""https://www.tunisiapromo.com/annonce/etage-de-maison-s-2-ref-v-z52365.html""}, {""url"": ""https://www.tunisiapromo.com/gallery/photo-2-265390.jpg"", ""sourceId"": 4, ""adUrl"": ""https://www.tunisiapromo.com/annonce/etage-de-maison-s-2-ref-v-z52365.html""}, {""url"": ""https://www.tunisiapromo.com/gallery/photo-3-265391.jpg"", ""sourceId"": 4, ""adUrl"": ""https://www.tunisiapromo.com/annonce/etage-de-maison-s-2-ref-v-z52365.html""}, {""url"": ""https://www.tunisiapromo.com/gallery/photo-4-265392.jpg"", ""sourceId"": 4, ""adUrl"": ""https://www.tunisiapromo.com/annonce/etage-de-maison-s-2-ref-v-z52365.html""}]","[{""sourceId"": 4, ""url"": ""https://www.tunisiapromo.com/annonce/etage-de-maison-s-2-ref-v-z52365.html"", ""price"": 75000, ""sellerType"": ""agency"", ""lastModified"": ""2016-06-08 20:42:04""}]","[{""sellerType"": ""agency"", ""contactName"": ""Immobilière"", ""active"": true}]",1,1,1,1,2,1,[],2022-01-06 22:15:20,2016-06-08 20:42:04,2022-08-09 12:28:59,2016-06-08 20:42:04,1,2026-02-07 14:47:59
9410,RDC de Villa Turó  à Vendre d'EL Mourouj,"Un RDC de villa sur un terrain de 140 m² situé dans un bon quartier près de marché du gros d'EL Mourouj 3. A L'entrée, On a un salon, une cuisine, 2 chambres et une salle de bain. Pour tous les renseignements, Contacter l'agent sur le <a type=""phone"">+21653XXXXXX</a>.",140000.0,140.0,S+2,RDC/Étage de villa,villaFloor,sale,agency,845.0,https://www.menzili.tn/upload/photos/2023/02/02/11/50/a2n1qtoe64.jpg,"[""https://www.menzili.tn/upload/photos/2023/02/02/11/50/a2n1qtoe64.jpg"", ""https://server.bigdatis.com/api/properties/image/305666323"", ""https://server.bigdatis.com/api/properties/image/305666324"", ""https://server.bigdatis.com/api/properties/image/305666325""]","[{""url"": ""https://www.menzili.tn/upload/photos/2023/02/02/11/50/a2n1qtoe64.jpg"", ""sourceId"": 13, ""adUrl"": ""https://www.menzili.tn/annonce/annonce-108826""}, {""url"": ""https://server.bigdatis.com/api/properties/image/305666323"", ""sourceId"": 3, ""adUrl"": ""https://www.ballouchi.com/annonces/immobilier/villas/rdc-de-villa-turo-a-vendre-d-el-mourouj.html""}, {""url"": ""https://server.bigdatis.com/api/properties/image/305666324"", ""sourceId"": 3, ""adUrl"": ""https://www.ballouchi.com/annonces/immobilier/villas/rdc-de-villa-turo-a-vendre-d-el-mourouj.html""}, {""url"": ""https://server.bigdatis.com/api/properties/image/305666325"", ""sourceId"": 3, ""adUrl"": ""https://www.ballouchi.com/annonces/immobilier/villas/rdc-de-villa-turo-a-vendre-d-el-mourouj.html""}]","[{""sourceId"": 13, ""url"": ""https://www.menzili.tn/annonce/annonce-108826"", ""price"": 140000, ""sellerType"": ""agency"", ""lastModified"": ""2023-02-02 23:33:33""}, {""sourceId"": 3, ""url"": ""https://www.ballouchi.com/annonces/immobilier/villas/rdc-de-villa-turo-a-vendre-d-el-mourouj.html"", ""price"": 140000, ""sellerType"": ""agency"", ""lastModified"": ""2023-02-02 00:16:06""}]","[{""sellerType"": ""agency"", ""contactName"": ""Home Sweet Home"", ""active"": true}]",2,2,1,1,6,2,[],2023-02-02 11:40:02,2023-02-02 00:16:06,2023-07-17 14:24:37,2023-05-29 12:07:23,1,2026-02-07 14:47:59
795843,RDC de villa Ica à Vendre à Ezzahrouni,"Un RDC de villa composé de deux studio à rénover sur u terrain de 170 m² situé dans un bon quartier à Cité Ezzahrouni. Pour tous les renseignements, Contacter L'agent sur le <a type=""phone"">+21653XXXXXX</a>.",180000.0,170.0,,RDC/Étage de villa,villaFloor,sale,agency,4856.0,http://cdn2.ballouchi.com/800x600/390509-1.jpg,"[""https://server.bigdatis.com/api/properties/image/305448602"", ""https://server.bigdatis.com/api/properties/image/305448603"", ""https://www.menzili.tn/upload/photos/2023/09/14/12/17/9aib1pi2d5.jpg""]","[{""url"": ""https://server.bigdatis.com/api/properties/image/305448602"", ""sourceId"": 3, ""adUrl"": ""https://www.ballouchi.com/annonces/immobilier/appartements/rdc-de-villa-ica-a-vendre-a-ezzahrouni.html""}, {""url"": ""https://server.bigdatis.com/api/properties/image/305448603"", ""sourceId"": 3, ""adUrl"": ""https://www.ballouchi.com/annonces/immobilier/appartements/rdc-de-villa-ica-a-vendre-a-ezzahrouni.html""}, {""url"": ""https://www.menzili.tn/upload/photos/2023/09/14/12/17/9aib1pi2d5.jpg"", ""sourceId"": 13, ""adUrl"": ""https://www.menzili.tn/annonce/annonce-122105""}]","[{""sourceId"": 3, ""url"": ""https://www.ballouchi.com/annonces/immobilier/appartements/rdc-de-villa-ica-a-vendre-a-ezzahrouni.html"", ""price"": 180000, ""sellerType"": ""agency"", ""lastModified"": ""2024-01-24 21:32:53""}, {""sourceId"": 13, ""url"": ""https://www.menzili.tn/annonce/annonce-122105"", ""price"": 180000, ""sellerType"": ""agency"", ""lastModified"": ""2023-09-14 01:06:15""}]","[{""sellerType"": ""agency"", ""contactName"": ""homesweethome"", ""active"": true}]",2,2,1,1,6,2,[],2023-09-14 11:07:04,2023-09-14 01:06:15,2025-08-01 13:47:14,2023-09-14 01:06:15,1,2026-02-07 14:47:59
898244,A ksar saïd à proximité de carrefour market,"dans un quartier calme a vendre un étage de villa juste derrière L' I N E P S   dans un duplex r+1. l'étage et indépendant composé d'un salon + 2 chambres à coucher + une cuisine spacieuse bien équipé + salle de bain contenant les toilettes. 
superficie totale, 150 m² espace construit  100 m² espace libre 50 m² composé d'un couloir d'entrée 5/2 mètres + un petit jardin +",130000.0,150.0,S+2,RDC/Étage de villa,villaFloor,sale,private,4994.0,https://www.tunisiapromo.com/gallery/photo-1-81068.jpg,"[""https://www.tunisiapromo.com/gallery/photo-1-81068.jpg""]","[{""url"": ""https://www.tunisiapromo.com/gallery/photo-1-81068.jpg"", ""sourceId"": 4, ""adUrl"": ""https://www.tunisiapromo.com/annonce/a-ksar-said-a-proximite-de-carrefour-market-z19781.html""}]","[{""sourceId"": 4, ""url"": ""https://www.tunisiapromo.com/annonce/a-ksar-said-a-proximite-de-carrefour-market-z19781.html"", ""price"": 130000, ""sellerType"": ""private"", ""lastModified"": ""2014-04-11 23:43:53""}]","[{""sellerType"": ""private"", ""contactName"": ""neila"", ""active"": true}]",1,1,1,1,1,1,"[""equippedKitchen"", ""garden""]",2024-12-26 23:43:57,2014-02-04 23:43:53,2014-04-11 23:43:53,2014-02-04 23:43:53,1,2026-02-07 14:47:59
898249,A vendre un étage de villa à la falaise monastir,"A la Falaise Monastir, a vendre un grand étage de villa, du superficie 250m², composé d’un grand salon, salle à manger, 3 chambres à coucher, cuisine, bloc sanitaire et un grand terrasse.

N.B : Possibilité de bâtir 2 étages de plans
Chaque étage peut contenir 3 appartements
Le prix du m² couvert peut aller de 1850DT jusqu’à 2850DT

Prix: 500MDT
Pour plus des informations nous contacter sur <a type=""phone"">+21627XXXXXX</a> – <a type=""phone"">+21626XXXXXX</a> – <a type=""phone"">+21673XXXXXX</a>
Skype : immobsalma1",500000.0,250.0,S+3,RDC/Étage de villa,villaFloor,sale,agency,3211.0,https://www.tunisiapromo.com/gallery/photo-1-103226.jpg,"[""https://www.tunisiapromo.com/gallery/photo-1-103226.jpg"", ""https://www.tunisiapromo.com/gallery/photo-2-103227.jpg"", ""https://www.tunisiapromo.com/gallery/photo-3-103228.jpg"", ""https://www.tunisiapromo.com/gallery/photo-4-103229.jpg""]","[{""url"": ""https://www.tunisiapromo.com/gallery/photo-1-103226.jpg"", ""sourceId"": 4, ""adUrl"": ""https://www.tunisiapromo.com/annonce/a-vendre-un-etage-de-villa-a-la-falaise-monastir-z23052.html""}, {""url"": ""https://www.tunisiapromo.com/gallery/photo-2-103227.jpg"", ""sourceId"": 4, ""adUrl"": ""https://www.tunisiapromo.com/annonce/a-vendre-un-etage-de-villa-a-la-falaise-monastir-z23052.html""}, {""url"": ""https://www.tunisiapromo.com/gallery/photo-3-103228.jpg"", ""sourceId"": 4, ""adUrl"": ""https://www.tunisiapromo.com/annonce/a-vendre-un-etage-de-villa-a-la-falaise-monastir-z23052.html""}, {""url"": ""https://www.tunisiapromo.com/gallery/photo-4-103229.jpg"", ""sourceId"": 4, ""adUrl"": ""https://www.tunisiapromo.com/annonce/a-vendre-un-etage-de-villa-a-la-falaise-monastir-z23052.html""}]","[{""sourceId"": 4, ""url"": ""https://www.tunisiapromo.com/annonce/a-vendre-un-etage-de-villa-a-la-falaise-monastir-z23052.html"", ""price"": 500000, ""sellerType"": ""agency"", ""lastModified"": ""2014-04-14 23:43:58""}]","[{""sellerType"": ""agency"", ""contactName"": ""agence immobilière salma"", ""active"": true}]",1,1,1,1,1,1,"[""heating"", ""terrace""]",2024-12-26 23:44:12,2014-04-02 23:43:58,2014-04-14 23:43:58,2014-04-02 23:43:58,1,2026-02-07 14:47:59
756938,Etage de villa el rabie à carthage el yassmina,"un 3 éme étage de villa avec une entrée indépendante situé dans un bon quartier à carthage el yassmina. a l'entrée, on a un salon avec balcon, une cuisine avec séchoir, 2 chambres et une salle de bain.  pour tous les renseignements, contacter l'agent sur le <a type=""phone"">+21656XXXXXX</a>.",140000.0,63.0,S+2,RDC/Étage de villa,villaFloor,sale,agency,4835.0,http://tunisie-annonce.com/upload2/202502/tunisie-annonce.com/photos/632246_20250219_092243.jpg,"[""https://server.bigdatis.com/api/properties/image/305787424"", ""https://server.bigdatis.com/api/properties/image/305787425"", ""https://server.bigdatis.com/api/properties/image/305787426"", ""https://server.bigdatis.com/api/properties/image/305787427"", ""https://server.bigdatis.com/api/properties/image/305787428"", ""https://server.bigdatis.com/api/properties/image/305787429"", ""https://server.bigdatis.com/api/properties/image/305787430"", ""https://server.bigdatis.com/api/properties/image/305787431"", ""https://server.bigdatis.com/api/properties/image/305787432"", ""https://server.bigdatis.com/api/properties/image/305787433""]","[{""url"": ""https://server.bigdatis.com/api/properties/image/305787424"", ""sourceId"": 3, ""adUrl"": ""https://www.ballouchi.com/annonces/immobilier/appartements/etage-de-villa-el-rabie-a-vendre-a-carthage-el-yassmina.html""}, {""url"": ""https://server.bigdatis.com/api/properties/image/305787425"", ""sourceId"": 3, ""adUrl"": ""https://www.ballouchi.com/annonces/immobilier/appartements/etage-de-villa-el-rabie-a-vendre-a-carthage-el-yassmina.html""}, {""url"": ""https://server.bigdatis.com/api/properties/image/305787426"", ""sourceId"": 3, ""adUrl"": ""https://www.ballouchi.com/annonces/immobilier/appartements/etage-de-villa-el-rabie-a-vendre-a-carthage-el-yassmina.html""}, {""url"": ""https://server.bigdatis.com/api/properties/image/305787427"", ""sourceId"": 3, ""adUrl"": ""https://www.ballouchi.com/annonces/immobilier/appartements/etage-de-villa-el-rabie-a-vendre-a-carthage-el-yassmina.html""}, {""url"": ""https://server.bigdatis.com/api/properties/image/305787428"", ""sourceId"": 3, ""adUrl"": ""https://www.ballouchi.com/annonces/immobilier/appartements/etage-de-villa-el-rabie-a-vendre-a-carthage-el-yassmina.html""}, {""url"": ""https://server.bigdatis.com/api/properties/image/305787429"", ""sourceId"": 3, ""adUrl"": ""https://www.ballouchi.com/annonces/immobilier/appartements/etage-de-villa-el-rabie-a-vendre-a-carthage-el-yassmina.html""}, {""url"": ""https://server.bigdatis.com/api/properties/image/305787430"", ""sourceId"": 3, ""adUrl"": ""https://www.ballouchi.com/annonces/immobilier/appartements/etage-de-villa-el-rabie-a-vendre-a-carthage-el-yassmina.html""}, {""url"": ""https://server.bigdatis.com/api/properties/image/305787431"", ""sourceId"": 3, ""adUrl"": ""https://www.ballouchi.com/annonces/immobilier/appartements/etage-de-villa-el-rabie-a-vendre-a-carthage-el-yassmina.html""}, {""url"": ""https://server.bigdatis.com/api/properties/image/305787432"", ""sourceId"": 3, ""adUrl"": ""https://www.ballouchi.com/annonces/immobilier/appartements/etage-de-villa-el-rabie-a-vendre-a-carthage-el-yassmina.html""}, {""url"": ""https://server.bigdatis.com/api/properties/image/305787433"", ""sourceId"": 3, ""adUrl"": ""https://www.ballouchi.com/annonces/immobilier/appartements/etage-de-villa-el-rabie-a-vendre-a-carthage-el-yassmina.html""}]","[{""sourceId"": 1, ""url"": ""http://www.tunisie-annonce.com/DetailsAnnonceImmobilier.asp?cod_ann=3384654"", ""price"": 140000, ""sellerType"": ""agency"", ""lastModified"": ""2025-10-22 12:01:00""}, {""sourceId"": 3, ""url"": ""https://www.ballouchi.com/annonces/immobilier/appartements/etage-de-villa-el-rabie-a-vendre-a-carthage-el-yassmina.html"", ""price"": 140000, ""sellerType"": ""agency"", ""lastModified"": ""2024-06-03 01:51:39""}]","[{""sellerType"": ""agency"", ""contactName"": ""HOME SWEET HOME"", ""active"": true}]",2,2,1,1,4,2,[],2024-06-03 12:57:04,2024-06-03 01:51:39,2025-10-22 12:01:00,2024-06-03 01:51:39,1,2026-02-07 14:47:59
994508,VENTE FORSA!!! etage de villa indépendant,"vente étage villa avec  entrée indépendante
terrain :200m
standing: volet roulant électrique+ cuisine équipée+SDB +salle d'eau (haut standing) 
lieu : wardia 4 entre les stations métro L1 et L6 ( ibn sina et el ghazali)
à 10 mm du centre ville.
prés de toutes commodités 
prix négociable : 265 Mdt










_ villa au Rez de Chaussée /( construction 
snit): s+3 cuisine+sdb+jardin  
actuellement en location 

_ Villa à l' Étage ( revêtement de standing) s+4 cuisine équipée+sd + sdb+veranda+grande bit stah 
les papiers des Rc et étage sont en règle titre bleu
prix  négociable pour sérieux 
tél : <a type=""phone"">+21698XXXXXX</a>",265000.0,200.0,S+4,RDC/Étage de villa,villaFloor,sale,private,4864.0,55978/27989041_63636361636f79c1.jpg,"[""https://storage.googleapis.com/tayara-migration-yams-pro/a6/a65b0b36-7a2c-43f0-aab9-346ff6780274"", ""https://storage.googleapis.com/tayara-migration-yams-pro/f4/f4ed44b9-c6a3-46b9-81fc-e369534e3070"", ""https://storage.googleapis.com/tayara-migration-yams-pro/aa/aa67c9d9-3c03-4d88-a91c-9c89c2f7afe0"", ""https://storage.googleapis.com/tayara-migration-yams-pro/b0/b03a1500-d2a7-4568-9caf-2fe1868e4f53"", ""https://storage.googleapis.com/tayara-migration-yams-pro/89/89e50f58-bbba-47a0-ab7e-62d92118a904"", ""https://storage.googleapis.com/tayara-migration-yams-pro/f6/f65b154a-d39d-434a-8fd8-d90fd9cfa015"", ""https://storage.googleapis.com/tayara-migration-yams-pro/f0/f09f0c85-16a6-4ecc-86e1-1d41bf8801f5"", ""https://storage.googleapis.com/tayara-migration-yams-pro/9c/9c9c0430-323f-4525-be36-a74af45ee042"", ""https://storage.googleapis.com/tayara-migration-yams-pro/f2/f2280331-4f81-403d-ab40-65475b4b29bb"", ""https://storage.googleapis.com/tayara-migration-yams-pro/d8/d80ca1d3-06a9-46ff-a0e3-dfad9a488b75""]","[{""url"": ""https://storage.googleapis.com/tayara-migration-yams-pro/a6/a65b0b36-7a2c-43f0-aab9-346ff6780274"", ""sourceId"": 2, ""adUrl"": ""https://www.tayara.tn/item/69470383cd04d08be74e4e4d/?v=2""}, {""url"": ""https://storage.googleapis.com/tayara-migration-yams-pro/f4/f4ed44b9-c6a3-46b9-81fc-e369534e3070"", ""sourceId"": 2, ""adUrl"": ""https://www.tayara.tn/item/69470383cd04d08be74e4e4d/?v=2""}, {""url"": ""https://storage.googleapis.com/tayara-migration-yams-pro/aa/aa67c9d9-3c03-4d88-a91c-9c89c2f7afe0"", ""sourceId"": 2, ""adUrl"": ""https://www.tayara.tn/item/69470383cd04d08be74e4e4d/?v=2""}, {""url"": ""https://storage.googleapis.com/tayara-migration-yams-pro/b0/b03a1500-d2a7-4568-9caf-2fe1868e4f53"", ""sourceId"": 2, ""adUrl"": ""https://www.tayara.tn/item/69470383cd04d08be74e4e4d/?v=2""}, {""url"": ""https://storage.googleapis.com/tayara-migration-yams-pro/89/89e50f58-bbba-47a0-ab7e-62d92118a904"", ""sourceId"": 2, ""adUrl"": ""https://www.tayara.tn/item/69470383cd04d08be74e4e4d/?v=2""}, {""url"": ""https://storage.googleapis.com/tayara-migration-yams-pro/f6/f65b154a-d39d-434a-8fd8-d90fd9cfa015"", ""sourceId"": 2, ""adUrl"": ""https://www.tayara.tn/item/69470383cd04d08be74e4e4d/?v=2""}, {""url"": ""https://storage.googleapis.com/tayara-migration-yams-pro/f0/f09f0c85-16a6-4ecc-86e1-1d41bf8801f5"", ""sourceId"": 2, ""adUrl"": ""https://www.tayara.tn/item/69470383cd04d08be74e4e4d/?v=2""}, {""url"": ""https://storage.googleapis.com/tayara-migration-yams-pro/9c/9c9c0430-323f-4525-be36-a74af45ee042"", ""sourceId"": 2, ""adUrl"": ""https://www.tayara.tn/item/69470383cd04d08be74e4e4d/?v=2""}, {""url"": ""https://storage.googleapis.com/tayara-migration-yams-pro/f2/f2280331-4f81-403d-ab40-65475b4b29bb"", ""sourceId"": 2, ""adUrl"": ""https://www.tayara.tn/item/69470383cd04d08be74e4e4d/?v=2""}, {""url"": ""https://storage.googleapis.com/tayara-migration-yams-pro/d8/d80ca1d3-06a9-46ff-a0e3-dfad9a488b75"", ""sourceId"": 2, ""adUrl"": ""https://www.tayara.tn/item/69470383cd04d08be74e4e4d/?v=2""}]","[{""sourceId"": 2, ""url"": ""https://www.tayara.tn/item/69470383cd04d08be74e4e4d/?v=2"", ""price"": 265000, ""sellerType"": ""private"", ""lastModified"": ""2026-01-03 12:42:15""}]","[{""sellerType"": ""private"", ""contactName"": ""Mahmoud barkaoui"", ""active"": true}]",1,1,1,1,2,1,[],2025-05-02 20:45:31,2025-05-02 20:32:15,2026-01-03 12:42:15,2026-01-03 12:42:15,1,2026-02-07 14:47:59
898252,Av magnifique étage de villa avec magnifique vue mer à hammamet,"Av un magnifique étage de villa à hammamet vue mer pas loin du centre ville et de toutes les commodités
Il se compose d’un grand salon+ 3 chambres à coucher+cuisine bien équipée+salle de bain+ terrasse+abri voiture
Emplacement magnifique avec une superbe vue mer
Etage de villa avec entrée indépendante
prix: 180MD 
Pour plus d’informations veuillez nous contacter:
<a type=""phone"">+21624XXXXXX</a> ou <a type=""phone"">+21624XXXXXX</a>",180000.0,,S+3,RDC/Étage de villa,villaFloor,sale,agency,3479.0,https://www.tunisiapromo.com/gallery/photo-1-105470.jpg,"[""https://www.tunisiapromo.com/gallery/photo-1-105470.jpg"", ""https://www.tunisiapromo.com/gallery/photo-2-105471.jpg"", ""https://www.tunisiapromo.com/gallery/photo-3-105472.jpg"", ""https://www.tunisiapromo.com/gallery/photo-4-105473.jpg"", ""https://www.tunisiapromo.com/gallery/photo-5-105474.jpg"", ""https://www.tunisiapromo.com/gallery/photo-6-105475.jpg"", ""https://www.tunisiapromo.com/gallery/photo-7-105476.jpg"", ""https://www.tunisiapromo.com/gallery/photo-8-105477.jpg"", ""https://www.tunisiapromo.com/gallery/photo-1-90548.jpg"", ""https://www.tunisiapromo.com/gallery/photo-2-90549.jpg"", ""https://www.tunisiapromo.com/gallery/photo-5-90552.jpg"", ""https://www.tunisiapromo.com/gallery/photo-7-90554.jpg"", ""https://www.tunisiapromo.com/gallery/photo-9-90556.jpg"", ""https://www.tunisiapromo.com/gallery/photo-5-82131.jpg"", ""https://www.tunisiapromo.com/gallery/photo-7-82133.jpg""]","[{""url"": ""https://www.tunisiapromo.com/gallery/photo-1-105470.jpg"", ""sourceId"": 4, ""adUrl"": ""https://www.tunisiapromo.com/annonce/av-magnifique-etage-de-villa-avec-magnifique-vue-mer-a-hammamet-z23488.html""}, {""url"": ""https://www.tunisiapromo.com/gallery/photo-2-105471.jpg"", ""sourceId"": 4, ""adUrl"": ""https://www.tunisiapromo.com/annonce/av-magnifique-etage-de-villa-avec-magnifique-vue-mer-a-hammamet-z23488.html""}, {""url"": ""https://www.tunisiapromo.com/gallery/photo-3-105472.jpg"", ""sourceId"": 4, ""adUrl"": ""https://www.tunisiapromo.com/annonce/av-magnifique-etage-de-villa-avec-magnifique-vue-mer-a-hammamet-z23488.html""}, {""url"": ""https://www.tunisiapromo.com/gallery/photo-4-105473.jpg"", ""sourceId"": 4, ""adUrl"": ""https://www.tunisiapromo.com/annonce/av-magnifique-etage-de-villa-avec-magnifique-vue-mer-a-hammamet-z23488.html""}, {""url"": ""https://www.tunisiapromo.com/gallery/photo-5-105474.jpg"", ""sourceId"": 4, ""adUrl"": ""https://www.tunisiapromo.com/annonce/av-magnifique-etage-de-villa-avec-magnifique-vue-mer-a-hammamet-z23488.html""}, {""url"": ""https://www.tunisiapromo.com/gallery/photo-6-105475.jpg"", ""sourceId"": 4, ""adUrl"": ""https://www.tunisiapromo.com/annonce/av-magnifique-etage-de-villa-avec-magnifique-vue-mer-a-hammamet-z23488.html""}, {""url"": ""https://www.tunisiapromo.com/gallery/photo-7-105476.jpg"", ""sourceId"": 4, ""adUrl"": ""https://www.tunisiapromo.com/annonce/av-magnifique-etage-de-villa-avec-magnifique-vue-mer-a-hammamet-z23488.html""}, {""url"": ""https://www.tunisiapromo.com/gallery/photo-8-105477.jpg"", ""sourceId"": 4, ""adUrl"": ""https://www.tunisiapromo.com/annonce/av-magnifique-etage-de-villa-avec-magnifique-vue-mer-a-hammamet-z23488.html""}, {""url"": ""https://www.tunisiapromo.com/gallery/photo-1-90548.jpg"", ""sourceId"": 4, ""adUrl"": ""https://www.tunisiapromo.com/annonce/av-un-magnifique-etage-vue-mer-a-hammamet-z21187.html""}, {""url"": ""https://www.tunisiapromo.com/gallery/photo-2-90549.jpg"", ""sourceId"": 4, ""adUrl"": ""https://www.tunisiapromo.com/annonce/av-un-magnifique-etage-vue-mer-a-hammamet-z21187.html""}, {""url"": ""https://www.tunisiapromo.com/gallery/photo-5-90552.jpg"", ""sourceId"": 4, ""adUrl"": ""https://www.tunisiapromo.com/annonce/av-un-magnifique-etage-vue-mer-a-hammamet-z21187.html""}, {""url"": ""https://www.tunisiapromo.com/gallery/photo-7-90554.jpg"", ""sourceId"": 4, ""adUrl"": ""https://www.tunisiapromo.com/annonce/av-un-magnifique-etage-vue-mer-a-hammamet-z21187.html""}, {""url"": ""https://www.tunisiapromo.com/gallery/photo-9-90556.jpg"", ""sourceId"": 4, ""adUrl"": ""https://www.tunisiapromo.com/annonce/av-un-magnifique-etage-vue-mer-a-hammamet-z21187.html""}, {""url"": ""https://www.tunisiapromo.com/gallery/photo-5-82131.jpg"", ""sourceId"": 4, ""adUrl"": ""https://www.tunisiapromo.com/annonce/av-magnifique-etage-de-villa-a-hammamet-z19927.html""}, {""url"": ""https://www.tunisiapromo.com/gallery/photo-7-82133.jpg"", ""sourceId"": 4, ""adUrl"": ""https://www.tunisiapromo.com/annonce/av-magnifique-etage-de-villa-a-hammamet-z19927.html""}]","[{""sourceId"": 4, ""url"": ""https://www.tunisiapromo.com/annonce/av-magnifique-etage-de-villa-avec-magnifique-vue-mer-a-hammamet-z23488.html"", ""price"": 180000, ""sellerType"": ""agency"", ""lastModified"": ""2014-04-16 23:43:58""}]","[{""sellerType"": ""agency"", ""contactName"": ""aaaa"", ""active"": true}]",1,1,1,1,4,4,"[""equippedKitchen"", ""garage"", ""terrace""]",2024-12-26 23:44:12,2014-01-10 00:04:19,2014-04-16 23:43:58,2014-01-10 00:04:19,1,2026-02-07 14:47:59
1160401,Un RDC d‘une villa,"Réf : VV00388

Agence immobilière best service met un vente un RDC d‘une villa sis a bhira-Bizerte 

La villa fait le coin dans un boulevard principal prés de la mosquée de bhira emplacement très chic et commercial 

La superficie du terrain inclus la construction moyennement est 300m² avec un vaste appartement d’une superficie 180m² soit un s+3 vaste cuisine un beau jardin tout au tour.

Situation foncière réquisition

prix; 360mdt

Une vraie opportunité soit pour habitation ou investissement 

Pour plus de renseignement et prix prière de contacter 

Agence immobilière best service 

Cité de la santé la corniche – Bizerte

Tel : <a type=""phone"">+21698XXXXXX</a> –-<a type=""phone"">+21698XXXXXX</a> 

Whatsapp : <a type=""phone"">+21653XXXXXX</a>",360000.0,300.0,,RDC/Étage de villa,villaFloor,sale,agency,1131.0,https://www.menzili.tn/upload/photos/2024/12/31/12/17/71s0m42581.jpg,"[""https://www.menzili.tn/upload/photos/2024/12/31/12/17/71s0m42581.jpg"", ""https://www.menzili.tn/upload/photos/2024/12/31/12/18/a521znvs3g.jpg"", ""https://www.menzili.tn/upload/photos/2024/12/31/12/19/91r7s0d97v.jpg"", ""https://www.menzili.tn/upload/photos/2024/12/31/12/19/5s0m912441.jpg"", ""https://www.menzili.tn/upload/photos/2024/12/31/12/20/is9nd956s2.jpg"", ""https://www.menzili.tn/upload/photos/2024/12/31/12/20/1tfqdg573s.jpg""]","[{""url"": ""https://www.menzili.tn/upload/photos/2024/12/31/12/17/71s0m42581.jpg"", ""sourceId"": 13, ""adUrl"": ""https://www.menzili.tn/annonce/annonce-138088""}, {""url"": ""https://www.menzili.tn/upload/photos/2024/12/31/12/18/a521znvs3g.jpg"", ""sourceId"": 13, ""adUrl"": ""https://www.menzili.tn/annonce/annonce-138088""}, {""url"": ""https://www.menzili.tn/upload/photos/2024/12/31/12/19/91r7s0d97v.jpg"", ""sourceId"": 13, ""adUrl"": ""https://www.menzili.tn/annonce/annonce-138088""}, {""url"": ""https://www.menzili.tn/upload/photos/2024/12/31/12/19/5s0m912441.jpg"", ""sourceId"": 13, ""adUrl"": ""https://www.menzili.tn/annonce/annonce-138088""}, {""url"": ""https://www.menzili.tn/upload/photos/2024/12/31/12/20/is9nd956s2.jpg"", ""sourceId"": 13, ""adUrl"": ""https://www.menzili.tn/annonce/annonce-138088""}, {""url"": ""https://www.menzili.tn/upload/photos/2024/12/31/12/20/1tfqdg573s.jpg"", ""sourceId"": 13, ""adUrl"": ""https://www.menzili.tn/annonce/annonce-138088""}]","[{""sourceId"": 13, ""url"": ""https://www.menzili.tn/annonce/annonce-138088"", ""price"": 360000, ""sellerType"": ""agency"", ""lastModified"": ""2024-12-31 00:48:43""}]","[{""sellerType"": ""agency"", ""contactName"": ""Sallem naceur"", ""active"": true}]",1,1,1,1,1,1,[],2025-10-19 00:48:46,2024-12-31 00:48:43,2024-12-31 00:48:43,2024-12-31 00:48:43,1,2026-02-07 14:47:59
896214,Un beau rez de chaussé à kantaoui,"l'agence immobilière elkantaoui met en vente un beau rez de chaussé à Sahloul tout neuf dans une zone résidentielle très calme et prés de tous les commodités avec une entrée indépendante d'une superficie 135 m 2 composé de 2 chambres à coucher, salon,  cuisine équipé, salle de bain, fenêtres en aluminium et chauffage central.le bien à un titre individuel
prix 215000 dinars
pour plus de détails merci de nous contacter:
Agence Immobilière El Kantaoui
Tél.:<a type=""phone"">+21673XXXXXX</a>
<a type=""phone"">+21698XXXXXX</a>
<a type=""phone"">+21623XXXXXX</a>",215000.0,135.0,S+2,RDC/Étage de villa,villaFloor,sale,agency,4502.0,https://www.tunisiapromo.com/gallery/photo-1-157480.jpg,"[""https://www.tunisiapromo.com/gallery/photo-1-157480.jpg"", ""https://www.tunisiapromo.com/gallery/photo-2-157481.jpg"", ""https://www.tunisiapromo.com/gallery/photo-3-157482.jpg"", ""https://www.tunisiapromo.com/gallery/photo-4-157483.jpg"", ""https://www.tunisiapromo.com/gallery/photo-6-157485.jpg"", ""https://www.tunisiapromo.com/gallery/photo-7-157486.jpg"", ""https://www.tunisiapromo.com/gallery/photo-8-157487.jpg"", ""https://www.tunisiapromo.com/gallery/photo-9-157488.jpg""]","[{""url"": ""https://www.tunisiapromo.com/gallery/photo-1-157480.jpg"", ""sourceId"": 4, ""adUrl"": ""https://www.tunisiapromo.com/annonce/un-beau-rez-de-chausse-a-kantaoui-z32959.html""}, {""url"": ""https://www.tunisiapromo.com/gallery/photo-2-157481.jpg"", ""sourceId"": 4, ""adUrl"": ""https://www.tunisiapromo.com/annonce/un-beau-rez-de-chausse-a-kantaoui-z32959.html""}, {""url"": ""https://www.tunisiapromo.com/gallery/photo-3-157482.jpg"", ""sourceId"": 4, ""adUrl"": ""https://www.tunisiapromo.com/annonce/un-beau-rez-de-chausse-a-kantaoui-z32959.html""}, {""url"": ""https://www.tunisiapromo.com/gallery/photo-4-157483.jpg"", ""sourceId"": 4, ""adUrl"": ""https://www.tunisiapromo.com/annonce/un-beau-rez-de-chausse-a-kantaoui-z32959.html""}, {""url"": ""https://www.tunisiapromo.com/gallery/photo-6-157485.jpg"", ""sourceId"": 4, ""adUrl"": ""https://www.tunisiapromo.com/annonce/un-beau-rez-de-chausse-a-kantaoui-z32959.html""}, {""url"": ""https://www.tunisiapromo.com/gallery/photo-7-157486.jpg"", ""sourceId"": 4, ""adUrl"": ""https://www.tunisiapromo.com/annonce/un-beau-rez-de-chausse-a-kantaoui-z32959.html""}, {""url"": ""https://www.tunisiapromo.com/gallery/photo-8-157487.jpg"", ""sourceId"": 4, ""adUrl"": ""https://www.tunisiapromo.com/annonce/un-beau-rez-de-chausse-a-kantaoui-z32959.html""}, {""url"": ""https://www.tunisiapromo.com/gallery/photo-9-157488.jpg"", ""sourceId"": 4, ""adUrl"": ""https://www.tunisiapromo.com/annonce/un-beau-rez-de-chausse-a-kantaoui-z32959.html""}]","[{""sourceId"": 4, ""url"": ""https://www.tunisiapromo.com/annonce/un-beau-rez-de-chausse-a-kantaoui-z32959.html"", ""price"": 215000, ""sellerType"": ""agency"", ""lastModified"": ""2014-11-04 22:58:01""}]","[{""sellerType"": ""agency"", ""contactName"": ""Immobiliére El Kantaoui"", ""active"": true}]",1,1,1,1,1,1,[],2024-12-26 22:58:09,2014-10-27 22:58:01,2014-11-04 22:58:01,2014-10-27 22:58:01,1,2026-02-07 14:47:59
875738,Deux étage de maison pres de yassmine hammamt,"Deux étages de maison prés de yassmin hamamet sur terrain de 300m il compris a l’extérieur d’un grand terrasse et  garage, jardin, « bire » avec un cuisine extérieur.
A l’intérieur chaque étage se compose d’un salon deux chambres a coucher avec salle d’eau et cuisine. 
Compteur L’eau et l’électricité disponible. 
Prix : 250MD 
Contacter <a type=""phone"">+21625XXXXXX</a>",250000.0,300.0,S+2,RDC/Étage de villa,villaFloor,sale,agency,5184.0,https://www.tunisiapromo.com/images/93118.jpg,"[""https://www.tunisiapromo.com/images/93118.jpg""]","[{""url"": ""https://www.tunisiapromo.com/images/93118.jpg"", ""sourceId"": 4, ""adUrl"": ""https://www.tunisiapromo.com/annonce/deux-etage-de-maison-pres-de-yassmine-hammamt-z93118.html""}]","[{""sourceId"": 4, ""url"": ""https://www.tunisiapromo.com/annonce/deux-etage-de-maison-pres-de-yassmine-hammamt-z93118.html"", ""price"": 250000, ""sellerType"": ""agency"", ""lastModified"": ""2019-09-25 16:48:03""}]","[{""sellerType"": ""agency"", ""contactName"": ""best"", ""active"": true}]",1,1,1,1,1,1,[],2024-12-26 16:48:16,2019-09-25 16:48:03,2019-09-25 16:48:03,2019-09-25 16:48:03,1,2026-02-07 14:47:59
718048,Rez De Chaussée de Villa à Ain Mariem Bizerte,"Réez De Chaussée de Villa Titré avec entrée indépendante à Ain Mariem Bizerte.
Réez de Chaussée Composée d’un Salon, 2 Chambres à Coucher, Une Cuisine équipée, Salle de Bain.
Avec Possibilité d’une chambre en Plus ( Studio ) .

Rez De Chaussée de Villa à Ain Mariem Bizerte : Votre Nouveau Havre de Paix !

Située dans le quartier résidentiel d'Ain Mariem à Bizerte, cette charmante villa en rez-de-chaussée offre un cadre de vie idéal pour ceux qui recherchent confort et tranquillité. Avec son titre de propriété sécurisé et son entrée indépendante, cette propriété constitue une excellente opportunité pour les acheteurs à la recherche d'un logement spacieux et bien aménagé.

Description détaillée :

Informations clés :

Pourquoi choisir cette villa ?

Ne laissez pas passer cette opportunité unique de devenir propriétaire d'une villa rez-de-chaussée à Ain Mariem, Bizerte. Parfaite pour les familles ou les investisseurs, cette propriété offre un excellent rapport qualité/prix pour un cadre de vie exceptionnel.",350000.0,165.0,S+3,RDC/Étage de villa,villaFloor,sale,agency,1124.0,https://www.bnb.tn/wp-content/uploads/2023/10/thumb_684309_property_xlarge-1024x598.jpeg,"[""https://www.bnb.tn/wp-content/uploads/2023/10/thumb_684309_property_xlarge-1024x598.jpeg"", ""https://www.bnb.tn/wp-content/uploads/2023/10/thumb_684310_property_xlarge-1024x528.jpeg"", ""https://www.bnb.tn/wp-content/uploads/2023/10/thumb_684308_property_xlarge-1024x768.jpeg"", ""https://www.bnb.tn/wp-content/uploads/2023/10/thumb_684311_property_xlarge-667x1024.jpeg"", ""https://www.bnb.tn/wp-content/uploads/2023/10/thumb_684306_property_xlarge-1024x768.jpeg"", ""https://www.bnb.tn/wp-content/uploads/2023/10/thumb_684307_property_xlarge-1024x768.jpeg""]","[{""url"": ""https://www.bnb.tn/wp-content/uploads/2023/10/thumb_684309_property_xlarge-1024x598.jpeg"", ""sourceId"": 8, ""adUrl"": ""https://www.bnb.tn/properties/reez-de-chaussee-de-villa-a-ain-mariem-bizerte/""}, {""url"": ""https://www.bnb.tn/wp-content/uploads/2023/10/thumb_684310_property_xlarge-1024x528.jpeg"", ""sourceId"": 8, ""adUrl"": ""https://www.bnb.tn/properties/reez-de-chaussee-de-villa-a-ain-mariem-bizerte/""}, {""url"": ""https://www.bnb.tn/wp-content/uploads/2023/10/thumb_684308_property_xlarge-1024x768.jpeg"", ""sourceId"": 8, ""adUrl"": ""https://www.bnb.tn/properties/reez-de-chaussee-de-villa-a-ain-mariem-bizerte/""}, {""url"": ""https://www.bnb.tn/wp-content/uploads/2023/10/thumb_684311_property_xlarge-667x1024.jpeg"", ""sourceId"": 8, ""adUrl"": ""https://www.bnb.tn/properties/reez-de-chaussee-de-villa-a-ain-mariem-bizerte/""}, {""url"": ""https://www.bnb.tn/wp-content/uploads/2023/10/thumb_684306_property_xlarge-1024x768.jpeg"", ""sourceId"": 8, ""adUrl"": ""https://www.bnb.tn/properties/reez-de-chaussee-de-villa-a-ain-mariem-bizerte/""}, {""url"": ""https://www.bnb.tn/wp-content/uploads/2023/10/thumb_684307_property_xlarge-1024x768.jpeg"", ""sourceId"": 8, ""adUrl"": ""https://www.bnb.tn/properties/reez-de-chaussee-de-villa-a-ain-mariem-bizerte/""}]","[{""sourceId"": 8, ""url"": ""https://www.bnb.tn/properties/reez-de-chaussee-de-villa-a-ain-mariem-bizerte/"", ""price"": 350000, ""sellerType"": ""agency"", ""lastModified"": ""2025-08-01 17:35:14""}]","[{""sellerType"": ""agency"", ""contactName"": null, ""active"": true}]",1,1,1,1,5,1,[],2023-10-20 14:42:12,2023-10-20 14:41:14,2025-08-01 17:35:14,2023-11-30 13:10:19,1,2026-02-07 14:47:59
1012962,immeuble FARAH VVM044,"Korba , sortie de la ville vers diar hojej .Chez BEYA IMMOBILIERE à vendre sur un terrain de 145m² un immeuble (référence ; immeuble FARAH VVM044) Rdc ; garage et une villa s+2 Premier étage ; un s+2 inachevé Deuxième étage un s+2 avec un grand salon et une grande cuisine Equipement= …... Frais de VISITE est 20DT (valable pour toutes visites pendant trois mois) téléphone/whatsup/imo....madame RANIA (00216)94<a type=""phone"">+21694XXXXXX</a> (00216)98<a type=""phone"">+21698XXXXXX</a>ureau ;72<a type=""phone"">+21672XXXXXX</a>--sur Messenger fb ; beyaimmo .",230000.0,145.0,S+5,RDC/Étage de villa,villaFloor,sale,agency,3521.0,https://img.cava.tn/cava/items/5bb08558-9389-4354-8f37-0a95cf5598cd/1765533201953.webp,"[""https://img.cava.tn/cava/items/4fcc4f79-51f4-4bab-8c0d-f4b0c7757567/1765533201953.webp""]","[{""url"": ""https://img.cava.tn/cava/items/4fcc4f79-51f4-4bab-8c0d-f4b0c7757567/1765533201953.webp"", ""sourceId"": 7, ""adUrl"": ""https://www.cava.tn/maisons_et_villas/immeuble-farah-vvm044-975510""}]","[{""sourceId"": 7, ""url"": ""https://www.cava.tn/maisons_et_villas/immeuble-farah-vvm044-975510"", ""price"": 230000, ""sellerType"": ""agency"", ""lastModified"": ""2025-12-12 09:54:21""}]","[{""sellerType"": ""agency"", ""contactName"": ""Beya"", ""active"": true}]",1,1,1,1,3,3,[],2025-05-20 09:15:19,2025-05-20 09:11:46,2025-12-12 09:54:21,2025-05-20 09:11:46,1,2026-02-07 14:47:59
1162466,Maison arabe + boutique + appartement indépendant à beb souika,"A vendre une grande maison arabe au plein milieu du centre ville à beb souika de 225 mètres carre, très calme ,spacieuse et bien aerée

Composée de : rez de chaussée + étage + boutique + appartement indépendant.

Rez de chaussée : 2 entrées, sallon et salle a manger, 3 chambres a coucher, cuisine, 2 toilet, hall

Etage : 3 chambres a coucher, salle de bain, cuisine, terasse

Appartement indépendant : hall, cuisine, salle de bain, 2 chambres a coucher

[Prix discutable]

Contactez : <a type=""phone"">+21698XXXXXX</a>",380000.0,225.0,,RDC/Étage de villa,villaFloor,sale,private,4822.0,https://www.menzili.tn/upload/photos/2018/05/25/17/22/i4ps9g2s67.jpg,"[""https://www.menzili.tn/upload/photos/2018/05/25/17/22/i4ps9g2s67.jpg"", ""https://www.menzili.tn/upload/photos/2018/05/25/17/22/29bh127d12.jpg"", ""https://www.menzili.tn/upload/photos/2018/05/25/17/22/2i7tv69s26.jpg"", ""https://www.menzili.tn/upload/photos/2018/05/25/17/22/2mdqtv3s67.jpg"", ""https://www.menzili.tn/upload/photos/2018/05/25/17/22/id2439d5i6.jpg"", ""https://www.menzili.tn/upload/photos/2018/05/25/17/22/j2460d3241.jpg"", ""https://www.menzili.tn/upload/photos/2018/05/25/17/22/d3mqd6i932.jpg""]","[{""url"": ""https://www.menzili.tn/upload/photos/2018/05/25/17/22/i4ps9g2s67.jpg"", ""sourceId"": 13, ""adUrl"": ""https://www.menzili.tn/annonce/annonce-6467""}, {""url"": ""https://www.menzili.tn/upload/photos/2018/05/25/17/22/29bh127d12.jpg"", ""sourceId"": 13, ""adUrl"": ""https://www.menzili.tn/annonce/annonce-6467""}, {""url"": ""https://www.menzili.tn/upload/photos/2018/05/25/17/22/2i7tv69s26.jpg"", ""sourceId"": 13, ""adUrl"": ""https://www.menzili.tn/annonce/annonce-6467""}, {""url"": ""https://www.menzili.tn/upload/photos/2018/05/25/17/22/2mdqtv3s67.jpg"", ""sourceId"": 13, ""adUrl"": ""https://www.menzili.tn/annonce/annonce-6467""}, {""url"": ""https://www.menzili.tn/upload/photos/2018/05/25/17/22/id2439d5i6.jpg"", ""sourceId"": 13, ""adUrl"": ""https://www.menzili.tn/annonce/annonce-6467""}, {""url"": ""https://www.menzili.tn/upload/photos/2018/05/25/17/22/j2460d3241.jpg"", ""sourceId"": 13, ""adUrl"": ""https://www.menzili.tn/annonce/annonce-6467""}, {""url"": ""https://www.menzili.tn/upload/photos/2018/05/25/17/22/d3mqd6i932.jpg"", ""sourceId"": 13, ""adUrl"": ""https://www.menzili.tn/annonce/annonce-6467""}]","[{""sourceId"": 13, ""url"": ""https://www.menzili.tn/annonce/annonce-6467"", ""price"": 380000, ""sellerType"": ""private"", ""lastModified"": ""2018-05-25 01:04:23""}]","[{""sellerType"": ""private"", ""contactName"": ""Hml"", ""active"": true}]",1,1,1,1,1,1,[],2025-10-19 01:04:26,2018-05-25 01:04:23,2018-05-25 01:04:23,2018-05-25 01:04:23,1,2026-02-07 14:47:59
1209574,Étage de villa,Au 1 er étage en bon état,150000.0,90.0,S+2,RDC/Étage de villa,villaFloor,sale,private,4901.0,https://www.mubawab-media.com/ad/8/267/472F/h/17650465967512038369652441491333_81582256.avif,"[""https://www.mubawab-media.com/ad/8/267/472F/h/17650465967512038369652441491333_81582256.avif""]","[{""url"": ""https://www.mubawab-media.com/ad/8/267/472F/h/17650465967512038369652441491333_81582256.avif"", ""sourceId"": 5, ""adUrl"": ""https://www.mubawab.tn/fr/a/8267472/%C3%A9tage-de-villa""}]","[{""sourceId"": 5, ""url"": ""https://www.mubawab.tn/fr/a/8267472/%C3%A9tage-de-villa"", ""price"": 150000, ""sellerType"": ""private"", ""lastModified"": ""2026-01-24 22:49:09""}]","[{""sellerType"": ""private"", ""contactName"": ""Malek Particulier"", ""active"": true}]",1,1,1,1,1,1,[],2025-12-06 20:00:37,2025-12-06 20:00:26,2026-01-24 22:49:09,2025-12-06 20:00:26,1,2026-02-07 14:47:59
842983,Etage de villa S3 à vendre centre Hammamet,"Click Dar Immobilier Hammamet vous propose pour la vente, un appartement en S3 situé au 2ème étage en plein centre-ville Hammamet.

Superficie totale : 146 m² 

Il se compose de : Salon, Suite parentale , 02 chambres à coucher, Cuisine et Salle de douche 

Prix : 320 Md 

Réf : AD022",320000.0,146.0,S+3,RDC/Étage de villa,villaFloor,sale,agency,3479.0,https://www.mubawab-media.com/ad/8/022/768F/h/2_81564390.avif,"[""https://www.mubawab-media.com/ad/8/022/768F/h/2_81564390.avif"", ""https://www.mubawab-media.com/ad/8/022/768F/h/1_81564392.avif"", ""https://www.mubawab-media.com/ad/8/022/768F/h/3_81564393.avif"", ""https://www.mubawab-media.com/ad/8/022/768F/h/4_81564394.avif"", ""https://www.mubawab-media.com/ad/8/022/768F/h/5_81564395.avif"", ""https://www.mubawab-media.com/ad/8/022/768F/h/6_81564396.avif"", ""https://www.mubawab-media.com/ad/8/022/768F/h/7_81564397.avif"", ""https://www.mubawab-media.com/ad/8/022/768F/h/8_81564398.avif"", ""https://www.mubawab-media.com/ad/8/022/768F/h/8_81564399.avif"", ""https://www.mubawab-media.com/ad/8/022/768F/h/9_81564401.avif"", ""https://www.mubawab-media.com/ad/8/022/768F/h/10_81564402.avif"", ""https://www.mubawab-media.com/ad/8/022/768F/h/11_81564403.avif"", ""https://www.mubawab-media.com/ad/8/022/768F/h/12_81564404.avif"", ""https://www.mubawab-media.com/ad/8/022/768F/h/13_81564405.avif"", ""https://www.mubawab-media.com/ad/8/022/768F/h/14_81564406.avif"", ""https://www.mubawab-media.com/ad/8/022/768F/h/16_81564407.avif""]","[{""url"": ""https://www.mubawab-media.com/ad/8/022/768F/h/2_81564390.avif"", ""sourceId"": 5, ""adUrl"": ""https://www.mubawab.tn/fr/a/8022768/etage-de-villa-s3-%C3%A0-vendre-centre-hammamet""}, {""url"": ""https://www.mubawab-media.com/ad/8/022/768F/h/1_81564392.avif"", ""sourceId"": 5, ""adUrl"": ""https://www.mubawab.tn/fr/a/8022768/etage-de-villa-s3-%C3%A0-vendre-centre-hammamet""}, {""url"": ""https://www.mubawab-media.com/ad/8/022/768F/h/3_81564393.avif"", ""sourceId"": 5, ""adUrl"": ""https://www.mubawab.tn/fr/a/8022768/etage-de-villa-s3-%C3%A0-vendre-centre-hammamet""}, {""url"": ""https://www.mubawab-media.com/ad/8/022/768F/h/4_81564394.avif"", ""sourceId"": 5, ""adUrl"": ""https://www.mubawab.tn/fr/a/8022768/etage-de-villa-s3-%C3%A0-vendre-centre-hammamet""}, {""url"": ""https://www.mubawab-media.com/ad/8/022/768F/h/5_81564395.avif"", ""sourceId"": 5, ""adUrl"": ""https://www.mubawab.tn/fr/a/8022768/etage-de-villa-s3-%C3%A0-vendre-centre-hammamet""}, {""url"": ""https://www.mubawab-media.com/ad/8/022/768F/h/6_81564396.avif"", ""sourceId"": 5, ""adUrl"": ""https://www.mubawab.tn/fr/a/8022768/etage-de-villa-s3-%C3%A0-vendre-centre-hammamet""}, {""url"": ""https://www.mubawab-media.com/ad/8/022/768F/h/7_81564397.avif"", ""sourceId"": 5, ""adUrl"": ""https://www.mubawab.tn/fr/a/8022768/etage-de-villa-s3-%C3%A0-vendre-centre-hammamet""}, {""url"": ""https://www.mubawab-media.com/ad/8/022/768F/h/8_81564398.avif"", ""sourceId"": 5, ""adUrl"": ""https://www.mubawab.tn/fr/a/8022768/etage-de-villa-s3-%C3%A0-vendre-centre-hammamet""}, {""url"": ""https://www.mubawab-media.com/ad/8/022/768F/h/8_81564399.avif"", ""sourceId"": 5, ""adUrl"": ""https://www.mubawab.tn/fr/a/8022768/etage-de-villa-s3-%C3%A0-vendre-centre-hammamet""}, {""url"": ""https://www.mubawab-media.com/ad/8/022/768F/h/9_81564401.avif"", ""sourceId"": 5, ""adUrl"": ""https://www.mubawab.tn/fr/a/8022768/etage-de-villa-s3-%C3%A0-vendre-centre-hammamet""}, {""url"": ""https://www.mubawab-media.com/ad/8/022/768F/h/10_81564402.avif"", ""sourceId"": 5, ""adUrl"": ""https://www.mubawab.tn/fr/a/8022768/etage-de-villa-s3-%C3%A0-vendre-centre-hammamet""}, {""url"": ""https://www.mubawab-media.com/ad/8/022/768F/h/11_81564403.avif"", ""sourceId"": 5, ""adUrl"": ""https://www.mubawab.tn/fr/a/8022768/etage-de-villa-s3-%C3%A0-vendre-centre-hammamet""}, {""url"": ""https://www.mubawab-media.com/ad/8/022/768F/h/12_81564404.avif"", ""sourceId"": 5, ""adUrl"": ""https://www.mubawab.tn/fr/a/8022768/etage-de-villa-s3-%C3%A0-vendre-centre-hammamet""}, {""url"": ""https://www.mubawab-media.com/ad/8/022/768F/h/13_81564405.avif"", ""sourceId"": 5, ""adUrl"": ""https://www.mubawab.tn/fr/a/8022768/etage-de-villa-s3-%C3%A0-vendre-centre-hammamet""}, {""url"": ""https://www.mubawab-media.com/ad/8/022/768F/h/14_81564406.avif"", ""sourceId"": 5, ""adUrl"": ""https://www.mubawab.tn/fr/a/8022768/etage-de-villa-s3-%C3%A0-vendre-centre-hammamet""}, {""url"": ""https://www.mubawab-media.com/ad/8/022/768F/h/16_81564407.avif"", ""sourceId"": 5, ""adUrl"": ""https://www.mubawab.tn/fr/a/8022768/etage-de-villa-s3-%C3%A0-vendre-centre-hammamet""}]","[{""sourceId"": 5, ""url"": ""https://www.mubawab.tn/fr/a/8022768/etage-de-villa-s3-%C3%A0-vendre-centre-hammamet"", ""price"": 320000, ""sellerType"": ""agency"", ""lastModified"": ""2026-01-29 14:32:08""}]","[{""sellerType"": ""agency"", ""contactName"": ""Agence Immobilière CLICK DAR"", ""active"": true}]",1,1,1,1,1,1,[],2024-10-23 16:49:49,2024-10-23 16:49:49,2026-01-29 14:32:08,2025-07-23 15:45:52,1,2026-02-07 14:47:59
931047,Rdc belascoaran bardo,"un rdc de villa sur un terrain de 420 m² situé dans un quartier résidentiel à bardo. a l'entrée, on a un salon, une cuisine, 4 chambres et une salle de bain. a l'extérieur, on a une terrasse et un studio. pour tous les renseignements, contacter l'agent sur le <a type=""phone"">+21658XXXXXX</a>.",600000.0,420.0,S+4,RDC/Étage de villa,villaFloor,sale,agency,4995.0,http://tunisie-annonce.com/upload2/202501/tunisie-annonce.com/photos/632246_20250124_102231.jpg,"[""https://server.bigdatis.com/api/properties/image/278145479"", ""https://server.bigdatis.com/api/properties/image/278145480""]","[{""url"": ""https://server.bigdatis.com/api/properties/image/278145479"", ""sourceId"": 1, ""adUrl"": ""http://www.tunisie-annonce.com/DetailsAnnonceImmobilier.asp?cod_ann=3377926""}, {""url"": ""https://server.bigdatis.com/api/properties/image/278145480"", ""sourceId"": 1, ""adUrl"": ""http://www.tunisie-annonce.com/DetailsAnnonceImmobilier.asp?cod_ann=3377926""}]","[{""sourceId"": 1, ""url"": ""http://www.tunisie-annonce.com/DetailsAnnonceImmobilier.asp?cod_ann=3377926"", ""price"": 600000, ""sellerType"": ""agency"", ""lastModified"": ""2025-10-29 19:34:37""}]","[{""sellerType"": ""agency"", ""contactName"": ""HOME SWEET HOME"", ""active"": true}]",1,1,1,1,1,1,[],2025-01-24 10:45:24,2025-01-24 10:45:22,2025-10-29 19:34:37,2025-01-24 10:45:22,1,2026-02-07 14:47:59
1131751,,"L’agence Century 21 PATRIMOINE vous propose une villa  située dans un secteur prisé de Menzah 9, avec une surface bâtie de 600 m² sur un terrain de 533 m².

Composition :

La villa se compose de deux étages indépendants + deux studios  :

*Rez-de-chaussée :

-Un salon

-Une salle à manger

-Trois chambres à coucher

-Une cuisine extérieur 

*rez-de-jardin : 

-Un salon

-Une cuisiné équipée

-Un piscine chauffée

*1er étage  :

-Un salon avec balcon

-Trois chambres à coucher

-Une salle d’eau

-Une salle de bain

-Une cuisine 

*Équipements :

-Chauffage central

-Climatisation

-Panneaux photovoltaïques

-Chauffage solaire pour piscine

* Extérieur  :

-Jardin

-Deux studios indépendant

-Trois places parking 

Pour plus d’informations ou pour organiser une visite : <a type=""phone"">+21620XXXXXX</a> / <a type=""phone"">+21620XXXXXX</a>",1290000.0,600.0,,RDC/Étage de villa,villaFloor,sale,agency,5207.0,https://logis.fra1.digitaloceanspaces.com/11/Properties/118390/conversions/pXLc3FkzcJf54Ytm-thumb.jpg,"[""https://logis.fra1.digitaloceanspaces.com/11/Properties/118390/conversions/pXLc3FkzcJf54Ytm-thumb.jpg"", ""https://logis.fra1.digitaloceanspaces.com/11/Properties/118392/conversions/d842q0e57Af6gZV9-thumb.jpg"", ""https://logis.fra1.digitaloceanspaces.com/11/Properties/118394/conversions/bMhWBs9TSOFkwPiZ-thumb.jpg"", ""https://logis.fra1.digitaloceanspaces.com/11/Properties/121858/conversions/EoQVPEB5txBZs4hS-thumb.jpg"", ""https://logis.fra1.digitaloceanspaces.com/11/Properties/121859/conversions/knuVNDjeymvO8xUa-thumb.jpg"", ""https://logis.fra1.digitaloceanspaces.com/11/Properties/121860/conversions/mB4dGbcLJDhQsrnb-thumb.jpg"", ""https://logis.fra1.digitaloceanspaces.com/11/Properties/121864/conversions/ngD1gNpDS5Isd9I6-thumb.jpg"", ""https://logis.fra1.digitaloceanspaces.com/11/Properties/121865/conversions/5piZB63gxOhBaVoG-thumb.jpg""]","[{""url"": ""https://logis.fra1.digitaloceanspaces.com/11/Properties/118390/conversions/pXLc3FkzcJf54Ytm-thumb.jpg"", ""sourceId"": 11, ""adUrl"": ""https://century21.tn/property/a-vendre-une-villa-a-el-menzah-9/""}, {""url"": ""https://logis.fra1.digitaloceanspaces.com/11/Properties/118392/conversions/d842q0e57Af6gZV9-thumb.jpg"", ""sourceId"": 11, ""adUrl"": ""https://century21.tn/property/a-vendre-une-villa-a-el-menzah-9/""}, {""url"": ""https://logis.fra1.digitaloceanspaces.com/11/Properties/118394/conversions/bMhWBs9TSOFkwPiZ-thumb.jpg"", ""sourceId"": 11, ""adUrl"": ""https://century21.tn/property/a-vendre-une-villa-a-el-menzah-9/""}, {""url"": ""https://logis.fra1.digitaloceanspaces.com/11/Properties/121858/conversions/EoQVPEB5txBZs4hS-thumb.jpg"", ""sourceId"": 11, ""adUrl"": ""https://century21.tn/property/a-vendre-une-villa-a-el-menzah-9/""}, {""url"": ""https://logis.fra1.digitaloceanspaces.com/11/Properties/121859/conversions/knuVNDjeymvO8xUa-thumb.jpg"", ""sourceId"": 11, ""adUrl"": ""https://century21.tn/property/a-vendre-une-villa-a-el-menzah-9/""}, {""url"": ""https://logis.fra1.digitaloceanspaces.com/11/Properties/121860/conversions/mB4dGbcLJDhQsrnb-thumb.jpg"", ""sourceId"": 11, ""adUrl"": ""https://century21.tn/property/a-vendre-une-villa-a-el-menzah-9/""}, {""url"": ""https://logis.fra1.digitaloceanspaces.com/11/Properties/121864/conversions/ngD1gNpDS5Isd9I6-thumb.jpg"", ""sourceId"": 11, ""adUrl"": ""https://century21.tn/property/a-vendre-une-villa-a-el-menzah-9/""}, {""url"": ""https://logis.fra1.digitaloceanspaces.com/11/Properties/121865/conversions/5piZB63gxOhBaVoG-thumb.jpg"", ""sourceId"": 11, ""adUrl"": ""https://century21.tn/property/a-vendre-une-villa-a-el-menzah-9/""}]","[{""sourceId"": 11, ""url"": ""https://century21.tn/property/a-vendre-une-villa-a-el-menzah-9/"", ""price"": 1290000, ""sellerType"": ""agency"", ""lastModified"": ""2025-10-18 09:29:54""}]","[{""sellerType"": ""agency"", ""contactName"": ""CENTURY 21 Patrimoine"", ""active"": true}]",1,1,1,1,1,1,[],2025-09-29 14:31:33,2025-09-29 14:28:51,2025-10-18 09:29:54,2025-09-29 14:28:51,1,2026-02-07 14:47:59
222445,Appartement etage de villa a vendre s+3 a el omrane belvédère.,s+3 100m2 + une terrasse de 40m2 + une place de parking el omrane belvédère,150000.0,100.0,S+3,RDC/Étage de villa,villaFloor,sale,private,4894.0,https://www.menzili.tn/upload/photos/2021/05/04/12/35/7s2i7q9324.jpg,"[""https://www.menzili.tn/upload/photos/2021/05/04/12/35/7s2i7q9324.jpg"", ""https://www.menzili.tn/upload/photos/2021/05/04/12/35/j110s9qdgz.jpg"", ""https://www.menzili.tn/upload/photos/2021/05/04/12/36/a92r2vq221.jpg"", ""https://www.menzili.tn/upload/photos/2021/05/04/12/36/ydb240sqd6.jpg"", ""https://www.menzili.tn/upload/photos/2021/05/04/12/37/94fdd99464.jpg"", ""https://www.menzili.tn/upload/photos/2021/05/04/12/37/abm8etqts4.jpg"", ""https://www.menzili.tn/upload/photos/2021/05/04/12/38/yb63257226.jpg"", ""https://www.menzili.tn/upload/photos/2021/05/04/12/38/97st633g5v.jpg"", ""https://www.menzili.tn/upload/photos/2021/05/04/12/39/9s8r4vq5s1.jpg""]","[{""url"": ""https://www.menzili.tn/upload/photos/2021/05/04/12/35/7s2i7q9324.jpg"", ""sourceId"": 13, ""adUrl"": ""https://www.menzili.tn/annonce/annonce-58127""}, {""url"": ""https://www.menzili.tn/upload/photos/2021/05/04/12/35/j110s9qdgz.jpg"", ""sourceId"": 13, ""adUrl"": ""https://www.menzili.tn/annonce/annonce-58127""}, {""url"": ""https://www.menzili.tn/upload/photos/2021/05/04/12/36/a92r2vq221.jpg"", ""sourceId"": 13, ""adUrl"": ""https://www.menzili.tn/annonce/annonce-58127""}, {""url"": ""https://www.menzili.tn/upload/photos/2021/05/04/12/36/ydb240sqd6.jpg"", ""sourceId"": 13, ""adUrl"": ""https://www.menzili.tn/annonce/annonce-58127""}, {""url"": ""https://www.menzili.tn/upload/photos/2021/05/04/12/37/94fdd99464.jpg"", ""sourceId"": 13, ""adUrl"": ""https://www.menzili.tn/annonce/annonce-58127""}, {""url"": ""https://www.menzili.tn/upload/photos/2021/05/04/12/37/abm8etqts4.jpg"", ""sourceId"": 13, ""adUrl"": ""https://www.menzili.tn/annonce/annonce-58127""}, {""url"": ""https://www.menzili.tn/upload/photos/2021/05/04/12/38/yb63257226.jpg"", ""sourceId"": 13, ""adUrl"": ""https://www.menzili.tn/annonce/annonce-58127""}, {""url"": ""https://www.menzili.tn/upload/photos/2021/05/04/12/38/97st633g5v.jpg"", ""sourceId"": 13, ""adUrl"": ""https://www.menzili.tn/annonce/annonce-58127""}, {""url"": ""https://www.menzili.tn/upload/photos/2021/05/04/12/39/9s8r4vq5s1.jpg"", ""sourceId"": 13, ""adUrl"": ""https://www.menzili.tn/annonce/annonce-58127""}]","[{""sourceId"": 13, ""url"": ""https://www.menzili.tn/annonce/annonce-58127"", ""price"": 150000, ""sellerType"": ""private"", ""lastModified"": ""2021-05-04 23:55:18""}]","[{""sellerType"": ""private"", ""contactName"": ""Motion Transform"", ""active"": true}]",1,1,1,1,2,1,"[""airConditioning""]",2022-01-06 21:19:13,2021-05-04 23:55:18,2022-01-27 00:40:36,2021-05-04 23:55:18,1,2026-02-07 14:47:59
906477,Rdc à carthage byrssa,"Au plus offrant!! A vendre un rdc d'une villa sise à Carthage Byrsa, parallèlement à l'avenue Habib Bourguiba. le 1er etage est à mon frére . Il   y'a la possibilté de vendre tout le lot. Je répondrai uniquement par téléphone  au <a type=""phone"">+21626XXXXXX</a> ou au <a type=""phone"">+33629XXXXXX</a>. Svp, pas sérieux et curieux merci de s'abstenir! 
Le prix est à débattre!",300000.0,300.0,S+3,RDC/Étage de villa,villaFloor,sale,private,4830.0,,[],,"[{""sourceId"": 4, ""url"": ""https://www.tunisiapromo.com/annonce/rdc-a-carthage-byrssa-z1809.html"", ""price"": 300000, ""sellerType"": ""private"", ""lastModified"": ""2010-07-30 01:33:56""}]","[{""sellerType"": ""private"", ""contactName"": ""Akram"", ""active"": true}]",1,1,1,1,1,1,[],2024-12-27 01:34:06,2010-07-17 01:33:56,2010-07-30 01:33:56,2010-07-17 01:33:56,1,2026-02-07 14:47:59
36079,Beau étage de villa S+2 située à Sahloul,"L’immobilière Internationale Tunisie met en Vente 💒 un beau etage de villa S+2 située à Sahloul 3 au 1 ere étage d’une superficie 120 m² avec entrée indépendante dans un quartier résidentiel, calme et doté de bon voisinage
à proximités de toutes les commodités
Il se compose d’un salon , 02 chambres à coucher , cuisine , une salle de bain et Deux Balcons
#Standing et #équipement :
-gaz de ville
-Menuiserie en bois
-climatiseur
Prix : 245.000 dt

Découvrez cette opportunité exceptionnelle !

Vous êtes à la recherche d'un espace de vie élégant et confortable à Sahloul ? Ne cherchez plus ! Nous vous présentons un beau rez-de-chaussée de villa S+2, parfaitement situé dans le quartier recherché de Sahloul.

Caractéristiques clés :

Une localisation idéale :
Situé à Sahloul, ce bien immobilier bénéficie d'une localisation stratégique, offrant un accès facile aux commodités et services de proximité. Profitez d'un cadre de vie serein tout en restant connecté aux opportunités que la région a à offrir.

Un espace de vie conçu pour le confort :
Ce rez-de-chaussée de villa S+2 est conçu pour offrir un espace de vie confortable et fonctionnel. Les pièces sont agencées pour maximiser la lumière naturelle et offrir des espaces conviviaux.

Ne laissez pas passer cette opportunité !
Que vous soyez à la recherche d'un lieu pour vous installer durablement ou pour un investissement immobilier, ce bien à Sahloul représente une excellente option. Profitez de cette chance de vivre dans un espace confortable et élégant, à un prix compétitif.

Faites de ce lieu, votre chez-vous !",245000.0,120.0,S+2,RDC/Étage de villa,villaFloor,sale,agency,5309.0,https://www.bnb.tn/wp-content/uploads/2021/08/217702795_4482802875071568_5062175779515118811_n-1024x768.jpg,"[""https://www.bnb.tn/wp-content/uploads/2021/08/217702795_4482802875071568_5062175779515118811_n-1024x768.jpg"", ""https://www.bnb.tn/wp-content/uploads/2021/08/217599376_4482802228404966_7779653381385594646_n-1024x768.jpg"", ""https://www.bnb.tn/wp-content/uploads/2021/08/218622041_4482803278404861_2731873067398953019_n-768x1024.jpg"", ""https://www.bnb.tn/wp-content/uploads/2021/08/218087923_4482803628404826_4756950309518713233_n-1024x768.jpg"", ""https://www.bnb.tn/wp-content/uploads/2021/08/217991555_4482803935071462_1439324541327500829_n-768x1024.jpg"", ""https://www.bnb.tn/wp-content/uploads/2021/08/217818333_4482806005071255_2497185146312205053_n-768x1024.jpg"", ""https://www.bnb.tn/wp-content/uploads/2021/08/218352082_4482804568404732_745529209539557935_n-768x1024.jpg"", ""https://www.bnb.tn/wp-content/uploads/2021/08/217850398_4482802668404922_2227994425355739092_n-768x1024.jpg"", ""https://www.bnb.tn/wp-content/uploads/2021/08/217898239_4482805968404592_1315497355686631802_n-768x1024.jpg"", ""https://www.bnb.tn/wp-content/uploads/2021/08/217703333_4482803491738173_1232259610725653393_n-768x1024.jpg""]","[{""url"": ""https://www.bnb.tn/wp-content/uploads/2021/08/217702795_4482802875071568_5062175779515118811_n-1024x768.jpg"", ""sourceId"": 8, ""adUrl"": ""https://www.bnb.tn/properties/beau-etage-de-villa-s2-situee-a-sahloul/""}, {""url"": ""https://www.bnb.tn/wp-content/uploads/2021/08/217599376_4482802228404966_7779653381385594646_n-1024x768.jpg"", ""sourceId"": 8, ""adUrl"": ""https://www.bnb.tn/properties/beau-etage-de-villa-s2-situee-a-sahloul/""}, {""url"": ""https://www.bnb.tn/wp-content/uploads/2021/08/218622041_4482803278404861_2731873067398953019_n-768x1024.jpg"", ""sourceId"": 8, ""adUrl"": ""https://www.bnb.tn/properties/beau-etage-de-villa-s2-situee-a-sahloul/""}, {""url"": ""https://www.bnb.tn/wp-content/uploads/2021/08/218087923_4482803628404826_4756950309518713233_n-1024x768.jpg"", ""sourceId"": 8, ""adUrl"": ""https://www.bnb.tn/properties/beau-etage-de-villa-s2-situee-a-sahloul/""}, {""url"": ""https://www.bnb.tn/wp-content/uploads/2021/08/217991555_4482803935071462_1439324541327500829_n-768x1024.jpg"", ""sourceId"": 8, ""adUrl"": ""https://www.bnb.tn/properties/beau-etage-de-villa-s2-situee-a-sahloul/""}, {""url"": ""https://www.bnb.tn/wp-content/uploads/2021/08/217818333_4482806005071255_2497185146312205053_n-768x1024.jpg"", ""sourceId"": 8, ""adUrl"": ""https://www.bnb.tn/properties/beau-etage-de-villa-s2-situee-a-sahloul/""}, {""url"": ""https://www.bnb.tn/wp-content/uploads/2021/08/218352082_4482804568404732_745529209539557935_n-768x1024.jpg"", ""sourceId"": 8, ""adUrl"": ""https://www.bnb.tn/properties/beau-etage-de-villa-s2-situee-a-sahloul/""}, {""url"": ""https://www.bnb.tn/wp-content/uploads/2021/08/217850398_4482802668404922_2227994425355739092_n-768x1024.jpg"", ""sourceId"": 8, ""adUrl"": ""https://www.bnb.tn/properties/beau-etage-de-villa-s2-situee-a-sahloul/""}, {""url"": ""https://www.bnb.tn/wp-content/uploads/2021/08/217898239_4482805968404592_1315497355686631802_n-768x1024.jpg"", ""sourceId"": 8, ""adUrl"": ""https://www.bnb.tn/properties/beau-etage-de-villa-s2-situee-a-sahloul/""}, {""url"": ""https://www.bnb.tn/wp-content/uploads/2021/08/217703333_4482803491738173_1232259610725653393_n-768x1024.jpg"", ""sourceId"": 8, ""adUrl"": ""https://www.bnb.tn/properties/beau-etage-de-villa-s2-situee-a-sahloul/""}]","[{""sourceId"": 8, ""url"": ""https://www.bnb.tn/properties/beau-etage-de-villa-s2-situee-a-sahloul/"", ""price"": 245000, ""sellerType"": ""agency"", ""lastModified"": ""2025-09-13 00:28:14""}]","[{""sellerType"": ""agency"", ""contactName"": ""immo internationale"", ""active"": true}]",1,1,1,1,1,1,[],2022-01-06 23:30:44,2021-08-23 16:50:01,2025-09-13 00:28:14,2021-08-23 16:50:01,1,2026-02-07 14:47:59
779503,RDC de Villa Nîmes à Vendre à Sidi Bou Said,"Un Rdc de Villa sur un terrain de 242 m² situé das un quartier résidentiel très prisé à Sidi Bou Said. Au RDJ, On a un hall centrale, 2 chambres et une salle de bain. Au RDC, On a un grand salon, une cuisine, 2 chambres et une salle d'eau. A L'extérieur, On a une terrasse, un jardin et un abri de voiture.",950000.0,242.0,S+4,RDC/Étage de villa,villaFloor,sale,agency,4837.0,http://cdn2.ballouchi.com/800x600/391193-1.jpg,"[""https://server.bigdatis.com/api/properties/image/305735808"", ""https://server.bigdatis.com/api/properties/image/305735809"", ""https://server.bigdatis.com/api/properties/image/305735810"", ""https://server.bigdatis.com/api/properties/image/305735811"", ""https://server.bigdatis.com/api/properties/image/305735812"", ""https://server.bigdatis.com/api/properties/image/305735813"", ""https://server.bigdatis.com/api/properties/image/305735814"", ""https://server.bigdatis.com/api/properties/image/305735815""]","[{""url"": ""https://server.bigdatis.com/api/properties/image/305735808"", ""sourceId"": 3, ""adUrl"": ""https://www.ballouchi.com/annonces/immobilier/villas/rdc-de-villa-nimes-a-vendre-a-sidi-bou-said-2.html""}, {""url"": ""https://server.bigdatis.com/api/properties/image/305735809"", ""sourceId"": 3, ""adUrl"": ""https://www.ballouchi.com/annonces/immobilier/villas/rdc-de-villa-nimes-a-vendre-a-sidi-bou-said-2.html""}, {""url"": ""https://server.bigdatis.com/api/properties/image/305735810"", ""sourceId"": 3, ""adUrl"": ""https://www.ballouchi.com/annonces/immobilier/villas/rdc-de-villa-nimes-a-vendre-a-sidi-bou-said-2.html""}, {""url"": ""https://server.bigdatis.com/api/properties/image/305735811"", ""sourceId"": 3, ""adUrl"": ""https://www.ballouchi.com/annonces/immobilier/villas/rdc-de-villa-nimes-a-vendre-a-sidi-bou-said-2.html""}, {""url"": ""https://server.bigdatis.com/api/properties/image/305735812"", ""sourceId"": 3, ""adUrl"": ""https://www.ballouchi.com/annonces/immobilier/villas/rdc-de-villa-nimes-a-vendre-a-sidi-bou-said-2.html""}, {""url"": ""https://server.bigdatis.com/api/properties/image/305735813"", ""sourceId"": 3, ""adUrl"": ""https://www.ballouchi.com/annonces/immobilier/villas/rdc-de-villa-nimes-a-vendre-a-sidi-bou-said-2.html""}, {""url"": ""https://server.bigdatis.com/api/properties/image/305735814"", ""sourceId"": 3, ""adUrl"": ""https://www.ballouchi.com/annonces/immobilier/villas/rdc-de-villa-nimes-a-vendre-a-sidi-bou-said-2.html""}, {""url"": ""https://server.bigdatis.com/api/properties/image/305735815"", ""sourceId"": 3, ""adUrl"": ""https://www.ballouchi.com/annonces/immobilier/villas/rdc-de-villa-nimes-a-vendre-a-sidi-bou-said-2.html""}]","[{""sourceId"": 3, ""url"": ""https://www.ballouchi.com/annonces/immobilier/villas/rdc-de-villa-nimes-a-vendre-a-sidi-bou-said-2.html"", ""price"": 950000, ""sellerType"": ""agency"", ""lastModified"": ""2024-02-05 01:10:01""}]","[{""sellerType"": ""agency"", ""contactName"": ""homesweethome"", ""active"": true}]",1,1,1,1,7,1,[],2023-02-08 11:45:05,2023-02-08 11:38:49,2024-06-26 08:45:53,2024-02-05 01:10:01,1,2026-02-07 14:47:59
1213681,À Vendre – Rez-de-Jardin S+2 Rénové à Tabarka,"🏡 À Vendre – Rez-de-Jardin S+2 Rénové à Tabarka | Résidence Méhari
📍 Emplacement d’exception face au Golfe de la Cigale
📌 Superficie couverte : 82 m²
📌 Titre bleu : Disponible ✅
📌 Meublé : Oui, entièrement équipé
📌 Parking privatif : Oui
📌 Location actuelle : 375 TND / nuit
📌 Électricité & eau : Gratuites (incluses)
📌 Prix : 420 000 TND
✨ Description :
Vous rêvez de vivre entre mer, forêt et montagne ? Découvrez Dar Senda, un rez-de-jardin très coquet S+2, récemment transformé et entièrement rénové en 2023, situé dans le cadre verdoyant et sécurisé de la résidence Méhari à Tabarka.
À seulement 2 minutes à pied de la mer et face au Golfe de la Cigale, ce bien rare vous offre un cadre paisible, sans vis-à-vis, avec accès direct aux services de l’hôtel Méhari, situé juste en face :
🌊 Plage privée
🏊‍♂️ Piscines, dont une chauffée
💆‍♀️ Centre Thalasso
🍽 Restaurants, snacks & bars
🚵‍♂️ Activités : randonnées, quad, balades en mer, plongée sous-marine...
🏠 Caractéristiques du logement :
Type : Rez-de-Jardin S+2
Superficie : 82 m²
Chambres : 2
Salle de bain : 1
Salle d’eau : 1
Capacité : Jusqu’à 5 personnes
Lits : 5 (1 lit double, 3 lits simples)
Cuisine équipée, salon lumineux
Climatisation & chauffage
Parking privatif
Électricité & eau incluses (aucune facture à prévoir)
🛠 Travaux récents :
Rénovation complète effectuée en 2023 :
Plomberie & électricité neuves
Revêtement au sol moderne
Salle de bain et salle d’eau refaites à neuf
Cuisine sur mesure entièrement équipée
Le bien est actuellement loué à 375 TND / nuit avec un excellent retour des locataires (TunRooms & Airbnb). Calme, propreté et vue sont les points les plus souvent mentionnés.
Pour plus de détails, visiter la page Dar Sena Tabarka. Le contact du propriétaire y est mentionné.",420000.0,82.0,S+2,RDC/Étage de villa,villaFloor,sale,private,1901.0,https://storage.googleapis.com/tayara-migration-yams-pro/3f/3fa19d7e-e50c-4171-8d0a-2d2383d901fa,"[""https://storage.googleapis.com/tayara-migration-yams-pro/3f/3fa19d7e-e50c-4171-8d0a-2d2383d901fa"", ""https://storage.googleapis.com/tayara-migration-yams-pro/78/78b07277-7ac2-4f7c-847a-e19a1ad7c51e"", ""https://storage.googleapis.com/tayara-migration-yams-pro/a0/a006ade2-26b4-4134-bce3-252ac627a3cc"", ""https://storage.googleapis.com/tayara-migration-yams-pro/28/281cf1cd-c4db-43e4-968f-29456ab4db93"", ""https://storage.googleapis.com/tayara-migration-yams-pro/59/590d2978-4189-4b82-9a70-bc70ecdf37bf"", ""https://storage.googleapis.com/tayara-migration-yams-pro/96/96d58cdc-cc8a-4276-8fab-bbdb5c802a98"", ""https://storage.googleapis.com/tayara-migration-yams-pro/a8/a8a3561a-0cd7-4462-b229-74f38bd98b49"", ""https://storage.googleapis.com/tayara-migration-yams-pro/36/36101eb0-86ea-4019-a8df-48b6e88d73f4"", ""https://storage.googleapis.com/tayara-migration-yams-pro/26/26a3f68b-8094-4ac8-bfea-acaa04408eb5"", ""https://storage.googleapis.com/tayara-migration-yams-pro/8e/8e2fedd5-91c6-43b0-b6e3-e10cfce4e1b4"", ""https://storage.googleapis.com/tayara-migration-yams-pro/12/1244fcf8-617b-4b28-87da-97bab179abd8"", ""https://storage.googleapis.com/tayara-migration-yams-pro/75/7550fb22-e48a-487d-aa20-1f3b0b0aa4c7""]","[{""url"": ""https://storage.googleapis.com/tayara-migration-yams-pro/3f/3fa19d7e-e50c-4171-8d0a-2d2383d901fa"", ""sourceId"": 2, ""adUrl"": ""https://www.tayara.tn/item/693b2094cd04d08be7496cf4/?v=2""}, {""url"": ""https://storage.googleapis.com/tayara-migration-yams-pro/78/78b07277-7ac2-4f7c-847a-e19a1ad7c51e"", ""sourceId"": 2, ""adUrl"": ""https://www.tayara.tn/item/693b2094cd04d08be7496cf4/?v=2""}, {""url"": ""https://storage.googleapis.com/tayara-migration-yams-pro/a0/a006ade2-26b4-4134-bce3-252ac627a3cc"", ""sourceId"": 2, ""adUrl"": ""https://www.tayara.tn/item/693b2094cd04d08be7496cf4/?v=2""}, {""url"": ""https://storage.googleapis.com/tayara-migration-yams-pro/28/281cf1cd-c4db-43e4-968f-29456ab4db93"", ""sourceId"": 2, ""adUrl"": ""https://www.tayara.tn/item/693b2094cd04d08be7496cf4/?v=2""}, {""url"": ""https://storage.googleapis.com/tayara-migration-yams-pro/59/590d2978-4189-4b82-9a70-bc70ecdf37bf"", ""sourceId"": 2, ""adUrl"": ""https://www.tayara.tn/item/693b2094cd04d08be7496cf4/?v=2""}, {""url"": ""https://storage.googleapis.com/tayara-migration-yams-pro/96/96d58cdc-cc8a-4276-8fab-bbdb5c802a98"", ""sourceId"": 2, ""adUrl"": ""https://www.tayara.tn/item/693b2094cd04d08be7496cf4/?v=2""}, {""url"": ""https://storage.googleapis.com/tayara-migration-yams-pro/a8/a8a3561a-0cd7-4462-b229-74f38bd98b49"", ""sourceId"": 2, ""adUrl"": ""https://www.tayara.tn/item/693b2094cd04d08be7496cf4/?v=2""}, {""url"": ""https://storage.googleapis.com/tayara-migration-yams-pro/36/36101eb0-86ea-4019-a8df-48b6e88d73f4"", ""sourceId"": 2, ""adUrl"": ""https://www.tayara.tn/item/693b2094cd04d08be7496cf4/?v=2""}, {""url"": ""https://storage.googleapis.com/tayara-migration-yams-pro/26/26a3f68b-8094-4ac8-bfea-acaa04408eb5"", ""sourceId"": 2, ""adUrl"": ""https://www.tayara.tn/item/693b2094cd04d08be7496cf4/?v=2""}, {""url"": ""https://storage.googleapis.com/tayara-migration-yams-pro/8e/8e2fedd5-91c6-43b0-b6e3-e10cfce4e1b4"", ""sourceId"": 2, ""adUrl"": ""https://www.tayara.tn/item/693b2094cd04d08be7496cf4/?v=2""}, {""url"": ""https://storage.googleapis.com/tayara-migration-yams-pro/12/1244fcf8-617b-4b28-87da-97bab179abd8"", ""sourceId"": 2, ""adUrl"": ""https://www.tayara.tn/item/693b2094cd04d08be7496cf4/?v=2""}, {""url"": ""https://storage.googleapis.com/tayara-migration-yams-pro/75/7550fb22-e48a-487d-aa20-1f3b0b0aa4c7"", ""sourceId"": 2, ""adUrl"": ""https://www.tayara.tn/item/693b2094cd04d08be7496cf4/?v=2""}]","[{""sourceId"": 2, ""url"": null, ""price"": 420000, ""sellerType"": ""private"", ""lastModified"": ""2025-12-11 20:50:47""}]","[{""sellerType"": ""private"", ""contactName"": ""amine gh"", ""active"": true}]",1,0,1,1,1,1,[],2025-12-11 21:00:43,2025-12-11 20:50:44,2025-12-11 20:50:47,2025-12-11 20:50:44,1,2026-02-07 14:47:59
1072371,Etage de villa en vente,"Nous proposons à la vente un palier situé au deuxième étage, comprenant deux appartements spacieux et lumineux, au cœur d’Ariana Ville. Cet investissement immobilier est idéal pour les investisseurs ou les familles qui cherchent un logement fonctionnel et confortable.L'appartement S4 basique est composé d'un salon qui ouvre sur un balcon. Il dispose également d'un hall d'entrée, d'une cuisine agencée, d'une salle d'eau avec douche à l'italienne et de quatre chambres à coucher, dont une avec accès direct à un balcon.L'appartement S1 à rénover, est composé d'un salon, d'une cuisine agencée, d'une salle d'eau avec douche  et d'une chambre à coucher. Les deux appartements bénéficient d'un revêtement en carrelage. De plus, l'accès au toit offre une vue imprenable.Ne manquez pas cette opportunité de devenir propriétaire de ce palier avec deux appartements spacieux et fonctionnels. Contactez-nous pour plus d'informations et pour organiser une visite.",420000.0,158.0,,RDC/Étage de villa,villaFloor,sale,agency,312.0,https://www.mubawab-media.com/ad/8/184/928F/h/gallery_80711621.avif,"[""https://www.mubawab-media.com/ad/8/184/928F/h/gallery_80711621.avif"", ""https://www.mubawab-media.com/ad/8/184/928F/h/gallery_80711622.avif"", ""https://www.mubawab-media.com/ad/8/184/928F/h/gallery_80711623.avif"", ""https://www.mubawab-media.com/ad/8/184/928F/h/gallery_80711625.avif"", ""https://www.mubawab-media.com/ad/8/184/928F/h/gallery_80711634.avif"", ""https://www.mubawab-media.com/ad/8/184/928F/h/gallery_80711635.avif"", ""https://www.mubawab-media.com/ad/8/184/928F/h/gallery_80711638.avif""]","[{""url"": ""https://www.mubawab-media.com/ad/8/184/928F/h/gallery_80711621.avif"", ""sourceId"": 5, ""adUrl"": ""https://www.mubawab.tn/fr/a/8184928/etage-de-villa-en-vente""}, {""url"": ""https://www.mubawab-media.com/ad/8/184/928F/h/gallery_80711622.avif"", ""sourceId"": 5, ""adUrl"": ""https://www.mubawab.tn/fr/a/8184928/etage-de-villa-en-vente""}, {""url"": ""https://www.mubawab-media.com/ad/8/184/928F/h/gallery_80711623.avif"", ""sourceId"": 5, ""adUrl"": ""https://www.mubawab.tn/fr/a/8184928/etage-de-villa-en-vente""}, {""url"": ""https://www.mubawab-media.com/ad/8/184/928F/h/gallery_80711625.avif"", ""sourceId"": 5, ""adUrl"": ""https://www.mubawab.tn/fr/a/8184928/etage-de-villa-en-vente""}, {""url"": ""https://www.mubawab-media.com/ad/8/184/928F/h/gallery_80711634.avif"", ""sourceId"": 5, ""adUrl"": ""https://www.mubawab.tn/fr/a/8184928/etage-de-villa-en-vente""}, {""url"": ""https://www.mubawab-media.com/ad/8/184/928F/h/gallery_80711635.avif"", ""sourceId"": 5, ""adUrl"": ""https://www.mubawab.tn/fr/a/8184928/etage-de-villa-en-vente""}, {""url"": ""https://www.mubawab-media.com/ad/8/184/928F/h/gallery_80711638.avif"", ""sourceId"": 5, ""adUrl"": ""https://www.mubawab.tn/fr/a/8184928/etage-de-villa-en-vente""}]","[{""sourceId"": 5, ""url"": ""https://www.mubawab.tn/fr/a/8184928/etage-de-villa-en-vente"", ""price"": 420000, ""sellerType"": ""agency"", ""lastModified"": ""2025-12-03 21:31:43""}, {""sourceId"": 14, ""url"": ""https://www.tecnocasa.tn/vendre/villa/grand-tunis/ariana/54848.html"", ""price"": 420000, ""sellerType"": ""agency"", ""lastModified"": ""2025-07-19 09:43:21""}]","[{""sellerType"": ""agency"", ""contactName"": ""TECNOCASA ARIANA VILLE"", ""active"": true}]",2,2,1,1,2,2,[],2025-07-20 22:00:22,2025-07-19 09:43:21,2025-12-03 21:31:43,2025-07-19 09:43:21,1,2026-02-07 14:47:59
701684,Vente Étage de Villa,"Étage de Villa objet de TF,sis à El ouardia 1, tout près de rue essahel .",350000.0,127.0,,RDC/Étage de villa,villaFloor,sale,private,4908.0,https://www.menzili.tn/upload/photos/2024/01/28/14/10/mep76743zv.jpeg,"[""https://www.menzili.tn/upload/photos/2024/01/28/14/10/mep76743zv.jpeg"", ""https://www.menzili.tn/upload/photos/2024/01/28/14/11/abmrz443s8.jpeg"", ""https://www.menzili.tn/upload/photos/2024/01/28/14/11/y2s41s92o9.jpeg"", ""https://www.menzili.tn/upload/photos/2024/01/28/14/12/i2m1d9297e.jpeg"", ""https://www.menzili.tn/upload/photos/2024/01/28/14/12/f4p1dtdi1e.jpeg"", ""https://www.menzili.tn/upload/photos/2024/01/28/14/12/i2mr3m9o4v.jpeg""]","[{""url"": ""https://www.menzili.tn/upload/photos/2024/01/28/14/10/mep76743zv.jpeg"", ""sourceId"": 13, ""adUrl"": ""https://www.menzili.tn/annonce/annonce-128915""}, {""url"": ""https://www.menzili.tn/upload/photos/2024/01/28/14/11/abmrz443s8.jpeg"", ""sourceId"": 13, ""adUrl"": ""https://www.menzili.tn/annonce/annonce-128915""}, {""url"": ""https://www.menzili.tn/upload/photos/2024/01/28/14/11/y2s41s92o9.jpeg"", ""sourceId"": 13, ""adUrl"": ""https://www.menzili.tn/annonce/annonce-128915""}, {""url"": ""https://www.menzili.tn/upload/photos/2024/01/28/14/12/i2m1d9297e.jpeg"", ""sourceId"": 13, ""adUrl"": ""https://www.menzili.tn/annonce/annonce-128915""}, {""url"": ""https://www.menzili.tn/upload/photos/2024/01/28/14/12/f4p1dtdi1e.jpeg"", ""sourceId"": 13, ""adUrl"": ""https://www.menzili.tn/annonce/annonce-128915""}, {""url"": ""https://www.menzili.tn/upload/photos/2024/01/28/14/12/i2mr3m9o4v.jpeg"", ""sourceId"": 13, ""adUrl"": ""https://www.menzili.tn/annonce/annonce-128915""}]","[{""sourceId"": 13, ""url"": null, ""price"": 350000, ""sellerType"": ""private"", ""lastModified"": ""2024-01-28 01:30:52""}]","[{""sellerType"": ""private"", ""contactName"": ""Antir Nabil"", ""active"": true}]",1,0,1,1,3,1,[],2024-01-28 15:45:06,2024-01-28 01:30:52,2024-01-28 22:03:10,2024-01-28 01:30:52,1,2026-02-07 14:47:59
1107189,Etage De Villa A Vendre,"À vendre : Un étage de villa situé au 2ᵉ étage, composé d’un salon, de deux chambres, d’une cuisine ouverte, d’une salle d’eau et d’un balcon.
Ce bien est idéal pour une petite famille, un couple ou un investissement locatif.
Proche de toutes les commodités.",200000.0,140.0,S+2,RDC/Étage de villa,villaFloor,sale,agency,,https://storage.googleapis.com/tayara-migration-yams-pro/f6/f6233955-0ab5-43f9-89b5-c90160e9e0d5,"[""https://storage.googleapis.com/tayara-migration-yams-pro/f6/f6233955-0ab5-43f9-89b5-c90160e9e0d5"", ""https://storage.googleapis.com/tayara-migration-yams-pro/f3/f30dd05c-5c97-4a3f-9607-7056e935fa42"", ""https://storage.googleapis.com/tayara-migration-yams-pro/af/af23a3f8-6308-4142-a4cd-f66b7fe56881"", ""https://storage.googleapis.com/tayara-migration-yams-pro/ac/acafecb6-25eb-4936-bf92-c49888477372"", ""https://storage.googleapis.com/tayara-migration-yams-pro/e2/e20c7e78-6d52-4f2b-b126-cbbccc86d7cf"", ""https://storage.googleapis.com/tayara-migration-yams-pro/8c/8c11be9d-975b-4b60-b6c9-92ec3327b813"", ""https://storage.googleapis.com/tayara-migration-yams-pro/43/43aa12cd-7698-48d2-8451-0b83a5e784f3"", ""https://storage.googleapis.com/tayara-migration-yams-pro/4d/4d475a87-4bc9-4930-b5a9-8d8cc0d9bd4e"", ""https://storage.googleapis.com/tayara-migration-yams-pro/81/81e5b7fd-52b2-4797-9173-be03ff8b970c"", ""https://storage.googleapis.com/tayara-migration-yams-pro/03/03defdce-6634-490a-81b0-2dbb3921358b""]","[{""url"": ""https://storage.googleapis.com/tayara-migration-yams-pro/f6/f6233955-0ab5-43f9-89b5-c90160e9e0d5"", ""sourceId"": 2, ""adUrl"": ""https://www.tayara.tn/item/68b1b11edf9d8936c101cd36/?v=2""}, {""url"": ""https://storage.googleapis.com/tayara-migration-yams-pro/f3/f30dd05c-5c97-4a3f-9607-7056e935fa42"", ""sourceId"": 2, ""adUrl"": ""https://www.tayara.tn/item/68b1b11edf9d8936c101cd36/?v=2""}, {""url"": ""https://storage.googleapis.com/tayara-migration-yams-pro/af/af23a3f8-6308-4142-a4cd-f66b7fe56881"", ""sourceId"": 2, ""adUrl"": ""https://www.tayara.tn/item/68b1b11edf9d8936c101cd36/?v=2""}, {""url"": ""https://storage.googleapis.com/tayara-migration-yams-pro/ac/acafecb6-25eb-4936-bf92-c49888477372"", ""sourceId"": 2, ""adUrl"": ""https://www.tayara.tn/item/68b1b11edf9d8936c101cd36/?v=2""}, {""url"": ""https://storage.googleapis.com/tayara-migration-yams-pro/e2/e20c7e78-6d52-4f2b-b126-cbbccc86d7cf"", ""sourceId"": 2, ""adUrl"": ""https://www.tayara.tn/item/68b1b11edf9d8936c101cd36/?v=2""}, {""url"": ""https://storage.googleapis.com/tayara-migration-yams-pro/8c/8c11be9d-975b-4b60-b6c9-92ec3327b813"", ""sourceId"": 2, ""adUrl"": ""https://www.tayara.tn/item/68b1b11edf9d8936c101cd36/?v=2""}, {""url"": ""https://storage.googleapis.com/tayara-migration-yams-pro/43/43aa12cd-7698-48d2-8451-0b83a5e784f3"", ""sourceId"": 2, ""adUrl"": ""https://www.tayara.tn/item/68b1b11edf9d8936c101cd36/?v=2""}, {""url"": ""https://storage.googleapis.com/tayara-migration-yams-pro/4d/4d475a87-4bc9-4930-b5a9-8d8cc0d9bd4e"", ""sourceId"": 2, ""adUrl"": ""https://www.tayara.tn/item/68b1b11edf9d8936c101cd36/?v=2""}, {""url"": ""https://storage.googleapis.com/tayara-migration-yams-pro/81/81e5b7fd-52b2-4797-9173-be03ff8b970c"", ""sourceId"": 2, ""adUrl"": ""https://www.tayara.tn/item/68b1b11edf9d8936c101cd36/?v=2""}, {""url"": ""https://storage.googleapis.com/tayara-migration-yams-pro/03/03defdce-6634-490a-81b0-2dbb3921358b"", ""sourceId"": 2, ""adUrl"": ""https://www.tayara.tn/item/68b1b11edf9d8936c101cd36/?v=2""}]","[{""sourceId"": 2, ""url"": ""https://www.tayara.tn/item/68b1b11edf9d8936c101cd36/?v=2"", ""price"": 200000, ""sellerType"": ""agency"", ""lastModified"": ""2025-11-21 17:54:12""}]","[{""sellerType"": ""agency"", ""contactName"": ""Tecnocasa Sousse Jawhara"", ""active"": true}]",1,1,1,1,1,1,[],2025-08-29 15:00:39,2025-08-29 14:54:38,2025-11-21 17:54:12,2025-11-21 17:54:12,1,2026-02-07 14:47:59
1162484,Vente,villa 2 étages indépendants à Carthage Salambo dans quartier résidentiel sécurisé prés des ports puniques à 200 m de la plage .,3000000.0,581.0,,RDC/Étage de villa,villaFloor,sale,private,4836.0,,[],,"[{""sourceId"": 13, ""url"": null, ""price"": 3000000, ""sellerType"": ""private"", ""lastModified"": ""2021-11-10 01:04:26""}]",[],1,0,0,0,1,1,"[""airConditioning"", ""garden""]",2025-10-19 01:04:29,2021-11-10 01:04:26,2021-11-10 01:04:26,2021-11-10 01:04:26,1,2026-02-07 14:47:59
1146104,Un étage de villa S+2 à Sidi Doued avec une grande terrasse,"Ce logement, spacieux et lumineux, se compose d’un vaste salon avec coin salle à manger, idéal pour recevoir, d’une cuisine moderne entièrement équipée, ainsi que d’une salle d’eau pour les invités, pratique et fonctionnelle.

L’un des atouts majeurs de ce bien est sa grande terrasse ensoleillée, parfaite pour vos moments de détente ou pour accueillir famille et amis en toute convivialité.

Prix négociable",310000.0,225.0,S+2,RDC/Étage de villa,villaFloor,sale,agency,3370.0,https://storage.googleapis.com/tayara-migration-yams-pro/b7/b74a0edb-c967-4258-afec-c32d92ec9529,"[""https://storage.googleapis.com/tayara-migration-yams-pro/b7/b74a0edb-c967-4258-afec-c32d92ec9529"", ""https://storage.googleapis.com/tayara-migration-yams-pro/1e/1e134fcf-3d4e-4634-8da1-55d5478f36da"", ""https://storage.googleapis.com/tayara-migration-yams-pro/93/9330aeac-c887-4257-bd00-06b894184c36"", ""https://storage.googleapis.com/tayara-migration-yams-pro/64/64a08cb0-213e-4770-8e2b-cf3b6171c342"", ""https://storage.googleapis.com/tayara-migration-yams-pro/44/44b8756e-0ebe-4d50-9b7c-77a85288608f"", ""https://storage.googleapis.com/tayara-migration-yams-pro/18/187c3cdc-454c-4ce3-b339-bd2a4c2ce2e2"", ""https://storage.googleapis.com/tayara-migration-yams-pro/7e/7e8279ae-03cf-4e50-b216-91b19c82ce96"", ""https://storage.googleapis.com/tayara-migration-yams-pro/55/553e469a-7d89-4d61-b64c-0297b47082e8"", ""https://storage.googleapis.com/tayara-migration-yams-pro/d8/d83ab1d2-b81a-4d6f-aa0a-da184f6431be"", ""https://storage.googleapis.com/tayara-migration-yams-pro/cb/cb9f9781-92e0-4597-8a90-63bb7ac27370"", ""https://storage.googleapis.com/tayara-migration-yams-pro/5e/5e416431-f085-4de8-97cf-edef4c45df8e"", ""https://storage.googleapis.com/tayara-migration-yams-pro/30/30bf1656-6f9c-4fb0-9cf9-03f0f944a720""]","[{""url"": ""https://storage.googleapis.com/tayara-migration-yams-pro/b7/b74a0edb-c967-4258-afec-c32d92ec9529"", ""sourceId"": 2, ""adUrl"": ""https://www.tayara.tn/item/68f0b44853fa6375757d9a9a/?v=2""}, {""url"": ""https://storage.googleapis.com/tayara-migration-yams-pro/1e/1e134fcf-3d4e-4634-8da1-55d5478f36da"", ""sourceId"": 2, ""adUrl"": ""https://www.tayara.tn/item/68f0b44853fa6375757d9a9a/?v=2""}, {""url"": ""https://storage.googleapis.com/tayara-migration-yams-pro/93/9330aeac-c887-4257-bd00-06b894184c36"", ""sourceId"": 2, ""adUrl"": ""https://www.tayara.tn/item/68f0b44853fa6375757d9a9a/?v=2""}, {""url"": ""https://storage.googleapis.com/tayara-migration-yams-pro/64/64a08cb0-213e-4770-8e2b-cf3b6171c342"", ""sourceId"": 2, ""adUrl"": ""https://www.tayara.tn/item/68f0b44853fa6375757d9a9a/?v=2""}, {""url"": ""https://storage.googleapis.com/tayara-migration-yams-pro/44/44b8756e-0ebe-4d50-9b7c-77a85288608f"", ""sourceId"": 2, ""adUrl"": ""https://www.tayara.tn/item/68f0b44853fa6375757d9a9a/?v=2""}, {""url"": ""https://storage.googleapis.com/tayara-migration-yams-pro/18/187c3cdc-454c-4ce3-b339-bd2a4c2ce2e2"", ""sourceId"": 2, ""adUrl"": ""https://www.tayara.tn/item/68f0b44853fa6375757d9a9a/?v=2""}, {""url"": ""https://storage.googleapis.com/tayara-migration-yams-pro/7e/7e8279ae-03cf-4e50-b216-91b19c82ce96"", ""sourceId"": 2, ""adUrl"": ""https://www.tayara.tn/item/68f0b44853fa6375757d9a9a/?v=2""}, {""url"": ""https://storage.googleapis.com/tayara-migration-yams-pro/55/553e469a-7d89-4d61-b64c-0297b47082e8"", ""sourceId"": 2, ""adUrl"": ""https://www.tayara.tn/item/68f0b44853fa6375757d9a9a/?v=2""}, {""url"": ""https://storage.googleapis.com/tayara-migration-yams-pro/d8/d83ab1d2-b81a-4d6f-aa0a-da184f6431be"", ""sourceId"": 2, ""adUrl"": ""https://www.tayara.tn/item/68f0b44853fa6375757d9a9a/?v=2""}, {""url"": ""https://storage.googleapis.com/tayara-migration-yams-pro/cb/cb9f9781-92e0-4597-8a90-63bb7ac27370"", ""sourceId"": 2, ""adUrl"": ""https://www.tayara.tn/item/68f0b44853fa6375757d9a9a/?v=2""}, {""url"": ""https://storage.googleapis.com/tayara-migration-yams-pro/5e/5e416431-f085-4de8-97cf-edef4c45df8e"", ""sourceId"": 2, ""adUrl"": ""https://www.tayara.tn/item/68f0b44853fa6375757d9a9a/?v=2""}, {""url"": ""https://storage.googleapis.com/tayara-migration-yams-pro/30/30bf1656-6f9c-4fb0-9cf9-03f0f944a720"", ""sourceId"": 2, ""adUrl"": ""https://www.tayara.tn/item/68f0b44853fa6375757d9a9a/?v=2""}]","[{""sourceId"": 2, ""url"": null, ""price"": 310000, ""sellerType"": ""agency"", ""lastModified"": ""2025-11-14 10:17:10""}]","[{""sellerType"": ""agency"", ""contactName"": ""Tecnocasa La Marsa Les Pins "", ""active"": true}]",1,0,1,1,1,1,[],2025-10-16 10:16:33,2025-10-16 10:00:56,2025-11-14 10:17:10,2025-11-14 10:17:10,1,2026-02-07 14:47:59
738558,RDC de villa Ceyla à Vendre à Casino La Goulette,"Un RDC de villa avec une entrée indépendante sur un terrain de 300 m2 situé dans un quartier résidentiel côté mer à Casino, La Goulette. A L'entrée, On a un salon, salle à manger, une grande cuisine, une salle d'eau, 4 chambres et une salle de bain. A L'extérieur, On a une terrasse. Pour tous les renseignements, Contacter L'agent sur le <a type=""phone"">+21654XXXXXX</a>.",500000.0,300.0,S+4,RDC/Étage de villa,villaFloor,sale,agency,4934.0,http://cdn2.ballouchi.com/800x600/394583-1.jpg,"[""https://server.bigdatis.com/api/properties/image/305445804"", ""https://server.bigdatis.com/api/properties/image/305445805"", ""https://server.bigdatis.com/api/properties/image/305445806"", ""https://server.bigdatis.com/api/properties/image/305445807"", ""https://server.bigdatis.com/api/properties/image/305445808"", ""https://server.bigdatis.com/api/properties/image/305445809"", ""https://server.bigdatis.com/api/properties/image/305445810"", ""https://server.bigdatis.com/api/properties/image/305445811"", ""https://server.bigdatis.com/api/properties/image/305445812"", ""https://server.bigdatis.com/api/properties/image/305445813"", ""https://server.bigdatis.com/api/properties/image/305445814"", ""https://server.bigdatis.com/api/properties/image/305445815"", ""https://server.bigdatis.com/api/properties/image/305445816"", ""https://server.bigdatis.com/api/properties/image/305445817"", ""https://server.bigdatis.com/api/properties/image/305445818"", ""https://server.bigdatis.com/api/properties/image/305445819"", ""https://server.bigdatis.com/api/properties/image/305445820""]","[{""url"": ""https://server.bigdatis.com/api/properties/image/305445804"", ""sourceId"": 3, ""adUrl"": ""https://www.ballouchi.com/annonces/immobilier/appartements/rdc-de-villa-ceyla-a-vendre-a-casino-la-goulette.html""}, {""url"": ""https://server.bigdatis.com/api/properties/image/305445805"", ""sourceId"": 3, ""adUrl"": ""https://www.ballouchi.com/annonces/immobilier/appartements/rdc-de-villa-ceyla-a-vendre-a-casino-la-goulette.html""}, {""url"": ""https://server.bigdatis.com/api/properties/image/305445806"", ""sourceId"": 3, ""adUrl"": ""https://www.ballouchi.com/annonces/immobilier/appartements/rdc-de-villa-ceyla-a-vendre-a-casino-la-goulette.html""}, {""url"": ""https://server.bigdatis.com/api/properties/image/305445807"", ""sourceId"": 3, ""adUrl"": ""https://www.ballouchi.com/annonces/immobilier/appartements/rdc-de-villa-ceyla-a-vendre-a-casino-la-goulette.html""}, {""url"": ""https://server.bigdatis.com/api/properties/image/305445808"", ""sourceId"": 3, ""adUrl"": ""https://www.ballouchi.com/annonces/immobilier/appartements/rdc-de-villa-ceyla-a-vendre-a-casino-la-goulette.html""}, {""url"": ""https://server.bigdatis.com/api/properties/image/305445809"", ""sourceId"": 3, ""adUrl"": ""https://www.ballouchi.com/annonces/immobilier/appartements/rdc-de-villa-ceyla-a-vendre-a-casino-la-goulette.html""}, {""url"": ""https://server.bigdatis.com/api/properties/image/305445810"", ""sourceId"": 3, ""adUrl"": ""https://www.ballouchi.com/annonces/immobilier/appartements/rdc-de-villa-ceyla-a-vendre-a-casino-la-goulette.html""}, {""url"": ""https://server.bigdatis.com/api/properties/image/305445811"", ""sourceId"": 3, ""adUrl"": ""https://www.ballouchi.com/annonces/immobilier/appartements/rdc-de-villa-ceyla-a-vendre-a-casino-la-goulette.html""}, {""url"": ""https://server.bigdatis.com/api/properties/image/305445812"", ""sourceId"": 3, ""adUrl"": ""https://www.ballouchi.com/annonces/immobilier/appartements/rdc-de-villa-ceyla-a-vendre-a-casino-la-goulette.html""}, {""url"": ""https://server.bigdatis.com/api/properties/image/305445813"", ""sourceId"": 3, ""adUrl"": ""https://www.ballouchi.com/annonces/immobilier/appartements/rdc-de-villa-ceyla-a-vendre-a-casino-la-goulette.html""}, {""url"": ""https://server.bigdatis.com/api/properties/image/305445814"", ""sourceId"": 3, ""adUrl"": ""https://www.ballouchi.com/annonces/immobilier/appartements/rdc-de-villa-ceyla-a-vendre-a-casino-la-goulette.html""}, {""url"": ""https://server.bigdatis.com/api/properties/image/305445815"", ""sourceId"": 3, ""adUrl"": ""https://www.ballouchi.com/annonces/immobilier/appartements/rdc-de-villa-ceyla-a-vendre-a-casino-la-goulette.html""}, {""url"": ""https://server.bigdatis.com/api/properties/image/305445816"", ""sourceId"": 3, ""adUrl"": ""https://www.ballouchi.com/annonces/immobilier/appartements/rdc-de-villa-ceyla-a-vendre-a-casino-la-goulette.html""}, {""url"": ""https://server.bigdatis.com/api/properties/image/305445817"", ""sourceId"": 3, ""adUrl"": ""https://www.ballouchi.com/annonces/immobilier/appartements/rdc-de-villa-ceyla-a-vendre-a-casino-la-goulette.html""}, {""url"": ""https://server.bigdatis.com/api/properties/image/305445818"", ""sourceId"": 3, ""adUrl"": ""https://www.ballouchi.com/annonces/immobilier/appartements/rdc-de-villa-ceyla-a-vendre-a-casino-la-goulette.html""}, {""url"": ""https://server.bigdatis.com/api/properties/image/305445819"", ""sourceId"": 3, ""adUrl"": ""https://www.ballouchi.com/annonces/immobilier/appartements/rdc-de-villa-ceyla-a-vendre-a-casino-la-goulette.html""}, {""url"": ""https://server.bigdatis.com/api/properties/image/305445820"", ""sourceId"": 3, ""adUrl"": ""https://www.ballouchi.com/annonces/immobilier/appartements/rdc-de-villa-ceyla-a-vendre-a-casino-la-goulette.html""}]","[{""sourceId"": 3, ""url"": null, ""price"": 500000, ""sellerType"": ""agency"", ""lastModified"": ""2024-04-25 21:30:01""}]","[{""sellerType"": ""agency"", ""contactName"": ""homesweethome"", ""active"": true}]",1,0,1,1,4,1,[],2024-04-25 09:46:13,2024-04-25 09:46:10,2025-08-15 19:16:34,2024-04-25 09:46:10,1,2026-02-07 14:47:59
892166,Certificat de propriétée,"Rez de chaussé avec un étage 
un Grand jardin
et deux studios",950000.0,474.0,,RDC/Étage de villa,villaFloor,sale,private,4830.0,,[],,"[{""sourceId"": 4, ""url"": null, ""price"": 950000, ""sellerType"": ""private"", ""lastModified"": ""2016-05-22 21:07:22""}]","[{""sellerType"": ""private"", ""contactName"": ""Ghariani"", ""active"": true}]",1,0,1,1,1,1,[],2024-12-26 21:07:30,2016-05-22 21:07:22,2016-05-22 21:07:22,2016-05-22 21:07:22,1,2026-02-07 14:47:59
656654,A vendre RDC de villa Borj Louzir,,390000.0,387.0,S+3,RDC/Étage de villa,villaFloor,sale,agency,346.0,https://www.menzili.tn/upload/photos/2024/01/05/14/50/8t4fi99i78.jpeg,[],,[],[],0,0,0,1,3,1,[],2023-10-24 11:33:05,2023-10-24 11:33:05,2024-01-05 01:16:36,2023-10-24 11:33:05,1,2026-02-07 14:47:59
1209617,Etage de villa en vente,,259000.0,230.0,S+4,RDC/Étage de villa,villaFloor,sale,agency,5306.0,https://www.mubawab-media.com/ad/8/267/042F/h/gallery_81577800.avif,[],,[],[],0,0,0,1,1,1,[],2025-12-06 21:15:28,,2026-02-07 14:01:57,,1,2026-02-07 14:47:59
1201425,,,210000.0,160.0,S+2,RDC/Étage de villa,villaFloor,sale,agency,3344.0,56121/28060938_adedef4e5467161f.jpg,[],,[],[],0,0,0,2,21,19,[],2025-11-25 18:24:39,2025-11-28 14:57:08,2026-01-28 06:12:06,2025-11-28 14:57:08,1,2026-02-07 14:47:59
58643,Etage de Villa Avellino à Vendre à Mornaguia,,177000.0,140.0,S+3,RDC/Étage de villa,villaFloor,sale,agency,2396.0,https://www.menzili.tn/upload/photos/2023/01/16/11/04/29i3329612.jpg,[],,[],[],0,0,0,1,4,1,[],2023-01-16 10:53:08,2023-01-16 01:04:03,2024-03-20 11:52:35,2023-01-16 01:04:03,1,2026-02-07 14:47:59
900378,Av un rez de chaussée a hammamet nord coté mer,,220000.0,300.0,S+3,RDC/Étage de villa,villaFloor,sale,agency,5182.0,https://www.tunisiapromo.com/gallery/photo-1-79606.jpg,[],,[],[],0,0,0,2,2,2,[],2024-12-26 23:53:57,2013-05-13 00:24:55,2014-03-10 23:53:47,2014-03-10 23:53:47,1,2026-02-07 14:47:59
5403,Av un beau rdc située à 4km de hammamet sud 130md,,130000.0,160.0,S+2,RDC/Étage de villa,villaFloor,sale,agency,3456.0,https://www.tunisiapromo.com/gallery/photo-1-526239.jpg,[],,[],[],0,0,0,1,23,21,[],2022-07-04 14:30:47,2019-11-15 15:42:41,2022-09-30 19:13:04,2019-11-15 15:42:41,1,2026-02-07 14:47:59
511261,Spacieux étage de villa,,370000.0,170.0,S+3,RDC/Étage de villa,villaFloor,sale,agency,5186.0,https://www.menzili.tn/upload/photos/2020/07/27/17/17/jq369oi24v.jpg,[],,[],[],0,0,0,1,2,1,[],2022-01-07 00:24:43,2020-07-27 00:03:51,2021-03-29 13:09:38,2020-07-27 00:03:51,1,2026-02-07 14:47:59
7455,RDC de Villa Rollon à Vendre à Bardo,,295000.0,205.0,S+3,RDC/Étage de villa,villaFloor,sale,agency,4995.0,https://www.menzili.tn/upload/photos/2022/10/19/12/49/9jb92r4632.jpg,[],,[],[],0,0,0,1,4,1,[],2022-10-19 11:50:04,2022-10-19 11:46:39,2024-03-20 11:54:12,2022-10-19 11:46:39,1,2026-02-07 14:47:59
1027360,"Bien Rare, opportunités d'investissement",,435000.0,165.0,S+3,RDC/Étage de villa,villaFloor,sale,private,320.0,https://www.mubawab-media.com/ad/8/190/258F/h/1000006044_80765147.avif,[],,[],[],0,0,0,2,6,3,[],2025-06-04 09:00:39,2025-06-04 08:45:34,2026-01-22 04:49:24,2025-06-17 21:56:27,1,2026-02-07 14:47:59
1156386,étage de villa  Style américain d’une superficie de 175 m2,,280000.0,175.0,S+4,RDC/Étage de villa,villaFloor,sale,private,1106.0,https://www.menzili.tn/upload/photos/2019/07/16/09/21/93924p7698.jpg,[],,[],[],0,0,0,1,1,1,[],2025-10-19 00:14:16,2019-07-16 00:14:11,2019-07-16 00:14:11,2019-07-16 00:14:11,1,2026-02-07 14:47:59
1246500,Etage de villa en vente,,300000.0,,S+3,RDC/Étage de villa,villaFloor,sale,agency,804.0,56161/28080708_52c88c36f4f099cd.jpg,[],,[],[],0,0,0,1,1,1,[],2026-02-06 10:15:47,2026-02-06 10:02:07,2026-02-06 10:02:07,2026-02-06 10:02:07,1,2026-02-07 14:47:59
1236261,Etage de villa en vente,,395000.0,170.0,S+3,RDC/Étage de villa,villaFloor,sale,agency,5201.0,56087/28043774_203838ace4abf0f8.jpg,[],,[],[],0,0,0,1,1,1,[],2026-01-16 16:00:54,2026-01-16 15:52:09,2026-01-17 18:45:39,2026-01-16 15:52:09,1,2026-02-07 14:47:59
902439,Un appartement au rez de jardin à chatt mariem,,229000.0,136.0,S+2,RDC/Étage de villa,villaFloor,sale,agency,4439.0,https://www.tunisiapromo.com/gallery/photo-1-24711.jpg,[],,[],[],0,0,0,1,1,1,[],2024-12-27 00:46:55,2012-07-24 00:46:42,2012-11-28 00:46:42,2012-07-24 00:46:42,1,2026-02-07 14:47:59
1191210,maison 3 etages indépendants,,220000.0,120.0,,RDC/Étage de villa,villaFloor,sale,private,5.0,https://storage.googleapis.com/tayara-migration-yams-pro/fb/fbb69d7b-7f18-4878-bee6-563e13d90019,[],,[],[],0,0,0,1,1,1,[],2025-11-12 11:15:28,2025-11-12 11:02:33,2025-11-12 11:03:44,2025-11-12 11:02:33,1,2026-02-07 14:47:59
681259,REZ DE CHAUSSE + DEUX ETAGES A⛔ HAMMEM SOUSSE,,1350000.0,750.0,,RDC/Étage de villa,villaFloor,sale,agency,4503.0,https://storage.googleapis.com/tayara-migration-yams-pro/d4/d4e0c971-c669-432e-9a7c-c03744d51dfc,[],,[],[],0,0,0,1,2,1,[],2023-12-12 12:11:04,2023-12-12 12:10:52,2025-04-12 10:06:28,2023-12-12 12:10:52,1,2026-02-07 14:47:59
23854,Un etage de villa a vendre,,320000.0,176.0,S+4,RDC/Étage de villa,villaFloor,sale,agency,3609.0,https://www.tunisiapromo.com/gallery/photo-1-520958.jpg,[],,[],[],0,0,0,1,4,1,[],2022-08-28 15:02:04,2022-08-28 15:01:25,2023-01-04 13:21:21,2022-08-28 15:01:25,1,2026-02-07 14:47:59
675119,A vendre réz de chaussée indépandant hammam sousse,,175000.0,110.0,S+3,RDC/Étage de villa,villaFloor,sale,agency,4504.0,https://www.tunisiapromo.com/gallery/photo-2-648431.jpg,[],,[],[],0,0,0,1,8,1,[],2023-11-29 16:32:31,2023-11-29 16:31:48,2025-08-23 09:48:11,2024-05-14 09:16:08,1,2026-02-07 14:47:59
894256,2maisons centre ville hammamet a,,125000.0,,S+4,RDC/Étage de villa,villaFloor,sale,agency,3479.0,https://www.tunisiapromo.com/gallery/photo-1-201608.jpg,[],,[],[],0,0,0,1,3,3,[],2024-12-26 22:23:33,2014-08-09 23:18:27,2015-04-03 22:23:28,2015-04-03 22:23:28,1,2026-02-07 14:47:59
970033,Etage de villa en vente,,165000.0,89.0,S+2,RDC/Étage de villa,villaFloor,sale,agency,2386.0,https://cdn-media.medialabtc.it/tn/agencies/tucg2/estates/61228/images/345440/detail.jpeg,[],,[],[],0,0,0,1,4,1,[],2025-04-15 12:30:28,2025-04-15 12:16:47,2026-01-09 03:30:59,2026-01-09 03:30:59,1,2026-02-07 14:47:59
1156408,A VENDRE RDC VILLA -SPROLS MANOUBA CENTRE,,,300.0,S+4,RDC/Étage de villa,villaFloor,sale,private,2386.0,https://www.menzili.tn/upload/photos/2019/12/08/20/40/ai2nq0g9s4.png,[],,[],[],0,0,0,1,1,1,[],2025-10-19 00:14:25,2019-12-08 00:14:19,2019-12-08 00:14:19,2019-12-08 00:14:19,1,2026-02-07 14:47:59
902457,Un joli rez de jardin avec piscine,,550000.0,193.0,S+2,RDC/Étage de villa,villaFloor,sale,agency,4439.0,https://www.tunisiapromo.com/gallery/photo-1-24684.jpg,[],,[],[],0,0,0,1,1,1,[],2024-12-27 00:46:55,2012-07-24 00:46:39,2012-11-28 00:46:39,2012-07-24 00:46:39,1,2026-02-07 14:47:59
867642,"Vente villa mourouj 2 
deux etages independants",,,269.0,S+5,RDC/Étage de villa,villaFloor,sale,private,5283.0,https://www.mubawab-media.com/ad/8/151/906F/h/photo%20mourouj%202_80367046.avif,[],,[],[],0,0,0,1,2,1,[],2024-12-16 14:45:23,2024-12-16 14:45:23,2026-01-29 00:31:26,2025-04-20 00:15:07,1,2026-02-07 14:47:59
1166655,Étage de villa à vendre à Sidi Rezig,,420000.0,,S+2,RDC/Étage de villa,villaFloor,sale,private,996.0,https://www.menzili.tn/upload/photos/2021/09/29/22/02/yr394qdo94.jpeg,[],,[],[],0,0,0,1,1,1,[],2025-10-19 01:37:16,2021-09-29 01:37:13,2021-09-29 01:37:13,2021-09-29 01:37:13,1,2026-02-07 14:47:59
189762,"Beni khiar centre ville,un RDC de villa à vendre",,180000.0,148.0,S+3,RDC/Étage de villa,villaFloor,sale,agency,3293.0,,[],,[],[],0,0,0,1,2,1,[],2022-01-07 03:07:44,2021-12-08 03:07:40,2022-04-05 22:42:55,2021-12-08 03:07:40,1,2026-02-07 14:47:59
1170755,À Vendre un étage de villa à Jardin d'El Aouina,,350000.0,150.0,S+3,RDC/Étage de villa,villaFloor,sale,agency,5204.0,56125/28062978_70e44c4ca8e882e0.jpg,[],,[],[],0,0,0,1,3,2,[],2025-10-22 16:00:57,2025-10-22 15:50:42,2026-01-28 21:05:27,2025-10-22 15:50:42,1,2026-02-07 14:47:59
1246534,Gps  2 appartements sur villa,,160000.0,160.0,S+2,RDC/Étage de villa,villaFloor,sale,agency,968.0,,[],,[],[],0,0,0,1,1,1,[],2026-02-06 11:30:07,2026-02-06 00:00:00,2026-02-06 00:00:00,2026-02-06 00:00:00,1,2026-02-07 14:47:59
73030,RDC de Villa Lille à Vendre à Mornaguia,,110000.0,120.0,S+2,RDC/Étage de villa,villaFloor,sale,agency,2396.0,https://www.menzili.tn/upload/photos/2023/01/17/11/23/bfsd3isz47.jpg,[],,[],[],0,0,0,1,4,1,[],2023-01-17 11:20:04,2023-01-17 01:32:19,2024-03-20 12:09:35,2023-01-17 01:32:19,1,2026-02-07 14:47:59
1201480,Particulier vend,,850000.0,505.0,,RDC/Étage de villa,villaFloor,sale,private,4894.0,http://tunisie-annonce.com/upload2/202511/tunisie-annonce.com/photos/792783_20251125_202139.jpg,[],,[],[],0,0,0,1,1,1,[],2025-11-25 20:45:35,2025-11-25 00:00:00,2025-11-25 00:00:00,2025-11-25 00:00:00,1,2026-02-07 14:47:59
1070415,Étage à vendre,,300000.0,158.0,S+3,RDC/Étage de villa,villaFloor,sale,private,5325.0,55074/27537413_5f3c19da7cf5ac68.jpg,[],,[],[],0,0,0,2,4,4,[],2025-06-13 09:31:09,2025-06-13 09:22:46,2026-01-13 07:08:46,2025-06-13 09:22:46,1,2026-02-07 14:47:59
1160529,Vente étage de villa Marsa ville,,,200.0,S+4,RDC/Étage de villa,villaFloor,sale,private,5220.0,https://www.menzili.tn/upload/photos/2020/09/22/12/31/h7207qg58e.jpeg,[],,[],[],0,0,0,0,1,1,[],2025-10-19 00:49:15,2020-09-22 00:49:13,2020-09-22 00:49:13,2020-09-22 00:49:13,1,2026-02-07 14:47:59
95570,Un étage de maison neuf,,255000.0,200.0,S+3,RDC/Étage de villa,villaFloor,sale,agency,4995.0,https://www.tunisiapromo.com/images/109950.jpg,[],,[],[],0,0,0,1,2,1,[],2022-01-06 23:49:26,2021-04-01 23:49:11,2023-05-02 11:55:24,2021-04-01 23:49:11,1,2026-02-07 14:47:59
1191251,À Vendre | Étage de Villa( S+3) + Studio (S+1) – Cité Zouhour 1,,265000.0,260.0,S+4,RDC/Étage de villa,villaFloor,sale,agency,5336.0,https://storage.googleapis.com/tayara-migration-yams-pro/f2/f208e555-b2bc-4c57-a4c6-5ab84e0c485b,[],,[],[],0,0,0,1,1,1,[],2025-11-12 11:45:32,2025-11-12 11:43:45,2025-11-12 11:43:48,2025-11-12 11:43:45,1,2026-02-07 14:47:59
5460,Etage villa à touboulbi,,95000.0,170.0,S+3,RDC/Étage de villa,villaFloor,sale,private,3929.0,https://www.tunisiapromo.com/gallery/photo-1-546096.jpg,[],,[],[],0,0,0,1,1,1,[],2023-01-05 01:57:14,2023-01-04 01:57:14,2023-01-04 23:58:04,2023-01-04 01:57:14,1,2026-02-07 14:47:59
957788,Un étage de villa située dans une résidence gardée a barektsahel,,250000.0,185.0,S+3,RDC/Étage de villa,villaFloor,sale,agency,3440.0,https://www.tunisiapromo.com/gallery/photo-1-128680.jpg,[],,[],[],0,0,0,1,2,2,[],2024-12-26 23:37:26,2014-07-08 02:07:35,2014-07-14 23:37:19,2014-07-08 02:07:35,1,2026-02-07 14:47:59
58720,étage de villa,,250000.0,126.0,S+3,RDC/Étage de villa,villaFloor,sale,private,805.0,,[],,[],[],0,0,0,1,3,1,[],2023-01-12 11:04:04,2023-01-12 11:03:25,2023-01-12 22:05:54,2023-01-12 11:03:25,1,2026-02-07 14:47:59
904546,Grande villa+studio+garage+atelier d'usinage.,,350000.0,645.0,S+4,RDC/Étage de villa,villaFloor,sale,private,961.0,,[],,[],[],0,0,0,1,1,1,[],2024-12-27 01:05:07,2009-07-03 01:04:51,2012-02-14 01:04:51,2009-07-03 01:04:51,1,2026-02-07 14:47:59
847206,Villa de 2 étages indépendants avec piscine à vendre à 550 MD,,550000.0,260.0,,RDC/Étage de villa,villaFloor,sale,agency,5182.0,https://www.menzili.tn/upload/photos/2024/11/02/12/35/8s30dt32z6.jpg,[],,[],[],0,0,0,1,11,1,[],2024-09-10 12:45:13,2024-09-10 12:44:43,2025-08-23 09:13:16,2024-09-10 12:44:43,1,2026-02-07 14:47:59
15719,RDC de Villa Junien à Vendre d'EL Mourouj,,175000.0,125.0,S+2,RDC/Étage de villa,villaFloor,sale,agency,5176.0,https://www.menzili.tn/upload/photos/2022/09/02/12/33/952867069i.jpg,[],,[],[],0,0,0,1,4,1,[],2022-09-02 11:19:04,2022-09-02 02:01:11,2024-03-20 12:39:56,2022-09-02 02:01:11,1,2026-02-07 14:47:59
1154408,Un étage de villa de 105 m2 situé à Bardo,,260000.0,105.0,S+2,RDC/Étage de villa,villaFloor,sale,agency,4995.0,https://www.menzili.tn/upload/photos/2021/02/03/10/14/2a6ds74954.jpg,[],,[],[],0,0,0,1,1,1,[],2025-10-18 23:58:24,2021-02-03 23:58:23,2021-02-03 23:58:23,2021-02-03 23:58:23,1,2026-02-07 14:47:59
1158504,Un étage de villa un petit lot de terrain,,400000.0,176.0,S+4,RDC/Étage de villa,villaFloor,sale,agency,4610.0,https://www.menzili.tn/upload/photos/2017/12/19/10/20/s81z6pn076.jpg,[],,[],[],0,0,0,1,1,1,[],2025-10-19 00:37:40,2017-12-19 00:37:38,2017-12-19 00:37:38,2017-12-19 00:37:38,1,2026-02-07 14:47:59
1246570,A Vendre Rez-de-chaussée d’une villa inachevée Situé début Corniche Bizerte .,,,180.0,S+3,RDC/Étage de villa,villaFloor,sale,agency,1135.0,56162/28081007_aacada4ad5c4d83a.jpg,[],,[],[],0,0,0,1,1,1,[],2026-02-06 12:30:09,2026-02-06 12:21:26,2026-02-06 12:21:28,2026-02-06 12:21:26,1,2026-02-07 14:47:59
1129838,Etage de villa en vente,,750000.0,450.0,S+4,RDC/Étage de villa,villaFloor,sale,agency,5290.0,https://cdn-media.medialabtc.it/tn/agencies/tugm2/estates/55466/images/299964/detail.jpeg,[],,[],[],0,0,0,1,2,2,[],2025-09-26 21:00:36,2025-06-13 14:40:28,2025-11-11 14:06:19,2025-06-13 14:40:28,1,2026-02-07 14:47:59
1152367,Vente étage de villa,,,143.0,S+3,RDC/Étage de villa,villaFloor,sale,private,3959.0,https://www.menzili.tn/upload/photos/2022/11/02/19/35/jsn00id396.jpg,[],,[],[],0,0,0,1,1,1,[],2025-10-18 23:37:39,2022-11-02 23:37:34,2022-11-02 23:37:34,2022-11-02 23:37:34,1,2026-02-07 14:47:59
554359,Etage de Villa Enara à Vendre d'EL Ouardia,,170000.0,200.0,S+3,RDC/Étage de villa,villaFloor,sale,agency,4908.0,https://www.menzili.tn/upload/photos/2023/04/28/12/06/s1r4fv496v.jpg,[],,[],[],0,0,0,1,5,2,[],2023-04-28 11:00:05,2023-04-28 10:59:48,2025-08-01 13:54:59,2023-04-28 10:59:48,1,2026-02-07 14:47:59
1217915,"Etage de villa S4, Carthage Byrsa",,350000.0,70.0,S+4,RDC/Étage de villa,villaFloor,sale,agency,4830.0,https://www.mubawab-media.com/ad/8/273/563F/h/IMG_3660_81646590.avif,[],,[],[],0,0,0,1,1,1,[],2025-12-18 14:46:15,2025-12-18 14:45:46,2026-01-22 15:35:26,2025-12-18 14:45:46,1,2026-02-07 14:47:59
48508,Etage de Villa Morel à Vendre à Bizerte,,198000.0,177.0,S+3,RDC/Étage de villa,villaFloor,sale,agency,1120.0,https://www.menzili.tn/upload/photos/2022/11/03/16/04/at42qoi3e1.jpg,[],,[],[],0,0,0,1,2,1,[],2022-11-03 16:08:04,2022-11-03 16:08:03,2023-01-20 10:35:29,2022-11-03 16:08:03,1,2026-02-07 14:47:59
642432,2éme Étage d’une Villa au El Mourouj 4,,340000.0,160.0,S+3,RDC/Étage de villa,villaFloor,sale,private,5175.0,,[],,[],[],0,0,0,1,3,1,[],2023-09-24 10:42:20,2023-09-24 10:40:20,2025-10-16 13:15:55,2025-10-16 12:23:35,1,2026-02-07 14:47:59
726401,Petite immeuble r2 derriére aziza bouhsina,,850000.0,458.0,,RDC/Étage de villa,villaFloor,sale,agency,5306.0,http://tunisie-annonce.com/upload2/202403/tunisie-annonce.com/photos/733199_20240320_115541.jpg,[],,[],[],0,0,0,1,3,1,[],2023-11-06 10:06:04,2023-11-06 10:06:04,2025-11-06 00:00:00,2024-03-20 12:04:03,1,2026-02-07 14:47:59
44418,RDC De Villa Adèle à Vendre à La Soukra,,125000.0,75.0,S+3,RDC/Étage de villa,villaFloor,sale,agency,391.0,http://cdn2.ballouchi.com/800x600/365928-1.jpg,[],,[],[],0,0,0,1,6,2,[],2023-03-02 11:27:03,2023-03-02 01:47:34,2024-03-20 13:00:17,2023-03-02 01:47:34,1,2026-02-07 14:47:59
5510,Maison de deux étages indépendants hammamlif,,290000.0,87.0,S+6,RDC/Étage de villa,villaFloor,sale,private,987.0,https://www.tunisiapromo.com/gallery/photo-1-544556.jpg,[],,[],[],0,0,0,1,7,1,[],2022-12-26 16:48:08,2022-12-26 16:48:00,2023-02-02 17:55:13,2023-02-02 17:55:13,1,2026-02-07 14:47:59
886151,Etage de maison avec un studio ss,,150000.0,140.0,S+2,RDC/Étage de villa,villaFloor,sale,agency,3442.0,https://www.tunisiapromo.com/images/62171.jpg,[],,[],[],0,0,0,1,1,1,[],2024-12-26 19:57:01,2017-03-07 19:56:54,2017-03-07 19:56:54,2017-03-07 19:56:54,1,2026-02-07 14:47:59
87432,ETAGE  DE VILLA  SOUKRA,,260000.0,110.0,S+2,RDC/Étage de villa,villaFloor,sale,private,353.0,https://www.menzili.tn/upload/photos/2021/10/01/20/27/38et106g91.jpg,[],,[],[],0,0,0,1,30,1,[],2022-01-06 21:38:17,2021-10-01 02:04:05,2022-12-11 12:38:03,2022-11-06 05:39:00,1,2026-02-07 14:47:59
1242511,Etage de villa denden indépendante,,120000.0,90.0,S+2,RDC/Étage de villa,villaFloor,sale,agency,2385.0,,[],,[],[],0,0,0,1,1,1,[],2026-01-30 17:30:34,2026-01-30 00:00:00,2026-01-30 00:00:00,2026-01-30 00:00:00,1,2026-02-07 14:47:59
1088919,A vendre Etage de maison arabesque indépendant,,250000.0,180.0,S+2,RDC/Étage de villa,villaFloor,sale,private,4821.0,https://www.mubawab-media.com/ad/8/196/835F/h/01-20211214-WA0039_80831346.avif,[],,[],[],0,0,0,1,1,1,[],2025-08-09 14:45:38,2025-08-09 14:45:36,2026-01-25 15:31:57,2025-08-09 14:45:36,1,2026-02-07 14:47:59
1230232,Etage de villa en vente,,260000.0,90.0,S+3,RDC/Étage de villa,villaFloor,sale,agency,4898.0,56053/28026747_783cd0a5adf9918b.jpg,[],,[],[],0,0,0,1,3,3,[],2026-01-07 19:00:49,2026-01-07 18:52:00,2026-01-15 10:33:50,2026-01-08 19:00:48,1,2026-02-07 14:47:59
986527,Etage de villa s+3 avec terrasse,,129000.0,178.0,S+3,RDC/Étage de villa,villaFloor,sale,agency,3441.0,https://www.tunisiapromo.com/images/28161.jpg,[],,[],[],0,0,0,1,1,1,[],2024-12-26 23:24:23,2014-07-22 23:24:07,2014-07-22 23:24:07,2014-07-22 23:24:07,1,2026-02-07 14:47:59
1176995,A VENDRE RDC DE VILLA NKHILETTE,,185000.0,285.0,S+3,RDC/Étage de villa,villaFloor,sale,private,436.0,,[],,[],[],0,0,0,1,1,1,[],2025-10-24 01:39:40,2022-11-19 01:39:35,2022-11-19 01:39:35,2022-11-19 01:39:35,1,2026-02-07 14:47:59
900518,Av un rez de jardin dans les hauteurs de hammamet,,165000.0,171.0,S+3,RDC/Étage de villa,villaFloor,sale,agency,3460.0,https://www.tunisiapromo.com/gallery/photo-1-67429.jpg,[],,[],[],0,0,0,1,1,1,[],2024-12-27 00:27:14,2013-11-25 00:27:10,2013-12-16 00:27:10,2013-11-25 00:27:10,1,2026-02-07 14:47:59
1162667,Particulier vend,,200000.0,150.0,S+3,RDC/Étage de villa,villaFloor,sale,private,286.0,https://www.menzili.tn/upload/photos/2021/12/17/21/46/9139g5iv96.jpeg,[],,[],[],0,0,0,0,1,1,[],2025-10-19 01:05:20,2021-12-17 01:05:19,2021-12-17 01:05:19,2021-12-17 01:05:19,1,2026-02-07 14:47:59
1058224,,,1150000.0,300.0,S+6,RDC/Étage de villa,villaFloor,sale,private,2386.0,,[],,[],[],0,0,0,1,1,1,[],2025-07-05 07:15:15,2025-07-05 07:08:30,2025-07-05 07:08:30,2025-07-05 07:08:30,1,2026-02-07 14:47:59
1056187,Étage de villa,,,100.0,S+2,RDC/Étage de villa,villaFloor,sale,private,4950.0,https://www.mubawab-media.com/ad/8/173/004F/h/Messenger_creation_0A25835C-85D0-421D-A731-8EA2B334EB87_80591401.avif,[],,[],[],0,0,0,1,1,1,[],2025-07-03 13:45:22,2025-07-03 13:45:13,2026-02-05 15:51:48,2025-07-03 13:45:13,1,2026-02-07 14:47:59
972226,À vendre étage de villa S4,,500000.0,280.0,S+4,RDC/Étage de villa,villaFloor,sale,private,4836.0,https://www.mubawab-media.com/ad/8/125/851F/h/att.iGE2jX0F_iivviPjRIvpawfjE5fe6Y5WQqUL7UOX8sg_80106253.avif,[],,[],[],0,0,0,1,1,1,[],2025-04-17 13:00:13,2025-04-17 13:00:07,2026-01-29 16:30:49,2025-04-17 13:00:07,1,2026-02-07 14:47:59
746948,Etage de Villa Andolsi à Vendre à Gammarth Village,,385000.0,130.0,S+2,RDC/Étage de villa,villaFloor,sale,agency,5213.0,http://cdn2.ballouchi.com/800x600/395723-1.jpg,[],,[],[],0,0,0,1,3,1,[],2024-05-14 11:27:03,2024-05-14 11:27:03,2024-10-01 09:33:10,2024-05-14 11:27:03,1,2026-02-07 14:47:59
1166788,Un étage de villa « s+3 » + studio en plein soukra,,380000.0,300.0,S+3,RDC/Étage de villa,villaFloor,sale,agency,391.0,https://www.menzili.tn/upload/photos/2019/09/17/15/55/a57h1ds3ie.jpg,[],,[],[],0,0,0,1,1,1,[],2025-10-19 01:38:00,2019-09-17 01:37:57,2019-09-17 01:37:57,2019-09-17 01:37:57,1,2026-02-07 14:47:59
892360,Belle étage de villa à kélibia,,180000.0,180.0,S+3,RDC/Étage de villa,villaFloor,sale,agency,5350.0,https://www.tunisiapromo.com/gallery/photo-1-309768.jpg,[],,[],[],0,0,0,1,1,1,[],2024-12-26 21:09:35,2017-03-28 21:09:25,2017-04-17 21:09:25,2017-03-28 21:09:25,1,2026-02-07 14:47:59
896456,Un rdc de superficie 250 m à hammamet,,160000.0,250.0,S+4,RDC/Étage de villa,villaFloor,sale,agency,3479.0,https://www.tunisiapromo.com/gallery/photo-1-150856.jpg,[],,[],[],0,0,0,1,3,3,[],2024-12-26 23:04:40,2014-03-14 23:52:45,2014-10-06 23:04:35,2014-03-14 23:52:45,1,2026-02-07 14:47:59
591308,Gps  locaux de divers commerces,,3800000.0,2000.0,,RDC/Étage de villa,villaFloor,sale,agency,879.0,,[],,[],[],0,0,0,1,1,1,[],2023-06-14 16:11:05,2023-06-14 16:11:04,2024-11-18 11:45:53,2023-06-14 16:11:04,1,2026-02-07 14:47:59
886222,Etage villa a hamammet nord avec garage ss,,175000.0,,S+3,RDC/Étage de villa,villaFloor,sale,agency,5182.0,https://www.tunisiapromo.com/images/62015.jpg,[],,[],[],0,0,0,1,1,1,[],2024-12-26 19:57:59,2017-02-27 19:57:49,2017-02-27 19:57:49,2017-02-27 19:57:49,1,2026-02-07 14:47:59
1220052,A vendre Rez de chaussée elmenzeh6,,620000.0,,S+4,RDC/Étage de villa,villaFloor,sale,agency,309.0,55980/27990443_d6ade288a65bc590.jpg,[],,[],[],0,0,0,1,2,2,[],2025-12-21 18:30:10,2025-12-21 00:00:00,2026-01-11 18:26:44,2025-12-21 00:00:00,1,2026-02-07 14:47:59
1050069,À vendre Immeuble en R2 à Cité el WafaNabeul,,980000.0,336.0,,RDC/Étage de villa,villaFloor,sale,agency,5147.0,https://www.mubawab-media.com/ad/8/177/017F/h/thumb_1117970_property_large_80632080.avif,[],,[],[],0,0,0,1,2,1,[],2025-06-28 10:45:12,2025-06-28 10:45:10,2026-01-28 17:17:09,2025-06-28 10:45:10,1,2026-02-07 14:47:59
720346,Étage de Villa en Plein Centre Ville,,110000.0,130.0,S+5,RDC/Étage de villa,villaFloor,sale,agency,1120.0,https://www.bnb.tn/wp-content/uploads/2023/03/thumb_468473_property_xlarge-768x1024.jpeg,[],,[],[],0,0,0,1,1,1,[],2023-03-30 12:05:12,2023-03-30 12:05:12,2025-08-01 13:55:47,2023-03-30 12:05:12,1,2026-02-07 14:47:59
1211866,Etage de villa en vente,,570000.0,138.0,S+4,RDC/Étage de villa,villaFloor,sale,agency,5298.0,https://www.mubawab-media.com/ad/8/269/616F/h/gallery_81604833.avif,[],,[],[],0,0,0,1,2,2,[],2025-12-09 22:15:54,2025-12-09 22:01:47,2025-12-10 18:30:48,2025-12-09 22:01:47,1,2026-02-07 14:47:59
765404,Étage De villa S Plus 3 à Bhira Bizerte,,255000.0,177.0,S+3,RDC/Étage de villa,villaFloor,sale,agency,1131.0,https://www.bnb.tn/wp-content/uploads/2023/03/thumb_555687_property_big-1024x768.jpg,[],,[],[],0,0,0,1,2,1,[],2023-03-16 11:43:07,2023-03-16 11:43:07,2025-09-13 00:11:28,2023-04-18 15:10:16,1,2026-02-07 14:47:59
26077,RDC de Villa Finca à Vendre à Bizerte Corniche,,300000.0,240.0,S+2,RDC/Étage de villa,villaFloor,sale,agency,1135.0,http://cdn2.ballouchi.com/800x600/365156-1.jpg,[],,[],[],0,0,0,1,6,2,[],2023-02-18 09:54:04,2023-02-18 00:40:21,2024-03-20 12:16:15,2023-02-18 00:40:21,1,2026-02-07 14:47:59
1166811,1er étage d'une villa,,140.0,121.0,S+3,RDC/Étage de villa,villaFloor,sale,private,4897.0,https://www.menzili.tn/upload/photos/2020/08/08/17/12/amerz6q094.jpg,[],,[],[],0,0,0,1,1,1,[],2025-10-19 01:38:03,2020-08-08 01:38:01,2020-08-08 01:38:01,2020-08-08 01:38:01,1,2026-02-07 14:47:59
1113568,Villa a vendre avec deux etages independants. Prix negociable,,900000.0,337.0,,RDC/Étage de villa,villaFloor,sale,private,465.0,https://www.menzili.tn/upload/photos/2025/09/17/09/39/21095vs941.png,[],,[],[],0,0,0,1,4,1,[],2025-09-06 16:30:17,2025-09-06 16:20:02,2025-10-05 16:23:36,2025-09-06 16:20:02,1,2026-02-07 14:47:59
902627,Villa et deux appartements a khezama ouest,,400000.0,244.0,,RDC/Étage de villa,villaFloor,sale,agency,4593.0,https://www.tunisiapromo.com/gallery/photo-1-26671.jpg,[],,[],[],0,0,0,1,1,1,[],2024-12-27 00:48:34,2012-09-17 00:48:25,2012-09-17 00:48:25,2012-09-17 00:48:25,1,2026-02-07 14:47:59
898536,Appartement s 2 maison de jardin,,220000.0,60.0,S+2,RDC/Étage de villa,villaFloor,sale,agency,4502.0,https://www.tunisiapromo.com/gallery/photo-1-78445.jpg,[],,[],[],0,0,0,1,1,1,[],2024-12-26 23:50:41,2014-01-25 23:50:32,2014-03-17 23:50:32,2014-01-25 23:50:32,1,2026-02-07 14:47:59
847339,VILLA ET 2 APPARTEMENT,,800000.0,620.0,,RDC/Étage de villa,villaFloor,sale,private,3966.0,https://www.menzili.tn/upload/photos/2024/11/03/16/57/asmpn1q2v4.png,[],,[],[],0,0,0,1,2,1,[],2024-11-02 17:36:04,2024-11-02 17:36:04,2024-11-03 23:25:35,2024-11-03 17:40:27,1,2026-02-07 14:47:59
1240556,Etage villa el ouerdia 1 batoire,,105000.0,100.0,S+3,RDC/Étage de villa,villaFloor,sale,private,4908.0,,[],,[],[],0,0,0,1,1,1,[],2026-01-27 13:15:06,2026-01-27 00:00:00,2026-01-27 00:00:00,2026-01-27 00:00:00,1,2026-02-07 14:47:59
1177067,BARDO MEUBLE',,550000.0,60.0,S+1,RDC/Étage de villa,villaFloor,sale,private,4914.0,http://cdn2.ballouchi.com/800x600/360917-1.jpg,[],,[],[],0,0,0,1,1,1,[],2025-10-24 01:47:15,2022-12-27 01:47:10,2022-12-27 01:47:10,2022-12-27 01:47:10,1,2026-02-07 14:47:59
902637,Un immeuble neuf a vendre,,,100.0,,RDC/Étage de villa,villaFloor,sale,private,4590.0,https://www.tunisiapromo.com/gallery/photo-1-26848.jpg,[],,[],[],0,0,0,1,1,1,[],2024-12-27 00:48:44,2012-09-18 00:48:37,2012-09-18 00:48:37,2012-09-18 00:48:37,1,2026-02-07 14:47:59
892401,Deux étage de maisons hamammet nord ss,,230000.0,,,RDC/Étage de villa,villaFloor,sale,agency,5182.0,https://www.tunisiapromo.com/images/61887.jpg,[],,[],[],0,0,0,1,1,1,[],2024-12-26 21:10:19,2017-02-22 21:10:09,2017-02-22 21:10:09,2017-02-22 21:10:09,1,2026-02-07 14:47:59
1164786,Avendre etage villa + 2 appartements,,,350.0,S+4,RDC/Étage de villa,villaFloor,sale,private,346.0,https://www.menzili.tn/upload/photos/2024/04/22/20/27/5d689rv0q9.jpg,[],,[],[],0,0,0,1,1,1,[],2025-10-19 01:21:21,2024-04-22 01:21:18,2024-04-22 01:21:18,2024-04-22 01:21:18,1,2026-02-07 14:47:59
1162739,Etage de Villas 193m2 à Sfax Route Soukra,,119000.0,193.0,,RDC/Étage de villa,villaFloor,sale,private,3957.0,https://www.menzili.tn/upload/photos/2018/01/10/23/14/9dznd6gv1v.jpg,[],,[],[],0,0,0,1,1,1,[],2025-10-19 01:05:44,2018-01-10 01:05:42,2018-01-10 01:05:42,2018-01-10 01:05:42,1,2026-02-07 14:47:59
898548,Etage de villa à 5 min de hammamet sur la route,,129000.0,145.0,S+3,RDC/Étage de villa,villaFloor,sale,agency,3441.0,https://www.tunisiapromo.com/gallery/photo-1-165936.jpg,[],,[],[],0,0,0,1,9,9,[],2024-12-26 22:54:22,2013-12-30 00:14:52,2014-11-15 22:54:15,2014-05-31 23:34:02,1,2026-02-07 14:47:59
1166841,A VENDRE un etage de villa avec un local a la marsa,,430000.0,322.0,S+3,RDC/Étage de villa,villaFloor,sale,agency,5199.0,https://www.menzili.tn/upload/photos/2022/05/08/14/06/7b9ng6896v.jpeg,[],,[],[],0,0,0,1,1,1,[],2025-10-19 01:38:10,2022-05-08 01:38:07,2022-05-08 01:38:07,2022-05-08 01:38:07,1,2026-02-07 14:47:59
916986,Un étage de villa a vendre à Hammam Sousse,,300000.0,160.0,S+5,RDC/Étage de villa,villaFloor,sale,agency,4504.0,http://cdn2.ballouchi.com/800x600/329491-1.jpg,[],,[],[],0,0,0,1,2,1,[],2022-01-06 21:38:22,2021-09-17 02:28:06,2022-03-23 15:39:28,2021-09-17 02:28:06,1,2026-02-07 14:47:59
888316,Rez de jardin centre ville,,130000.0,220.0,S+2,RDC/Étage de villa,villaFloor,sale,agency,3479.0,https://www.tunisiapromo.com/gallery/photo-1-284369.jpg,[],,[],[],0,0,0,1,1,1,[],2024-12-26 20:22:44,2016-10-03 20:22:39,2016-10-07 20:22:39,2016-10-03 20:22:39,1,2026-02-07 14:47:59
1015293,A VENDRE ETAGE DE VILLA RDC S3 AVEC TERRASSE ET CAFETERIA,,330000.0,264.0,S+3,RDC/Étage de villa,villaFloor,sale,agency,5289.0,https://www.menzili.tn/upload/photos/2025/05/22/10/08/9a7b9ss326.jpeg,[],,[],[],0,0,0,1,4,1,[],2025-05-22 09:15:31,2025-05-22 09:15:30,2025-06-27 15:00:11,2025-05-22 23:13:20,1,2026-02-07 14:47:59
1205762,Belle occasion  étage de villa à vendre,,120000.0,,S+2,RDC/Étage de villa,villaFloor,sale,private,3950.0,https://storage.googleapis.com/tayara-migration-yams-pro/45/45ed81ea-9d91-4bcc-9ed4-744c8015288a,[],,[],[],0,0,0,1,1,1,[],2025-12-02 11:00:23,2025-12-02 10:46:46,2025-12-02 10:47:00,2025-12-02 10:46:46,1,2026-02-07 14:47:59
1125891,À Vendre ètage de Villa à ksibet Sousse,,250000.0,170.0,S+4,RDC/Étage de villa,villaFloor,sale,agency,4600.0,https://www.mubawab-media.com/ad/8/221/644F/h/IMG-20250922-WA0028_81086787.avif,[],,[],[],0,0,0,1,2,1,[],2025-09-22 14:46:48,2025-09-22 14:46:31,2026-02-03 17:54:27,2025-09-22 14:46:31,1,2026-02-07 14:47:59
1156612,"VILLA  AVEC APPARTEMENT ET JARDIN ET GARAGE A 5min de la Mer 485m2,dont 300m2 couverte",,500000.0,300.0,S+2,RDC/Étage de villa,villaFloor,sale,private,4506.0,https://www.menzili.tn/upload/photos/2019/11/06/07/59/7s6p36i2z1.jpeg,[],,[],[],0,0,0,1,1,1,[],2025-10-19 00:15:59,2019-11-06 00:15:57,2019-11-06 00:15:57,2019-11-06 00:15:57,1,2026-02-07 14:47:59
1201669,A vendre un étage de villa situé à mrezga 370md,,370000.0,170.0,S+2,RDC/Étage de villa,villaFloor,sale,agency,3442.0,https://storage.googleapis.com/tayara-migration-yams-pro/51/51f09070-65e8-4d6b-83d0-3c4fa33902be,[],,[],[],0,0,0,1,2,2,[],2025-11-26 09:45:34,2025-11-26 09:36:34,2025-12-12 15:21:39,2025-11-26 09:36:34,1,2026-02-07 14:47:59
1177094,RDC de Villa Fleur de Hannibal à Vendre à Carthage,,2500000.0,638.0,S+4,RDC/Étage de villa,villaFloor,sale,agency,5222.0,http://cdn2.ballouchi.com/800x600/392219-1.jpg,[],,[],[],0,0,0,1,1,1,[],2025-10-24 01:48:48,2024-02-28 01:48:44,2024-03-01 01:48:44,2024-02-28 01:48:44,1,2026-02-07 14:47:59
902659,Immeuble à hammam sousse,,850000.0,463.0,,RDC/Étage de villa,villaFloor,sale,agency,4503.0,https://www.tunisiapromo.com/gallery/photo-1-27407.jpg,[],,[],[],0,0,0,1,1,1,[],2024-12-27 00:48:56,2012-09-28 00:48:49,2012-09-28 00:48:49,2012-09-28 00:48:49,1,2026-02-07 14:47:59
1070603,Etage d une villa s3 kmayra à nabeul,,480000.0,160.0,S+3,RDC/Étage de villa,villaFloor,sale,agency,3496.0,http://tunisie-annonce.com/upload2/202512/tunisie-annonce.com/photos/632246_20251202_090612.jpg,[],,[],[],0,0,0,1,2,1,[],2025-07-18 14:00:22,2025-07-18 13:57:19,2025-12-02 00:00:00,2025-07-18 13:57:19,1,2026-02-07 14:47:59
1195533,étage de maison à vendre,,170000.0,100.0,S+2,RDC/Étage de villa,villaFloor,sale,private,2385.0,https://storage.googleapis.com/tayara-migration-yams-pro/cf/cf67ca0d-7365-4dc4-b0c8-d7f06c58ba2c,[],,[],[],0,0,0,1,1,1,[],2025-11-17 20:30:30,2025-11-17 20:18:46,2025-11-17 20:18:48,2025-11-17 20:18:46,1,2026-02-07 14:47:59
1175054,Etage de Villa Bonaire à Vendre à La Marsa Enassim,,830000.0,200.0,S+5,RDC/Étage de villa,villaFloor,sale,agency,5217.0,http://cdn2.ballouchi.com/800x600/365253-1.jpg,[],,[],[],0,0,0,1,1,1,[],2025-10-23 23:21:07,2023-02-20 23:21:00,2023-02-24 23:21:00,2023-02-20 23:21:00,1,2026-02-07 14:47:59
783888,Rdc de villa milana del mourouj,,190000.0,150.0,S+3,RDC/Étage de villa,villaFloor,sale,agency,5174.0,http://tunisie-annonce.com/upload2/202511/tunisie-annonce.com/photos/632246_20251126_094135.jpg,[],,[],[],0,0,0,1,6,1,[],2022-10-20 10:11:02,2022-10-20 10:10:15,2025-11-26 00:00:00,2022-10-20 10:10:15,1,2026-02-07 14:47:59
951828,Réz de chaussé de villa pas loin carrefour express,,600000.0,250.0,S+4,RDC/Étage de villa,villaFloor,sale,agency,4593.0,http://tunisie-annonce.com/upload2/202503/tunisie-annonce.com/photos/733199_20250312_121608.jpg,[],,"[{""sourceId"": 1, ""url"": ""http://www.tunisie-annonce.com/DetailsAnnonceImmobilier.asp?cod_ann=3389235"", ""price"": 600000, ""sellerType"": ""agency"", ""lastModified"": ""2025-11-13 00:00:00""}, {""sourceId"": 6, ""url"": ""https://www.affare.tn/annonce/rez-de-chaussee-de-villa-pas-loin-carrefour-express-khzema-234970"", ""price"": 600000, ""sellerType"": ""agency"", ""lastModified"": ""2025-08-23 08:52:16""}]",[],2,2,0,1,2,2,[],2025-03-12 12:30:27,2025-03-12 12:30:25,2025-11-13 00:00:00,2025-03-12 12:30:25,1,2026-02-07 14:47:59
771616,Premier étage de villa spacieux S5 avec Terasse,,380000.0,195.0,S+5,RDC/Étage de villa,villaFloor,sale,private,991.0,https://www.mubawab-media.com/ad/7/931/548F/h/1717687425803_76508317.avif,[],,"[{""sourceId"": 5, ""url"": ""https://www.mubawab.tn/fr/a/7931548/premier-%C3%A9tage-de-villa-spacieux-s5-avec-terasse"", ""price"": 380000, ""sellerType"": ""private"", ""lastModified"": ""2026-02-03 12:19:01""}, {""sourceId"": 8, ""url"": ""https://www.bnb.tn/properties/premier-etage-de-villa-spacieux-s5-avec-une-terrasse-a-megrine-coteaux/"", ""price"": 390000, ""sellerType"": ""private"", ""lastModified"": ""2025-10-18 16:28:56""}, {""sourceId"": 10, ""url"": ""https://fi-dari.tn/bien/Megrine-PA25537-1"", ""price"": 380000, ""sellerType"": ""private"", ""lastModified"": ""2024-10-23 09:44:41""}, {""sourceId"": 13, ""url"": ""https://www.menzili.tn/annonce/annonce-131925"", ""price"": 400000, ""sellerType"": ""private"", ""lastModified"": ""2024-06-08 23:20:57""}, {""sourceId"": 4, ""url"": ""https://www.tunisiapromo.com/annonce/premier-etage-de-villa-spacieux-a-megrine-coteaux-z143047.html"", ""price"": 450000, ""sellerType"": ""private"", ""lastModified"": ""2024-06-08 21:58:03""}]",[],5,5,0,2,5,5,[],2024-06-08 12:33:41,2024-06-08 12:33:41,2026-02-03 12:19:01,2024-09-10 12:49:02,1,2026-02-07 14:47:59
640544,Etage Solène à Vendre à La Soukra Valley,,450000.0,,S+4,RDC/Étage de villa,villaFloor,sale,agency,354.0,http://cdn2.ballouchi.com/800x600/395968-1.jpg,[],,"[{""sourceId"": 3, ""url"": ""https://www.ballouchi.com/annonces/immobilier/appartements/etage-solene-a-vendre-a-la-soukra-valley.html"", ""price"": 450000, ""sellerType"": ""agency"", ""lastModified"": ""2024-05-17 00:31:35""}, {""sourceId"": 13, ""url"": ""https://www.menzili.tn/annonce/annonce-122358"", ""price"": 465000, ""sellerType"": ""agency"", ""lastModified"": ""2023-09-20 23:25:45""}]",[],2,2,0,1,9,3,[],2023-09-20 12:06:04,2023-09-20 12:05:32,2024-12-04 11:15:35,2024-05-17 00:31:35,1,2026-02-07 14:47:59
900643,Av etage de villa 5min de centre ville,,155000.0,90.0,S+2,RDC/Étage de villa,villaFloor,sale,agency,3479.0,https://www.tunisiapromo.com/gallery/photo-1-61391.jpg,[],,"[{""sourceId"": 4, ""url"": ""https://www.tunisiapromo.com/annonce/av-etage-de-villa-5min-de-centre-ville-z16587.html"", ""price"": 155000, ""sellerType"": ""agency"", ""lastModified"": ""2013-10-17 02:07:07""}]",[],1,1,0,1,5,5,[],2024-12-27 00:28:51,2013-08-22 00:28:46,2013-10-17 02:07:07,2013-08-22 00:28:46,1,2026-02-07 14:47:59
1132070,A  rdc de villa s3  ezzahra ref367a,,380000.0,300.0,S+3,RDC/Étage de villa,villaFloor,sale,agency,934.0,http://tunisie-annonce.com/upload2/202509/tunisie-annonce.com/photos/341055_20250929_185444.jpg,[],,"[{""sourceId"": 1, ""url"": ""http://www.tunisie-annonce.com/DetailsAnnonceImmobilier.asp?cod_ann=3427550"", ""price"": 380000, ""sellerType"": ""agency"", ""lastModified"": ""2025-09-29 18:00:15""}]",[],1,1,0,1,3,1,[],2025-09-29 18:00:36,2025-09-29 17:54:27,2025-09-30 10:28:32,2025-09-29 17:54:27,1,2026-02-07 14:47:59
1183271,Étage de Villa,"Le sol en parterre blanc , grand Salon et un séjour, cuisine équipée ( plaque, hôte et four) , Faux plafond sur toute la surface avec spots, double douche, un debarras, balcon bien orienté sur l'est , chauffage central, entrée garage peut accueillir jusqu'à 3voitures avec jardin, entrée indépendante,",,160.0,S+3,RDC/Étage de villa,villaFloor,sale,private,968.0,https://www.mubawab-media.com/ad/8/245/079F/h/IMG_20250812_070841_81335503.avif,"[""https://www.mubawab-media.com/ad/8/245/079F/h/IMG_20250812_070841_81335503.avif"", ""https://www.mubawab-media.com/ad/8/245/079F/h/IMG_20250812_072039_81335504.avif"", ""https://www.mubawab-media.com/ad/8/245/079F/h/IMG_20250812_070954_81335505.avif"", ""https://www.mubawab-media.com/ad/8/245/079F/h/IMG_20250812_070920_81335506.avif"", ""https://www.mubawab-media.com/ad/8/245/079F/h/IMG_20250812_070947_81335507.avif"", ""https://www.mubawab-media.com/ad/8/245/079F/h/IMG_20250812_071934_81335508.avif"", ""https://www.mubawab-media.com/ad/8/245/079F/h/IMG_20250812_071017_81335509.avif"", ""https://www.mubawab-media.com/ad/8/245/079F/h/IMG_20250812_070857_81335510.avif"", ""https://www.mubawab-media.com/ad/8/245/079F/h/IMG_20250812_072128_81335511.avif"", ""https://www.mubawab-media.com/ad/8/245/079F/h/IMG_20250812_071032_81335512.avif"", ""https://www.mubawab-media.com/ad/8/245/079F/h/IMG_20250812_070852_81335513.avif"", ""https://www.mubawab-media.com/ad/8/245/079F/h/IMG_20250812_071122_81335514.avif"", ""https://www.mubawab-media.com/ad/8/245/079F/h/IMG_20250812_071227_81335515.avif"", ""https://www.mubawab-media.com/ad/8/245/079F/h/IMG_20250812_071129_81335516.avif"", ""https://www.mubawab-media.com/ad/8/245/079F/h/IMG_20250812_071916_81335517.avif"", ""https://www.mubawab-media.com/ad/8/245/079F/h/IMG_20250812_071100_81335518.avif"", ""https://www.mubawab-media.com/ad/8/245/079F/h/IMG_20250812_071007_81335519.avif"", ""https://www.mubawab-media.com/ad/8/245/079F/h/IMG_20250812_071012_81335520.avif"", ""https://www.mubawab-media.com/ad/8/245/079F/h/IMG_20250812_070938_81335521.avif""]","[{""url"": ""https://www.mubawab-media.com/ad/8/245/079F/h/IMG_20250812_070841_81335503.avif"", ""sourceId"": 5, ""adUrl"": ""https://www.mubawab.tn/fr/a/8245079/%C3%A9tage-de-villa""}, {""url"": ""https://www.mubawab-media.com/ad/8/245/079F/h/IMG_20250812_072039_81335504.avif"", ""sourceId"": 5, ""adUrl"": ""https://www.mubawab.tn/fr/a/8245079/%C3%A9tage-de-villa""}, {""url"": ""https://www.mubawab-media.com/ad/8/245/079F/h/IMG_20250812_070954_81335505.avif"", ""sourceId"": 5, ""adUrl"": ""https://www.mubawab.tn/fr/a/8245079/%C3%A9tage-de-villa""}, {""url"": ""https://www.mubawab-media.com/ad/8/245/079F/h/IMG_20250812_070920_81335506.avif"", ""sourceId"": 5, ""adUrl"": ""https://www.mubawab.tn/fr/a/8245079/%C3%A9tage-de-villa""}, {""url"": ""https://www.mubawab-media.com/ad/8/245/079F/h/IMG_20250812_070947_81335507.avif"", ""sourceId"": 5, ""adUrl"": ""https://www.mubawab.tn/fr/a/8245079/%C3%A9tage-de-villa""}, {""url"": ""https://www.mubawab-media.com/ad/8/245/079F/h/IMG_20250812_071934_81335508.avif"", ""sourceId"": 5, ""adUrl"": ""https://www.mubawab.tn/fr/a/8245079/%C3%A9tage-de-villa""}, {""url"": ""https://www.mubawab-media.com/ad/8/245/079F/h/IMG_20250812_071017_81335509.avif"", ""sourceId"": 5, ""adUrl"": ""https://www.mubawab.tn/fr/a/8245079/%C3%A9tage-de-villa""}, {""url"": ""https://www.mubawab-media.com/ad/8/245/079F/h/IMG_20250812_070857_81335510.avif"", ""sourceId"": 5, ""adUrl"": ""https://www.mubawab.tn/fr/a/8245079/%C3%A9tage-de-villa""}, {""url"": ""https://www.mubawab-media.com/ad/8/245/079F/h/IMG_20250812_072128_81335511.avif"", ""sourceId"": 5, ""adUrl"": ""https://www.mubawab.tn/fr/a/8245079/%C3%A9tage-de-villa""}, {""url"": ""https://www.mubawab-media.com/ad/8/245/079F/h/IMG_20250812_071032_81335512.avif"", ""sourceId"": 5, ""adUrl"": ""https://www.mubawab.tn/fr/a/8245079/%C3%A9tage-de-villa""}, {""url"": ""https://www.mubawab-media.com/ad/8/245/079F/h/IMG_20250812_070852_81335513.avif"", ""sourceId"": 5, ""adUrl"": ""https://www.mubawab.tn/fr/a/8245079/%C3%A9tage-de-villa""}, {""url"": ""https://www.mubawab-media.com/ad/8/245/079F/h/IMG_20250812_071122_81335514.avif"", ""sourceId"": 5, ""adUrl"": ""https://www.mubawab.tn/fr/a/8245079/%C3%A9tage-de-villa""}, {""url"": ""https://www.mubawab-media.com/ad/8/245/079F/h/IMG_20250812_071227_81335515.avif"", ""sourceId"": 5, ""adUrl"": ""https://www.mubawab.tn/fr/a/8245079/%C3%A9tage-de-villa""}, {""url"": ""https://www.mubawab-media.com/ad/8/245/079F/h/IMG_20250812_071129_81335516.avif"", ""sourceId"": 5, ""adUrl"": ""https://www.mubawab.tn/fr/a/8245079/%C3%A9tage-de-villa""}, {""url"": ""https://www.mubawab-media.com/ad/8/245/079F/h/IMG_20250812_071916_81335517.avif"", ""sourceId"": 5, ""adUrl"": ""https://www.mubawab.tn/fr/a/8245079/%C3%A9tage-de-villa""}, {""url"": ""https://www.mubawab-media.com/ad/8/245/079F/h/IMG_20250812_071100_81335518.avif"", ""sourceId"": 5, ""adUrl"": ""https://www.mubawab.tn/fr/a/8245079/%C3%A9tage-de-villa""}, {""url"": ""https://www.mubawab-media.com/ad/8/245/079F/h/IMG_20250812_071007_81335519.avif"", ""sourceId"": 5, ""adUrl"": ""https://www.mubawab.tn/fr/a/8245079/%C3%A9tage-de-villa""}, {""url"": ""https://www.mubawab-media.com/ad/8/245/079F/h/IMG_20250812_071012_81335520.avif"", ""sourceId"": 5, ""adUrl"": ""https://www.mubawab.tn/fr/a/8245079/%C3%A9tage-de-villa""}, {""url"": ""https://www.mubawab-media.com/ad/8/245/079F/h/IMG_20250812_070938_81335521.avif"", ""sourceId"": 5, ""adUrl"": ""https://www.mubawab.tn/fr/a/8245079/%C3%A9tage-de-villa""}]","[{""sourceId"": 5, ""url"": ""https://www.mubawab.tn/fr/a/8245079/%C3%A9tage-de-villa"", ""price"": null, ""sellerType"": ""private"", ""lastModified"": ""2026-02-03 18:33:22""}]","[{""sellerType"": ""private"", ""contactName"": ""Hatem HajYahia Particulier"", ""active"": true}]",1,1,1,1,1,1,[],2025-11-01 12:15:13,2025-11-01 12:15:06,2026-02-03 18:33:22,2025-11-01 12:15:06,1,2026-02-07 14:47:59
1185320,A vendre étage de villa S2 à AFH Mrezga,"L’agence immobilière Le Boulevard vous propose :

    A #Vendre    #Référence : 1273a

étage de villa S2 Haut Standing Situé à AFH Mrezge, Cité El Wafa, Nabeul 

Il se compose d'un salon avec balcon, 2 chambres à coucher avec dressing, une cuisine bien équipée (plaque, hotte…) et salle d’eau. 

•	Superficie : 100m²

•	Chauffage central 

•	Climatiseur 

•	15 minutes de la plage à pied 

•	Proche de toutes les commodités (facultés, lycée, clinique, magasin, restaurant, banque…)

•	Prix : 300.000 TND",300000.0,100.0,S+2,RDC/Étage de villa,villaFloor,sale,agency,3442.0,https://www.mubawab-media.com/ad/8/233/974F/h/1_81220448.avif,"[""https://www.mubawab-media.com/ad/8/233/974F/h/1_81220448.avif"", ""https://www.mubawab-media.com/ad/8/233/974F/h/thumb_1183767_property_xlarge_81220449.avif"", ""https://www.mubawab-media.com/ad/8/233/974F/h/thumb_1183769_property_xlarge_81220450.avif"", ""https://www.mubawab-media.com/ad/8/233/974F/h/thumb_1183771_property_xlarge_81220451.avif"", ""https://www.mubawab-media.com/ad/8/233/974F/h/thumb_1183773_property_xlarge_81220452.avif"", ""https://www.mubawab-media.com/ad/8/233/974F/h/thumb_1183774_property_xlarge_81220453.avif"", ""https://www.mubawab-media.com/ad/8/233/974F/h/thumb_1183775_property_xlarge_81220454.avif""]","[{""url"": ""https://www.mubawab-media.com/ad/8/233/974F/h/1_81220448.avif"", ""sourceId"": 5, ""adUrl"": ""https://www.mubawab.tn/fr/a/8233974/a-vendre-%C3%A9tage-de-villa-s2-%C3%A0-afh-mrezga""}, {""url"": ""https://www.mubawab-media.com/ad/8/233/974F/h/thumb_1183767_property_xlarge_81220449.avif"", ""sourceId"": 5, ""adUrl"": ""https://www.mubawab.tn/fr/a/8233974/a-vendre-%C3%A9tage-de-villa-s2-%C3%A0-afh-mrezga""}, {""url"": ""https://www.mubawab-media.com/ad/8/233/974F/h/thumb_1183769_property_xlarge_81220450.avif"", ""sourceId"": 5, ""adUrl"": ""https://www.mubawab.tn/fr/a/8233974/a-vendre-%C3%A9tage-de-villa-s2-%C3%A0-afh-mrezga""}, {""url"": ""https://www.mubawab-media.com/ad/8/233/974F/h/thumb_1183771_property_xlarge_81220451.avif"", ""sourceId"": 5, ""adUrl"": ""https://www.mubawab.tn/fr/a/8233974/a-vendre-%C3%A9tage-de-villa-s2-%C3%A0-afh-mrezga""}, {""url"": ""https://www.mubawab-media.com/ad/8/233/974F/h/thumb_1183773_property_xlarge_81220452.avif"", ""sourceId"": 5, ""adUrl"": ""https://www.mubawab.tn/fr/a/8233974/a-vendre-%C3%A9tage-de-villa-s2-%C3%A0-afh-mrezga""}, {""url"": ""https://www.mubawab-media.com/ad/8/233/974F/h/thumb_1183774_property_xlarge_81220453.avif"", ""sourceId"": 5, ""adUrl"": ""https://www.mubawab.tn/fr/a/8233974/a-vendre-%C3%A9tage-de-villa-s2-%C3%A0-afh-mrezga""}, {""url"": ""https://www.mubawab-media.com/ad/8/233/974F/h/thumb_1183775_property_xlarge_81220454.avif"", ""sourceId"": 5, ""adUrl"": ""https://www.mubawab.tn/fr/a/8233974/a-vendre-%C3%A9tage-de-villa-s2-%C3%A0-afh-mrezga""}]","[{""sourceId"": 5, ""url"": ""https://www.mubawab.tn/fr/a/8233974/a-vendre-%C3%A9tage-de-villa-s2-%C3%A0-afh-mrezga"", ""price"": 300000, ""sellerType"": ""agency"", ""lastModified"": ""2026-01-27 20:16:00""}, {""sourceId"": 12, ""url"": ""https://www.facebook.com/marketplace/item/2111946286246307/"", ""price"": 300000, ""sellerType"": ""agency"", ""lastModified"": ""2026-01-11 17:43:01""}, {""sourceId"": 6, ""url"": ""https://www.affare.tn/annonce/a-vendre-etage-de-villa-s-2-a-afh-mrezga-cite-el-wafa-254990"", ""price"": 300000, ""sellerType"": ""agency"", ""lastModified"": ""2025-12-13 18:26:04""}, {""sourceId"": 7, ""url"": ""https://www.cava.tn/appartemen/a-vendre-tage-de-villa-s2-afh-mrezga-cit-el-wafa-975782"", ""price"": 300000, ""sellerType"": ""agency"", ""lastModified"": ""2025-12-13 14:39:37""}]","[{""sellerType"": ""agency"", ""contactName"": ""Le Boulevard immobilière"", ""active"": true}]",4,4,1,1,6,5,[],2025-10-13 13:31:20,2025-10-13 13:30:40,2026-01-27 20:16:00,2025-10-13 13:30:40,1,2026-02-07 14:47:59
765481,"2 étage de maison situé à hay tayarane sur la route ,Bizerte","Réf : m205
Immobilière Ben Hamouda met en vente A vendre 2 étage de maison situé à hay tayarane sur la route ,Bizerte.
* Un rez de chaussée , comporte un grand salon + 4 chambres à coucher + cuisine + salle de bain .
;Avec balcon
;Avec un jardin
;superficie : 220m²
* 1er étage , comporte un salon + 3chambres à coucher + cuisine + salle de bain .
Avec un terrasse
superficie : 150m²

Opportunité Exceptionnelle à Bizerte !

Découvrez cette magnifique maison de deux étages située à Hay Tayarane, sur la route de Bizerte, proposée par Immobilière Ben Hamouda. Référence : m205.

Un Rez-de-Chaussée Confortable

Le rez-de-chaussée de cette maison offre un espace de vie idéal pour les familles. Vous trouverez :

La superficie du rez-de-chaussée est de 220m², offrant amplement d'espace pour vivre.

Un 1er Étage Pratique

L'étage supérieur dispose également d'aménagements pratiques :

La superficie du 1er étage est de 150m².

Informations Clés

Ne manquez pas cette opportunité d'acquérir une maison spacieuse et confortable à Bizerte. Parfaite pour les familles ou les investisseurs, cette propriété offre un potentiel considérable.",300000.0,220.0,S+4,RDC/Étage de villa,villaFloor,sale,agency,1146.0,https://www.bnb.tn/wp-content/uploads/2023/02/325339600_1816728035359537_7666619011351505781_n-1024x768.jpg,"[""https://www.bnb.tn/wp-content/uploads/2023/02/325339600_1816728035359537_7666619011351505781_n-1024x768.jpg"", ""https://www.bnb.tn/wp-content/uploads/2023/02/325408446_1027553348065078_5852707521249185901_n-1024x768.jpg"", ""https://www.bnb.tn/wp-content/uploads/2023/02/325430833_697460072052923_8939552696996362193_n-768x1024.jpg"", ""https://www.bnb.tn/wp-content/uploads/2023/02/324334444_938922180361809_6777608904725369131_n-768x1024.jpg"", ""https://www.bnb.tn/wp-content/uploads/2023/02/324533442_696259188697804_3430377807990627296_n-1-1024x768.jpg"", ""https://www.bnb.tn/wp-content/uploads/2023/02/324764370_1168192910736734_2927687144951677911_n-1024x768.jpg"", ""https://www.bnb.tn/wp-content/uploads/2023/02/325149876_866793904658367_2335725843595200985_n-768x1024.jpg"", ""https://www.bnb.tn/wp-content/uploads/2023/02/325164470_840759043666494_8623966853937005688_n-768x1024.jpg""]","[{""url"": ""https://www.bnb.tn/wp-content/uploads/2023/02/325339600_1816728035359537_7666619011351505781_n-1024x768.jpg"", ""sourceId"": 8, ""adUrl"": ""https://www.bnb.tn/properties/2-etage-de-maison-situe-a-hay-tayarane-sur-la-route-bizerte/""}, {""url"": ""https://www.bnb.tn/wp-content/uploads/2023/02/325408446_1027553348065078_5852707521249185901_n-1024x768.jpg"", ""sourceId"": 8, ""adUrl"": ""https://www.bnb.tn/properties/2-etage-de-maison-situe-a-hay-tayarane-sur-la-route-bizerte/""}, {""url"": ""https://www.bnb.tn/wp-content/uploads/2023/02/325430833_697460072052923_8939552696996362193_n-768x1024.jpg"", ""sourceId"": 8, ""adUrl"": ""https://www.bnb.tn/properties/2-etage-de-maison-situe-a-hay-tayarane-sur-la-route-bizerte/""}, {""url"": ""https://www.bnb.tn/wp-content/uploads/2023/02/324334444_938922180361809_6777608904725369131_n-768x1024.jpg"", ""sourceId"": 8, ""adUrl"": ""https://www.bnb.tn/properties/2-etage-de-maison-situe-a-hay-tayarane-sur-la-route-bizerte/""}, {""url"": ""https://www.bnb.tn/wp-content/uploads/2023/02/324533442_696259188697804_3430377807990627296_n-1-1024x768.jpg"", ""sourceId"": 8, ""adUrl"": ""https://www.bnb.tn/properties/2-etage-de-maison-situe-a-hay-tayarane-sur-la-route-bizerte/""}, {""url"": ""https://www.bnb.tn/wp-content/uploads/2023/02/324764370_1168192910736734_2927687144951677911_n-1024x768.jpg"", ""sourceId"": 8, ""adUrl"": ""https://www.bnb.tn/properties/2-etage-de-maison-situe-a-hay-tayarane-sur-la-route-bizerte/""}, {""url"": ""https://www.bnb.tn/wp-content/uploads/2023/02/325149876_866793904658367_2335725843595200985_n-768x1024.jpg"", ""sourceId"": 8, ""adUrl"": ""https://www.bnb.tn/properties/2-etage-de-maison-situe-a-hay-tayarane-sur-la-route-bizerte/""}, {""url"": ""https://www.bnb.tn/wp-content/uploads/2023/02/325164470_840759043666494_8623966853937005688_n-768x1024.jpg"", ""sourceId"": 8, ""adUrl"": ""https://www.bnb.tn/properties/2-etage-de-maison-situe-a-hay-tayarane-sur-la-route-bizerte/""}]","[{""sourceId"": 8, ""url"": ""https://www.bnb.tn/properties/2-etage-de-maison-situe-a-hay-tayarane-sur-la-route-bizerte/"", ""price"": 300000, ""sellerType"": ""agency"", ""lastModified"": ""2025-09-13 00:20:34""}]","[{""sellerType"": ""agency"", ""contactName"": ""Immobilière Ben Hamouda"", ""active"": true}]",1,1,1,1,1,1,"[""garage""]",2023-04-14 14:15:18,2023-04-14 14:15:18,2025-09-13 00:20:34,2023-04-14 14:15:18,1,2026-02-07 14:47:59
1107498,Etage de villa S2 de 89m² à Nabeul,"À vendre à Nabeul — Etage de villa en face du Lycée Jeune Fille

Adam Immobilière vous propose à la vente un étage de villa situé à Nabeul, bénéficiant d’un excellent emplacement en face du Lycée Jeune Fille et offrant confort, luminosité et praticité.

D'une superficie de 89 m², cet étage est idéal pour une petite famille ou comme investissement.

Description :

Type : S2

Superficie : 89 m²

Étage : 1er étage avec accès indépendant

Il se compose de :

Un salon lumineux et agréable.

Deux chambres à coucher balconnets.

Une cuisine fonctionnelle et indépendante.

Une salle d’eau commune.

Atouts :

Emplacement stratégique, en face du Lycée Jeune Fille.

Espaces bien agencés et lumineux.

Quartier calme et résidentiel.

Accès indépendant, offrant intimité et confort.

Référence : Ref959a

Prix : 180 000 TND",180000.0,89.0,S+2,RDC/Étage de villa,villaFloor,sale,agency,3609.0,56130/28065314_f1f2d4d4d4d4f0f0.jpg,"[""https://www.mubawab-media.com/ad/8/207/263F/h/thumb_1149298_property_xlarge_80933115.avif"", ""https://www.mubawab-media.com/ad/8/207/263F/h/thumb_1149299_property_xlarge_80933116.avif"", ""https://www.mubawab-media.com/ad/8/207/263F/h/thumb_1149300_property_xlarge_80933117.avif"", ""https://www.mubawab-media.com/ad/8/207/263F/h/thumb_1149301_property_xlarge_80933118.avif"", ""https://www.mubawab-media.com/ad/8/207/263F/h/thumb_1149302_property_xlarge_80933119.avif"", ""https://www.mubawab-media.com/ad/8/207/263F/h/thumb_1149303_property_xlarge_80933120.avif""]","[{""url"": ""https://www.mubawab-media.com/ad/8/207/263F/h/thumb_1149298_property_xlarge_80933115.avif"", ""sourceId"": 5, ""adUrl"": ""https://www.mubawab.tn/fr/a/8207263/etage-de-villa-s2-de-89m%C2%B2-%C3%A0-nabeul""}, {""url"": ""https://www.mubawab-media.com/ad/8/207/263F/h/thumb_1149299_property_xlarge_80933116.avif"", ""sourceId"": 5, ""adUrl"": ""https://www.mubawab.tn/fr/a/8207263/etage-de-villa-s2-de-89m%C2%B2-%C3%A0-nabeul""}, {""url"": ""https://www.mubawab-media.com/ad/8/207/263F/h/thumb_1149300_property_xlarge_80933117.avif"", ""sourceId"": 5, ""adUrl"": ""https://www.mubawab.tn/fr/a/8207263/etage-de-villa-s2-de-89m%C2%B2-%C3%A0-nabeul""}, {""url"": ""https://www.mubawab-media.com/ad/8/207/263F/h/thumb_1149301_property_xlarge_80933118.avif"", ""sourceId"": 5, ""adUrl"": ""https://www.mubawab.tn/fr/a/8207263/etage-de-villa-s2-de-89m%C2%B2-%C3%A0-nabeul""}, {""url"": ""https://www.mubawab-media.com/ad/8/207/263F/h/thumb_1149302_property_xlarge_80933119.avif"", ""sourceId"": 5, ""adUrl"": ""https://www.mubawab.tn/fr/a/8207263/etage-de-villa-s2-de-89m%C2%B2-%C3%A0-nabeul""}, {""url"": ""https://www.mubawab-media.com/ad/8/207/263F/h/thumb_1149303_property_xlarge_80933120.avif"", ""sourceId"": 5, ""adUrl"": ""https://www.mubawab.tn/fr/a/8207263/etage-de-villa-s2-de-89m%C2%B2-%C3%A0-nabeul""}]","[{""sourceId"": 5, ""url"": ""https://www.mubawab.tn/fr/a/8207263/etage-de-villa-s2-de-89m%C2%B2-%C3%A0-nabeul"", ""price"": 180000, ""sellerType"": ""agency"", ""lastModified"": ""2026-01-29 19:09:30""}, {""sourceId"": 6, ""url"": ""https://www.affare.tn/annonce/etage-de-villa-s-2-de-89m-a-nabeul-247517"", ""price"": 160000, ""sellerType"": ""agency"", ""lastModified"": ""2025-08-30 00:22:46""}, {""sourceId"": 7, ""url"": ""https://www.cava.tn/appartemen/etage-de-villa-s2-de-89m-nabeul-960365"", ""price"": 160000, ""sellerType"": ""agency"", ""lastModified"": ""2025-08-29 18:23:59""}]","[{""sellerType"": ""agency"", ""contactName"": ""ADAM Immobilière"", ""active"": true}]",3,3,1,1,3,3,[],2025-08-29 18:31:16,2025-08-29 18:23:59,2026-01-29 19:09:30,2025-08-29 18:23:59,1,2026-02-07 14:47:59
802346,RDC de Villa Dina à Vendre à EL Manzah 6,"Un RDC de villa situé dans un quartier résidentiel à EL Menzah 6. A L'entrée,On trouve un salon, salle à manger, une cuisine avec séchoir, une salle d'eau, une suite parentale, 3 chambres et une salle de bain. A L'extérieur, On a une terrasse et un jardin. Pour tous les renseignements, contacter l'agent sur le <a type=""phone"">+21658XXXXXX</a>.",650000.0,303.0,S+4,RDC/Étage de villa,villaFloor,sale,agency,309.0,http://cdn2.ballouchi.com/800x600/400183-1.jpg,"[""https://server.bigdatis.com/api/properties/image/305439268"", ""https://server.bigdatis.com/api/properties/image/305439269"", ""https://server.bigdatis.com/api/properties/image/305439270"", ""https://server.bigdatis.com/api/properties/image/305439271"", ""https://server.bigdatis.com/api/properties/image/305439272"", ""https://server.bigdatis.com/api/properties/image/305439273"", ""https://server.bigdatis.com/api/properties/image/305439274"", ""https://server.bigdatis.com/api/properties/image/305439275"", ""https://server.bigdatis.com/api/properties/image/305439276"", ""https://server.bigdatis.com/api/properties/image/305439277"", ""https://server.bigdatis.com/api/properties/image/305439278"", ""https://server.bigdatis.com/api/properties/image/305439279"", ""https://server.bigdatis.com/api/properties/image/305439281"", ""https://server.bigdatis.com/api/properties/image/305439282""]","[{""url"": ""https://server.bigdatis.com/api/properties/image/305439268"", ""sourceId"": 3, ""adUrl"": ""https://www.ballouchi.com/annonces/immobilier/appartements/rdc-de-villa-dina-a-vendre-a-el-manzah-6.html""}, {""url"": ""https://server.bigdatis.com/api/properties/image/305439269"", ""sourceId"": 3, ""adUrl"": ""https://www.ballouchi.com/annonces/immobilier/appartements/rdc-de-villa-dina-a-vendre-a-el-manzah-6.html""}, {""url"": ""https://server.bigdatis.com/api/properties/image/305439270"", ""sourceId"": 3, ""adUrl"": ""https://www.ballouchi.com/annonces/immobilier/appartements/rdc-de-villa-dina-a-vendre-a-el-manzah-6.html""}, {""url"": ""https://server.bigdatis.com/api/properties/image/305439271"", ""sourceId"": 3, ""adUrl"": ""https://www.ballouchi.com/annonces/immobilier/appartements/rdc-de-villa-dina-a-vendre-a-el-manzah-6.html""}, {""url"": ""https://server.bigdatis.com/api/properties/image/305439272"", ""sourceId"": 3, ""adUrl"": ""https://www.ballouchi.com/annonces/immobilier/appartements/rdc-de-villa-dina-a-vendre-a-el-manzah-6.html""}, {""url"": ""https://server.bigdatis.com/api/properties/image/305439273"", ""sourceId"": 3, ""adUrl"": ""https://www.ballouchi.com/annonces/immobilier/appartements/rdc-de-villa-dina-a-vendre-a-el-manzah-6.html""}, {""url"": ""https://server.bigdatis.com/api/properties/image/305439274"", ""sourceId"": 3, ""adUrl"": ""https://www.ballouchi.com/annonces/immobilier/appartements/rdc-de-villa-dina-a-vendre-a-el-manzah-6.html""}, {""url"": ""https://server.bigdatis.com/api/properties/image/305439275"", ""sourceId"": 3, ""adUrl"": ""https://www.ballouchi.com/annonces/immobilier/appartements/rdc-de-villa-dina-a-vendre-a-el-manzah-6.html""}, {""url"": ""https://server.bigdatis.com/api/properties/image/305439276"", ""sourceId"": 3, ""adUrl"": ""https://www.ballouchi.com/annonces/immobilier/appartements/rdc-de-villa-dina-a-vendre-a-el-manzah-6.html""}, {""url"": ""https://server.bigdatis.com/api/properties/image/305439277"", ""sourceId"": 3, ""adUrl"": ""https://www.ballouchi.com/annonces/immobilier/appartements/rdc-de-villa-dina-a-vendre-a-el-manzah-6.html""}, {""url"": ""https://server.bigdatis.com/api/properties/image/305439278"", ""sourceId"": 3, ""adUrl"": ""https://www.ballouchi.com/annonces/immobilier/appartements/rdc-de-villa-dina-a-vendre-a-el-manzah-6.html""}, {""url"": ""https://server.bigdatis.com/api/properties/image/305439279"", ""sourceId"": 3, ""adUrl"": ""https://www.ballouchi.com/annonces/immobilier/appartements/rdc-de-villa-dina-a-vendre-a-el-manzah-6.html""}, {""url"": ""https://server.bigdatis.com/api/properties/image/305439281"", ""sourceId"": 3, ""adUrl"": ""https://www.ballouchi.com/annonces/immobilier/appartements/rdc-de-villa-dina-a-vendre-a-el-manzah-6.html""}, {""url"": ""https://server.bigdatis.com/api/properties/image/305439282"", ""sourceId"": 3, ""adUrl"": ""https://www.ballouchi.com/annonces/immobilier/appartements/rdc-de-villa-dina-a-vendre-a-el-manzah-6.html""}]","[{""sourceId"": 3, ""url"": ""https://www.ballouchi.com/annonces/immobilier/appartements/rdc-de-villa-dina-a-vendre-a-el-manzah-6.html"", ""price"": 650000, ""sellerType"": ""agency"", ""lastModified"": ""2024-08-05 21:24:23""}]","[{""sellerType"": ""agency"", ""contactName"": ""homesweethome"", ""active"": true}]",1,1,1,1,4,1,[],2024-08-05 12:40:09,2024-08-05 12:40:09,2024-08-06 13:32:23,2024-08-05 12:40:09,1,2026-02-07 14:47:59
894507,A vendre un étage de villa sur la route du port de kélibia,"Réf : MV103

Un étage de villa situé sur la route du port de Kélibia est à la vente à notre agence immobilière IMMO CASA.

L’étage au RDC  qui s’ouvre sur une grande entrée se compose de :

- 01 spacieux salon
- 03 chambres à coucher
- 01 vaste cuisine
- 01 SDB
- 01 terrasse
- 01 garage

De plus à l’extérieur un grand jardin entoure l’habitation.
La maison bénéficie d’une climatisation.

Prix : 170.000 MDT

Si cette maison démarche à vos besoins n’hésitez pas de nous contacter aux numéros suivants : <a type=""phone"">+21672XXXXXX</a>. <a type=""phone"">+21698XXXXXX</a> ou le <a type=""phone"">+21698XXXXXX</a>, si non, pour plus de propositions, veuillez visiter notre page facebook IMMO CASA ou notre site web sur le lien suivant : http://www.immocasa-tn.com.",170000.0,,S+3,RDC/Étage de villa,villaFloor,sale,agency,3496.0,https://www.tunisiapromo.com/gallery/photo-1-202565.jpg,"[""https://www.tunisiapromo.com/gallery/photo-1-202565.jpg"", ""https://www.tunisiapromo.com/gallery/photo-2-202566.jpg"", ""https://www.tunisiapromo.com/gallery/photo-3-202567.jpg"", ""https://www.tunisiapromo.com/gallery/photo-4-202568.jpg"", ""https://www.tunisiapromo.com/gallery/photo-5-202569.jpg"", ""https://www.tunisiapromo.com/gallery/photo-6-202570.jpg"", ""https://www.tunisiapromo.com/gallery/photo-7-202571.jpg"", ""https://www.tunisiapromo.com/gallery/photo-8-202572.jpg"", ""https://www.tunisiapromo.com/gallery/photo-9-202573.jpg"", ""https://www.tunisiapromo.com/gallery/photo-10-202574.jpg""]","[{""url"": ""https://www.tunisiapromo.com/gallery/photo-1-202565.jpg"", ""sourceId"": 4, ""adUrl"": ""https://www.tunisiapromo.com/annonce/a-vendre-un-etage-de-villa-sur-la-route-du-port-de-kelibia-z40835.html""}, {""url"": ""https://www.tunisiapromo.com/gallery/photo-2-202566.jpg"", ""sourceId"": 4, ""adUrl"": ""https://www.tunisiapromo.com/annonce/a-vendre-un-etage-de-villa-sur-la-route-du-port-de-kelibia-z40835.html""}, {""url"": ""https://www.tunisiapromo.com/gallery/photo-3-202567.jpg"", ""sourceId"": 4, ""adUrl"": ""https://www.tunisiapromo.com/annonce/a-vendre-un-etage-de-villa-sur-la-route-du-port-de-kelibia-z40835.html""}, {""url"": ""https://www.tunisiapromo.com/gallery/photo-4-202568.jpg"", ""sourceId"": 4, ""adUrl"": ""https://www.tunisiapromo.com/annonce/a-vendre-un-etage-de-villa-sur-la-route-du-port-de-kelibia-z40835.html""}, {""url"": ""https://www.tunisiapromo.com/gallery/photo-5-202569.jpg"", ""sourceId"": 4, ""adUrl"": ""https://www.tunisiapromo.com/annonce/a-vendre-un-etage-de-villa-sur-la-route-du-port-de-kelibia-z40835.html""}, {""url"": ""https://www.tunisiapromo.com/gallery/photo-6-202570.jpg"", ""sourceId"": 4, ""adUrl"": ""https://www.tunisiapromo.com/annonce/a-vendre-un-etage-de-villa-sur-la-route-du-port-de-kelibia-z40835.html""}, {""url"": ""https://www.tunisiapromo.com/gallery/photo-7-202571.jpg"", ""sourceId"": 4, ""adUrl"": ""https://www.tunisiapromo.com/annonce/a-vendre-un-etage-de-villa-sur-la-route-du-port-de-kelibia-z40835.html""}, {""url"": ""https://www.tunisiapromo.com/gallery/photo-8-202572.jpg"", ""sourceId"": 4, ""adUrl"": ""https://www.tunisiapromo.com/annonce/a-vendre-un-etage-de-villa-sur-la-route-du-port-de-kelibia-z40835.html""}, {""url"": ""https://www.tunisiapromo.com/gallery/photo-9-202573.jpg"", ""sourceId"": 4, ""adUrl"": ""https://www.tunisiapromo.com/annonce/a-vendre-un-etage-de-villa-sur-la-route-du-port-de-kelibia-z40835.html""}, {""url"": ""https://www.tunisiapromo.com/gallery/photo-10-202574.jpg"", ""sourceId"": 4, ""adUrl"": ""https://www.tunisiapromo.com/annonce/a-vendre-un-etage-de-villa-sur-la-route-du-port-de-kelibia-z40835.html""}]","[{""sourceId"": 4, ""url"": ""https://www.tunisiapromo.com/annonce/a-vendre-un-etage-de-villa-sur-la-route-du-port-de-kelibia-z40835.html"", ""price"": 170000, ""sellerType"": ""agency"", ""lastModified"": ""2015-03-20 22:26:21""}]","[{""sellerType"": ""agency"", ""contactName"": ""Immo Casa immobilière"", ""active"": true}]",1,1,1,1,1,1,[],2024-12-26 22:26:31,2015-03-20 22:26:21,2015-03-20 22:26:21,2015-03-20 22:26:21,1,2026-02-07 14:47:59
1046061,🏠 Villa 6 Chambres à Manouba – Quartier Calme + Étages Indépendants – Rentrée 800 DT/mois !,"🏡 À Vendre : Spacieuse Villa à Manouba – 6 Chambres + Revenu Locatif
📍 Emplacement : Cité Ben Younes, Manouba
📐 Superficie : 328 m²
💰 Prix : 750 000 DT
📜 Titre Bleu

✨ Description rapide :
Villa en très bon état composée de 6 chambres, 2 salons, 2 SDB, 2 salles d’eau, cuisine équipée, balcon, terrasse, jardin et 2 places de parking à l’abri.
✅ Climatisation & chauffage central installés
✅ Interphone & environnement résidentiel calme
🔑 Atout : Le 1er étage est actuellement loué à 800 DT/mois – idéal pour revenu complémentaire !

📞 Contactez-nous dès maintenant pour une visite ou plus d’infos ! <a type=""phone"">+21627XXXXXX</a>",750000.0,328.0,,RDC/Étage de villa,villaFloor,sale,agency,5329.0,https://img.cava.tn/cava/items/e4bd4968-4c74-43cb-aede-b95f263e9e7e/1750778736495.webp,"[""https://img.cava.tn/cava/items/e4bd4968-4c74-43cb-aede-b95f263e9e7e/1750778736495.webp"", ""https://img.cava.tn/cava/items/e4bd4968-4c74-43cb-aede-b95f263e9e7e/1750778738285.webp"", ""https://img.cava.tn/cava/items/e4bd4968-4c74-43cb-aede-b95f263e9e7e/1750778739895.webp"", ""https://img.cava.tn/cava/items/e4bd4968-4c74-43cb-aede-b95f263e9e7e/1750778741642.webp"", ""https://img.cava.tn/cava/items/e4bd4968-4c74-43cb-aede-b95f263e9e7e/1750778736143.webp"", ""https://img.cava.tn/cava/items/e4bd4968-4c74-43cb-aede-b95f263e9e7e/1750778739730.webp"", ""https://img.cava.tn/cava/items/e4bd4968-4c74-43cb-aede-b95f263e9e7e/1750778738748.webp"", ""https://img.cava.tn/cava/items/e4bd4968-4c74-43cb-aede-b95f263e9e7e/1750778738973.webp"", ""https://img.cava.tn/cava/items/e4bd4968-4c74-43cb-aede-b95f263e9e7e/1750778739972.webp""]","[{""url"": ""https://img.cava.tn/cava/items/e4bd4968-4c74-43cb-aede-b95f263e9e7e/1750778736495.webp"", ""sourceId"": 7, ""adUrl"": ""https://www.cava.tn/immobilier/-villa-6-chambres-manouba-quartier-calme-tages-indpendants-rentre-800-dtmois--948244""}, {""url"": ""https://img.cava.tn/cava/items/e4bd4968-4c74-43cb-aede-b95f263e9e7e/1750778738285.webp"", ""sourceId"": 7, ""adUrl"": ""https://www.cava.tn/immobilier/-villa-6-chambres-manouba-quartier-calme-tages-indpendants-rentre-800-dtmois--948244""}, {""url"": ""https://img.cava.tn/cava/items/e4bd4968-4c74-43cb-aede-b95f263e9e7e/1750778739895.webp"", ""sourceId"": 7, ""adUrl"": ""https://www.cava.tn/immobilier/-villa-6-chambres-manouba-quartier-calme-tages-indpendants-rentre-800-dtmois--948244""}, {""url"": ""https://img.cava.tn/cava/items/e4bd4968-4c74-43cb-aede-b95f263e9e7e/1750778741642.webp"", ""sourceId"": 7, ""adUrl"": ""https://www.cava.tn/immobilier/-villa-6-chambres-manouba-quartier-calme-tages-indpendants-rentre-800-dtmois--948244""}, {""url"": ""https://img.cava.tn/cava/items/e4bd4968-4c74-43cb-aede-b95f263e9e7e/1750778736143.webp"", ""sourceId"": 7, ""adUrl"": ""https://www.cava.tn/immobilier/-villa-6-chambres-manouba-quartier-calme-tages-indpendants-rentre-800-dtmois--948244""}, {""url"": ""https://img.cava.tn/cava/items/e4bd4968-4c74-43cb-aede-b95f263e9e7e/1750778739730.webp"", ""sourceId"": 7, ""adUrl"": ""https://www.cava.tn/immobilier/-villa-6-chambres-manouba-quartier-calme-tages-indpendants-rentre-800-dtmois--948244""}, {""url"": ""https://img.cava.tn/cava/items/e4bd4968-4c74-43cb-aede-b95f263e9e7e/1750778738748.webp"", ""sourceId"": 7, ""adUrl"": ""https://www.cava.tn/immobilier/-villa-6-chambres-manouba-quartier-calme-tages-indpendants-rentre-800-dtmois--948244""}, {""url"": ""https://img.cava.tn/cava/items/e4bd4968-4c74-43cb-aede-b95f263e9e7e/1750778738973.webp"", ""sourceId"": 7, ""adUrl"": ""https://www.cava.tn/immobilier/-villa-6-chambres-manouba-quartier-calme-tages-indpendants-rentre-800-dtmois--948244""}, {""url"": ""https://img.cava.tn/cava/items/e4bd4968-4c74-43cb-aede-b95f263e9e7e/1750778739972.webp"", ""sourceId"": 7, ""adUrl"": ""https://www.cava.tn/immobilier/-villa-6-chambres-manouba-quartier-calme-tages-indpendants-rentre-800-dtmois--948244""}]","[{""sourceId"": 7, ""url"": ""https://www.cava.tn/immobilier/-villa-6-chambres-manouba-quartier-calme-tages-indpendants-rentre-800-dtmois--948244"", ""price"": 750000, ""sellerType"": ""agency"", ""lastModified"": ""2025-06-24 16:42:07""}]","[{""sellerType"": ""agency"", ""contactName"": ""Nour"", ""active"": true}]",1,1,1,1,1,1,[],2025-06-24 16:45:27,2025-06-24 16:42:07,2025-06-24 16:42:07,2025-06-24 16:42:07,1,2026-02-07 14:47:59
906804,Rez -de chausser,"rez-de chausser spacieux et fonctionnel d'une architecture sobre et moderne .
3pcs .cuisine agencée de sanitaire et robineterie de 1er choix .de grands placards aux chambres ;terrasse :90m2. aménagée.climatiseurs installer.
Nouvelle construction .Titre bleu.
Pour de plus amples information contactez n° <a type=""phone"">+21696XXXXXX</a>",110000.0,90.0,S+0,RDC/Étage de villa,villaFloor,sale,private,3225.0,https://www.tunisiapromo.com/gallery/photo-1-4694.jpg,"[""https://www.tunisiapromo.com/gallery/photo-1-4694.jpg"", ""https://www.tunisiapromo.com/gallery/photo-2-4695.jpg"", ""https://www.tunisiapromo.com/gallery/photo-3-4696.jpg"", ""https://www.tunisiapromo.com/gallery/photo-4-4697.jpg"", ""https://www.tunisiapromo.com/gallery/photo-5-4698.jpg"", ""https://www.tunisiapromo.com/gallery/photo-6-4699.jpg"", ""https://www.tunisiapromo.com/gallery/photo-7-4700.jpg"", ""https://www.tunisiapromo.com/gallery/photo-8-4701.jpg"", ""https://www.tunisiapromo.com/gallery/photo-9-4702.jpg"", ""https://www.tunisiapromo.com/gallery/photo-10-4703.jpg""]","[{""url"": ""https://www.tunisiapromo.com/gallery/photo-1-4694.jpg"", ""sourceId"": 4, ""adUrl"": ""https://www.tunisiapromo.com/annonce/rez-de-chausser-z3156.html""}, {""url"": ""https://www.tunisiapromo.com/gallery/photo-2-4695.jpg"", ""sourceId"": 4, ""adUrl"": ""https://www.tunisiapromo.com/annonce/rez-de-chausser-z3156.html""}, {""url"": ""https://www.tunisiapromo.com/gallery/photo-3-4696.jpg"", ""sourceId"": 4, ""adUrl"": ""https://www.tunisiapromo.com/annonce/rez-de-chausser-z3156.html""}, {""url"": ""https://www.tunisiapromo.com/gallery/photo-4-4697.jpg"", ""sourceId"": 4, ""adUrl"": ""https://www.tunisiapromo.com/annonce/rez-de-chausser-z3156.html""}, {""url"": ""https://www.tunisiapromo.com/gallery/photo-5-4698.jpg"", ""sourceId"": 4, ""adUrl"": ""https://www.tunisiapromo.com/annonce/rez-de-chausser-z3156.html""}, {""url"": ""https://www.tunisiapromo.com/gallery/photo-6-4699.jpg"", ""sourceId"": 4, ""adUrl"": ""https://www.tunisiapromo.com/annonce/rez-de-chausser-z3156.html""}, {""url"": ""https://www.tunisiapromo.com/gallery/photo-7-4700.jpg"", ""sourceId"": 4, ""adUrl"": ""https://www.tunisiapromo.com/annonce/rez-de-chausser-z3156.html""}, {""url"": ""https://www.tunisiapromo.com/gallery/photo-8-4701.jpg"", ""sourceId"": 4, ""adUrl"": ""https://www.tunisiapromo.com/annonce/rez-de-chausser-z3156.html""}, {""url"": ""https://www.tunisiapromo.com/gallery/photo-9-4702.jpg"", ""sourceId"": 4, ""adUrl"": ""https://www.tunisiapromo.com/annonce/rez-de-chausser-z3156.html""}, {""url"": ""https://www.tunisiapromo.com/gallery/photo-10-4703.jpg"", ""sourceId"": 4, ""adUrl"": ""https://www.tunisiapromo.com/annonce/rez-de-chausser-z3156.html""}]","[{""sourceId"": 4, ""url"": ""https://www.tunisiapromo.com/annonce/rez-de-chausser-z3156.html"", ""price"": 110000, ""sellerType"": ""private"", ""lastModified"": ""2011-04-15 01:36:01""}]","[{""sellerType"": ""private"", ""contactName"": ""jaafoura"", ""active"": true}]",1,1,1,1,1,1,"[""parking"", ""terrace""]",2024-12-27 01:36:05,2011-04-15 01:36:01,2011-04-15 01:36:01,2011-04-15 01:36:01,1,2026-02-07 14:47:59
1197621,A Vendre Etage de Villa,"Situé au 2ème étage d'une élégante villa, ce spacieux étage S+4 s'étend sur une superficie de 200 m².
Il offre un cadre de vie confortable et lumineux grâce à ses grandes ouvertures et son agencement bien pensé. Le salon généreux s’ouvre sur un balcon ensoleillé, parfait pour se détendre.
La cuisine indépendante est fonctionnelle et bien aménagée. Les quatres  chambres sont de belles dimensions, idéales pour une famille. La salle de bain est moderne et pratique.
L’emplacement est stratégique, proche de toutes les commodités : commerces, écoles et transports",375000.0,200.0,S+4,RDC/Étage de villa,villaFloor,sale,agency,,https://storage.googleapis.com/tayara-migration-yams-pro/b1/b13c0c61-b89d-4694-815f-5d093778e423,"[""https://storage.googleapis.com/tayara-migration-yams-pro/b1/b13c0c61-b89d-4694-815f-5d093778e423"", ""https://storage.googleapis.com/tayara-migration-yams-pro/59/59b8a169-a3e7-4846-b3a0-2d6ad9589999"", ""https://storage.googleapis.com/tayara-migration-yams-pro/10/102cb781-03c4-45f0-9154-0248e764ce8a"", ""https://storage.googleapis.com/tayara-migration-yams-pro/14/1401b949-1d5e-46e9-8870-650cf308562f"", ""https://storage.googleapis.com/tayara-migration-yams-pro/d4/d4733359-5f72-418b-bca4-29a188a6e85a"", ""https://storage.googleapis.com/tayara-migration-yams-pro/ab/ab6a149c-84c7-4a6e-920b-b85ac3ad3a30"", ""https://storage.googleapis.com/tayara-migration-yams-pro/ff/fff1b8d5-5a64-49c7-94b8-402ecf10fced"", ""https://storage.googleapis.com/tayara-migration-yams-pro/e2/e202745d-3d5c-436a-a2c7-63ba91386522"", ""https://storage.googleapis.com/tayara-migration-yams-pro/45/454ac6af-9212-45d3-aff3-306203598fcd"", ""https://storage.googleapis.com/tayara-migration-yams-pro/aa/aa0259ea-6516-4a30-9466-e3f2509e3175"", ""https://storage.googleapis.com/tayara-migration-yams-pro/0f/0f8c5560-3082-4366-9e55-add396472aca"", ""https://storage.googleapis.com/tayara-migration-yams-pro/43/43545b54-4454-4ab5-8b84-7e4b9d69d7fc""]","[{""url"": ""https://storage.googleapis.com/tayara-migration-yams-pro/b1/b13c0c61-b89d-4694-815f-5d093778e423"", ""sourceId"": 2, ""adUrl"": ""https://www.tayara.tn/item/68a2f34dccec382a0d6f5dac/?v=2""}, {""url"": ""https://storage.googleapis.com/tayara-migration-yams-pro/59/59b8a169-a3e7-4846-b3a0-2d6ad9589999"", ""sourceId"": 2, ""adUrl"": ""https://www.tayara.tn/item/68a2f34dccec382a0d6f5dac/?v=2""}, {""url"": ""https://storage.googleapis.com/tayara-migration-yams-pro/10/102cb781-03c4-45f0-9154-0248e764ce8a"", ""sourceId"": 2, ""adUrl"": ""https://www.tayara.tn/item/68a2f34dccec382a0d6f5dac/?v=2""}, {""url"": ""https://storage.googleapis.com/tayara-migration-yams-pro/14/1401b949-1d5e-46e9-8870-650cf308562f"", ""sourceId"": 2, ""adUrl"": ""https://www.tayara.tn/item/68a2f34dccec382a0d6f5dac/?v=2""}, {""url"": ""https://storage.googleapis.com/tayara-migration-yams-pro/d4/d4733359-5f72-418b-bca4-29a188a6e85a"", ""sourceId"": 2, ""adUrl"": ""https://www.tayara.tn/item/68a2f34dccec382a0d6f5dac/?v=2""}, {""url"": ""https://storage.googleapis.com/tayara-migration-yams-pro/ab/ab6a149c-84c7-4a6e-920b-b85ac3ad3a30"", ""sourceId"": 2, ""adUrl"": ""https://www.tayara.tn/item/68a2f34dccec382a0d6f5dac/?v=2""}, {""url"": ""https://storage.googleapis.com/tayara-migration-yams-pro/ff/fff1b8d5-5a64-49c7-94b8-402ecf10fced"", ""sourceId"": 2, ""adUrl"": ""https://www.tayara.tn/item/68a2f34dccec382a0d6f5dac/?v=2""}, {""url"": ""https://storage.googleapis.com/tayara-migration-yams-pro/e2/e202745d-3d5c-436a-a2c7-63ba91386522"", ""sourceId"": 2, ""adUrl"": ""https://www.tayara.tn/item/68a2f34dccec382a0d6f5dac/?v=2""}, {""url"": ""https://storage.googleapis.com/tayara-migration-yams-pro/45/454ac6af-9212-45d3-aff3-306203598fcd"", ""sourceId"": 2, ""adUrl"": ""https://www.tayara.tn/item/68a2f34dccec382a0d6f5dac/?v=2""}, {""url"": ""https://storage.googleapis.com/tayara-migration-yams-pro/aa/aa0259ea-6516-4a30-9466-e3f2509e3175"", ""sourceId"": 2, ""adUrl"": ""https://www.tayara.tn/item/68a2f34dccec382a0d6f5dac/?v=2""}, {""url"": ""https://storage.googleapis.com/tayara-migration-yams-pro/0f/0f8c5560-3082-4366-9e55-add396472aca"", ""sourceId"": 2, ""adUrl"": ""https://www.tayara.tn/item/68a2f34dccec382a0d6f5dac/?v=2""}, {""url"": ""https://storage.googleapis.com/tayara-migration-yams-pro/43/43545b54-4454-4ab5-8b84-7e4b9d69d7fc"", ""sourceId"": 2, ""adUrl"": ""https://www.tayara.tn/item/68a2f34dccec382a0d6f5dac/?v=2""}]","[{""sourceId"": 2, ""url"": ""https://www.tayara.tn/item/68a2f34dccec382a0d6f5dac/?v=2"", ""price"": 375000, ""sellerType"": ""agency"", ""lastModified"": ""2025-11-20 10:30:16""}]","[{""sellerType"": ""agency"", ""contactName"": ""Tecnocasa Sousse Jawhara"", ""active"": true}]",1,1,1,1,1,1,[],2025-08-18 10:45:33,2025-08-18 10:33:01,2025-11-20 10:30:16,2025-09-16 15:52:13,1,2026-02-07 14:47:59
1232438,Etage de villa en vente,"Ce rez-de-chaussée de villa vous offre un espace de vie lumineux et vraiment agréable. Il est situé dans un quartier résidentiel au cœur de l’Ariana Ville.
 La partie jour se compose d'une véranda superbe sans vis-à-vis, d'un salon avec salle à manger donnant sur la véranda, et d'une cuisine agencée et bien équipée (plaque cuisson, hotte aspirante, four) avec coin de repas qui ouvre sur le jardin, parfait pour des repas en plein air.
 La partie nuit comprend trois chambres à coucher (dont une avec placards pratiques). Elles partagent une salle de bain avec baignoire et une salle d'eau.
 Côté extérieur, vous bénéficiez d'une place de parking pour deux voitures avec un rideau éléctrique, d'un garage pour une voiture, d'une buanderie, d'un débarras et d'un jardin s'étendant à l'entrée et à l'arrière de la villa, idéal pour se détendre en famille ou entre amis. Les finitions sont soignées avec un revêtement en carrelage, une menuiserie en bois et un climatiseur par split système.",430000.0,387.0,S+4,RDC/Étage de villa,villaFloor,sale,agency,286.0,56062/28031205_a1212161e1aab696.jpg,"[""https://cdn-media.medialabtc.it/tn/agencies/tuha9/estates/62290/images/356572/detail.jpeg"", ""https://cdn-media.medialabtc.it/tn/agencies/tuha9/estates/62290/images/356573/detail.jpeg"", ""https://cdn-media.medialabtc.it/tn/agencies/tuha9/estates/62290/images/356559/detail.jpeg"", ""https://cdn-media.medialabtc.it/tn/agencies/tuha9/estates/62290/images/356562/detail.jpeg"", ""https://cdn-media.medialabtc.it/tn/agencies/tuha9/estates/62290/images/356560/detail.jpeg"", ""https://cdn-media.medialabtc.it/tn/agencies/tuha9/estates/62290/images/356565/detail.jpeg"", ""https://cdn-media.medialabtc.it/tn/agencies/tuha9/estates/62290/images/356585/detail.jpeg"", ""https://cdn-media.medialabtc.it/tn/agencies/tuha9/estates/62290/images/356567/detail.jpeg"", ""https://cdn-media.medialabtc.it/tn/agencies/tuha9/estates/62290/images/356568/detail.jpeg"", ""https://cdn-media.medialabtc.it/tn/agencies/tuha9/estates/62290/images/356569/detail.jpeg"", ""https://cdn-media.medialabtc.it/tn/agencies/tuha9/estates/62290/images/356570/detail.jpeg"", ""https://cdn-media.medialabtc.it/tn/agencies/tuha9/estates/62290/images/356574/detail.jpeg"", ""https://cdn-media.medialabtc.it/tn/agencies/tuha9/estates/62290/images/356571/detail.jpeg"", ""https://cdn-media.medialabtc.it/tn/agencies/tuha9/estates/62290/images/356575/detail.jpeg""]","[{""url"": ""https://cdn-media.medialabtc.it/tn/agencies/tuha9/estates/62290/images/356572/detail.jpeg"", ""sourceId"": 14, ""adUrl"": ""https://www.tecnocasa.tn/vendre/villa/grand-tunis/ariana/62290.html""}, {""url"": ""https://cdn-media.medialabtc.it/tn/agencies/tuha9/estates/62290/images/356573/detail.jpeg"", ""sourceId"": 14, ""adUrl"": ""https://www.tecnocasa.tn/vendre/villa/grand-tunis/ariana/62290.html""}, {""url"": ""https://cdn-media.medialabtc.it/tn/agencies/tuha9/estates/62290/images/356559/detail.jpeg"", ""sourceId"": 14, ""adUrl"": ""https://www.tecnocasa.tn/vendre/villa/grand-tunis/ariana/62290.html""}, {""url"": ""https://cdn-media.medialabtc.it/tn/agencies/tuha9/estates/62290/images/356562/detail.jpeg"", ""sourceId"": 14, ""adUrl"": ""https://www.tecnocasa.tn/vendre/villa/grand-tunis/ariana/62290.html""}, {""url"": ""https://cdn-media.medialabtc.it/tn/agencies/tuha9/estates/62290/images/356560/detail.jpeg"", ""sourceId"": 14, ""adUrl"": ""https://www.tecnocasa.tn/vendre/villa/grand-tunis/ariana/62290.html""}, {""url"": ""https://cdn-media.medialabtc.it/tn/agencies/tuha9/estates/62290/images/356565/detail.jpeg"", ""sourceId"": 14, ""adUrl"": ""https://www.tecnocasa.tn/vendre/villa/grand-tunis/ariana/62290.html""}, {""url"": ""https://cdn-media.medialabtc.it/tn/agencies/tuha9/estates/62290/images/356585/detail.jpeg"", ""sourceId"": 14, ""adUrl"": ""https://www.tecnocasa.tn/vendre/villa/grand-tunis/ariana/62290.html""}, {""url"": ""https://cdn-media.medialabtc.it/tn/agencies/tuha9/estates/62290/images/356567/detail.jpeg"", ""sourceId"": 14, ""adUrl"": ""https://www.tecnocasa.tn/vendre/villa/grand-tunis/ariana/62290.html""}, {""url"": ""https://cdn-media.medialabtc.it/tn/agencies/tuha9/estates/62290/images/356568/detail.jpeg"", ""sourceId"": 14, ""adUrl"": ""https://www.tecnocasa.tn/vendre/villa/grand-tunis/ariana/62290.html""}, {""url"": ""https://cdn-media.medialabtc.it/tn/agencies/tuha9/estates/62290/images/356569/detail.jpeg"", ""sourceId"": 14, ""adUrl"": ""https://www.tecnocasa.tn/vendre/villa/grand-tunis/ariana/62290.html""}, {""url"": ""https://cdn-media.medialabtc.it/tn/agencies/tuha9/estates/62290/images/356570/detail.jpeg"", ""sourceId"": 14, ""adUrl"": ""https://www.tecnocasa.tn/vendre/villa/grand-tunis/ariana/62290.html""}, {""url"": ""https://cdn-media.medialabtc.it/tn/agencies/tuha9/estates/62290/images/356574/detail.jpeg"", ""sourceId"": 14, ""adUrl"": ""https://www.tecnocasa.tn/vendre/villa/grand-tunis/ariana/62290.html""}, {""url"": ""https://cdn-media.medialabtc.it/tn/agencies/tuha9/estates/62290/images/356571/detail.jpeg"", ""sourceId"": 14, ""adUrl"": ""https://www.tecnocasa.tn/vendre/villa/grand-tunis/ariana/62290.html""}, {""url"": ""https://cdn-media.medialabtc.it/tn/agencies/tuha9/estates/62290/images/356575/detail.jpeg"", ""sourceId"": 14, ""adUrl"": ""https://www.tecnocasa.tn/vendre/villa/grand-tunis/ariana/62290.html""}]","[{""sourceId"": 14, ""url"": ""https://www.tecnocasa.tn/vendre/villa/grand-tunis/ariana/62290.html"", ""price"": 430000, ""sellerType"": ""agency"", ""lastModified"": ""2026-01-11 17:15:24""}, {""sourceId"": 5, ""url"": ""https://www.mubawab.tn/fr/a/8284602/etage-de-villa-en-vente"", ""price"": 430000, ""sellerType"": ""agency"", ""lastModified"": null}]","[{""sellerType"": ""agency"", ""contactName"": ""M&M Real Estate  Suarl"", ""active"": true}]",2,2,1,1,2,2,[],2026-01-10 17:15:54,2026-01-10 17:02:02,2026-01-11 17:15:24,2026-01-10 17:02:02,1,2026-02-07 14:47:59
1168949,A vendre rez-de chaussée d'une maison.,"à vendre rez-de-chaussée d'une maison à Ben Arous, proximité du stade taieb el Mhiri, composée de 3 pièces, salle de bain et cuisine. Une terrasse ouverte sur deux autres chambre.

Pour plus d'informations veuillez nous contacter a numéro <a type=""phone"">+21690XXXXXX</a>",300000.0,370.0,S+2,RDC/Étage de villa,villaFloor,sale,private,879.0,https://www.menzili.tn/upload/photos/2022/08/01/14/49/95rp0ddo24.jpg,"[""https://www.menzili.tn/upload/photos/2022/08/01/14/49/95rp0ddo24.jpg"", ""https://www.menzili.tn/upload/photos/2022/08/01/14/50/9i731tr424.jpg"", ""https://www.menzili.tn/upload/photos/2022/08/01/14/52/992rf07937.jpg""]","[{""url"": ""https://www.menzili.tn/upload/photos/2022/08/01/14/49/95rp0ddo24.jpg"", ""sourceId"": 13, ""adUrl"": ""https://www.menzili.tn/annonce/annonce-93136""}, {""url"": ""https://www.menzili.tn/upload/photos/2022/08/01/14/50/9i731tr424.jpg"", ""sourceId"": 13, ""adUrl"": ""https://www.menzili.tn/annonce/annonce-93136""}, {""url"": ""https://www.menzili.tn/upload/photos/2022/08/01/14/52/992rf07937.jpg"", ""sourceId"": 13, ""adUrl"": ""https://www.menzili.tn/annonce/annonce-93136""}]","[{""sourceId"": 13, ""url"": ""https://www.menzili.tn/annonce/annonce-93136"", ""price"": 300000, ""sellerType"": ""private"", ""lastModified"": ""2022-08-01 02:02:28""}]","[{""sellerType"": ""private"", ""contactName"": ""Hasen limam"", ""active"": true}]",1,1,1,1,1,1,[],2025-10-19 02:02:31,2022-08-01 02:02:28,2022-08-01 02:02:28,2022-08-01 02:02:28,1,2026-02-07 14:47:59
1244730,Nabeul:une villa avec 2 appartements,"A l’entrée de Nabeul, Chez BEYA IMMOBILIERE à vendre une maison avec 2 appartements(référence ; Villa ZINA VVA004), Au rdc une villa s+2 avec véranda et un garage Au 1er étage un s+2 Au 2ème étage un s+1 avec une grande terrasse Au 3 ème étage open space Equipement= …... Frais de VISITE est 20DT (valable pour toutes visites pendant trois mois) téléphone/whatsup/imo.. ..madame RANIA (00216)94<a type=""phone"">+21694XXXXXX</a> (00216)98<a type=""phone"">+21698XXXXXX</a>ureau ;72<a type=""phone"">+21672XXXXXX</a>--sur Messenger fb ; beya immo .",330000.0,140.0,S+4,RDC/Étage de villa,villaFloor,sale,agency,3609.0,56148/28074459_98e440c8ad2ef862.jpg,"[""https://img.cava.tn/cava/items/abb7578a-77d6-45d2-b61a-501678874a97/1770106766148.webp"", ""https://img.cava.tn/cava/items/abb7578a-77d6-45d2-b61a-501678874a97/1770106793790.webp"", ""https://img.cava.tn/cava/items/abb7578a-77d6-45d2-b61a-501678874a97/1770106786709.webp"", ""https://img.cava.tn/cava/items/abb7578a-77d6-45d2-b61a-501678874a97/1770106787693.webp"", ""https://img.cava.tn/cava/items/abb7578a-77d6-45d2-b61a-501678874a97/1770106788931.webp""]","[{""url"": ""https://img.cava.tn/cava/items/abb7578a-77d6-45d2-b61a-501678874a97/1770106766148.webp"", ""sourceId"": 7, ""adUrl"": ""https://www.cava.tn/maisons_et_villas/nabeulune-villa-avec-2-appartements-981347""}, {""url"": ""https://img.cava.tn/cava/items/abb7578a-77d6-45d2-b61a-501678874a97/1770106793790.webp"", ""sourceId"": 7, ""adUrl"": ""https://www.cava.tn/maisons_et_villas/nabeulune-villa-avec-2-appartements-981347""}, {""url"": ""https://img.cava.tn/cava/items/abb7578a-77d6-45d2-b61a-501678874a97/1770106786709.webp"", ""sourceId"": 7, ""adUrl"": ""https://www.cava.tn/maisons_et_villas/nabeulune-villa-avec-2-appartements-981347""}, {""url"": ""https://img.cava.tn/cava/items/abb7578a-77d6-45d2-b61a-501678874a97/1770106787693.webp"", ""sourceId"": 7, ""adUrl"": ""https://www.cava.tn/maisons_et_villas/nabeulune-villa-avec-2-appartements-981347""}, {""url"": ""https://img.cava.tn/cava/items/abb7578a-77d6-45d2-b61a-501678874a97/1770106788931.webp"", ""sourceId"": 7, ""adUrl"": ""https://www.cava.tn/maisons_et_villas/nabeulune-villa-avec-2-appartements-981347""}]","[{""sourceId"": 7, ""url"": ""https://www.cava.tn/maisons_et_villas/nabeulune-villa-avec-2-appartements-981347"", ""price"": 330000, ""sellerType"": ""agency"", ""lastModified"": ""2026-02-03 08:20:49""}]","[{""sellerType"": ""agency"", ""contactName"": ""Beya"", ""active"": true}]",1,1,1,1,1,1,[],2026-02-03 09:30:56,2026-02-03 08:20:49,2026-02-03 08:20:49,2026-02-03 08:20:49,1,2026-02-07 14:47:59
1105467,Etage de Villa Pampelune à Vendre à Sidi Bou Said,"🏡 Home Sweet Home vous propose à la vente
Un 1er étage de villa avec terrasse situé dans un quartier résidentiel à Amilcar, Sidi Bou Said.

👉 À l’entrée :

Un salon

Une salle à manger avec balcon

Une cuisine équipée

Une salle d’eau

Trois chambres

Une salle de bain

📞 Pour plus d’informations, contactez notre agent au <a type=""phone"">+21656XXXXXX</a>.",600000.0,,S+4,RDC/Étage de villa,villaFloor,sale,agency,4837.0,55255/27627820_adbafaa939292149.jpg,"[""https://b3g4.fra01.idrivee2-68.com/images-mirror/55255/27627820_295867058.jpg?response-content-type=image%2Fjpeg&response-cache-control=public%2C%20max-age%3D31536000%2C%20immutable&X-Amz-Content-Sha256=UNSIGNED-PAYLOAD&X-Amz-Algorithm=AWS4-HMAC-SHA256&X-Amz-Credential=Bhs7rzoWz1jkU0yRURAn%2F20260207%2FFrankfurt%2Fs3%2Faws4_request&X-Amz-Date=20260207T134638Z&X-Amz-SignedHeaders=host&X-Amz-Expires=86400&X-Amz-Signature=3da0c8e9a545b2f78b1108bd7901f9a17998e11e6151865ba921a38794c529ee"", ""https://b3g4.fra01.idrivee2-68.com/images-mirror/55255/27627820_295867059.jpg?response-content-type=image%2Fjpeg&response-cache-control=public%2C%20max-age%3D31536000%2C%20immutable&X-Amz-Content-Sha256=UNSIGNED-PAYLOAD&X-Amz-Algorithm=AWS4-HMAC-SHA256&X-Amz-Credential=Bhs7rzoWz1jkU0yRURAn%2F20260207%2FFrankfurt%2Fs3%2Faws4_request&X-Amz-Date=20260207T134638Z&X-Amz-SignedHeaders=host&X-Amz-Expires=86400&X-Amz-Signature=24f025bc6cc2645822885fd65687f8e9a8152818254303f495bbb6f57ba3753a"", ""https://b3g4.fra01.idrivee2-68.com/images-mirror/55255/27627820_295867060.jpg?response-content-type=image%2Fjpeg&response-cache-control=public%2C%20max-age%3D31536000%2C%20immutable&X-Amz-Content-Sha256=UNSIGNED-PAYLOAD&X-Amz-Algorithm=AWS4-HMAC-SHA256&X-Amz-Credential=Bhs7rzoWz1jkU0yRURAn%2F20260207%2FFrankfurt%2Fs3%2Faws4_request&X-Amz-Date=20260207T134638Z&X-Amz-SignedHeaders=host&X-Amz-Expires=86400&X-Amz-Signature=0fcfc74ca9b88bd6060ba31d02431ed64b47bfd65e8fc0ba8869e6d1b0073ab3"", ""https://b3g4.fra01.idrivee2-68.com/images-mirror/55255/27627820_295867061.jpg?response-content-type=image%2Fjpeg&response-cache-control=public%2C%20max-age%3D31536000%2C%20immutable&X-Amz-Content-Sha256=UNSIGNED-PAYLOAD&X-Amz-Algorithm=AWS4-HMAC-SHA256&X-Amz-Credential=Bhs7rzoWz1jkU0yRURAn%2F20260207%2FFrankfurt%2Fs3%2Faws4_request&X-Amz-Date=20260207T134638Z&X-Amz-SignedHeaders=host&X-Amz-Expires=86400&X-Amz-Signature=33393ce1ab3fd3c975420465f50a5980080cc7c6afaf3c57c43c86bdb9781404"", ""https://b3g4.fra01.idrivee2-68.com/images-mirror/55255/27627820_295867062.jpg?response-content-type=image%2Fjpeg&response-cache-control=public%2C%20max-age%3D31536000%2C%20immutable&X-Amz-Content-Sha256=UNSIGNED-PAYLOAD&X-Amz-Algorithm=AWS4-HMAC-SHA256&X-Amz-Credential=Bhs7rzoWz1jkU0yRURAn%2F20260207%2FFrankfurt%2Fs3%2Faws4_request&X-Amz-Date=20260207T134638Z&X-Amz-SignedHeaders=host&X-Amz-Expires=86400&X-Amz-Signature=c61b696583797eaac30ebc09ef5980c4c0d3dd08bd4af3cf77d8126da4a84b4a"", ""https://b3g4.fra01.idrivee2-68.com/images-mirror/55255/27627820_295867063.jpg?response-content-type=image%2Fjpeg&response-cache-control=public%2C%20max-age%3D31536000%2C%20immutable&X-Amz-Content-Sha256=UNSIGNED-PAYLOAD&X-Amz-Algorithm=AWS4-HMAC-SHA256&X-Amz-Credential=Bhs7rzoWz1jkU0yRURAn%2F20260207%2FFrankfurt%2Fs3%2Faws4_request&X-Amz-Date=20260207T134638Z&X-Amz-SignedHeaders=host&X-Amz-Expires=86400&X-Amz-Signature=a1b2398c964906f628ced985dbd93997a3efa5e4006af64ccc247cbfc5f7e2de"", ""https://b3g4.fra01.idrivee2-68.com/images-mirror/55255/27627820_295867064.jpg?response-content-type=image%2Fjpeg&response-cache-control=public%2C%20max-age%3D31536000%2C%20immutable&X-Amz-Content-Sha256=UNSIGNED-PAYLOAD&X-Amz-Algorithm=AWS4-HMAC-SHA256&X-Amz-Credential=Bhs7rzoWz1jkU0yRURAn%2F20260207%2FFrankfurt%2Fs3%2Faws4_request&X-Amz-Date=20260207T134638Z&X-Amz-SignedHeaders=host&X-Amz-Expires=86400&X-Amz-Signature=af543cd419879a0cafc7835c1b406b08a8e0504b12f7dd8d5a87722e864e0568"", ""https://b3g4.fra01.idrivee2-68.com/images-mirror/55255/27627820_295867065.jpg?response-content-type=image%2Fjpeg&response-cache-control=public%2C%20max-age%3D31536000%2C%20immutable&X-Amz-Content-Sha256=UNSIGNED-PAYLOAD&X-Amz-Algorithm=AWS4-HMAC-SHA256&X-Amz-Credential=Bhs7rzoWz1jkU0yRURAn%2F20260207%2FFrankfurt%2Fs3%2Faws4_request&X-Amz-Date=20260207T134638Z&X-Amz-SignedHeaders=host&X-Amz-Expires=86400&X-Amz-Signature=bad1e0601fe8d71da8ef6d1c89778c264f40c509077c8cf60120554fb6058b3f"", ""https://b3g4.fra01.idrivee2-68.com/images-mirror/55255/27627820_295867066.jpg?response-content-type=image%2Fjpeg&response-cache-control=public%2C%20max-age%3D31536000%2C%20immutable&X-Amz-Content-Sha256=UNSIGNED-PAYLOAD&X-Amz-Algorithm=AWS4-HMAC-SHA256&X-Amz-Credential=Bhs7rzoWz1jkU0yRURAn%2F20260207%2FFrankfurt%2Fs3%2Faws4_request&X-Amz-Date=20260207T134638Z&X-Amz-SignedHeaders=host&X-Amz-Expires=86400&X-Amz-Signature=d89973d6d90db2e1966e34f6f198626e2821924803eb881e23918cf20fe40183"", ""https://b3g4.fra01.idrivee2-68.com/images-mirror/55255/27627820_295867067.jpg?response-content-type=image%2Fjpeg&response-cache-control=public%2C%20max-age%3D31536000%2C%20immutable&X-Amz-Content-Sha256=UNSIGNED-PAYLOAD&X-Amz-Algorithm=AWS4-HMAC-SHA256&X-Amz-Credential=Bhs7rzoWz1jkU0yRURAn%2F20260207%2FFrankfurt%2Fs3%2Faws4_request&X-Amz-Date=20260207T134638Z&X-Amz-SignedHeaders=host&X-Amz-Expires=86400&X-Amz-Signature=011974e02968bcd1640ae032d20b08d005da6a6455fa2e9a7c2f2c9621a2a5a3"", ""https://b3g4.fra01.idrivee2-68.com/images-mirror/55255/27627820_295867068.jpg?response-content-type=image%2Fjpeg&response-cache-control=public%2C%20max-age%3D31536000%2C%20immutable&X-Amz-Content-Sha256=UNSIGNED-PAYLOAD&X-Amz-Algorithm=AWS4-HMAC-SHA256&X-Amz-Credential=Bhs7rzoWz1jkU0yRURAn%2F20260207%2FFrankfurt%2Fs3%2Faws4_request&X-Amz-Date=20260207T134638Z&X-Amz-SignedHeaders=host&X-Amz-Expires=86400&X-Amz-Signature=ff42183eaadd0d0cb45a9198392e780df880e798d872dd3b22fcdd47521e96a7"", ""https://b3g4.fra01.idrivee2-68.com/images-mirror/54881/27440938_296080645.jpg?response-content-type=image%2Fjpeg&response-cache-control=public%2C%20max-age%3D31536000%2C%20immutable&X-Amz-Content-Sha256=UNSIGNED-PAYLOAD&X-Amz-Algorithm=AWS4-HMAC-SHA256&X-Amz-Credential=Bhs7rzoWz1jkU0yRURAn%2F20260207%2FFrankfurt%2Fs3%2Faws4_request&X-Amz-Date=20260207T134638Z&X-Amz-SignedHeaders=host&X-Amz-Expires=86400&X-Amz-Signature=4b99f5ae63c84c0896158b301637026f0f8f6ef5624e796b1a20a6735e6049d0"", ""https://b3g4.fra01.idrivee2-68.com/images-mirror/54881/27440938_296080646.jpg?response-content-type=image%2Fjpeg&response-cache-control=public%2C%20max-age%3D31536000%2C%20immutable&X-Amz-Content-Sha256=UNSIGNED-PAYLOAD&X-Amz-Algorithm=AWS4-HMAC-SHA256&X-Amz-Credential=Bhs7rzoWz1jkU0yRURAn%2F20260207%2FFrankfurt%2Fs3%2Faws4_request&X-Amz-Date=20260207T134638Z&X-Amz-SignedHeaders=host&X-Amz-Expires=86400&X-Amz-Signature=7baf92a9cf30afdae83b95246e36c97d788ead7e1b1bc15cfff9253c7145c5ea"", ""https://b3g4.fra01.idrivee2-68.com/images-mirror/54881/27440938_296080647.jpg?response-content-type=image%2Fjpeg&response-cache-control=public%2C%20max-age%3D31536000%2C%20immutable&X-Amz-Content-Sha256=UNSIGNED-PAYLOAD&X-Amz-Algorithm=AWS4-HMAC-SHA256&X-Amz-Credential=Bhs7rzoWz1jkU0yRURAn%2F20260207%2FFrankfurt%2Fs3%2Faws4_request&X-Amz-Date=20260207T134638Z&X-Amz-SignedHeaders=host&X-Amz-Expires=86400&X-Amz-Signature=eb2087295dc8e903bfcb7db2214c34811abda24d28e1cfb8879ba5cfb9f6ed6d"", ""https://b3g4.fra01.idrivee2-68.com/images-mirror/54881/27440938_296080649.jpg?response-content-type=image%2Fjpeg&response-cache-control=public%2C%20max-age%3D31536000%2C%20immutable&X-Amz-Content-Sha256=UNSIGNED-PAYLOAD&X-Amz-Algorithm=AWS4-HMAC-SHA256&X-Amz-Credential=Bhs7rzoWz1jkU0yRURAn%2F20260207%2FFrankfurt%2Fs3%2Faws4_request&X-Amz-Date=20260207T134638Z&X-Amz-SignedHeaders=host&X-Amz-Expires=86400&X-Amz-Signature=88f7882a225e24ee0e8747ed1d72a3d7d1dae1908ee867bee5731f58e7f395a5"", ""https://www.menzili.tn/upload/photos/2023/01/05/10/36/21130smq8v.jpg"", ""https://www.menzili.tn/upload/photos/2023/01/05/10/36/61r6m94g44.jpg"", ""https://www.menzili.tn/upload/photos/2023/01/05/10/36/9ajd3qd26v.jpg"", ""https://www.menzili.tn/upload/photos/2023/01/05/10/37/2581t63i9s.jpg"", ""https://server.bigdatis.com/api/properties/image/277922562""]","[{""url"": ""https://b3g4.fra01.idrivee2-68.com/images-mirror/55255/27627820_295867058.jpg?response-content-type=image%2Fjpeg&response-cache-control=public%2C%20max-age%3D31536000%2C%20immutable&X-Amz-Content-Sha256=UNSIGNED-PAYLOAD&X-Amz-Algorithm=AWS4-HMAC-SHA256&X-Amz-Credential=Bhs7rzoWz1jkU0yRURAn%2F20260207%2FFrankfurt%2Fs3%2Faws4_request&X-Amz-Date=20260207T134638Z&X-Amz-SignedHeaders=host&X-Amz-Expires=86400&X-Amz-Signature=3da0c8e9a545b2f78b1108bd7901f9a17998e11e6151865ba921a38794c529ee"", ""sourceId"": 12, ""adUrl"": ""https://www.facebook.com/marketplace/item/1992219138286762/""}, {""url"": ""https://b3g4.fra01.idrivee2-68.com/images-mirror/55255/27627820_295867059.jpg?response-content-type=image%2Fjpeg&response-cache-control=public%2C%20max-age%3D31536000%2C%20immutable&X-Amz-Content-Sha256=UNSIGNED-PAYLOAD&X-Amz-Algorithm=AWS4-HMAC-SHA256&X-Amz-Credential=Bhs7rzoWz1jkU0yRURAn%2F20260207%2FFrankfurt%2Fs3%2Faws4_request&X-Amz-Date=20260207T134638Z&X-Amz-SignedHeaders=host&X-Amz-Expires=86400&X-Amz-Signature=24f025bc6cc2645822885fd65687f8e9a8152818254303f495bbb6f57ba3753a"", ""sourceId"": 12, ""adUrl"": ""https://www.facebook.com/marketplace/item/1992219138286762/""}, {""url"": ""https://b3g4.fra01.idrivee2-68.com/images-mirror/55255/27627820_295867060.jpg?response-content-type=image%2Fjpeg&response-cache-control=public%2C%20max-age%3D31536000%2C%20immutable&X-Amz-Content-Sha256=UNSIGNED-PAYLOAD&X-Amz-Algorithm=AWS4-HMAC-SHA256&X-Amz-Credential=Bhs7rzoWz1jkU0yRURAn%2F20260207%2FFrankfurt%2Fs3%2Faws4_request&X-Amz-Date=20260207T134638Z&X-Amz-SignedHeaders=host&X-Amz-Expires=86400&X-Amz-Signature=0fcfc74ca9b88bd6060ba31d02431ed64b47bfd65e8fc0ba8869e6d1b0073ab3"", ""sourceId"": 12, ""adUrl"": ""https://www.facebook.com/marketplace/item/1992219138286762/""}, {""url"": ""https://b3g4.fra01.idrivee2-68.com/images-mirror/55255/27627820_295867061.jpg?response-content-type=image%2Fjpeg&response-cache-control=public%2C%20max-age%3D31536000%2C%20immutable&X-Amz-Content-Sha256=UNSIGNED-PAYLOAD&X-Amz-Algorithm=AWS4-HMAC-SHA256&X-Amz-Credential=Bhs7rzoWz1jkU0yRURAn%2F20260207%2FFrankfurt%2Fs3%2Faws4_request&X-Amz-Date=20260207T134638Z&X-Amz-SignedHeaders=host&X-Amz-Expires=86400&X-Amz-Signature=33393ce1ab3fd3c975420465f50a5980080cc7c6afaf3c57c43c86bdb9781404"", ""sourceId"": 12, ""adUrl"": ""https://www.facebook.com/marketplace/item/1992219138286762/""}, {""url"": ""https://b3g4.fra01.idrivee2-68.com/images-mirror/55255/27627820_295867062.jpg?response-content-type=image%2Fjpeg&response-cache-control=public%2C%20max-age%3D31536000%2C%20immutable&X-Amz-Content-Sha256=UNSIGNED-PAYLOAD&X-Amz-Algorithm=AWS4-HMAC-SHA256&X-Amz-Credential=Bhs7rzoWz1jkU0yRURAn%2F20260207%2FFrankfurt%2Fs3%2Faws4_request&X-Amz-Date=20260207T134638Z&X-Amz-SignedHeaders=host&X-Amz-Expires=86400&X-Amz-Signature=c61b696583797eaac30ebc09ef5980c4c0d3dd08bd4af3cf77d8126da4a84b4a"", ""sourceId"": 12, ""adUrl"": ""https://www.facebook.com/marketplace/item/1992219138286762/""}, {""url"": ""https://b3g4.fra01.idrivee2-68.com/images-mirror/55255/27627820_295867063.jpg?response-content-type=image%2Fjpeg&response-cache-control=public%2C%20max-age%3D31536000%2C%20immutable&X-Amz-Content-Sha256=UNSIGNED-PAYLOAD&X-Amz-Algorithm=AWS4-HMAC-SHA256&X-Amz-Credential=Bhs7rzoWz1jkU0yRURAn%2F20260207%2FFrankfurt%2Fs3%2Faws4_request&X-Amz-Date=20260207T134638Z&X-Amz-SignedHeaders=host&X-Amz-Expires=86400&X-Amz-Signature=a1b2398c964906f628ced985dbd93997a3efa5e4006af64ccc247cbfc5f7e2de"", ""sourceId"": 12, ""adUrl"": ""https://www.facebook.com/marketplace/item/1992219138286762/""}, {""url"": ""https://b3g4.fra01.idrivee2-68.com/images-mirror/55255/27627820_295867064.jpg?response-content-type=image%2Fjpeg&response-cache-control=public%2C%20max-age%3D31536000%2C%20immutable&X-Amz-Content-Sha256=UNSIGNED-PAYLOAD&X-Amz-Algorithm=AWS4-HMAC-SHA256&X-Amz-Credential=Bhs7rzoWz1jkU0yRURAn%2F20260207%2FFrankfurt%2Fs3%2Faws4_request&X-Amz-Date=20260207T134638Z&X-Amz-SignedHeaders=host&X-Amz-Expires=86400&X-Amz-Signature=af543cd419879a0cafc7835c1b406b08a8e0504b12f7dd8d5a87722e864e0568"", ""sourceId"": 12, ""adUrl"": ""https://www.facebook.com/marketplace/item/1992219138286762/""}, {""url"": ""https://b3g4.fra01.idrivee2-68.com/images-mirror/55255/27627820_295867065.jpg?response-content-type=image%2Fjpeg&response-cache-control=public%2C%20max-age%3D31536000%2C%20immutable&X-Amz-Content-Sha256=UNSIGNED-PAYLOAD&X-Amz-Algorithm=AWS4-HMAC-SHA256&X-Amz-Credential=Bhs7rzoWz1jkU0yRURAn%2F20260207%2FFrankfurt%2Fs3%2Faws4_request&X-Amz-Date=20260207T134638Z&X-Amz-SignedHeaders=host&X-Amz-Expires=86400&X-Amz-Signature=bad1e0601fe8d71da8ef6d1c89778c264f40c509077c8cf60120554fb6058b3f"", ""sourceId"": 12, ""adUrl"": ""https://www.facebook.com/marketplace/item/1992219138286762/""}, {""url"": ""https://b3g4.fra01.idrivee2-68.com/images-mirror/55255/27627820_295867066.jpg?response-content-type=image%2Fjpeg&response-cache-control=public%2C%20max-age%3D31536000%2C%20immutable&X-Amz-Content-Sha256=UNSIGNED-PAYLOAD&X-Amz-Algorithm=AWS4-HMAC-SHA256&X-Amz-Credential=Bhs7rzoWz1jkU0yRURAn%2F20260207%2FFrankfurt%2Fs3%2Faws4_request&X-Amz-Date=20260207T134638Z&X-Amz-SignedHeaders=host&X-Amz-Expires=86400&X-Amz-Signature=d89973d6d90db2e1966e34f6f198626e2821924803eb881e23918cf20fe40183"", ""sourceId"": 12, ""adUrl"": ""https://www.facebook.com/marketplace/item/1992219138286762/""}, {""url"": ""https://b3g4.fra01.idrivee2-68.com/images-mirror/55255/27627820_295867067.jpg?response-content-type=image%2Fjpeg&response-cache-control=public%2C%20max-age%3D31536000%2C%20immutable&X-Amz-Content-Sha256=UNSIGNED-PAYLOAD&X-Amz-Algorithm=AWS4-HMAC-SHA256&X-Amz-Credential=Bhs7rzoWz1jkU0yRURAn%2F20260207%2FFrankfurt%2Fs3%2Faws4_request&X-Amz-Date=20260207T134638Z&X-Amz-SignedHeaders=host&X-Amz-Expires=86400&X-Amz-Signature=011974e02968bcd1640ae032d20b08d005da6a6455fa2e9a7c2f2c9621a2a5a3"", ""sourceId"": 12, ""adUrl"": ""https://www.facebook.com/marketplace/item/1992219138286762/""}, {""url"": ""https://b3g4.fra01.idrivee2-68.com/images-mirror/55255/27627820_295867068.jpg?response-content-type=image%2Fjpeg&response-cache-control=public%2C%20max-age%3D31536000%2C%20immutable&X-Amz-Content-Sha256=UNSIGNED-PAYLOAD&X-Amz-Algorithm=AWS4-HMAC-SHA256&X-Amz-Credential=Bhs7rzoWz1jkU0yRURAn%2F20260207%2FFrankfurt%2Fs3%2Faws4_request&X-Amz-Date=20260207T134638Z&X-Amz-SignedHeaders=host&X-Amz-Expires=86400&X-Amz-Signature=ff42183eaadd0d0cb45a9198392e780df880e798d872dd3b22fcdd47521e96a7"", ""sourceId"": 12, ""adUrl"": ""https://www.facebook.com/marketplace/item/1992219138286762/""}, {""url"": ""https://b3g4.fra01.idrivee2-68.com/images-mirror/54881/27440938_296080645.jpg?response-content-type=image%2Fjpeg&response-cache-control=public%2C%20max-age%3D31536000%2C%20immutable&X-Amz-Content-Sha256=UNSIGNED-PAYLOAD&X-Amz-Algorithm=AWS4-HMAC-SHA256&X-Amz-Credential=Bhs7rzoWz1jkU0yRURAn%2F20260207%2FFrankfurt%2Fs3%2Faws4_request&X-Amz-Date=20260207T134638Z&X-Amz-SignedHeaders=host&X-Amz-Expires=86400&X-Amz-Signature=4b99f5ae63c84c0896158b301637026f0f8f6ef5624e796b1a20a6735e6049d0"", ""sourceId"": 12, ""adUrl"": ""https://www.facebook.com/marketplace/item/613761891197679/""}, {""url"": ""https://b3g4.fra01.idrivee2-68.com/images-mirror/54881/27440938_296080646.jpg?response-content-type=image%2Fjpeg&response-cache-control=public%2C%20max-age%3D31536000%2C%20immutable&X-Amz-Content-Sha256=UNSIGNED-PAYLOAD&X-Amz-Algorithm=AWS4-HMAC-SHA256&X-Amz-Credential=Bhs7rzoWz1jkU0yRURAn%2F20260207%2FFrankfurt%2Fs3%2Faws4_request&X-Amz-Date=20260207T134638Z&X-Amz-SignedHeaders=host&X-Amz-Expires=86400&X-Amz-Signature=7baf92a9cf30afdae83b95246e36c97d788ead7e1b1bc15cfff9253c7145c5ea"", ""sourceId"": 12, ""adUrl"": ""https://www.facebook.com/marketplace/item/613761891197679/""}, {""url"": ""https://b3g4.fra01.idrivee2-68.com/images-mirror/54881/27440938_296080647.jpg?response-content-type=image%2Fjpeg&response-cache-control=public%2C%20max-age%3D31536000%2C%20immutable&X-Amz-Content-Sha256=UNSIGNED-PAYLOAD&X-Amz-Algorithm=AWS4-HMAC-SHA256&X-Amz-Credential=Bhs7rzoWz1jkU0yRURAn%2F20260207%2FFrankfurt%2Fs3%2Faws4_request&X-Amz-Date=20260207T134638Z&X-Amz-SignedHeaders=host&X-Amz-Expires=86400&X-Amz-Signature=eb2087295dc8e903bfcb7db2214c34811abda24d28e1cfb8879ba5cfb9f6ed6d"", ""sourceId"": 12, ""adUrl"": ""https://www.facebook.com/marketplace/item/613761891197679/""}, {""url"": ""https://b3g4.fra01.idrivee2-68.com/images-mirror/54881/27440938_296080649.jpg?response-content-type=image%2Fjpeg&response-cache-control=public%2C%20max-age%3D31536000%2C%20immutable&X-Amz-Content-Sha256=UNSIGNED-PAYLOAD&X-Amz-Algorithm=AWS4-HMAC-SHA256&X-Amz-Credential=Bhs7rzoWz1jkU0yRURAn%2F20260207%2FFrankfurt%2Fs3%2Faws4_request&X-Amz-Date=20260207T134638Z&X-Amz-SignedHeaders=host&X-Amz-Expires=86400&X-Amz-Signature=88f7882a225e24ee0e8747ed1d72a3d7d1dae1908ee867bee5731f58e7f395a5"", ""sourceId"": 12, ""adUrl"": ""https://www.facebook.com/marketplace/item/613761891197679/""}, {""url"": ""https://www.menzili.tn/upload/photos/2023/01/05/10/36/21130smq8v.jpg"", ""sourceId"": 13, ""adUrl"": ""https://www.menzili.tn/annonce/annonce-106149""}, {""url"": ""https://www.menzili.tn/upload/photos/2023/01/05/10/36/61r6m94g44.jpg"", ""sourceId"": 13, ""adUrl"": ""https://www.menzili.tn/annonce/annonce-106149""}, {""url"": ""https://www.menzili.tn/upload/photos/2023/01/05/10/36/9ajd3qd26v.jpg"", ""sourceId"": 13, ""adUrl"": ""https://www.menzili.tn/annonce/annonce-106149""}, {""url"": ""https://www.menzili.tn/upload/photos/2023/01/05/10/37/2581t63i9s.jpg"", ""sourceId"": 13, ""adUrl"": ""https://www.menzili.tn/annonce/annonce-106149""}, {""url"": ""https://server.bigdatis.com/api/properties/image/277922562"", ""sourceId"": 1, ""adUrl"": ""http://www.tunisie-annonce.com/DetailsAnnonceImmobilier.asp?cod_ann=3374626""}]","[{""sourceId"": 12, ""url"": ""https://www.facebook.com/marketplace/item/1992219138286762/"", ""price"": 600000, ""sellerType"": ""agency"", ""lastModified"": ""2026-01-15 09:16:50""}, {""sourceId"": 1, ""url"": ""http://www.tunisie-annonce.com/DetailsAnnonceImmobilier.asp?cod_ann=3374626"", ""price"": 600000, ""sellerType"": ""agency"", ""lastModified"": ""2025-08-26 16:35:04""}, {""sourceId"": 13, ""url"": ""https://www.menzili.tn/annonce/annonce-106149"", ""price"": 600000, ""sellerType"": ""agency"", ""lastModified"": ""2023-01-05 00:40:42""}]","[{""sellerType"": ""agency"", ""contactName"": ""HOME SWEET HOME"", ""active"": true}]",3,3,1,1,10,4,[],2023-01-05 10:33:03,2023-01-05 00:40:42,2026-01-15 09:16:50,2023-01-05 00:40:42,1,2026-02-07 14:47:59
880190,Une villa composée de 3 étages indépendants à vendre à l'aouina,"Très belle opportunité :
A vendre une villa composée de 3 étages indépendants
Superficie terrain 200 m2, bâti 390 m2,
Au Rez de chaussée, un appartement S+3, cuisine, salle de bain, salle d’eau, deux terrasses.
Au 1 er étage, un appartement S+3, cuisine,  salle de bain, une terrasse
Au 2 éme étage,  un appartement S+2, cuisine, salle de bain 
Un studio de 20 m2,
Contact : <a type=""phone"">+21629XXXXXX</a>.",550000.0,390.0,,RDC/Étage de villa,villaFloor,sale,private,5191.0,,[],,"[{""sourceId"": 4, ""url"": ""https://www.tunisiapromo.com/annonce/une-villa-composee-de-3-etages-independants-a-vendre-a-l-aouina-z74595.html"", ""price"": 550000, ""sellerType"": ""private"", ""lastModified"": ""2018-07-05 17:58:38""}]","[{""sellerType"": ""private"", ""contactName"": ""El"", ""active"": true}]",1,1,1,1,1,1,[],2024-12-26 17:58:49,2018-07-05 17:58:38,2018-07-05 17:58:38,2018-07-05 17:58:38,1,2026-02-07 14:47:59
1087042,Étage à vendre à khzema soussse,"Dahmen Immobilier met en vente un joli et spacieux étage de villa s4 situé à Sousse exactement à khzema Cet étage est situé dans un beau quartier sécurisé, proche de toutes commodités nécessaires. IL est composé -04 chambres à coucher - Salon ouverte sur cuisine non agencé refaite à neuf , carrelage. Faïence. - révision totale électricité - gaz de ville - toute la peinture refaite avant deux mois - salle de bain refaire à neuve avec cabine de douche . . 2ème toilettes séparé neuve . - toutes les fenêtres et portes fenêtres sont neufs remplacé le mois de Mai dernier en alu . *Equipements : Placards, Balcons. * Nos services : - Accompagnements jusqu'à la signature du contrat Soyez le bienvenue à notre agence Immobilière : Route de la plage, ElMenchia immeuble Panoramis hammem Sousse, ou bien nous contactez, Nos agents sont à votre disposition pour toutes informations et conseils nécessaires pour acquérir le bien immobilier qui vous convient..",450000.0,200.0,S+4,RDC/Étage de villa,villaFloor,sale,agency,4499.0,https://www.mubawab-media.com/ad/8/196/211F/h/cf234061-bcd3-4153-a4d1-0f32a566f8fa_80825634.avif,"[""https://www.mubawab-media.com/ad/8/196/211F/h/cf234061-bcd3-4153-a4d1-0f32a566f8fa_80825634.avif"", ""https://www.mubawab-media.com/ad/8/196/211F/h/d9343f44-9513-433f-b157-0679dd2d80dd_80825635.avif"", ""https://www.mubawab-media.com/ad/8/196/211F/h/5ab43410-9e77-4326-aa7c-6e7228631588_80825636.avif"", ""https://www.mubawab-media.com/ad/8/196/211F/h/71ae1cb0-7497-4fec-87f3-ddeaefb4dd51_80825637.avif"", ""https://www.mubawab-media.com/ad/8/196/211F/h/505cb3ce-15a3-41a2-84ce-f296d35c7455_80825638.avif"", ""https://www.mubawab-media.com/ad/8/196/211F/h/5734ffe2-707e-45b5-9f4a-32f3a8a737ef_80825639.avif"", ""https://www.mubawab-media.com/ad/8/196/211F/h/a206afbb-d694-49a4-a4f7-a85679594370_80825640.avif"", ""https://www.mubawab-media.com/ad/8/196/211F/h/b8d80e8c-114c-4013-a2b7-48a639f423fa_80825641.avif""]","[{""url"": ""https://www.mubawab-media.com/ad/8/196/211F/h/cf234061-bcd3-4153-a4d1-0f32a566f8fa_80825634.avif"", ""sourceId"": 5, ""adUrl"": ""https://www.mubawab.tn/fr/a/8196211/%C3%A9tage-%C3%A0-vendre-%C3%A0-khzema-soussse""}, {""url"": ""https://www.mubawab-media.com/ad/8/196/211F/h/d9343f44-9513-433f-b157-0679dd2d80dd_80825635.avif"", ""sourceId"": 5, ""adUrl"": ""https://www.mubawab.tn/fr/a/8196211/%C3%A9tage-%C3%A0-vendre-%C3%A0-khzema-soussse""}, {""url"": ""https://www.mubawab-media.com/ad/8/196/211F/h/5ab43410-9e77-4326-aa7c-6e7228631588_80825636.avif"", ""sourceId"": 5, ""adUrl"": ""https://www.mubawab.tn/fr/a/8196211/%C3%A9tage-%C3%A0-vendre-%C3%A0-khzema-soussse""}, {""url"": ""https://www.mubawab-media.com/ad/8/196/211F/h/71ae1cb0-7497-4fec-87f3-ddeaefb4dd51_80825637.avif"", ""sourceId"": 5, ""adUrl"": ""https://www.mubawab.tn/fr/a/8196211/%C3%A9tage-%C3%A0-vendre-%C3%A0-khzema-soussse""}, {""url"": ""https://www.mubawab-media.com/ad/8/196/211F/h/505cb3ce-15a3-41a2-84ce-f296d35c7455_80825638.avif"", ""sourceId"": 5, ""adUrl"": ""https://www.mubawab.tn/fr/a/8196211/%C3%A9tage-%C3%A0-vendre-%C3%A0-khzema-soussse""}, {""url"": ""https://www.mubawab-media.com/ad/8/196/211F/h/5734ffe2-707e-45b5-9f4a-32f3a8a737ef_80825639.avif"", ""sourceId"": 5, ""adUrl"": ""https://www.mubawab.tn/fr/a/8196211/%C3%A9tage-%C3%A0-vendre-%C3%A0-khzema-soussse""}, {""url"": ""https://www.mubawab-media.com/ad/8/196/211F/h/a206afbb-d694-49a4-a4f7-a85679594370_80825640.avif"", ""sourceId"": 5, ""adUrl"": ""https://www.mubawab.tn/fr/a/8196211/%C3%A9tage-%C3%A0-vendre-%C3%A0-khzema-soussse""}, {""url"": ""https://www.mubawab-media.com/ad/8/196/211F/h/b8d80e8c-114c-4013-a2b7-48a639f423fa_80825641.avif"", ""sourceId"": 5, ""adUrl"": ""https://www.mubawab.tn/fr/a/8196211/%C3%A9tage-%C3%A0-vendre-%C3%A0-khzema-soussse""}]","[{""sourceId"": 5, ""url"": ""https://www.mubawab.tn/fr/a/8196211/%C3%A9tage-%C3%A0-vendre-%C3%A0-khzema-soussse"", ""price"": 450000, ""sellerType"": ""agency"", ""lastModified"": ""2026-01-24 22:05:11""}]","[{""sellerType"": ""agency"", ""contactName"": ""Dahmen Immobilier"", ""active"": true}]",1,1,1,1,1,1,[],2025-08-08 11:15:35,2025-08-08 11:15:26,2026-01-24 22:05:11,2025-08-08 11:15:26,1,2026-02-07 14:47:59
1125956,Etage de villa à Rades ville,"À vendre  un étage de villa avec un accès indépendant, situé dans un quartier calme et proche de toutes commodités à Rades ville.

   Il est composé d’un spacieux salon avec une véranda à l’entrée, d’une salle d’eau, d’une salle de bain, d’une cuisine, d’une kitchenette avec terrasse, de trois chambres à coucher et d’un hall avec placards.

    Chauffage central, un petit atelier  de 24m² et un petit studio au 2éme étage sont aussi disponibles.",420000.0,24.0,S+3,RDC/Étage de villa,villaFloor,sale,agency,1106.0,https://www.mubawab-media.com/ad/8/221/793F/h/307991059_753750699060461_7773727608490274278_n_81088810.avif,"[""https://www.mubawab-media.com/ad/8/221/793F/h/307991059_753750699060461_7773727608490274278_n_81088810.avif"", ""https://www.mubawab-media.com/ad/8/221/793F/h/308093758_2024623544396503_1992716537212624282_n_81088811.avif"", ""https://www.mubawab-media.com/ad/8/221/793F/h/308160846_1386612082109824_7201094483971886643_n_81088812.avif"", ""https://www.mubawab-media.com/ad/8/221/793F/h/308178436_472694178118413_9192704272652631251_n_81088813.avif""]","[{""url"": ""https://www.mubawab-media.com/ad/8/221/793F/h/307991059_753750699060461_7773727608490274278_n_81088810.avif"", ""sourceId"": 5, ""adUrl"": ""https://www.mubawab.tn/fr/a/8221793/etage-de-villa-%C3%A0-rades-ville""}, {""url"": ""https://www.mubawab-media.com/ad/8/221/793F/h/308093758_2024623544396503_1992716537212624282_n_81088811.avif"", ""sourceId"": 5, ""adUrl"": ""https://www.mubawab.tn/fr/a/8221793/etage-de-villa-%C3%A0-rades-ville""}, {""url"": ""https://www.mubawab-media.com/ad/8/221/793F/h/308160846_1386612082109824_7201094483971886643_n_81088812.avif"", ""sourceId"": 5, ""adUrl"": ""https://www.mubawab.tn/fr/a/8221793/etage-de-villa-%C3%A0-rades-ville""}, {""url"": ""https://www.mubawab-media.com/ad/8/221/793F/h/308178436_472694178118413_9192704272652631251_n_81088813.avif"", ""sourceId"": 5, ""adUrl"": ""https://www.mubawab.tn/fr/a/8221793/etage-de-villa-%C3%A0-rades-ville""}]","[{""sourceId"": 5, ""url"": ""https://www.mubawab.tn/fr/a/8221793/etage-de-villa-%C3%A0-rades-ville"", ""price"": 420000, ""sellerType"": ""agency"", ""lastModified"": ""2026-01-22 14:53:41""}]","[{""sellerType"": ""agency"", ""contactName"": ""Agence méditerrannée immobilière"", ""active"": true}]",1,1,1,1,2,1,[],2025-09-22 16:46:31,2025-09-22 16:46:03,2026-01-22 14:53:41,2025-09-22 16:46:03,1,2026-02-07 14:47:59
1158725,Deux,"L'étage de villa, qui est au rez-de-chaussée abrite un séjour, deux chambres à coucher, une cuisine équipée et aménagée et une salle de bain.

Il dispose aussi d'un studio et d'un garage.

Le deuxième étage de villa, qui se trouve au premier étage dispose d'un séjour, de deux chambres à coucher, d'une cuisine équipée et aménagée.

Il bénéficie de la vue sur la mer.

Il a aussi son propre garage.

Chaque étage a sa propre entrée mais ils se partagent un jardin gazonné, arboré et fleuri, un puits et une piscine.

Possibilité d'avoir deux étages complètement indépendants.

A 400 m de la plage.",530000.0,500.0,S+3,RDC/Étage de villa,villaFloor,sale,agency,3479.0,https://www.menzili.tn/upload/photos/2019/03/16/11/56/9ajbz32366.jpg,"[""https://www.menzili.tn/upload/photos/2019/03/16/11/56/9ajbz32366.jpg""]","[{""url"": ""https://www.menzili.tn/upload/photos/2019/03/16/11/56/9ajbz32366.jpg"", ""sourceId"": 13, ""adUrl"": ""https://www.menzili.tn/annonce/annonce-13429""}]","[{""sourceId"": 13, ""url"": ""https://www.menzili.tn/annonce/annonce-13429"", ""price"": 530000, ""sellerType"": ""agency"", ""lastModified"": ""2019-03-16 00:38:07""}]","[{""sellerType"": ""agency"", ""contactName"": ""Latifa Bouslama"", ""active"": true}]",1,1,1,1,1,1,[],2025-10-19 00:38:09,2019-03-16 00:38:07,2019-03-16 00:38:07,2019-03-16 00:38:07,1,2026-02-07 14:47:59
886347,Etage de villa a mrazga ss,"AV etage de villa RDC se composé d'un salon, trois chambres à coucher , salle d'eau , salle de bain avec cuisine et terrasse se sitée dans un endroit tres calme proche de toute commoditée 
prix 175000dt 
 pour plus d'infos contacter 00 216 <a type=""phone"">+21627XXXXXX</a>",175000.0,,S+3,RDC/Étage de villa,villaFloor,sale,agency,3442.0,https://www.tunisiapromo.com/images/61789.jpg,"[""https://www.tunisiapromo.com/images/61789.jpg""]","[{""url"": ""https://www.tunisiapromo.com/images/61789.jpg"", ""sourceId"": 4, ""adUrl"": ""https://www.tunisiapromo.com/annonce/etage-de-villa-a-mrazga-ss-z61789.html""}]","[{""sourceId"": 4, ""url"": ""https://www.tunisiapromo.com/annonce/etage-de-villa-a-mrazga-ss-z61789.html"", ""price"": 175000, ""sellerType"": ""agency"", ""lastModified"": ""2017-02-17 19:59:14""}]","[{""sellerType"": ""agency"", ""contactName"": ""agence immobilière ghalleb"", ""active"": true}]",1,1,1,1,1,1,[],2024-12-26 19:59:23,2017-02-17 19:59:14,2017-02-17 19:59:14,2017-02-17 19:59:14,1,2026-02-07 14:47:59
1164876,Vente 2éme étage de villa à Cité militaire,"2éme étage de villa haut standing a vendre

une belle opportunité

(sans meuble)

#surface 180 m² dont

#143 m² couvert moyen standing

#37 m²

Composition :

- Une Large salle de vie

- 3 Chambres à coucher,

- Une Cuisine très bien agencée

- Une Salle de bain et sale d'eau

- jardin

- terrasse

- chambre externe de 37 mètre carrée

# Equipements :

*chauffage central

* 3 climatiseurs

(LG 24000, Maxwel 12 et 9000)

*faux plafond

*fenêtre aluminium + rideau électrique

* rideaux moustiquaire

*parterre marbre téla

*gré à la masse

cuisine et salle de bains

*cuisine équipée

*peinture moderne a l'italienne

* mur double cloison

avec isolation thermique

*gaz de ville

# 8m² balcon

# 10.5 m² cour

# 17 m² ""bit stah""

==> quartier très calme

emplacement stratégique

transport commun disponible vers tout régions de sousse ( m'saken ,cité riadh ,sahloul kantaoui ,kk ,ks thrayette, ksiba, zaouia, menchia ,khezema......

à 3 minutes de la plage boujaafar par voiture

prix : 270.000dt négociable

(RÉF. 5693027)",270000.0,180.0,S+3,RDC/Étage de villa,villaFloor,sale,agency,4613.0,https://www.menzili.tn/upload/photos/2023/03/01/10/27/ds4mqdg321.jpg,"[""https://www.menzili.tn/upload/photos/2023/03/01/10/27/ds4mqdg321.jpg"", ""https://www.menzili.tn/upload/photos/2023/03/01/10/27/ajidtnq2v3.jpg"", ""https://www.menzili.tn/upload/photos/2023/03/01/10/27/7bhtfpt23e.jpg"", ""https://www.menzili.tn/upload/photos/2023/03/01/10/27/ib6f3qo996.jpg"", ""https://www.menzili.tn/upload/photos/2023/03/01/10/27/251dv0t21v.jpg"", ""https://www.menzili.tn/upload/photos/2023/03/01/10/27/yj9f43s861.jpg"", ""https://www.menzili.tn/upload/photos/2023/03/01/10/27/id92473d81.jpg"", ""https://www.menzili.tn/upload/photos/2023/03/01/10/28/ibs42s9332.jpg""]","[{""url"": ""https://www.menzili.tn/upload/photos/2023/03/01/10/27/ds4mqdg321.jpg"", ""sourceId"": 13, ""adUrl"": ""https://www.menzili.tn/annonce/annonce-111325""}, {""url"": ""https://www.menzili.tn/upload/photos/2023/03/01/10/27/ajidtnq2v3.jpg"", ""sourceId"": 13, ""adUrl"": ""https://www.menzili.tn/annonce/annonce-111325""}, {""url"": ""https://www.menzili.tn/upload/photos/2023/03/01/10/27/7bhtfpt23e.jpg"", ""sourceId"": 13, ""adUrl"": ""https://www.menzili.tn/annonce/annonce-111325""}, {""url"": ""https://www.menzili.tn/upload/photos/2023/03/01/10/27/ib6f3qo996.jpg"", ""sourceId"": 13, ""adUrl"": ""https://www.menzili.tn/annonce/annonce-111325""}, {""url"": ""https://www.menzili.tn/upload/photos/2023/03/01/10/27/251dv0t21v.jpg"", ""sourceId"": 13, ""adUrl"": ""https://www.menzili.tn/annonce/annonce-111325""}, {""url"": ""https://www.menzili.tn/upload/photos/2023/03/01/10/27/yj9f43s861.jpg"", ""sourceId"": 13, ""adUrl"": ""https://www.menzili.tn/annonce/annonce-111325""}, {""url"": ""https://www.menzili.tn/upload/photos/2023/03/01/10/27/id92473d81.jpg"", ""sourceId"": 13, ""adUrl"": ""https://www.menzili.tn/annonce/annonce-111325""}, {""url"": ""https://www.menzili.tn/upload/photos/2023/03/01/10/28/ibs42s9332.jpg"", ""sourceId"": 13, ""adUrl"": ""https://www.menzili.tn/annonce/annonce-111325""}]","[{""sourceId"": 13, ""url"": ""https://www.menzili.tn/annonce/annonce-111325"", ""price"": 270000, ""sellerType"": ""agency"", ""lastModified"": ""2023-03-01 01:21:39""}]","[{""sellerType"": ""agency"", ""contactName"": ""Home in Tunisia"", ""active"": true}]",1,1,1,1,1,1,"[""airConditioning"", ""garden""]",2025-10-19 01:21:42,2023-03-01 01:21:39,2023-03-01 01:21:39,2023-03-01 01:21:39,1,2026-02-07 14:47:59
1173074,Immeuble à vendre,"Immeuble de permis de bâtir rdc + mezzanine + 5 étage à vendre avec ascenseur.
Le travaux de construction arrêté au 2ème étage.
Le rez de chaussé est composé de 3 locaux commerciaux.
Emplacement stratégique sur rue principale de lafrane prés de la municipalité.",410000.0,1400.0,S+2,RDC/Étage de villa,villaFloor,sale,private,3960.0,http://cdn2.ballouchi.com/800x600/362173-1.png,"[""https://server.bigdatis.com/api/properties/image/305490223""]","[{""url"": ""https://server.bigdatis.com/api/properties/image/305490223"", ""sourceId"": 3, ""adUrl"": ""https://www.ballouchi.com/annonces/immobilier/appartements/immeuble-a-vendre-17.html""}]","[{""sourceId"": 3, ""url"": ""https://www.ballouchi.com/annonces/immobilier/appartements/immeuble-a-vendre-17.html"", ""price"": 410000, ""sellerType"": ""private"", ""lastModified"": ""2023-01-16 22:06:23""}]","[{""sellerType"": ""private"", ""contactName"": ""Mohamed Ali88"", ""active"": true}]",1,1,1,1,1,1,"[""elevator"", ""balcony""]",2025-10-23 22:06:30,2023-01-16 22:06:23,2023-01-16 22:06:23,2023-01-16 22:06:23,1,2026-02-07 14:47:59
908883,A vendre  immeuble rue abdeslem nabli,"Maison rez de chaussé 121m² couvert S+3 court 50m² garage 
Appartement S+3 134m²   couvert S+ garage",2500000.0,134.0,S+3,RDC/Étage de villa,villaFloor,sale,private,4596.0,,[],,"[{""sourceId"": 4, ""url"": ""https://www.tunisiapromo.com/annonce/a-vendre-immeuble-rue-abdeslem-nabli-z12698.html"", ""price"": 2500000, ""sellerType"": ""private"", ""lastModified"": ""2013-04-19 02:14:38""}]","[{""sellerType"": ""private"", ""contactName"": ""LAROUSSI"", ""active"": true}]",1,1,1,1,1,1,[],2024-12-27 02:14:45,2013-04-19 02:14:38,2013-04-19 02:14:38,2013-04-19 02:14:38,1,2026-02-07 14:47:59
521813,Etage de Villa Hosn à Vendre d'Ezzahra,"Un 2 éme étage de villa de charme situé dans un quartier résidentiel d'Ezzahra. A L'entrée, On a un salon avec balcon, une cuisine avec séchoir, 3 chambres et une salle de bain. Pour tous les renseignements, Contacter l'agent sur le <a type=""phone"">+21651XXXXXX</a>.",330000.0,180.0,S+3,RDC/Étage de villa,villaFloor,sale,agency,934.0,http://cdn2.ballouchi.com/800x600/368015-1.jpg,"[""https://server.bigdatis.com/api/properties/image/305716974"", ""https://server.bigdatis.com/api/properties/image/305716975"", ""https://server.bigdatis.com/api/properties/image/305716976"", ""https://server.bigdatis.com/api/properties/image/305716977"", ""https://server.bigdatis.com/api/properties/image/305716978"", ""https://server.bigdatis.com/api/properties/image/305716979"", ""https://server.bigdatis.com/api/properties/image/305716980"", ""https://server.bigdatis.com/api/properties/image/305716981"", ""https://server.bigdatis.com/api/properties/image/305716982"", ""https://server.bigdatis.com/api/properties/image/305716983""]","[{""url"": ""https://server.bigdatis.com/api/properties/image/305716974"", ""sourceId"": 3, ""adUrl"": ""https://www.ballouchi.com/annonces/immobilier/appartements/etage-de-villa-hosn-a-vendre-d-ezzahra.html""}, {""url"": ""https://server.bigdatis.com/api/properties/image/305716975"", ""sourceId"": 3, ""adUrl"": ""https://www.ballouchi.com/annonces/immobilier/appartements/etage-de-villa-hosn-a-vendre-d-ezzahra.html""}, {""url"": ""https://server.bigdatis.com/api/properties/image/305716976"", ""sourceId"": 3, ""adUrl"": ""https://www.ballouchi.com/annonces/immobilier/appartements/etage-de-villa-hosn-a-vendre-d-ezzahra.html""}, {""url"": ""https://server.bigdatis.com/api/properties/image/305716977"", ""sourceId"": 3, ""adUrl"": ""https://www.ballouchi.com/annonces/immobilier/appartements/etage-de-villa-hosn-a-vendre-d-ezzahra.html""}, {""url"": ""https://server.bigdatis.com/api/properties/image/305716978"", ""sourceId"": 3, ""adUrl"": ""https://www.ballouchi.com/annonces/immobilier/appartements/etage-de-villa-hosn-a-vendre-d-ezzahra.html""}, {""url"": ""https://server.bigdatis.com/api/properties/image/305716979"", ""sourceId"": 3, ""adUrl"": ""https://www.ballouchi.com/annonces/immobilier/appartements/etage-de-villa-hosn-a-vendre-d-ezzahra.html""}, {""url"": ""https://server.bigdatis.com/api/properties/image/305716980"", ""sourceId"": 3, ""adUrl"": ""https://www.ballouchi.com/annonces/immobilier/appartements/etage-de-villa-hosn-a-vendre-d-ezzahra.html""}, {""url"": ""https://server.bigdatis.com/api/properties/image/305716981"", ""sourceId"": 3, ""adUrl"": ""https://www.ballouchi.com/annonces/immobilier/appartements/etage-de-villa-hosn-a-vendre-d-ezzahra.html""}, {""url"": ""https://server.bigdatis.com/api/properties/image/305716982"", ""sourceId"": 3, ""adUrl"": ""https://www.ballouchi.com/annonces/immobilier/appartements/etage-de-villa-hosn-a-vendre-d-ezzahra.html""}, {""url"": ""https://server.bigdatis.com/api/properties/image/305716983"", ""sourceId"": 3, ""adUrl"": ""https://www.ballouchi.com/annonces/immobilier/appartements/etage-de-villa-hosn-a-vendre-d-ezzahra.html""}]","[{""sourceId"": 3, ""url"": ""https://www.ballouchi.com/annonces/immobilier/appartements/etage-de-villa-hosn-a-vendre-d-ezzahra.html"", ""price"": 330000, ""sellerType"": ""agency"", ""lastModified"": ""2023-04-06 00:55:18""}]","[{""sellerType"": ""agency"", ""contactName"": ""homesweethome"", ""active"": true}]",1,1,1,1,5,1,[],2023-04-06 10:06:03,2023-04-06 00:55:18,2025-08-01 13:57:42,2023-04-06 00:55:18,1,2026-02-07 14:47:59
888406,Etage de villa avec studio,"A vendre un étage de villa (S+3) avec  studio (S+1) inachevés, ayant une surface de 260m2 couvert,  et 1000m2 terrain clôturer. Situé à 4kg d’hammamet. Partie de terrain est planté de quelques arbres d’oliviers et des arbres  de citrons et oranges.  Le prix demandé est  245 000dt. Pour plus d'information, contactez Mounir sur le <a type=""phone"">+21626XXXXXX</a> / <a type=""phone"">+21655XXXXXX</a>.",245000.0,1000.0,,RDC/Étage de villa,villaFloor,sale,agency,3479.0,https://www.tunisiapromo.com/images/56405.jpg,"[""https://www.tunisiapromo.com/images/56405.jpg""]","[{""url"": ""https://www.tunisiapromo.com/images/56405.jpg"", ""sourceId"": 4, ""adUrl"": ""https://www.tunisiapromo.com/annonce/etage-de-villa-avec-studio-z56405.html""}]","[{""sourceId"": 4, ""url"": null, ""price"": 245000, ""sellerType"": ""agency"", ""lastModified"": ""2016-09-30 20:23:43""}]","[{""sellerType"": ""agency"", ""contactName"": ""Mounir"", ""active"": true}]",1,0,1,1,1,1,[],2024-12-26 20:23:58,2016-09-30 20:23:43,2016-09-30 20:23:43,2016-09-30 20:23:43,1,2026-02-07 14:47:59
34391,Sousse à riadh 5,"A  VENDRE : villa composée de 3 étages  indépendants :

R.D.C + 1er étage =VILLA style américain composée de 6 chambres avec des placards + 2 grands salons + 2 sal de bains +cuisine bien  équipée +tisanerie + 2 balcons + garage +place de voiture +jardin sur les 2 cotés .

2ème étage = un appartement composée de 3 chambres +salon +sal de bain +cuisine +grand terrasse sur le 2 coté + balcon .

3ème étage =un studio +grand terrasse de  120 m2.

Surface terrain :  216 m2 . couvert   412 m2. Titre foncier .

PRIX : 550.000 dt.",550000.0,412.0,,RDC/Étage de villa,villaFloor,sale,private,5305.0,https://www.menzili.tn/upload/photos/2022/12/20/23/06/894v0892e1.jpg,"[""https://www.menzili.tn/upload/photos/2022/12/20/23/06/894v0892e1.jpg"", ""https://www.menzili.tn/upload/photos/2022/12/20/23/06/he2rid9s1v.jpg"", ""https://www.menzili.tn/upload/photos/2022/12/20/23/06/js6hr44t2d.jpg"", ""https://www.menzili.tn/upload/photos/2022/12/20/23/06/8h4ds45897.jpg"", ""https://www.menzili.tn/upload/photos/2022/12/20/23/06/bz2v0std9v.jpg"", ""https://www.menzili.tn/upload/photos/2022/12/20/23/07/54p1d073s4.jpg"", ""https://www.menzili.tn/upload/photos/2022/12/20/23/10/i7sz6q62z9.jpg"", ""https://www.menzili.tn/upload/photos/2022/12/20/23/10/9121i73979.jpg"", ""https://www.menzili.tn/upload/photos/2022/12/20/23/10/j8e4s027s7.jpg"", ""https://www.menzili.tn/upload/photos/2022/12/20/23/10/h7vd4336s4.jpg""]","[{""url"": ""https://www.menzili.tn/upload/photos/2022/12/20/23/06/894v0892e1.jpg"", ""sourceId"": 13, ""adUrl"": ""https://www.menzili.tn/annonce/annonce-104756""}, {""url"": ""https://www.menzili.tn/upload/photos/2022/12/20/23/06/he2rid9s1v.jpg"", ""sourceId"": 13, ""adUrl"": ""https://www.menzili.tn/annonce/annonce-104756""}, {""url"": ""https://www.menzili.tn/upload/photos/2022/12/20/23/06/js6hr44t2d.jpg"", ""sourceId"": 13, ""adUrl"": ""https://www.menzili.tn/annonce/annonce-104756""}, {""url"": ""https://www.menzili.tn/upload/photos/2022/12/20/23/06/8h4ds45897.jpg"", ""sourceId"": 13, ""adUrl"": ""https://www.menzili.tn/annonce/annonce-104756""}, {""url"": ""https://www.menzili.tn/upload/photos/2022/12/20/23/06/bz2v0std9v.jpg"", ""sourceId"": 13, ""adUrl"": ""https://www.menzili.tn/annonce/annonce-104756""}, {""url"": ""https://www.menzili.tn/upload/photos/2022/12/20/23/07/54p1d073s4.jpg"", ""sourceId"": 13, ""adUrl"": ""https://www.menzili.tn/annonce/annonce-104756""}, {""url"": ""https://www.menzili.tn/upload/photos/2022/12/20/23/10/i7sz6q62z9.jpg"", ""sourceId"": 13, ""adUrl"": ""https://www.menzili.tn/annonce/annonce-104756""}, {""url"": ""https://www.menzili.tn/upload/photos/2022/12/20/23/10/9121i73979.jpg"", ""sourceId"": 13, ""adUrl"": ""https://www.menzili.tn/annonce/annonce-104756""}, {""url"": ""https://www.menzili.tn/upload/photos/2022/12/20/23/10/j8e4s027s7.jpg"", ""sourceId"": 13, ""adUrl"": ""https://www.menzili.tn/annonce/annonce-104756""}, {""url"": ""https://www.menzili.tn/upload/photos/2022/12/20/23/10/h7vd4336s4.jpg"", ""sourceId"": 13, ""adUrl"": ""https://www.menzili.tn/annonce/annonce-104756""}]","[{""sourceId"": 13, ""url"": ""https://www.menzili.tn/annonce/annonce-104756"", ""price"": 550000, ""sellerType"": ""private"", ""lastModified"": ""2022-12-20 23:35:49""}]","[{""sellerType"": ""private"", ""contactName"": ""Wiem"", ""active"": true}]",1,1,1,1,2,1,[],2022-12-20 22:59:03,2022-12-20 22:59:03,2023-05-04 03:20:04,2022-12-20 22:59:03,1,2026-02-07 14:47:59
1193562,Investissement à Mégrine coteau,"Vous cherchez un bien immobilier disposant d’un emplacement stratégique, calme et facilement accessible à Mégrine coteau ?

On vous propose l’acquisition d’un étage entièrement indépendant, composé de :

-	Un hall d’accueil.

-	Un salon ouvrant sur une terrasse. 

-	Quatre chambres à coucher, dont deux avec balcons 

-	Une cuisine aménagée et complétée par un vaste séchoir.

-	Une salle de bain. 

 L’étage est d’un moyen standing, mais très spacieux et libre des quatre côtes.

Possibilité de construire un 2 éme étage 

Gaz de ville disponible.",380000.0,195.0,S+4,RDC/Étage de villa,villaFloor,sale,agency,991.0,https://www.mubawab-media.com/ad/8/252/748F/h/maison22_81413240.avif,"[""https://www.mubawab-media.com/ad/8/252/748F/h/maison22_81413240.avif""]","[{""url"": ""https://www.mubawab-media.com/ad/8/252/748F/h/maison22_81413240.avif"", ""sourceId"": 5, ""adUrl"": ""https://www.mubawab.tn/fr/a/8252748/investissement-%C3%A0-m%C3%A9grine-coteau""}]","[{""sourceId"": 5, ""url"": ""https://www.mubawab.tn/fr/a/8252748/investissement-%C3%A0-m%C3%A9grine-coteau"", ""price"": 380000, ""sellerType"": ""agency"", ""lastModified"": ""2026-02-03 18:44:37""}, {""sourceId"": 2, ""url"": ""https://www.tayara.tn/item/69174303145e1617cba59117/?v=2"", ""price"": 380000, ""sellerType"": ""agency"", ""lastModified"": ""2025-11-14 15:56:04""}]","[{""sellerType"": ""agency"", ""contactName"": ""Agence méditerrannée immobilière"", ""active"": true}]",2,2,1,1,2,2,[],2025-11-14 16:00:46,2025-11-14 15:56:03,2026-02-03 18:44:37,2025-11-14 15:56:03,1,2026-02-07 14:47:59
882274,Belle ville a hammamet pres de la mer a vendre,"a vendre belle villa à proximéte de la mer hammamet nord se composé d'un etage de villa avec deux appartements se composé RDC salon, deux chambres à coucher , salle de bain, salle d'eau , avec jardin 
pour le premier appartement se composé d'un salon, une chambre à coucher , salle d'eau , avec cuisine 
avec deuxieme appartrement se composé d'un salon, une chambre à coucher , salle d'eau , cuisine 
avec un appartement se composé d'un salon, une chambre à coucher , cuisine , salle d'eau avec terrasee et place parking
prix :450MD
pour chaque appartement rentable chacun 450 dt par mois 
pour plus d'informations merci de nous contacter",450000.0,,,RDC/Étage de villa,villaFloor,sale,agency,5182.0,https://www.tunisiapromo.com/images/71657.jpg,"[""https://www.tunisiapromo.com/images/71657.jpg""]","[{""url"": ""https://www.tunisiapromo.com/images/71657.jpg"", ""sourceId"": 4, ""adUrl"": ""https://www.tunisiapromo.com/annonce/belle-ville-a-hammamet-pres-de-la-mer-a-vendre-z71657.html""}]","[{""sourceId"": 4, ""url"": ""https://www.tunisiapromo.com/annonce/belle-ville-a-hammamet-pres-de-la-mer-a-vendre-z71657.html"", ""price"": 450000, ""sellerType"": ""agency"", ""lastModified"": ""2018-03-21 19:15:08""}]","[{""sellerType"": ""agency"", ""contactName"": ""ghalleb"", ""active"": true}]",1,1,1,1,1,1,[],2024-12-26 19:15:13,2018-03-21 19:15:08,2018-03-21 19:15:08,2018-03-21 19:15:08,1,2026-02-07 14:47:59
851556,,"La Croisette Immobilière Tunisie vous propose à la vente un local commercial direct promoteur d'une superficie de 300 mètres carrés et d'une hauteur sous plafond de 2.6 mètres, occupant le rez-de-jardin d'une résidence situé sur une route très animée à Marsa ville.

Ce dernier est destiné pour tous types de commerce. 

Réf : ZCV0108

Whatsapp : <a type=""phone"">+21650XXXXXX</a>/ <a type=""phone"">+21650XXXXXX</a>

CONTACT : <a type=""phone"">+21670XXXXXX</a>/ <a type=""phone"">+21671XXXXXX</a>",600000.0,300.0,,RDC/Étage de villa,villaFloor,sale,agency,5220.0,https://fi-dari.tn/uploads/1731055053541blob,"[""https://fi-dari.tn/uploads/1731055053541blob""]","[{""url"": ""https://fi-dari.tn/uploads/1731055053541blob"", ""sourceId"": 10, ""adUrl"": ""https://fi-dari.tn/bien/La marsa-AI25841-1""}]","[{""sourceId"": 10, ""url"": null, ""price"": 600000, ""sellerType"": ""agency"", ""lastModified"": ""2024-11-08 08:37:33""}]","[{""sellerType"": ""agency"", ""contactName"": ""La croisette immobilière"", ""active"": true}]",1,0,1,1,1,1,"[""new""]",2024-11-08 09:52:35,2024-11-08 09:37:33,2024-11-08 08:37:33,2024-11-08 09:37:33,1,2026-02-07 14:47:59
1232485,Etage de villa en vente,"Ce rez-de-chaussée de villa vous offre un espace de vie lumineux et agréable.  Il est situé dans un quartier résidentiel auprès de toutes les commodités au cœur de l’Ariana, à Cité Nozha. À l’entrée un jardin et une véranda.La partie jour se compose, d'un double salon donnant sur la véranda, et d'une cuisine agencée avec un grand placard et un coin repas, elle qui ouvre sur une terrasse.La partie nuit comprend trois chambres à coucher qui partagent une salle de bain avec baignoire.Les finitions sont soignées avec un revêtement en carrelage et une menuiserie en bois.",350000.0,350.0,S+3,RDC/Étage de villa,villaFloor,sale,agency,301.0,56094/28047060_f1c7a3bb5b5a1bc1.jpg,"[""https://www.mubawab-media.com/ad/8/284/598F/h/gallery_81765652.avif"", ""https://www.mubawab-media.com/ad/8/284/598F/h/gallery_81765653.avif"", ""https://www.mubawab-media.com/ad/8/284/598F/h/gallery_81765654.avif"", ""https://www.mubawab-media.com/ad/8/284/598F/h/gallery_81765655.avif"", ""https://www.mubawab-media.com/ad/8/284/598F/h/gallery_81765656.avif"", ""https://www.mubawab-media.com/ad/8/284/598F/h/gallery_81765658.avif""]","[{""url"": ""https://www.mubawab-media.com/ad/8/284/598F/h/gallery_81765652.avif"", ""sourceId"": 5, ""adUrl"": ""https://www.mubawab.tn/fr/a/8284598/etage-de-villa-en-vente""}, {""url"": ""https://www.mubawab-media.com/ad/8/284/598F/h/gallery_81765653.avif"", ""sourceId"": 5, ""adUrl"": ""https://www.mubawab.tn/fr/a/8284598/etage-de-villa-en-vente""}, {""url"": ""https://www.mubawab-media.com/ad/8/284/598F/h/gallery_81765654.avif"", ""sourceId"": 5, ""adUrl"": ""https://www.mubawab.tn/fr/a/8284598/etage-de-villa-en-vente""}, {""url"": ""https://www.mubawab-media.com/ad/8/284/598F/h/gallery_81765655.avif"", ""sourceId"": 5, ""adUrl"": ""https://www.mubawab.tn/fr/a/8284598/etage-de-villa-en-vente""}, {""url"": ""https://www.mubawab-media.com/ad/8/284/598F/h/gallery_81765656.avif"", ""sourceId"": 5, ""adUrl"": ""https://www.mubawab.tn/fr/a/8284598/etage-de-villa-en-vente""}, {""url"": ""https://www.mubawab-media.com/ad/8/284/598F/h/gallery_81765658.avif"", ""sourceId"": 5, ""adUrl"": ""https://www.mubawab.tn/fr/a/8284598/etage-de-villa-en-vente""}]","[{""sourceId"": 5, ""url"": null, ""price"": 350000, ""sellerType"": ""agency"", ""lastModified"": ""2026-01-25 19:28:26""}, {""sourceId"": 14, ""url"": null, ""price"": 350000, ""sellerType"": ""agency"", ""lastModified"": ""2026-01-21 11:00:48""}]","[{""sellerType"": ""agency"", ""contactName"": ""TECNOCASA ARIANA VILLE"", ""active"": true}]",2,0,1,1,2,2,[],2026-01-10 18:15:49,2026-01-10 18:15:20,2026-01-25 19:28:26,2026-01-13 17:30:48,1,2026-02-07 14:47:59
714340,RDC de Villa Jade à Vendre à Teboursouk,"Un RDC de Villa situé dans un quartier résidentiel à Teboursouk. A L'entrée, On a un spacieux salon, deux cuisines (dont une avec séchoir), deux salles d'eau, 3 chambres à coucher et deux salles de bain. Pour tous les renseignements, Contacter l'agent sur le <a type=""phone"">+21658XXXXXX</a>.",100000.0,200.0,S+3,RDC/Étage de villa,villaFloor,sale,agency,745.0,http://cdn2.ballouchi.com/800x600/391965-1.jpg,"[""https://server.bigdatis.com/api/properties/image/305707432"", ""https://server.bigdatis.com/api/properties/image/305707433"", ""https://server.bigdatis.com/api/properties/image/305707434"", ""https://server.bigdatis.com/api/properties/image/305707435"", ""https://server.bigdatis.com/api/properties/image/305707436"", ""https://server.bigdatis.com/api/properties/image/305707437"", ""https://server.bigdatis.com/api/properties/image/305707438"", ""https://server.bigdatis.com/api/properties/image/305707439"", ""https://server.bigdatis.com/api/properties/image/305707440"", ""https://server.bigdatis.com/api/properties/image/305707441"", ""https://server.bigdatis.com/api/properties/image/305707442"", ""https://server.bigdatis.com/api/properties/image/305707443"", ""https://server.bigdatis.com/api/properties/image/305707444"", ""https://server.bigdatis.com/api/properties/image/305707445""]","[{""url"": ""https://server.bigdatis.com/api/properties/image/305707432"", ""sourceId"": 3, ""adUrl"": ""https://www.ballouchi.com/annonces/immobilier/villas/rdc-de-villa-jade-a-vendre-a-teboursouk.html""}, {""url"": ""https://server.bigdatis.com/api/properties/image/305707433"", ""sourceId"": 3, ""adUrl"": ""https://www.ballouchi.com/annonces/immobilier/villas/rdc-de-villa-jade-a-vendre-a-teboursouk.html""}, {""url"": ""https://server.bigdatis.com/api/properties/image/305707434"", ""sourceId"": 3, ""adUrl"": ""https://www.ballouchi.com/annonces/immobilier/villas/rdc-de-villa-jade-a-vendre-a-teboursouk.html""}, {""url"": ""https://server.bigdatis.com/api/properties/image/305707435"", ""sourceId"": 3, ""adUrl"": ""https://www.ballouchi.com/annonces/immobilier/villas/rdc-de-villa-jade-a-vendre-a-teboursouk.html""}, {""url"": ""https://server.bigdatis.com/api/properties/image/305707436"", ""sourceId"": 3, ""adUrl"": ""https://www.ballouchi.com/annonces/immobilier/villas/rdc-de-villa-jade-a-vendre-a-teboursouk.html""}, {""url"": ""https://server.bigdatis.com/api/properties/image/305707437"", ""sourceId"": 3, ""adUrl"": ""https://www.ballouchi.com/annonces/immobilier/villas/rdc-de-villa-jade-a-vendre-a-teboursouk.html""}, {""url"": ""https://server.bigdatis.com/api/properties/image/305707438"", ""sourceId"": 3, ""adUrl"": ""https://www.ballouchi.com/annonces/immobilier/villas/rdc-de-villa-jade-a-vendre-a-teboursouk.html""}, {""url"": ""https://server.bigdatis.com/api/properties/image/305707439"", ""sourceId"": 3, ""adUrl"": ""https://www.ballouchi.com/annonces/immobilier/villas/rdc-de-villa-jade-a-vendre-a-teboursouk.html""}, {""url"": ""https://server.bigdatis.com/api/properties/image/305707440"", ""sourceId"": 3, ""adUrl"": ""https://www.ballouchi.com/annonces/immobilier/villas/rdc-de-villa-jade-a-vendre-a-teboursouk.html""}, {""url"": ""https://server.bigdatis.com/api/properties/image/305707441"", ""sourceId"": 3, ""adUrl"": ""https://www.ballouchi.com/annonces/immobilier/villas/rdc-de-villa-jade-a-vendre-a-teboursouk.html""}, {""url"": ""https://server.bigdatis.com/api/properties/image/305707442"", ""sourceId"": 3, ""adUrl"": ""https://www.ballouchi.com/annonces/immobilier/villas/rdc-de-villa-jade-a-vendre-a-teboursouk.html""}, {""url"": ""https://server.bigdatis.com/api/properties/image/305707443"", ""sourceId"": 3, ""adUrl"": ""https://www.ballouchi.com/annonces/immobilier/villas/rdc-de-villa-jade-a-vendre-a-teboursouk.html""}, {""url"": ""https://server.bigdatis.com/api/properties/image/305707444"", ""sourceId"": 3, ""adUrl"": ""https://www.ballouchi.com/annonces/immobilier/villas/rdc-de-villa-jade-a-vendre-a-teboursouk.html""}, {""url"": ""https://server.bigdatis.com/api/properties/image/305707445"", ""sourceId"": 3, ""adUrl"": ""https://www.ballouchi.com/annonces/immobilier/villas/rdc-de-villa-jade-a-vendre-a-teboursouk.html""}]","[{""sourceId"": 3, ""url"": ""https://www.ballouchi.com/annonces/immobilier/villas/rdc-de-villa-jade-a-vendre-a-teboursouk.html"", ""price"": 100000, ""sellerType"": ""agency"", ""lastModified"": ""2024-02-22 00:49:32""}]","[{""sellerType"": ""agency"", ""contactName"": ""homesweethome"", ""active"": true}]",1,1,1,1,2,1,[],2024-02-22 14:36:07,2024-02-22 00:49:32,2024-02-22 14:36:05,2024-02-22 00:49:32,1,2026-02-07 14:47:59
1156713,Maison 1er étage d une duplexe a Ben Arous,1er étage d une duplexe lelbi3 3 byout salle de bains mancher viranda,78000.0,75.0,,RDC/Étage de villa,villaFloor,sale,private,1040.0,https://www.menzili.tn/upload/photos/2019/09/23/01/58/adst22dm97.jpg,"[""https://www.menzili.tn/upload/photos/2019/09/23/01/58/adst22dm97.jpg"", ""https://www.menzili.tn/upload/photos/2019/09/23/01/58/76zqqgiz2v.jpg"", ""https://www.menzili.tn/upload/photos/2019/09/23/01/59/ss0sq25i74.jpg""]","[{""url"": ""https://www.menzili.tn/upload/photos/2019/09/23/01/58/adst22dm97.jpg"", ""sourceId"": 13, ""adUrl"": ""https://www.menzili.tn/annonce/annonce-22023""}, {""url"": ""https://www.menzili.tn/upload/photos/2019/09/23/01/58/76zqqgiz2v.jpg"", ""sourceId"": 13, ""adUrl"": ""https://www.menzili.tn/annonce/annonce-22023""}, {""url"": ""https://www.menzili.tn/upload/photos/2019/09/23/01/59/ss0sq25i74.jpg"", ""sourceId"": 13, ""adUrl"": ""https://www.menzili.tn/annonce/annonce-22023""}]","[{""sourceId"": 13, ""url"": null, ""price"": 78000, ""sellerType"": ""private"", ""lastModified"": ""2019-09-23 00:16:47""}]","[{""sellerType"": ""private"", ""contactName"": ""Rahma"", ""active"": true}]",1,0,1,1,1,1,[],2025-10-19 00:16:51,2019-09-23 00:16:47,2019-09-23 00:16:47,2019-09-23 00:16:47,1,2026-02-07 14:47:59
904810,A vendre Étage de villa au bardo,,1700000.0,,S+5,RDC/Étage de villa,villaFloor,sale,private,4995.0,https://www.tunisiapromo.com/gallery/photo-1-17355.jpg,[],,[],[],0,0,0,1,1,1,[],2024-12-27 01:07:20,2012-01-19 01:07:14,2012-01-19 01:07:14,2012-01-19 01:07:14,1,2026-02-07 14:47:59
106092,Immeuble très haut standing de 670 m² couvert à Sahloul 4,,950000.0,670.0,,RDC/Étage de villa,villaFloor,sale,agency,5310.0,https://www.bnb.tn/wp-content/uploads/2022/10/IMG_1842-768x1024.jpg,[],,[],[],0,0,0,1,2,1,[],2022-10-12 17:15:07,2022-10-12 17:15:07,2025-10-15 23:47:03,2022-10-12 17:15:07,1,2026-02-07 14:47:59
63088,Etage de Villa Emeline à Vendre d'EL Manzah,,520000.0,,S+4,RDC/Étage de villa,villaFloor,sale,agency,4880.0,http://cdn2.ballouchi.com/800x600/391978-1.jpg,[],,[],[],0,0,0,1,6,1,[],2022-08-15 11:20:04,2022-08-15 11:19:45,2024-11-21 16:15:10,2022-08-15 11:19:45,1,2026-02-07 14:47:59
1244790,Immeuble avec 5 appartements,,1090000.0,315.0,,RDC/Étage de villa,villaFloor,sale,agency,3293.0,56149/28074793_fcfefae3cb49c998.jpg,[],,[],[],0,0,0,1,1,1,[],2026-02-03 12:00:42,2026-02-03 00:00:00,2026-02-03 00:00:00,2026-02-03 00:00:00,1,2026-02-07 14:47:59
898678,Av rez de chaussée avec jardin,,220000.0,300.0,S+3,RDC/Étage de villa,villaFloor,sale,agency,5182.0,https://www.tunisiapromo.com/gallery/photo-1-46259.jpg,[],,[],[],0,0,0,1,1,1,[],2024-12-27 00:24:25,2013-07-22 00:24:18,2013-08-29 00:24:18,2013-07-22 00:24:18,1,2026-02-07 14:47:59
1232505,"Bel appartement S+1 au rez-de-jardin, titre bleu – Résidence Ben Mahmoud",,105000.0,42.0,S+1,RDC/Étage de villa,villaFloor,sale,private,5288.0,56062/28031378_e3e2d6f9e0818006.jpg,[],,[],[],0,0,0,1,1,1,[],2026-01-10 19:45:35,2026-01-10 19:35:18,2026-01-10 19:46:01,2026-01-10 19:35:18,1,2026-02-07 14:47:59
1105531,Etage de Villa Pampelune à Vendre à Sidi Bou Said,,450000.0,,S+1,RDC/Étage de villa,villaFloor,sale,agency,4837.0,55255/27627967_f3bd9fbf7ecc3099.jpg,[],,[],[],0,0,0,1,7,5,[],2023-03-29 11:27:09,2023-01-05 00:41:07,2026-01-15 12:09:35,2023-03-29 11:27:08,1,2026-02-07 14:47:59
888447,Etage de villa avec studio avec garage,,520000.0,,,RDC/Étage de villa,villaFloor,sale,agency,3479.0,https://www.tunisiapromo.com/images/57862.jpg,[],,[],[],0,0,0,1,1,1,[],2024-12-26 20:24:34,2016-11-05 20:24:21,2016-11-05 20:24:21,2016-11-05 20:24:21,1,2026-02-07 14:47:59
1234563,Villa - 5 Appartements,,,510.0,,RDC/Étage de villa,villaFloor,sale,agency,5184.0,56076/28038350_4c004b15277c3307.jpg,[],,[],[],0,0,0,1,1,1,[],2026-01-14 08:30:17,2026-01-14 08:17:49,2026-01-14 08:29:56,2026-01-14 08:17:49,1,2026-02-07 14:47:59
661127,Etage Dayan à Vendre à L'Aouina,,160000.0,105.0,S+2,RDC/Étage de villa,villaFloor,sale,agency,5191.0,https://www.menzili.tn/upload/photos/2023/11/02/10/40/hp7s2si694.jpg,[],,[],[],0,0,0,1,5,2,[],2023-11-02 10:11:04,2023-11-02 10:10:17,2024-03-08 12:26:08,2023-11-02 10:10:17,1,2026-02-07 14:47:59
788104,A vendre villa avec 3 étages indépendants,,620000.0,505.0,,RDC/Étage de villa,villaFloor,sale,private,1080.0,https://www.menzili.tn/upload/photos/2024/07/12/03/38/y9iezd261v.jpg,[],,[],[],0,0,0,1,2,1,[],2024-07-10 08:48:02,2024-07-10 08:48:02,2025-02-21 16:59:17,2024-07-12 03:59:19,1,2026-02-07 14:47:59
837257,RDC de Villa Alize à Vendre à Khiereddine,,380000.0,200.0,S+2,RDC/Étage de villa,villaFloor,sale,agency,4938.0,https://www.mubawab-media.com/ad/8/017/368F/h/c85839bb-3918-4ea3-ae06-9bcc9356e674_GF_79037224.avif,[],,[],[],0,0,0,1,5,1,[],2024-10-15 16:22:08,2024-10-15 16:21:05,2026-01-28 18:03:19,2024-10-15 16:21:05,1,2026-02-07 14:47:59
1160841,Un étage de villa au RDC à Ain Mariem Bizerte,,295000.0,286.0,S+4,RDC/Étage de villa,villaFloor,sale,private,1124.0,,[],,[],[],0,0,0,1,1,1,[],2025-10-19 00:50:28,2020-12-12 00:50:25,2020-12-12 00:50:25,2020-12-12 00:50:25,1,2026-02-07 14:47:59
1025675,Rdc de villa s2 jana à borj louzir,,230000.0,,S+2,RDC/Étage de villa,villaFloor,sale,agency,346.0,55886/27943371_decececd8c8c0c0c.jpg,[],,[],[],0,0,0,3,5,4,[],2025-06-02 11:00:32,2025-06-02 11:00:26,2026-01-12 08:29:40,2025-06-02 11:00:26,1,2026-02-07 14:47:59
886412,Bonne affaire mrezga 175 md am,,175000.0,,S+3,RDC/Étage de villa,villaFloor,sale,agency,3442.0,https://www.tunisiapromo.com/images/61719.jpg,[],,[],[],0,0,0,1,1,1,[],2024-12-26 19:59:46,2017-02-15 19:59:40,2017-02-15 19:59:40,2017-02-15 19:59:40,1,2026-02-07 14:47:59
898701,Rdc d'une villa a ne pas rattttte,,290000.0,343.0,S+1,RDC/Étage de villa,villaFloor,sale,private,4995.0,,[],,[],[],0,0,0,1,1,1,[],2024-12-26 23:54:31,2014-03-06 23:54:19,2014-03-06 23:54:19,2014-03-06 23:54:19,1,2026-02-07 14:47:59
902799,"Rez de chaussé de villa ,avec jardin au bardo",,295000.0,150.0,S+3,RDC/Étage de villa,villaFloor,sale,private,4995.0,,[],,[],[],0,0,0,1,1,1,[],2024-12-27 00:50:14,2012-10-30 00:50:01,2012-10-30 00:50:01,2012-10-30 00:50:01,1,2026-02-07 14:47:59
1169043,Paradis,,650000.0,600.0,,RDC/Étage de villa,villaFloor,sale,private,3496.0,,[],,[],[],0,0,0,1,1,1,[],2025-10-19 02:02:55,2018-09-10 02:02:53,2018-09-10 02:02:53,2018-09-10 02:02:53,1,2026-02-07 14:47:59
1173140,Villa composée de 2 étages indépendants et 2garages à vendre,,375000.0,220.0,S+4,RDC/Étage de villa,villaFloor,sale,agency,3442.0,http://cdn2.ballouchi.com/800x600/360098-1.jpg,[],,[],[],0,0,0,1,2,2,[],2025-10-23 22:10:43,2022-12-04 22:10:37,2022-12-14 23:28:27,2022-12-04 22:10:37,1,2026-02-07 14:47:59
933524,Vendre a rdc de maison,,200000.0,180.0,,RDC/Étage de villa,villaFloor,sale,agency,3588.0,https://www.tunisiapromo.com/images/94026.jpg,[],,[],[],0,0,0,1,1,1,[],2025-01-28 15:49:18,2019-10-17 15:49:07,2019-10-17 15:49:07,2019-10-17 15:49:07,1,2026-02-07 14:47:59
1164947,Etage de villa (2 niveaux) au bardo,,400000.0,170.0,S+4,RDC/Étage de villa,villaFloor,sale,private,4995.0,https://www.menzili.tn/upload/photos/2018/08/29/21/21/a34f42dsz7.jpg,[],,[],[],0,0,0,1,1,1,[],2025-10-19 01:22:00,2018-08-29 01:21:57,2018-08-29 01:21:57,2018-08-29 01:21:57,1,2026-02-07 14:47:59
925337,Etage de Villa Nilas à Vendre à Carthage EL Yasmina,,350000.0,,S+3,RDC/Étage de villa,villaFloor,sale,agency,4835.0,55024/27512332_e6af8b9616d7bfbf.jpg,[],,[],[],0,0,0,1,8,2,[],2024-10-15 11:35:08,2024-10-15 11:34:07,2026-01-09 15:31:54,2025-10-14 19:26:25,1,2026-02-07 14:47:59
1160859,Villa et etage de villa a taniour chihia,,700000.0,500.0,,RDC/Étage de villa,villaFloor,sale,private,3965.0,https://www.menzili.tn/upload/photos/2023/10/23/00/41/89t6n3d346.jpg,[],,[],[],0,0,0,1,1,1,[],2025-10-19 00:50:37,2023-10-23 00:50:35,2023-10-23 00:50:35,2023-10-23 00:50:35,1,2026-02-07 14:47:59
1175205,Etage de villa s+3 A Vendre,,200000.0,170.0,S+3,RDC/Étage de villa,villaFloor,sale,private,4830.0,,[],,[],[],0,0,0,1,1,1,[],2022-01-11 14:27:41,2022-01-10 14:27:14,2022-01-29 23:31:22,2022-01-10 14:27:14,1,2026-02-07 14:47:59
1009318,Étage de villa PDL plage Menzel Temim,,850000.0,250.0,S+3,RDC/Étage de villa,villaFloor,sale,agency,3578.0,https://www.mubawab-media.com/ad/8/144/659F/h/Sans%20titre_80295078.avif,[],,[],[],0,0,0,1,3,2,[],2025-05-16 10:00:40,2025-05-16 09:53:10,2026-02-03 15:54:51,2025-05-16 09:53:10,1,2026-02-07 14:47:59
1111719,Rez de chaussée de villa S4 au kram,,400000.0,230.0,S+4,RDC/Étage de villa,villaFloor,sale,agency,4868.0,55286/27643478_f0f0d89498989190.jpg,[],,[],[],0,0,0,1,1,1,[],2025-09-03 23:47:34,2025-09-03 23:45:35,2026-02-02 15:46:12,2025-09-03 23:45:35,1,2026-02-07 14:47:59
902823,Immeuble neuf 1000 mm,,9800000.0,1000.0,,RDC/Étage de villa,villaFloor,sale,private,3230.0,,[],,[],[],0,0,0,1,1,1,[],2024-12-27 00:50:14,2012-09-23 00:50:00,2012-09-23 00:50:00,2012-09-23 00:50:00,1,2026-02-07 14:47:59
1152681,Super rez de chaussee (R+3),,520000.0,80.0,S+3,RDC/Étage de villa,villaFloor,sale,private,5187.0,https://www.menzili.tn/upload/photos/2023/08/02/11/21/ya6qd27dd9.jpg,[],,[],[],0,0,0,1,1,1,[],2025-10-18 23:40:31,2023-08-02 23:40:28,2023-08-02 23:40:28,2023-08-02 23:40:28,1,2026-02-07 14:47:59
888489,A vendre a hammamet deux étage de maison,,75000.0,200.0,S+5,RDC/Étage de villa,villaFloor,sale,agency,3479.0,https://www.tunisiapromo.com/gallery/photo-1-291002.jpg,[],,[],[],0,0,0,1,1,1,[],2024-12-26 20:25:07,2016-11-15 20:24:58,2016-11-15 20:24:58,2016-11-15 20:24:58,1,2026-02-07 14:47:59
14000,Etage de villa à vendre à Hammamet,,250000.0,250.0,S+3,RDC/Étage de villa,villaFloor,sale,agency,3479.0,http://cdn2.ballouchi.com/800x600/360756-1.jpg,[],,[],[],0,0,0,1,69,12,[],2022-01-29 10:53:12,2022-01-29 10:52:43,2023-06-14 12:29:51,2022-01-29 10:52:43,1,2026-02-07 14:47:59
315056,Belle 2 étages a la corniche bizerte,,550000.0,280.0,S+4,RDC/Étage de villa,villaFloor,sale,agency,1135.0,,[],,[],[],0,0,0,1,2,1,[],2022-02-27 15:39:04,2022-02-27 15:39:03,2022-03-02 23:43:58,2022-02-27 15:39:03,1,2026-02-07 14:47:59
878257,Un étage de villa coté ecole panorama,,250000.0,200.0,S+3,RDC/Étage de villa,villaFloor,sale,agency,3479.0,https://www.tunisiapromo.com/images/81231.jpg,[],,[],[],0,0,0,1,1,1,[],2024-12-26 17:30:27,2019-01-21 17:30:17,2019-01-21 17:30:17,2019-01-21 17:30:17,1,2026-02-07 14:47:59
54963,Etage de Villa Nantes à Vendre d'EL Ouardia,,370000.0,60.0,S+1,RDC/Étage de villa,villaFloor,sale,agency,4912.0,http://cdn2.ballouchi.com/800x600/364429-1.jpg,[],,[],[],0,0,0,1,3,1,[],2023-02-09 15:10:02,2023-02-09 15:10:02,2024-03-20 11:49:09,2023-02-09 15:10:02,1,2026-02-07 14:47:59
1236660,Etage de Villa avec une entrée indépendante à Hammem Sousse,,325000.0,170.0,S+3,RDC/Étage de villa,villaFloor,sale,agency,4503.0,56090/28045303_a4c30797363e715b.jpg,[],,[],[],0,0,0,1,2,2,[],2026-01-17 12:45:09,2026-01-17 12:42:20,2026-01-17 15:13:49,2026-01-17 12:42:20,1,2026-02-07 14:47:59
1177271,Etage de villa en vente,,273000.0,150.0,S+3,RDC/Étage de villa,villaFloor,sale,agency,4.0,https://www.mubawab-media.com/ad/8/235/682F/h/gallery_81238347.avif,[],,[],[],0,0,0,1,1,1,[],2025-10-24 23:45:51,,2025-12-04 13:31:15,,1,2026-02-07 14:47:59
929465,📌À Vendre : Premier étage de villa S3 à Borj Cedria,,140000.0,187.0,S+3,RDC/Étage de villa,villaFloor,sale,agency,967.0,54626/27313484_fba469395938b198.jpg,[],,[],[],0,0,0,1,3,2,[],2025-01-20 17:00:25,2025-01-20 17:00:23,2026-01-12 06:37:57,2025-01-20 17:00:23,1,2026-02-07 14:47:59
847547,Immeuble de 3étage,,160000.0,120.0,,RDC/Étage de villa,villaFloor,sale,agency,5321.0,http://tunisie-annonce.com/upload2/202411/tunisie-annonce.com/photos/155991_20241103_143819.jpg,[],,[],[],0,0,0,1,1,1,[],2024-11-03 14:42:06,2024-11-03 14:42:06,2024-11-28 14:48:31,2024-11-03 14:42:06,1,2026-02-07 14:47:59
59070,A vendre étage de villa S2 a ezzahra,,250000.0,130.0,S+2,RDC/Étage de villa,villaFloor,sale,agency,934.0,https://www.menzili.tn/upload/photos/2023/01/24/11/07/7z6qt998ze.jpg,[],,[],[],0,0,0,1,5,1,[],2022-11-29 18:15:06,2022-11-29 18:15:06,2023-02-18 12:11:38,2022-11-29 18:15:06,1,2026-02-07 14:47:59
243395,A vendre villa à El Ghazela avec1étage 2 apparts S+2ch + studio,,795000.0,625.0,S+2,RDC/Étage de villa,villaFloor,sale,private,430.0,https://www.menzili.tn/upload/photos/2021/06/08/10/04/9a7s4nq3e1.jpg,[],,[],[],0,0,0,1,4,1,[],2022-01-06 21:03:19,2021-05-29 11:59:18,2022-08-09 12:41:27,2021-05-29 11:59:18,1,2026-02-07 14:47:59
1162950,Un rdc de villa 3p,,500000.0,140.0,S+2,RDC/Étage de villa,villaFloor,sale,agency,879.0,https://www.menzili.tn/upload/photos/2018/06/12/17/36/ism6fsd2vs.jpg,[],,[],[],0,0,0,1,1,1,[],2025-10-19 01:06:32,2018-06-12 01:06:30,2018-06-12 01:06:30,2018-06-12 01:06:30,1,2026-02-07 14:47:59
939719,Résidence r+5  avendre pied dans leau à sousse,,,220.0,S+4,RDC/Étage de villa,villaFloor,sale,agency,4502.0,https://img.cava.tn/cava/items/67863dca-92b5-41ae-bf86-b30ee7fc0369/1739038243937.webp,[],,[],[],0,0,0,1,1,1,[],2025-02-08 19:15:41,2025-02-08 19:10:37,2025-02-08 19:10:37,2025-02-08 19:10:37,1,2026-02-07 14:47:59
886472,étage de villa a hamammet nord hamamet ss,,145000.0,220.0,S+2,RDC/Étage de villa,villaFloor,sale,agency,3442.0,https://www.tunisiapromo.com/images/62087.jpg,[],,[],[],0,0,0,1,2,2,[],2024-12-26 20:00:07,2017-02-16 19:59:58,2017-03-02 20:02:08,2017-02-16 19:59:58,1,2026-02-07 14:47:59
1009355,🏢 Immeuble à Vendre à El Kram – Idéal Investissement Immobilier (Réf : TN1577),,1200000.0,300.0,,RDC/Étage de villa,villaFloor,sale,agency,4868.0,https://img.cava.tn/cava/items/e9df102b-880c-44b0-9518-044fa1811dde/1747387475361.webp,[],,[],[],0,0,0,1,1,1,[],2025-05-16 10:30:27,2025-05-16 10:25:47,2025-05-16 10:25:47,2025-05-16 10:25:47,1,2026-02-07 14:47:59
1236694,Etage de villa en vente,,380000.0,168.0,S+3,RDC/Étage de villa,villaFloor,sale,agency,2831.0,56090/28045452_f17090d4f4c45a29.jpg,[],,[],[],0,0,0,1,1,1,[],2026-01-17 14:45:33,2026-01-17 14:39:09,2026-01-18 14:39:13,2026-01-17 14:39:09,1,2026-02-07 14:47:59
1013463,étage de villa s 4 haut standing,,430000.0,180.0,S+4,RDC/Étage de villa,villaFloor,sale,private,4444.0,56135/28067552_fef2dadada4ae121.jpg,[],,[],[],0,0,0,7,17,13,[],2024-11-14 16:12:17,2024-11-14 16:12:17,2026-01-30 20:23:14,2025-09-10 18:17:38,1,2026-02-07 14:47:59
1224408,📍 CITE EZZOUHOUR 4 - TUNIS  : ETAGE DE VILLA  À VENDRE AVEC CERTIFICAT DE PROPRIÉTÉ,,250000.0,269.0,S+3,RDC/Étage de villa,villaFloor,sale,agency,4926.0,56164/28082257_98105e4e4894d170.jpg,[],,[],[],0,0,0,1,14,10,[],2025-12-09 08:45:05,2025-12-09 00:00:00,2026-02-07 10:00:00,2026-01-06 00:00:00,1,2026-02-07 14:47:59
906974,Vente :: un rez-de-chaussée a la marsa,,,90.0,,RDC/Étage de villa,villaFloor,sale,agency,5220.0,,[],,[],[],0,0,0,1,1,1,[],2024-12-27 01:37:22,2009-05-30 01:37:11,2009-06-12 01:37:11,2009-05-30 01:37:11,1,2026-02-07 14:47:59
188130,Un appartement rdc de maison,,120000.0,80.0,S+2,RDC/Étage de villa,villaFloor,sale,agency,3609.0,https://www.tunisiapromo.com/images/101267.jpg,[],,[],[],0,0,0,1,2,2,[],2022-01-06 18:56:12,2020-01-29 18:55:52,2020-07-22 21:36:19,2020-01-29 18:55:52,1,2026-02-07 14:47:59
853732,Un étage de villa S+3 vue de mer à vendre à Korba,,280000.0,250.0,S+3,RDC/Étage de villa,villaFloor,sale,agency,3521.0,https://www.affare.tn/image/03_2025_22b16d43.JPG,[],,[],[],0,0,0,1,21,17,[],2024-11-13 13:30:20,2024-11-13 13:28:01,2025-08-23 09:09:47,2024-11-13 13:28:01,1,2026-02-07 14:47:59
773861,RDC de Villa Radhoua à Vendre à Bizerte,,130000.0,52.0,S+2,RDC/Étage de villa,villaFloor,sale,agency,1120.0,http://cdn2.ballouchi.com/800x600/397477-1.jpg,[],,[],[],0,0,0,1,3,1,[],2024-06-12 15:38:06,2024-06-12 15:38:04,2024-09-24 17:06:05,2024-06-12 15:38:04,1,2026-02-07 14:47:59
902886,Av maison local commercial et deux appartements à hammamet nord,,225000.0,450.0,,RDC/Étage de villa,villaFloor,sale,agency,5182.0,https://www.tunisiapromo.com/gallery/photo-1-59370.jpg,[],,[],[],0,0,0,1,1,1,[],2024-12-27 00:51:08,2013-10-02 00:50:53,2013-10-28 00:50:53,2013-10-02 00:50:53,1,2026-02-07 14:47:59
898791,Av magnifique grand étage de villa à hammamet nord,,180000.0,,S+3,RDC/Étage de villa,villaFloor,sale,agency,5182.0,https://www.tunisiapromo.com/gallery/photo-1-86722.jpg,[],,[],[],0,0,0,1,2,2,[],2024-12-26 23:57:05,2014-02-12 00:10:18,2014-02-28 23:57:01,2014-02-12 00:10:18,1,2026-02-07 14:47:59
188143,Un rdc de maison et un étage de maison a bir bouragba,,180000.0,,,RDC/Étage de villa,villaFloor,sale,agency,3441.0,https://www.tunisiapromo.com/images/96932.jpg,[],,[],[],0,0,0,1,1,1,[],2022-01-06 18:56:12,2020-01-29 18:56:00,2020-01-29 18:56:00,2020-01-29 18:56:00,1,2026-02-07 14:47:59
1175281,Grand etage de villa terasse possibi d'extension,,255000.0,156.0,S+3,RDC/Étage de villa,villaFloor,sale,private,2386.0,http://cdn2.ballouchi.com/800x600/352089-1.jpg,[],,[],[],0,0,0,0,1,1,[],2025-10-23 23:36:09,2022-08-31 23:36:04,2022-08-31 23:36:04,2022-08-31 23:36:04,1,2026-02-07 14:47:59
81652,Château merveilleux pied dans l'eau front de la mer,,2500000.0,1700.0,,RDC/Étage de villa,villaFloor,sale,agency,2831.0,https://www.menzili.tn/upload/photos/2020/05/27/16/55/e94pnd0684.jpg,[],,[],[],0,0,0,1,2,1,[],2022-06-26 02:52:47,2020-05-27 00:09:20,2020-08-24 14:32:48,2020-08-24 14:32:48,1,2026-02-07 14:47:59
909047,Immeuble moderne au coeur de sousse,,1200000.0,1000.0,,RDC/Étage de villa,villaFloor,sale,private,4616.0,https://www.tunisiapromo.com/images/1460.jpg,[],,[],[],0,0,0,1,1,1,[],2024-12-27 02:30:44,2010-05-18 02:30:32,2010-05-18 02:30:32,2010-05-18 02:30:32,1,2026-02-07 14:47:59
1179384,"Etage de villa, el menzah1",,890000.0,430.0,S+2,RDC/Étage de villa,villaFloor,sale,private,4880.0,https://www.mubawab-media.com/ad/7/365/127F/h/IMG_20230726_125609_338_60365829.avif,[],,[],[],0,0,0,1,2,2,[],2022-07-05 13:48:32,2022-02-03 21:17:36,2026-01-24 21:55:40,2025-09-13 10:15:47,1,2026-02-07 14:47:59
851705,"A Vendre Étage de villa S+1 avec terrasse, près de la mer",,95000.0,87.0,S+1,RDC/Étage de villa,villaFloor,sale,agency,3345.0,https://www.affare.tn/image/12_2024_de4832aa.JPG,[],,[],[],0,0,0,1,20,12,[],2024-11-08 12:15:08,2024-11-08 12:04:50,2025-08-23 09:47:50,2025-02-18 11:51:37,1,2026-02-07 14:47:59
1025786,Etage de villa à vendre à cité saha Bizerte,,540000.0,160.0,S+3,RDC/Étage de villa,villaFloor,sale,agency,1132.0,https://storage.googleapis.com/tayara-migration-yams-pro/e1/e1b80106-7537-4abb-8465-4e1e64d08339,[],,[],[],0,0,0,1,3,1,[],2025-06-02 12:30:29,2025-06-02 12:28:38,2025-10-24 12:26:45,2025-06-02 12:28:38,1,2026-02-07 14:47:59
884474,Dar essanabel 2 a centre ville hammamet,,380000.0,200.0,,RDC/Étage de villa,villaFloor,sale,agency,3479.0,https://www.tunisiapromo.com/images/66799.jpg,[],,[],[],0,0,0,1,3,3,[],2024-12-26 19:40:57,2016-06-22 20:45:58,2017-09-29 22:03:54,2017-09-27 19:40:40,1,2026-02-07 14:47:59
603902,Rez De Chaussée de Maison à El Bhira Bizerte,,240000.0,221.0,S+5,RDC/Étage de villa,villaFloor,sale,agency,1131.0,,[],,[],[],0,0,0,1,1,1,[],2023-07-11 13:04:19,2023-07-11 13:04:19,2025-08-01 14:19:15,2023-07-11 13:04:19,1,2026-02-07 14:47:59
616191,RDC de Villa Madeira à Vendre à Cité EL Hokem La Marsa,,690000.0,426.0,S+3,RDC/Étage de villa,villaFloor,sale,agency,5220.0,http://cdn2.ballouchi.com/800x600/378217-1.jpg,[],,[],[],0,0,0,1,4,1,[],2023-08-04 13:58:04,2023-08-04 00:27:15,2025-08-01 14:20:28,2023-08-04 00:27:15,1,2026-02-07 14:47:59
1220353,Maison spacieuse avec trois étages indépendants + studio dans un emplacement privilégié,,800000.0,200.0,S+4,RDC/Étage de villa,villaFloor,sale,private,4868.0,https://storage.googleapis.com/tayara-migration-yams-pro/e1/e1c0b0f0-a180-4cdd-9010-1e72bf462486,[],,[],[],0,0,0,1,1,1,[],2025-12-22 11:30:21,2025-12-22 11:29:48,2025-12-22 11:29:51,2025-12-22 11:29:48,1,2026-02-07 14:47:59
681737,Etage Germany à Vendre à Dar Fadhal,,196000.0,200.0,S+3,RDC/Étage de villa,villaFloor,sale,agency,390.0,55708/27854136_01707e74a6253565.jpg,[],,[],[],0,0,0,2,6,3,[],2023-12-13 12:48:04,2023-12-12 00:42:24,2026-01-09 22:33:37,2023-12-12 00:42:24,1,2026-02-07 14:47:59
874250,Étage à Mutuelle ville,,650000.0,200.0,S+4,RDC/Étage de villa,villaFloor,sale,agency,4885.0,https://www.menzili.tn/upload/photos/2023/06/17/22/46/25i2716qdg.jpg,[],,[],[],0,0,0,1,3,1,[],2023-06-15 13:07:04,2023-06-15 13:06:41,2023-06-17 01:31:12,2023-06-17 01:31:12,1,2026-02-07 14:47:59
880394,Grande villa +2 petit villas baties sur deux etages independants,,550000.0,200.0,S+0,RDC/Étage de villa,villaFloor,sale,private,4995.0,,[],,[],[],0,0,0,1,1,1,[],2024-12-26 18:03:17,2018-07-31 18:03:13,2018-07-31 18:03:13,2018-07-31 18:03:13,1,2026-02-07 14:47:59
974606,RDC villa à Rades Méliene,,300000.0,160.0,S+2,RDC/Étage de villa,villaFloor,sale,agency,1111.0,https://storage.googleapis.com/tayara-migration-yams-pro/59/59b08112-68dd-497b-bc81-902d536a940b,[],,[],[],0,0,0,1,2,1,[],2025-04-21 10:15:11,2025-04-21 10:06:47,2025-11-26 17:50:36,2025-04-21 10:06:47,1,2026-02-07 14:47:59
1206031,"Rez de chaussée de villa S3 avec jardin, Marsa corniche",,,249.0,S+3,RDC/Étage de villa,villaFloor,sale,agency,5216.0,55893/27946710_2c250e0a929c1921.jpg,[],,[],[],0,0,0,1,1,1,[],2025-12-02 16:15:20,2025-12-02 16:15:05,2026-02-03 19:01:41,2025-12-02 16:15:05,1,2026-02-07 14:47:59
42766,Etage Vallie à Vendre à Kheireddine,,520000.0,135.0,S+4,RDC/Étage de villa,villaFloor,sale,agency,4938.0,https://www.menzili.tn/upload/photos/2022/09/14/15/54/i8f1s0s59v.jpg,[],,[],[],0,0,0,1,4,1,[],2022-09-14 15:00:06,2022-09-14 01:48:24,2024-04-30 13:21:36,2022-09-14 01:48:24,1,2026-02-07 14:47:59
728849,Convient  pour habitation  ou commercial,,330000.0,129.0,,RDC/Étage de villa,villaFloor,sale,private,4995.0,,[],,[],[],0,0,0,1,4,1,[],2024-03-27 15:47:05,2024-03-27 15:47:05,2025-09-22 11:15:26,2025-09-14 14:00:15,1,2026-02-07 14:47:59
909073,Un étage de villa à menzel temime,,140000.0,,S+1,RDC/Étage de villa,villaFloor,sale,agency,3578.0,https://www.tunisiapromo.com/gallery/photo-1-84311.jpg,[],,[],[],0,0,0,1,1,1,[],2024-12-27 02:30:59,2014-02-13 02:30:45,2014-02-13 02:30:45,2014-02-13 02:30:45,1,2026-02-07 14:47:59
931603,2 étages indépendants à Hammamt Nord à vendre,,700000.0,120.0,,RDC/Étage de villa,villaFloor,sale,agency,3479.0,https://www.menzili.tn/upload/photos/2025/01/25/12/34/1f47imdo79.jpg,[],,[],[],0,0,0,1,2,1,[],2025-01-25 12:46:19,2025-01-25 12:41:26,2025-01-25 23:18:44,2025-01-25 12:41:26,1,2026-02-07 14:47:59
780052,Gps villa plus étage dedeux appartements,,1200000.0,787.0,,RDC/Étage de villa,villaFloor,sale,agency,968.0,http://tunisie-annonce.com/upload2/202406/tunisie-annonce.com/photos/155991_20240625_162550.jpg,[],,[],[],0,0,0,1,1,1,[],2024-06-25 15:26:09,2024-06-25 15:26:09,2025-08-27 18:04:04,2024-06-25 15:26:09,1,2026-02-07 14:47:59
1150741,Villa avec appartement et jardin,,1000000.0,48.0,,RDC/Étage de villa,villaFloor,sale,private,4995.0,https://www.menzili.tn/upload/photos/2025/01/14/13/57/yp7d764e4v.jpg,[],,[],[],0,0,0,1,1,1,[],2025-10-18 23:16:24,2025-01-14 23:16:21,2025-01-14 23:16:21,2025-01-14 23:16:21,1,2026-02-07 14:47:59
730900,RDC de Villa Jalen à Vendre à Cité El Khalil La Marsa,,435000.0,225.0,S+2,RDC/Étage de villa,villaFloor,sale,agency,4957.0,http://cdn2.ballouchi.com/800x600/393735-1.jpg,[],,[],[],0,0,0,1,3,1,[],2024-04-03 11:40:13,2024-04-03 11:40:11,2024-10-15 10:41:04,2024-04-03 11:40:11,1,2026-02-07 14:47:59
751381,RDC de Villa Rhus à Vendre à La Soukra,,200000.0,,S+3,RDC/Étage de villa,villaFloor,sale,agency,391.0,http://cdn2.ballouchi.com/800x600/396326-1.jpg,[],,[],[],0,0,0,1,3,1,[],2024-05-24 10:24:07,2024-05-24 10:23:28,2024-06-04 09:33:53,2024-05-24 10:23:28,1,2026-02-07 14:47:59
1167132,Étage de villa bord de mer,,280000.0,100.0,S+3,RDC/Étage de villa,villaFloor,sale,agency,3345.0,https://www.menzili.tn/upload/photos/2022/11/23/10/44/yj56svimo3.jpg,[],,[],[],0,0,0,1,1,1,[],2025-10-19 01:47:10,2022-11-23 01:47:08,2022-11-23 01:47:08,2022-11-23 01:47:08,1,2026-02-07 14:47:59
896798,étage de villa la sirène,,200000.0,150.0,S+3,RDC/Étage de villa,villaFloor,sale,agency,3496.0,https://www.tunisiapromo.com/gallery/photo-1-139918.jpg,[],,[],[],0,0,0,1,1,1,[],2024-12-26 23:13:17,2014-08-27 23:13:11,2014-08-27 23:13:11,2014-08-27 23:13:11,1,2026-02-07 14:47:59
567073,A_______VENDRE  un superbe étage de villa,,,72.0,S+2,RDC/Étage de villa,villaFloor,sale,agency,5183.0,https://www.menzili.tn/upload/photos/2023/05/14/12/56/yjdb2009d9.png,[],,[],[],0,0,0,1,2,1,[],2023-05-14 12:01:11,2023-05-14 01:17:57,2023-05-14 13:00:48,2023-05-14 01:17:57,1,2026-02-07 14:47:59
902949,Rdc d'une villa au bardo,,800000.0,530.0,,RDC/Étage de villa,villaFloor,sale,private,4995.0,,[],,[],[],0,0,0,1,1,1,[],2024-12-27 00:51:43,2012-08-28 00:51:35,2012-08-28 00:51:35,2012-08-28 00:51:35,1,2026-02-07 14:47:59
1163047,A vendre RDC d'une villa a cité r4 monastir,,320000.0,300.0,S+4,RDC/Étage de villa,villaFloor,sale,private,3227.0,https://www.menzili.tn/upload/photos/2017/10/11/21/20/2121099g8e.jpg,[],,[],[],0,0,0,1,1,1,[],2025-10-19 01:06:57,2017-10-11 01:06:55,2017-10-11 01:06:55,2017-10-11 01:06:55,1,2026-02-07 14:47:59
724779,Etage de Villa S3 Riley à Vendre à EL Ouardia 1,,120000.0,108.0,S+3,RDC/Étage de villa,villaFloor,sale,agency,4908.0,http://cdn2.ballouchi.com/800x600/392953-1.jpg,[],,[],[],0,0,0,1,3,1,[],2024-03-15 10:18:04,2024-03-15 00:48:35,2024-03-15 10:21:05,2024-03-15 00:48:35,1,2026-02-07 14:47:59
1152811,Villa avec 4 appartements,,450000.0,320.0,S+2,RDC/Étage de villa,villaFloor,sale,private,325.0,,[],,[],[],0,0,0,1,1,1,[],2025-10-18 23:42:03,2022-05-30 23:42:00,2022-05-30 23:42:00,2022-05-30 23:42:00,1,2026-02-07 14:47:59
898862,Magnifique immeuble à tantana,,550000.0,130.0,S+5,RDC/Étage de villa,villaFloor,sale,agency,4444.0,https://www.tunisiapromo.com/gallery/photo-1-54668.jpg,[],,[],[],0,0,0,1,1,1,[],2024-12-26 23:59:02,2013-09-08 23:58:49,2014-04-08 23:58:49,2013-09-08 23:58:49,1,2026-02-07 14:47:59
931632,2 étages indépendants à Hammamt Nord à vendre,,700000.0,120.0,S+6,RDC/Étage de villa,villaFloor,sale,agency,5182.0,https://www.affare.tn/image/01_2025_a33d4f84.JPG,[],,[],[],0,0,0,1,1,1,[],2025-01-25 14:46:13,2025-01-25 14:43:20,2025-08-23 07:41:42,2025-01-25 14:43:20,1,2026-02-07 14:47:59
743224,Vente villa à Citée Olympique sur 2 étages indépendants,,1300000.0,500.0,S+4,RDC/Étage de villa,villaFloor,sale,private,4841.0,https://www.mubawab-media.com/ad/7/760/755F/h/436403087_769066415205971_6821268059612197267_n_74820915.avif,[],,[],[],0,0,0,1,2,1,[],2023-08-19 14:08:08,2023-08-19 14:08:08,2026-02-03 13:46:55,2024-05-06 21:19:44,1,2026-02-07 14:47:59
1120056,Vente villa a 2 étages indépendants,,900000.0,418.0,S+3,RDC/Étage de villa,villaFloor,sale,private,5176.0,https://www.mubawab-media.com/ad/8/216/727F/h/20200524_160608_81034363.avif,[],,[],[],0,0,0,1,3,2,[],2025-09-15 11:45:33,2021-01-31 23:13:25,2026-01-26 13:01:54,2021-01-31 23:13:25,1,2026-02-07 14:47:59
1222457,A vendre un étage de villa S+3 avec toit situé  à mrezga,,470000.0,240.0,S+3,RDC/Étage de villa,villaFloor,sale,agency,3442.0,https://storage.googleapis.com/tayara-migration-yams-pro/79/7976318f-2625-492d-a693-7863a19f7b03,[],,"[{""sourceId"": 2, ""url"": ""https://www.tayara.tn/item/694cf319cd04d08be750ad34/?v=2"", ""price"": 470000, ""sellerType"": ""agency"", ""lastModified"": ""2025-12-25 09:17:36""}]",[],1,1,0,1,1,1,[],2025-12-25 09:30:23,2025-12-25 09:17:29,2025-12-25 09:17:36,2025-12-25 09:17:29,1,2026-02-07 14:47:59
933689,Une petite immobliére de r+2 112m,,280000.0,112.0,S+2,RDC/Étage de villa,villaFloor,sale,agency,3440.0,https://www.tunisiapromo.com/images/100655.jpg,[],,[],[],0,0,0,1,3,3,[],2022-01-06 21:14:53,2019-10-17 16:00:38,2020-07-07 21:25:48,2019-10-17 16:00:38,1,2026-02-07 14:47:59
898872,Al dans un emplacement idéal un beau rez de jardin,,,,S+2,RDC/Étage de villa,villaFloor,sale,agency,3479.0,https://www.tunisiapromo.com/gallery/photo-1-89310.jpg,[],,"[{""sourceId"": 4, ""url"": ""https://www.tunisiapromo.com/annonce/al-dans-un-emplacement-ideal-un-beau-rez-de-jardin-z21006.html"", ""price"": null, ""sellerType"": ""agency"", ""lastModified"": ""2014-03-05 23:59:24""}]",[],1,1,0,1,1,1,[],2024-12-26 23:59:34,2014-02-28 23:59:24,2014-03-05 23:59:24,2014-02-28 23:59:24,1,2026-02-07 14:47:59
909119,Une maison avec une étage de villa en duplex inacheveé,,170000.0,200.0,S+2,RDC/Étage de villa,villaFloor,sale,agency,3456.0,https://www.tunisiapromo.com/gallery/photo-1-223538.jpg,[],,"[{""sourceId"": 4, ""url"": ""https://www.tunisiapromo.com/annonce/une-maison-avec-une-etage-de-villa-en-duplex-inachevee-z44474.html"", ""price"": 170000, ""sellerType"": ""agency"", ""lastModified"": ""2015-07-24 02:31:37""}]",[],1,1,0,1,1,1,[],2024-12-27 02:31:46,2015-07-23 02:31:37,2015-07-24 02:31:37,2015-07-23 02:31:37,1,2026-02-07 14:47:59
997189,VENTE ETAGE DE VILLA INDÉPENDANT S+3,,,215.0,S+3,RDC/Étage de villa,villaFloor,sale,agency,5325.0,https://img.cava.tn/cava/items/8ff99c57-b9d2-49fa-9471-4e7038a5ed4d/1749803127214.webp,[],,"[{""sourceId"": 7, ""url"": ""https://www.cava.tn/maisons_et_villas/vente-etage-de-villa-indpendant-s3-946114"", ""price"": null, ""sellerType"": ""agency"", ""lastModified"": ""2025-06-13 09:26:17""}]",[],1,1,0,1,13,1,[],2025-05-05 13:45:37,2025-05-05 13:38:33,2025-07-17 11:01:17,2025-05-05 13:38:33,1,2026-02-07 14:47:59
925512,étage de villa à vendre,,250000.0,140.0,S+3,RDC/Étage de villa,villaFloor,sale,agency,5186.0,https://storage.googleapis.com/tayara-migration-yams-pro/18/180b003e-71fc-4519-bc3d-4187c5ec56fa,[],,"[{""sourceId"": 2, ""url"": ""https://www.tayara.tn/item/678046c9f39faeaa98cd807c/?v=2"", ""price"": 250000, ""sellerType"": ""agency"", ""lastModified"": ""2025-01-09 22:59:40""}]",[],1,1,0,1,1,1,[],2025-01-09 23:00:05,2025-01-09 22:59:37,2025-01-09 22:59:40,2025-01-09 22:59:37,1,2026-02-07 14:47:59
851785,Etage de villa bonaire à la marsa enassim,,1200000.0,195.0,,RDC/Étage de villa,villaFloor,sale,agency,5217.0,http://tunisie-annonce.com/upload2/202411/tunisie-annonce.com/photos/632246_20241108_143309.jpg,[],,"[{""sourceId"": 1, ""url"": ""http://www.tunisie-annonce.com/DetailsAnnonceImmobilier.asp?cod_ann=3359123"", ""price"": 1200000, ""sellerType"": ""agency"", ""lastModified"": ""2025-10-25 16:42:31""}]",[],1,1,0,1,1,1,[],2024-11-08 15:00:27,2024-11-08 15:00:15,2025-10-25 16:42:31,2024-11-08 15:00:15,1,2026-02-07 14:47:59
59208,RDC de Villa Nîmes à Vendre à Sidi Bou Said,,1150000.0,242.0,S+4,RDC/Étage de villa,villaFloor,sale,agency,4837.0,http://cdn2.ballouchi.com/800x600/368867-1.jpg,[],,"[{""sourceId"": 3, ""url"": ""https://www.ballouchi.com/annonces/immobilier/villas/rdc-de-villa-nimes-a-vendre-a-sidi-bou-said.html"", ""price"": 1150000, ""sellerType"": ""agency"", ""lastModified"": ""2023-04-19 21:57:58""}, {""sourceId"": 13, ""url"": ""https://www.menzili.tn/annonce/annonce-109665"", ""price"": 1236000, ""sellerType"": ""agency"", ""lastModified"": ""2023-02-08 23:33:16""}]",[],2,2,0,1,6,2,[],2023-02-08 12:37:06,2023-02-08 11:38:49,2024-03-20 11:46:33,2023-03-13 12:58:20,1,2026-02-07 14:47:59
657227,Rez de chaussé d’une maison à Bhira Bizerte,,200000.0,236.0,S+3,RDC/Étage de villa,villaFloor,sale,agency,1131.0,https://www.bnb.tn/wp-content/uploads/2023/11/396063675_1039170040860324_7913023816116222472_n-949x1024.jpg,[],,"[{""sourceId"": 8, ""url"": ""https://www.bnb.tn/properties/rez-de-chausse-dune-maison-a-bhira-bizerte/"", ""price"": 200000, ""sellerType"": ""agency"", ""lastModified"": ""2025-08-01 17:35:18""}]",[],1,1,0,1,8,1,[],2023-10-25 11:01:03,2023-10-25 11:00:05,2025-08-01 17:35:18,2023-11-23 12:56:11,1,2026-02-07 14:47:59
880462,Un rdc inachevée proche de carrefour ta,"agence  ghalleb vous  propose un RDC inachevée proche  de carrefour et de la plage et de toutes les commodités nécessaires 
comme elle est situe dans un quartier  calme 
superficie:couverte: 80m²
superficie total: 150m²
prix: 85md
Pour plus d’information merci de nous contacter <a type=""phone"">+21627XXXXXX</a> –  <a type=""phone"">+21654XXXXXX</a>",85000.0,150.0,,RDC/Étage de villa,villaFloor,sale,agency,3479.0,https://www.tunisiapromo.com/images/79861.jpg,"[""https://www.tunisiapromo.com/images/79861.jpg""]","[{""url"": ""https://www.tunisiapromo.com/images/79861.jpg"", ""sourceId"": 4, ""adUrl"": ""https://www.tunisiapromo.com/annonce/un-rdc-inachevee-proche-de-carrefour-ta-z79861.html""}]","[{""sourceId"": 4, ""url"": ""https://www.tunisiapromo.com/annonce/un-rdc-inachevee-proche-de-carrefour-ta-z79861.html"", ""price"": 85000, ""sellerType"": ""agency"", ""lastModified"": ""2018-12-02 18:04:23""}]","[{""sellerType"": ""agency"", ""contactName"": ""Agence Ghalleb"", ""active"": true}]",1,1,1,1,1,1,[],2024-12-26 18:04:34,2018-12-02 18:04:23,2018-12-02 18:04:23,2018-12-02 18:04:23,1,2026-02-07 14:47:59
218960,Villa et etage de villa,"a vendre villa 175 m rdc avec terrain 

etage de villa 175 m entre indépendante avec garage et espace vert 

2 titre bleu séparé

zone calme  et pres de tout ecole prive boulangerie kiosque hypermarché

emplacement ideal a 200 m de la route 

entre taniour et kaid mohamed kassas kharouba",550000.0,500.0,,RDC/Étage de villa,villaFloor,sale,private,3965.0,https://www.menzili.tn/upload/photos/2022/05/21/10/27/es7tq9ge61.jpg,"[""https://www.menzili.tn/upload/photos/2022/05/21/10/27/es7tq9ge61.jpg""]","[{""url"": ""https://www.menzili.tn/upload/photos/2022/05/21/10/27/es7tq9ge61.jpg"", ""sourceId"": 13, ""adUrl"": ""https://www.menzili.tn/annonce/annonce-86706""}]","[{""sourceId"": 13, ""url"": ""https://www.menzili.tn/annonce/annonce-86706"", ""price"": 550000, ""sellerType"": ""private"", ""lastModified"": ""2022-05-21 01:05:49""}]","[{""sellerType"": ""private"", ""contactName"": ""Mahdi"", ""active"": true}]",1,1,1,1,2,1,"[""garden"", ""garage""]",2022-05-23 14:56:46,2022-05-21 01:05:49,2022-05-23 14:56:46,2022-05-21 01:05:49,1,2026-02-07 14:47:59
1234769,A vendre Rez de Chaussée de villa a bardo,"À vendre un rez-de-chaussée de villa, situé dans un quartier calme et recherché du Bardo, offrant de beaux volumes et un excellent cadre de vie.

Typologie : S5

Superficie terrain : 470 m²

Superficie bâtie : 300 m²

Grand salon lumineux

5 chambres spacieuses

Cuisine fonctionnelle

Salles de bain

Jardin privatif

Entrée indépendante",650000.0,470.0,S+5,RDC/Étage de villa,villaFloor,sale,agency,4995.0,56078/28039124_b26ad49639193169.jpg,"[""https://www.mubawab-media.com/ad/8/286/198F/h/BARDO%20%281%29_81783590.avif"", ""https://www.mubawab-media.com/ad/8/286/198F/h/94157321314072025_tu_tucg1_1451804800_1024_521cd31c-dafd-4ae7-8713-53fb75c1568a_81782356.avif"", ""https://www.mubawab-media.com/ad/8/286/198F/h/41955411314072025_tu_tucg1_1451804800_1024_7bbd16a0-a421-4c9c-82c0-625bceb0b14d_81782357.avif"", ""https://www.mubawab-media.com/ad/8/286/198F/h/88756321314072025_tu_tucg1_1451804800_1024_093afad7-fe7a-46d3-8ef7-d0f450ac6643_81782358.avif"", ""https://www.mubawab-media.com/ad/8/286/198F/h/96357321314072025_tu_tucg1_1451804800_1024_c61764bc-cfe5-453d-8835-035e38983e60_81782359.avif"", ""https://www.mubawab-media.com/ad/8/286/198F/h/95206411314072025_tu_tucg1_1451804800_1024_WhatsApp%20Image%202025-07-14%20at%203.37.22%20PM_81782360.avif"", ""https://www.mubawab-media.com/ad/8/286/198F/h/83756321314072025_tu_tucg1_1451804800_1024_9fc3f55d-fac3-40d8-9ea5-1fcf04682fe7_81782361.avif"", ""https://www.mubawab-media.com/ad/8/286/198F/h/97357321314072025_tu_tucg1_1451804800_1024_b187396f-d461-4fbe-9336-23a1cc67ae57_81782362.avif"", ""https://www.mubawab-media.com/ad/8/286/198F/h/84656321314072025_tu_tucg1_1451804800_1024_WhatsApp%20Image%202025-07-14%20at%203.13.17%20PM_81782363.avif"", ""https://www.mubawab-media.com/ad/8/286/198F/h/99157321314072025_tu_tucg1_1451804800_1024_e82f68b7-a040-4e9d-b33e-e0277f89c181_81782364.avif"", ""https://www.mubawab-media.com/ad/8/286/198F/h/95357321314072025_tu_tucg1_1451804800_1024_6749d7c7-0c93-4b68-a6f8-bbbd618db73a_81782365.avif""]","[{""url"": ""https://www.mubawab-media.com/ad/8/286/198F/h/BARDO%20%281%29_81783590.avif"", ""sourceId"": 5, ""adUrl"": ""https://www.mubawab.tn/fr/a/8286198/a-vendre-rez-de-chauss%C3%A9e-de-villa-a-bardo""}, {""url"": ""https://www.mubawab-media.com/ad/8/286/198F/h/94157321314072025_tu_tucg1_1451804800_1024_521cd31c-dafd-4ae7-8713-53fb75c1568a_81782356.avif"", ""sourceId"": 5, ""adUrl"": ""https://www.mubawab.tn/fr/a/8286198/a-vendre-rez-de-chauss%C3%A9e-de-villa-a-bardo""}, {""url"": ""https://www.mubawab-media.com/ad/8/286/198F/h/41955411314072025_tu_tucg1_1451804800_1024_7bbd16a0-a421-4c9c-82c0-625bceb0b14d_81782357.avif"", ""sourceId"": 5, ""adUrl"": ""https://www.mubawab.tn/fr/a/8286198/a-vendre-rez-de-chauss%C3%A9e-de-villa-a-bardo""}, {""url"": ""https://www.mubawab-media.com/ad/8/286/198F/h/88756321314072025_tu_tucg1_1451804800_1024_093afad7-fe7a-46d3-8ef7-d0f450ac6643_81782358.avif"", ""sourceId"": 5, ""adUrl"": ""https://www.mubawab.tn/fr/a/8286198/a-vendre-rez-de-chauss%C3%A9e-de-villa-a-bardo""}, {""url"": ""https://www.mubawab-media.com/ad/8/286/198F/h/96357321314072025_tu_tucg1_1451804800_1024_c61764bc-cfe5-453d-8835-035e38983e60_81782359.avif"", ""sourceId"": 5, ""adUrl"": ""https://www.mubawab.tn/fr/a/8286198/a-vendre-rez-de-chauss%C3%A9e-de-villa-a-bardo""}, {""url"": ""https://www.mubawab-media.com/ad/8/286/198F/h/95206411314072025_tu_tucg1_1451804800_1024_WhatsApp%20Image%202025-07-14%20at%203.37.22%20PM_81782360.avif"", ""sourceId"": 5, ""adUrl"": ""https://www.mubawab.tn/fr/a/8286198/a-vendre-rez-de-chauss%C3%A9e-de-villa-a-bardo""}, {""url"": ""https://www.mubawab-media.com/ad/8/286/198F/h/83756321314072025_tu_tucg1_1451804800_1024_9fc3f55d-fac3-40d8-9ea5-1fcf04682fe7_81782361.avif"", ""sourceId"": 5, ""adUrl"": ""https://www.mubawab.tn/fr/a/8286198/a-vendre-rez-de-chauss%C3%A9e-de-villa-a-bardo""}, {""url"": ""https://www.mubawab-media.com/ad/8/286/198F/h/97357321314072025_tu_tucg1_1451804800_1024_b187396f-d461-4fbe-9336-23a1cc67ae57_81782362.avif"", ""sourceId"": 5, ""adUrl"": ""https://www.mubawab.tn/fr/a/8286198/a-vendre-rez-de-chauss%C3%A9e-de-villa-a-bardo""}, {""url"": ""https://www.mubawab-media.com/ad/8/286/198F/h/84656321314072025_tu_tucg1_1451804800_1024_WhatsApp%20Image%202025-07-14%20at%203.13.17%20PM_81782363.avif"", ""sourceId"": 5, ""adUrl"": ""https://www.mubawab.tn/fr/a/8286198/a-vendre-rez-de-chauss%C3%A9e-de-villa-a-bardo""}, {""url"": ""https://www.mubawab-media.com/ad/8/286/198F/h/99157321314072025_tu_tucg1_1451804800_1024_e82f68b7-a040-4e9d-b33e-e0277f89c181_81782364.avif"", ""sourceId"": 5, ""adUrl"": ""https://www.mubawab.tn/fr/a/8286198/a-vendre-rez-de-chauss%C3%A9e-de-villa-a-bardo""}, {""url"": ""https://www.mubawab-media.com/ad/8/286/198F/h/95357321314072025_tu_tucg1_1451804800_1024_6749d7c7-0c93-4b68-a6f8-bbbd618db73a_81782365.avif"", ""sourceId"": 5, ""adUrl"": ""https://www.mubawab.tn/fr/a/8286198/a-vendre-rez-de-chauss%C3%A9e-de-villa-a-bardo""}]","[{""sourceId"": 5, ""url"": ""https://www.mubawab.tn/fr/a/8286198/a-vendre-rez-de-chauss%C3%A9e-de-villa-a-bardo"", ""price"": 650000, ""sellerType"": ""agency"", ""lastModified"": ""2026-01-21 13:01:01""}]","[{""sellerType"": ""agency"", ""contactName"": ""vinci bardo"", ""active"": true}]",1,1,1,1,1,1,[],2026-01-14 13:00:19,2026-01-14 13:00:07,2026-01-21 13:01:01,2026-01-14 13:00:07,1,2026-02-07 14:47:59
1247064,À vendre étage de villa S2 AFH1,"L’agence immobilière Century 21 Challenge vous propose à la vente un appartement S2, idéalement situé à AFH 1 – Nabeul.

Ce bien lumineux et bien agencé se compose de :

Un spacieux salon

Une cuisine moderne entièrement équipée

Deux chambres à coucher

Une salle de douche

L’appartement est équipé de la climatisation et du chauffage

Pour plus d’informations ou pour organiser une visite : 216 <a type=""phone"">+21624XXXXXX</a> / 216 <a type=""phone"">+21624XXXXXX</a>

E-mail : challenge@century21.tn",225000.0,86.0,S+2,RDC/Étage de villa,villaFloor,sale,agency,5147.0,56165/28082718_0591a684b4ad4586.jpg,"[""https://www.mubawab-media.com/ad/8/299/159F/h/5eSc2swVa7bjWfIy-thumb_81924359.avif"", ""https://www.mubawab-media.com/ad/8/299/159F/h/fnbOGFOJ9dKiv7rB-thumb_81924360.avif"", ""https://www.mubawab-media.com/ad/8/299/159F/h/OpwmrhYZ0K8BpfVs-thumb_81924361.avif"", ""https://www.mubawab-media.com/ad/8/299/159F/h/sPUTE73sPjo0BqQc-thumb_81924362.avif"", ""https://www.mubawab-media.com/ad/8/299/159F/h/pfwxTH2XrJQdsggP-thumb_81924363.avif"", ""https://www.mubawab-media.com/ad/8/299/159F/h/Z8qkRTIYpVIsshap-thumb_81924364.avif""]","[{""url"": ""https://www.mubawab-media.com/ad/8/299/159F/h/5eSc2swVa7bjWfIy-thumb_81924359.avif"", ""sourceId"": 5, ""adUrl"": ""https://www.mubawab.tn/fr/a/8299159/%C3%A0-vendre-%C3%A9tage-de-villa-s2-afh1""}, {""url"": ""https://www.mubawab-media.com/ad/8/299/159F/h/fnbOGFOJ9dKiv7rB-thumb_81924360.avif"", ""sourceId"": 5, ""adUrl"": ""https://www.mubawab.tn/fr/a/8299159/%C3%A0-vendre-%C3%A9tage-de-villa-s2-afh1""}, {""url"": ""https://www.mubawab-media.com/ad/8/299/159F/h/OpwmrhYZ0K8BpfVs-thumb_81924361.avif"", ""sourceId"": 5, ""adUrl"": ""https://www.mubawab.tn/fr/a/8299159/%C3%A0-vendre-%C3%A9tage-de-villa-s2-afh1""}, {""url"": ""https://www.mubawab-media.com/ad/8/299/159F/h/sPUTE73sPjo0BqQc-thumb_81924362.avif"", ""sourceId"": 5, ""adUrl"": ""https://www.mubawab.tn/fr/a/8299159/%C3%A0-vendre-%C3%A9tage-de-villa-s2-afh1""}, {""url"": ""https://www.mubawab-media.com/ad/8/299/159F/h/pfwxTH2XrJQdsggP-thumb_81924363.avif"", ""sourceId"": 5, ""adUrl"": ""https://www.mubawab.tn/fr/a/8299159/%C3%A0-vendre-%C3%A9tage-de-villa-s2-afh1""}, {""url"": ""https://www.mubawab-media.com/ad/8/299/159F/h/Z8qkRTIYpVIsshap-thumb_81924364.avif"", ""sourceId"": 5, ""adUrl"": ""https://www.mubawab.tn/fr/a/8299159/%C3%A0-vendre-%C3%A9tage-de-villa-s2-afh1""}]","[{""sourceId"": 5, ""url"": ""https://www.mubawab.tn/fr/a/8299159/%C3%A0-vendre-%C3%A9tage-de-villa-s2-afh1"", ""price"": 225000, ""sellerType"": ""agency"", ""lastModified"": ""2026-02-07 12:15:32""}]","[{""sellerType"": ""agency"", ""contactName"": ""C21 - CHALLENGE"", ""active"": true}]",1,1,1,1,1,1,[],2026-02-07 12:15:44,2026-02-07 12:15:32,2026-02-07 12:15:32,2026-02-07 12:15:32,1,2026-02-07 14:47:59
898906,Av à hammamet nord un magnifique rez de jardin,"AV  maison en rez-de-jardin située à Hammamet nord avec une vue dégagée sur la mer ainsi qu’une place de voiture. Superficie de terrain 171 m² dont environ 120 m² couverts. La maison est composée d’un salon, une cuisine bien équipée, trois chambres à coucher et une salle d’eau.
Prix : 165MD
Pour plus d’infos, veuillez nous contacter:<a type=""phone"">+21624XXXXXX</a> 
<a type=""phone"">+21624XXXXXX</a> ou <a type=""phone"">+21622XXXXXX</a>
les visites sont gratuites",165000.0,171.0,S+3,RDC/Étage de villa,villaFloor,sale,agency,5182.0,https://www.tunisiapromo.com/gallery/photo-1-83522.jpg,"[""https://www.tunisiapromo.com/gallery/photo-1-83522.jpg"", ""https://www.tunisiapromo.com/gallery/photo-2-83523.jpg"", ""https://www.tunisiapromo.com/gallery/photo-3-83524.jpg"", ""https://www.tunisiapromo.com/gallery/photo-5-83526.jpg"", ""https://www.tunisiapromo.com/gallery/photo-6-83528.jpg"", ""https://www.tunisiapromo.com/gallery/photo-6-82635.jpg"", ""https://www.tunisiapromo.com/gallery/photo-2-82192.jpg"", ""https://www.tunisiapromo.com/gallery/photo-3-82193.jpg"", ""https://www.tunisiapromo.com/gallery/photo-3-66482.jpg"", ""https://www.tunisiapromo.com/gallery/photo-5-66484.jpg"", ""https://www.tunisiapromo.com/gallery/photo-6-66485.jpg""]","[{""url"": ""https://www.tunisiapromo.com/gallery/photo-1-83522.jpg"", ""sourceId"": 4, ""adUrl"": ""https://www.tunisiapromo.com/annonce/av-a-hammamet-nord-un-magnifique-rez-de-jardin-z20147.html""}, {""url"": ""https://www.tunisiapromo.com/gallery/photo-2-83523.jpg"", ""sourceId"": 4, ""adUrl"": ""https://www.tunisiapromo.com/annonce/av-a-hammamet-nord-un-magnifique-rez-de-jardin-z20147.html""}, {""url"": ""https://www.tunisiapromo.com/gallery/photo-3-83524.jpg"", ""sourceId"": 4, ""adUrl"": ""https://www.tunisiapromo.com/annonce/av-a-hammamet-nord-un-magnifique-rez-de-jardin-z20147.html""}, {""url"": ""https://www.tunisiapromo.com/gallery/photo-5-83526.jpg"", ""sourceId"": 4, ""adUrl"": ""https://www.tunisiapromo.com/annonce/av-a-hammamet-nord-un-magnifique-rez-de-jardin-z20147.html""}, {""url"": ""https://www.tunisiapromo.com/gallery/photo-6-83528.jpg"", ""sourceId"": 4, ""adUrl"": ""https://www.tunisiapromo.com/annonce/av-a-hammamet-nord-un-magnifique-rez-de-jardin-z20147.html""}, {""url"": ""https://www.tunisiapromo.com/gallery/photo-6-82635.jpg"", ""sourceId"": 4, ""adUrl"": ""https://www.tunisiapromo.com/annonce/av-magnifique-rez-de-jardin-hammamet-nord-z20005.html""}, {""url"": ""https://www.tunisiapromo.com/gallery/photo-2-82192.jpg"", ""sourceId"": 4, ""adUrl"": ""https://www.tunisiapromo.com/annonce/av-magnifique-rez-de-jardin-a-hammamet-nord-z19929.html""}, {""url"": ""https://www.tunisiapromo.com/gallery/photo-3-82193.jpg"", ""sourceId"": 4, ""adUrl"": ""https://www.tunisiapromo.com/annonce/av-magnifique-rez-de-jardin-a-hammamet-nord-z19929.html""}, {""url"": ""https://www.tunisiapromo.com/gallery/photo-3-66482.jpg"", ""sourceId"": 4, ""adUrl"": ""https://www.tunisiapromo.com/annonce/av-un-rez-de-jardin-a-hammamet-nord-z17416.html""}, {""url"": ""https://www.tunisiapromo.com/gallery/photo-5-66484.jpg"", ""sourceId"": 4, ""adUrl"": ""https://www.tunisiapromo.com/annonce/av-un-rez-de-jardin-a-hammamet-nord-z17416.html""}, {""url"": ""https://www.tunisiapromo.com/gallery/photo-6-66485.jpg"", ""sourceId"": 4, ""adUrl"": ""https://www.tunisiapromo.com/annonce/av-un-rez-de-jardin-a-hammamet-nord-z17416.html""}]","[{""sourceId"": 4, ""url"": ""https://www.tunisiapromo.com/annonce/av-a-hammamet-nord-un-magnifique-rez-de-jardin-z20147.html"", ""price"": 165000, ""sellerType"": ""agency"", ""lastModified"": ""2014-02-22 00:01:27""}]","[{""sellerType"": ""agency"", ""contactName"": ""aaaa"", ""active"": true}]",1,1,1,1,5,5,[],2024-12-27 00:00:29,2013-11-15 02:14:48,2014-02-22 00:01:27,2014-02-21 00:00:18,1,2026-02-07 14:47:59
929627,Vente Immeuble à Dar Chaâbane el Fehri,"Vente Immeuble à Dar Chaâbane el Fehri
(R + 1)
Le Rez de chaussée loge quatre garages.
L’étage loge un  spacieux et lumineux appartement d’une superficie de 208 m².
Il se compose d’un salon + quatre chambres à coucher + un balcon + une terrasse + une cuisine + une salle de bain + WC.
Chauffage central et climatisations disponibles.
Situation juridique : Titre foncier
GSM ou whats app : <a type=""phone"">+21622XXXXXX</a>",570000.0,208.0,S+4,RDC/Étage de villa,villaFloor,sale,agency,3344.0,https://www.affare.tn/image/01_2025_3ba50cef.JPG,"[""https://www.affare.tn/image/01_2025_3ba50cef.JPG"", ""https://www.affare.tn/image/01_2025_f22ef1b0.JPG"", ""https://www.affare.tn/image/01_2025_cc143e5e.JPG"", ""https://www.affare.tn/image/01_2025_3f290944.JPG"", ""https://www.affare.tn/image/01_2025_114aac77.JPG"", ""https://www.affare.tn/image/01_2025_52ed9ada.JPG"", ""https://www.affare.tn/image/01_2025_cbadfbef.JPG"", ""https://www.affare.tn/image/01_2025_fd30d6bb.JPG""]","[{""url"": ""https://www.affare.tn/image/01_2025_3ba50cef.JPG"", ""sourceId"": 6, ""adUrl"": ""https://www.affare.tn/annonce/vente-immeuble-a-dar-chaabane-el-fehri-231568""}, {""url"": ""https://www.affare.tn/image/01_2025_f22ef1b0.JPG"", ""sourceId"": 6, ""adUrl"": ""https://www.affare.tn/annonce/vente-immeuble-a-dar-chaabane-el-fehri-231568""}, {""url"": ""https://www.affare.tn/image/01_2025_cc143e5e.JPG"", ""sourceId"": 6, ""adUrl"": ""https://www.affare.tn/annonce/vente-immeuble-a-dar-chaabane-el-fehri-231568""}, {""url"": ""https://www.affare.tn/image/01_2025_3f290944.JPG"", ""sourceId"": 6, ""adUrl"": ""https://www.affare.tn/annonce/vente-immeuble-a-dar-chaabane-el-fehri-231568""}, {""url"": ""https://www.affare.tn/image/01_2025_114aac77.JPG"", ""sourceId"": 6, ""adUrl"": ""https://www.affare.tn/annonce/vente-immeuble-a-dar-chaabane-el-fehri-231568""}, {""url"": ""https://www.affare.tn/image/01_2025_52ed9ada.JPG"", ""sourceId"": 6, ""adUrl"": ""https://www.affare.tn/annonce/vente-immeuble-a-dar-chaabane-el-fehri-231568""}, {""url"": ""https://www.affare.tn/image/01_2025_cbadfbef.JPG"", ""sourceId"": 6, ""adUrl"": ""https://www.affare.tn/annonce/vente-immeuble-a-dar-chaabane-el-fehri-231568""}, {""url"": ""https://www.affare.tn/image/01_2025_fd30d6bb.JPG"", ""sourceId"": 6, ""adUrl"": ""https://www.affare.tn/annonce/vente-immeuble-a-dar-chaabane-el-fehri-231568""}]","[{""sourceId"": 6, ""url"": ""https://www.affare.tn/annonce/vente-immeuble-a-dar-chaabane-el-fehri-231568"", ""price"": 570000, ""sellerType"": ""agency"", ""lastModified"": ""2025-08-23 06:22:06""}]","[{""sellerType"": ""agency"", ""contactName"": ""immobiliere extra"", ""active"": true}]",1,1,1,1,3,1,[],2025-01-21 10:45:16,2025-01-21 10:44:10,2025-08-23 06:22:06,2025-01-21 10:44:10,1,2026-02-07 14:47:59
935774,Immeuble de 3 niveaux à Teboulba,"Cet Immeuble de 3 niveaux à Teboulba Mandra dans un quartier résidentiel calme et proche de toutes les commodités.

Rez-de-chaussée  Appartement de 150 m² avec entrée indépendante composé d’un salon lumineux d’une cuisine équipée avec coin salle à manger et accès à un séchoir ainsi que de trois chambres à coucher partageant une salle de bain avec baignoire.

Premier étage 

✔Un appartement de haut standing avec salon lumineux et accès à un balcon cuisine moderne entièrement équipée par des éléments de rangement  ainsi  l’électroménagers et s’ouvre sur un  séchoir deux chambres à coucher et une salle de bain avec douche.

✔Un appartement jamais habité comprenant un salon une cuisine américaine ouverte sur terrasse une chambre à coucher avec salle de bain avec douche.

Deuxième étage  Appartement inachevée en phase de finition composé d’un salon avec terrasse d’une cuisine indépendante et de trois chambres à coucher.

Chaque appartement dispose de compteurs individuels pour l’eau et l’électricité garantissant une totale indépendance pour chaque bien.

Idéal pour une grande famille ou pour un investissement immobilier. Ne manquez pas cette opportunité",335000.0,150.0,,RDC/Étage de villa,villaFloor,sale,agency,3257.0,https://www.menzili.tn/upload/photos/2025/01/30/12/48/5t2q09561v.jpeg,"[""https://www.menzili.tn/upload/photos/2025/01/30/12/48/5t2q09561v.jpeg"", ""https://www.menzili.tn/upload/photos/2025/01/30/12/48/fp7ns0684e.jpeg"", ""https://www.menzili.tn/upload/photos/2025/01/30/12/48/2aihez2744.jpeg"", ""https://www.menzili.tn/upload/photos/2025/01/30/12/48/tns0qd52e4.jpeg"", ""https://www.menzili.tn/upload/photos/2025/01/30/12/48/567n0939d5.jpeg""]","[{""url"": ""https://www.menzili.tn/upload/photos/2025/01/30/12/48/5t2q09561v.jpeg"", ""sourceId"": 13, ""adUrl"": ""https://www.menzili.tn/annonce/annonce-139130""}, {""url"": ""https://www.menzili.tn/upload/photos/2025/01/30/12/48/fp7ns0684e.jpeg"", ""sourceId"": 13, ""adUrl"": ""https://www.menzili.tn/annonce/annonce-139130""}, {""url"": ""https://www.menzili.tn/upload/photos/2025/01/30/12/48/2aihez2744.jpeg"", ""sourceId"": 13, ""adUrl"": ""https://www.menzili.tn/annonce/annonce-139130""}, {""url"": ""https://www.menzili.tn/upload/photos/2025/01/30/12/48/tns0qd52e4.jpeg"", ""sourceId"": 13, ""adUrl"": ""https://www.menzili.tn/annonce/annonce-139130""}, {""url"": ""https://www.menzili.tn/upload/photos/2025/01/30/12/48/567n0939d5.jpeg"", ""sourceId"": 13, ""adUrl"": ""https://www.menzili.tn/annonce/annonce-139130""}]","[{""sourceId"": 13, ""url"": ""https://www.menzili.tn/annonce/annonce-139130"", ""price"": 335000, ""sellerType"": ""agency"", ""lastModified"": ""2025-01-30 01:37:04""}]","[{""sellerType"": ""agency"", ""contactName"": ""Puntocasa"", ""active"": true}]",1,1,1,1,2,1,"[""new""]",2025-01-30 13:00:35,2025-01-30 01:37:04,2025-06-27 10:23:38,2025-01-30 01:37:04,1,2026-02-07 14:47:59
116576,Etage Rihem à vendre à Salambo,"Un 2 éme étage de villa avec une terrasse situé dans un bon quartier à Carthage Salambo. A L'entrée, On a un salon, une cuisine, une salle d'eau, 4 chambres et une salle de bain. Pour tous les renseignements, Contacter L'agent sur le <a type=""phone"">+21656XXXXXX</a>.",300000.0,152.0,S+4,RDC/Étage de villa,villaFloor,sale,agency,4836.0,http://cdn2.ballouchi.com/800x600/394591-1.jpg,"[""https://server.bigdatis.com/api/properties/image/305445923"", ""https://server.bigdatis.com/api/properties/image/305445924"", ""https://server.bigdatis.com/api/properties/image/305445925"", ""https://server.bigdatis.com/api/properties/image/305445927"", ""https://server.bigdatis.com/api/properties/image/305445928"", ""https://server.bigdatis.com/api/properties/image/305445931"", ""https://server.bigdatis.com/api/properties/image/305445932""]","[{""url"": ""https://server.bigdatis.com/api/properties/image/305445923"", ""sourceId"": 3, ""adUrl"": ""https://www.ballouchi.com/annonces/immobilier/appartements/etage-rihem-a-vendre-a-salambo.html""}, {""url"": ""https://server.bigdatis.com/api/properties/image/305445924"", ""sourceId"": 3, ""adUrl"": ""https://www.ballouchi.com/annonces/immobilier/appartements/etage-rihem-a-vendre-a-salambo.html""}, {""url"": ""https://server.bigdatis.com/api/properties/image/305445925"", ""sourceId"": 3, ""adUrl"": ""https://www.ballouchi.com/annonces/immobilier/appartements/etage-rihem-a-vendre-a-salambo.html""}, {""url"": ""https://server.bigdatis.com/api/properties/image/305445927"", ""sourceId"": 3, ""adUrl"": ""https://www.ballouchi.com/annonces/immobilier/appartements/etage-rihem-a-vendre-a-salambo.html""}, {""url"": ""https://server.bigdatis.com/api/properties/image/305445928"", ""sourceId"": 3, ""adUrl"": ""https://www.ballouchi.com/annonces/immobilier/appartements/etage-rihem-a-vendre-a-salambo.html""}, {""url"": ""https://server.bigdatis.com/api/properties/image/305445931"", ""sourceId"": 3, ""adUrl"": ""https://www.ballouchi.com/annonces/immobilier/appartements/etage-rihem-a-vendre-a-salambo.html""}, {""url"": ""https://server.bigdatis.com/api/properties/image/305445932"", ""sourceId"": 3, ""adUrl"": ""https://www.ballouchi.com/annonces/immobilier/appartements/etage-rihem-a-vendre-a-salambo.html""}]","[{""sourceId"": 3, ""url"": ""https://www.ballouchi.com/annonces/immobilier/appartements/etage-rihem-a-vendre-a-salambo.html"", ""price"": 300000, ""sellerType"": ""agency"", ""lastModified"": ""2024-04-25 21:30:10""}]","[{""sellerType"": ""agency"", ""contactName"": ""homesweethome"", ""active"": true}]",1,1,1,1,5,1,[],2022-10-15 09:32:04,2022-10-15 09:31:11,2024-05-02 11:09:47,2022-10-15 09:31:11,1,2026-02-07 14:47:59
1156963,Etage de villa a vendre,"etage de villa a vendre de 250 metre avec titre bleue et entree independante tel <a type=""phone"">+21698XXXXXX</a>",,250.0,,RDC/Étage de villa,villaFloor,sale,private,1921.0,https://www.menzili.tn/upload/photos/2019/08/22/12/37/df7i397s17.jpeg,"[""https://www.menzili.tn/upload/photos/2019/08/22/12/37/df7i397s17.jpeg"", ""https://www.menzili.tn/upload/photos/2019/08/22/12/37/7zp0t98144.jpeg"", ""https://www.menzili.tn/upload/photos/2019/08/22/12/37/94s00d734e.jpeg""]","[{""url"": ""https://www.menzili.tn/upload/photos/2019/08/22/12/37/df7i397s17.jpeg"", ""sourceId"": 13, ""adUrl"": ""https://www.menzili.tn/annonce/annonce-20451""}, {""url"": ""https://www.menzili.tn/upload/photos/2019/08/22/12/37/7zp0t98144.jpeg"", ""sourceId"": 13, ""adUrl"": ""https://www.menzili.tn/annonce/annonce-20451""}, {""url"": ""https://www.menzili.tn/upload/photos/2019/08/22/12/37/94s00d734e.jpeg"", ""sourceId"": 13, ""adUrl"": ""https://www.menzili.tn/annonce/annonce-20451""}]","[{""sourceId"": 13, ""url"": ""https://www.menzili.tn/annonce/annonce-20451"", ""price"": null, ""sellerType"": ""private"", ""lastModified"": ""2019-08-22 00:18:59""}]","[{""sellerType"": ""private"", ""contactName"": ""Mbarki samir"", ""active"": true}]",1,1,1,1,1,1,[],2025-10-19 00:19:09,2019-08-22 00:18:59,2019-08-22 00:18:59,2019-08-22 00:18:59,1,2026-02-07 14:47:59
898921,Al étage de villa au plein centre ville,"AL  un étage de villa au plein centre ville 
Al  un magnifique étage de villa au plein centre ville hammamet
Il est composé d’un grand salon+salle à manger +4chambres à coucher +cuisine équipée +salle de bain +terasse 
Superficie :200m2
Prix :900dt/mois
Pour plus d’infos veuillez nous contacter sur :<a type=""phone"">+21624XXXXXX</a> ou bien <a type=""phone"">+21624XXXXXX</a>
Les visites sont gratuites",,200.0,S+4,RDC/Étage de villa,villaFloor,sale,agency,3479.0,https://www.tunisiapromo.com/gallery/photo-1-82727.jpg,"[""https://www.tunisiapromo.com/gallery/photo-1-82727.jpg"", ""https://www.tunisiapromo.com/gallery/photo-2-82728.jpg"", ""https://www.tunisiapromo.com/gallery/photo-3-82729.jpg"", ""https://www.tunisiapromo.com/gallery/photo-4-82730.jpg"", ""https://www.tunisiapromo.com/gallery/photo-5-82731.jpg"", ""https://www.tunisiapromo.com/gallery/photo-6-82732.jpg""]","[{""url"": ""https://www.tunisiapromo.com/gallery/photo-1-82727.jpg"", ""sourceId"": 4, ""adUrl"": ""https://www.tunisiapromo.com/annonce/al-etage-de-villa-au-plein-centre-ville-z20016.html""}, {""url"": ""https://www.tunisiapromo.com/gallery/photo-2-82728.jpg"", ""sourceId"": 4, ""adUrl"": ""https://www.tunisiapromo.com/annonce/al-etage-de-villa-au-plein-centre-ville-z20016.html""}, {""url"": ""https://www.tunisiapromo.com/gallery/photo-3-82729.jpg"", ""sourceId"": 4, ""adUrl"": ""https://www.tunisiapromo.com/annonce/al-etage-de-villa-au-plein-centre-ville-z20016.html""}, {""url"": ""https://www.tunisiapromo.com/gallery/photo-4-82730.jpg"", ""sourceId"": 4, ""adUrl"": ""https://www.tunisiapromo.com/annonce/al-etage-de-villa-au-plein-centre-ville-z20016.html""}, {""url"": ""https://www.tunisiapromo.com/gallery/photo-5-82731.jpg"", ""sourceId"": 4, ""adUrl"": ""https://www.tunisiapromo.com/annonce/al-etage-de-villa-au-plein-centre-ville-z20016.html""}, {""url"": ""https://www.tunisiapromo.com/gallery/photo-6-82732.jpg"", ""sourceId"": 4, ""adUrl"": ""https://www.tunisiapromo.com/annonce/al-etage-de-villa-au-plein-centre-ville-z20016.html""}]","[{""sourceId"": 4, ""url"": ""https://www.tunisiapromo.com/annonce/al-etage-de-villa-au-plein-centre-ville-z20016.html"", ""price"": null, ""sellerType"": ""agency"", ""lastModified"": ""2014-02-21 00:00:38""}]","[{""sellerType"": ""agency"", ""contactName"": ""aaaa"", ""active"": true}]",1,1,1,1,1,1,[],2024-12-27 00:00:47,2014-02-10 00:00:38,2014-02-21 00:00:38,2014-02-10 00:00:38,1,2026-02-07 14:47:59
909168,Av rdc etage à hammamet nord,"RDC + étage
 + garage
Prix: 600MD
- Pour plus d'information veuillez contacter :
FIXE .: (+216) <a type=""phone"">+21672XXXXXX</a>
FAX .: (+216) <a type=""phone"">+21672XXXXXX</a>
GSM1 .: (+216) <a type=""phone"">+21699XXXXXX</a> / <a type=""phone"">+21629XXXXXX</a>
GSM2.: (+216) <a type=""phone"">+21698XXXXXX</a> / <a type=""phone"">+21628XXXXXX</a>
E-mail .: lesarcadesimmob@hotmail.fr",600000.0,,,RDC/Étage de villa,villaFloor,sale,agency,5182.0,https://www.tunisiapromo.com/images/45274.jpg,"[""https://www.tunisiapromo.com/images/45274.jpg""]","[{""url"": ""https://www.tunisiapromo.com/images/45274.jpg"", ""sourceId"": 4, ""adUrl"": ""https://www.tunisiapromo.com/annonce/av-rdc-etage-a-hammamet-nord-z45274.html""}]","[{""sourceId"": 4, ""url"": ""https://www.tunisiapromo.com/annonce/av-rdc-etage-a-hammamet-nord-z45274.html"", ""price"": 600000, ""sellerType"": ""agency"", ""lastModified"": ""2015-08-18 11:15:23""}]","[{""sellerType"": ""agency"", ""contactName"": ""les arcades"", ""active"": true}]",1,1,1,1,1,1,"[""garage""]",2024-12-27 11:15:24,2015-08-18 11:15:23,2015-08-18 11:15:23,2015-08-18 11:15:23,1,2026-02-07 14:47:59
898934,Av villa de campagne avec courette vue de mer,"Villa de campagne avec courette vue de mer
A la compagne de Hammamet et dans les hauteurs
A 10min de Yassmine Hammamet, environ 1km du piste de la route principale, profitent d’un superbe vue de mer
Villa composé d’un RDC  plus étage chaque étage avec entrés indépendant plus maison arabe et grand garage
Au RDC maison composé d’un grand salon, 2 chambres à coucher, sale de bain et cuisine
A l’étage un autre maison récemment construit composé d’un salon avec balcon vue de mer, 2 chambres, sale d’eau et cuisine
Profitent d’une maison arabe avec grand garage et un grand espace vue de mer
Superficie : 1200m²
Prix : 295MD légèrement négociable.
- Pour plus d’information veuillez  contactez Latifa Chaâbani :
 00 216 <a type=""phone"">+21626XXXXXX</a>  / 00 216 <a type=""phone"">+21698XXXXXX</a>
-Pour plus d’information veuillez contactez Med Hedi :
 00 216 <a type=""phone"">+21629XXXXXX</a>  / 00 216 <a type=""phone"">+21622XXXXXX</a>
*E-mail : lesarcadesimmob@hotmail.fr
*E-mail : m.ghachem@hotmail.fr
Site Web : www.lesarcades-immobiliere.com
Facebook : les arcades.
Ag s’abstenir 	
Merci Cordialement",295000.0,1200.0,S+5,RDC/Étage de villa,villaFloor,sale,agency,3456.0,https://www.tunisiapromo.com/gallery/photo-1-86022.jpg,"[""https://www.tunisiapromo.com/gallery/photo-1-86022.jpg"", ""https://www.tunisiapromo.com/gallery/photo-2-86023.jpg"", ""https://www.tunisiapromo.com/gallery/photo-3-86024.jpg"", ""https://www.tunisiapromo.com/gallery/photo-4-86025.jpg"", ""https://www.tunisiapromo.com/gallery/photo-5-86026.jpg"", ""https://www.tunisiapromo.com/gallery/photo-6-86027.jpg"", ""https://www.tunisiapromo.com/gallery/photo-7-86028.jpg"", ""https://www.tunisiapromo.com/gallery/photo-8-86029.jpg""]","[{""url"": ""https://www.tunisiapromo.com/gallery/photo-1-86022.jpg"", ""sourceId"": 4, ""adUrl"": ""https://www.tunisiapromo.com/annonce/av-villa-de-campagne-avec-courette-vue-de-mer-z20490.html""}, {""url"": ""https://www.tunisiapromo.com/gallery/photo-2-86023.jpg"", ""sourceId"": 4, ""adUrl"": ""https://www.tunisiapromo.com/annonce/av-villa-de-campagne-avec-courette-vue-de-mer-z20490.html""}, {""url"": ""https://www.tunisiapromo.com/gallery/photo-3-86024.jpg"", ""sourceId"": 4, ""adUrl"": ""https://www.tunisiapromo.com/annonce/av-villa-de-campagne-avec-courette-vue-de-mer-z20490.html""}, {""url"": ""https://www.tunisiapromo.com/gallery/photo-4-86025.jpg"", ""sourceId"": 4, ""adUrl"": ""https://www.tunisiapromo.com/annonce/av-villa-de-campagne-avec-courette-vue-de-mer-z20490.html""}, {""url"": ""https://www.tunisiapromo.com/gallery/photo-5-86026.jpg"", ""sourceId"": 4, ""adUrl"": ""https://www.tunisiapromo.com/annonce/av-villa-de-campagne-avec-courette-vue-de-mer-z20490.html""}, {""url"": ""https://www.tunisiapromo.com/gallery/photo-6-86027.jpg"", ""sourceId"": 4, ""adUrl"": ""https://www.tunisiapromo.com/annonce/av-villa-de-campagne-avec-courette-vue-de-mer-z20490.html""}, {""url"": ""https://www.tunisiapromo.com/gallery/photo-7-86028.jpg"", ""sourceId"": 4, ""adUrl"": ""https://www.tunisiapromo.com/annonce/av-villa-de-campagne-avec-courette-vue-de-mer-z20490.html""}, {""url"": ""https://www.tunisiapromo.com/gallery/photo-8-86029.jpg"", ""sourceId"": 4, ""adUrl"": ""https://www.tunisiapromo.com/annonce/av-villa-de-campagne-avec-courette-vue-de-mer-z20490.html""}]","[{""sourceId"": 4, ""url"": ""https://www.tunisiapromo.com/annonce/av-villa-de-campagne-avec-courette-vue-de-mer-z20490.html"", ""price"": 295000, ""sellerType"": ""agency"", ""lastModified"": ""2014-02-21 00:00:48""}]","[{""sellerType"": ""agency"", ""contactName"": ""LES ARCADES"", ""active"": true}]",1,1,1,1,1,1,[],2024-12-27 00:01:09,2014-02-18 00:00:48,2014-02-21 00:00:48,2014-02-18 00:00:48,1,2026-02-07 14:47:59
900986,Occasion ne pas rater immeuble r+2 à el mourouj,"Agence El Mechi Slah   <a type=""phone"">+21698XXXXXX</a>
très bonne occasion de vente une maison immeuble   R+2 à El Mourouj 5, d'une superficie presque de 300 m², composée 5 appartements ( 2 chambre, salon, cuisine, salle de bain à chaque appartement), et  au rez de chaussé  6 locaux commerciaux.
merci  pour votre attention",280000.0,300.0,S+2,RDC/Étage de villa,villaFloor,sale,agency,5176.0,https://www.tunisiapromo.com/images/12856.jpg,"[""https://www.tunisiapromo.com/images/12856.jpg""]","[{""url"": ""https://www.tunisiapromo.com/images/12856.jpg"", ""sourceId"": 4, ""adUrl"": ""https://www.tunisiapromo.com/annonce/occasion-ne-pas-rater-immeuble-r-2-a-el-mourouj-z12856.html""}]","[{""sourceId"": 4, ""url"": ""https://www.tunisiapromo.com/annonce/occasion-ne-pas-rater-immeuble-r-2-a-el-mourouj-z12856.html"", ""price"": 280000, ""sellerType"": ""agency"", ""lastModified"": ""2013-07-29 00:32:15""}]","[{""sellerType"": ""agency"", ""contactName"": ""Slah"", ""active"": true}]",1,1,1,1,1,1,[],2024-12-27 00:32:20,2013-04-29 00:32:15,2013-07-29 00:32:15,2013-04-29 00:32:15,1,2026-02-07 14:47:59
411518,Etage de vila commercial ou habitation,"a vendre un étage de villa entrée indépendante sans vis a vis  a usage habitation ou commercial composé de 6 chambres et salon plus hall avec accès au toit  emplacement idéal et stratégique sur avenue principal près de tt les commodités hôpitaux école université assurances ext  titre bleu propre  avec possibilité de bâtir deux autres étages abri de voitures pour d'eux voitures belle orientation voila pour plus de détails veuillez contacter le propriétaire au<a type=""phone"">+21623XXXXXX</a> merci",400000.0,300.0,,RDC/Étage de villa,villaFloor,sale,private,4995.0,https://www.menzili.tn/upload/photos/2021/10/05/12/30/2yd21rs0i4.jpg,"[""https://www.menzili.tn/upload/photos/2021/10/05/12/30/2yd21rs0i4.jpg"", ""https://www.menzili.tn/upload/photos/2021/10/05/12/30/id366o3686.jpg"", ""https://www.menzili.tn/upload/photos/2021/10/05/12/30/amp7qg3944.jpg"", ""https://www.menzili.tn/upload/photos/2021/10/05/12/30/5b8e9p8e64.jpg"", ""https://www.menzili.tn/upload/photos/2021/10/05/12/31/yjbsn6q361.jpg"", ""https://www.menzili.tn/upload/photos/2021/10/05/12/31/7sz7d2siz4.jpg"", ""https://www.menzili.tn/upload/photos/2021/10/05/12/31/5i2z1si2s7.jpg"", ""https://www.menzili.tn/upload/photos/2021/10/05/12/31/s271v06ito.jpg""]","[{""url"": ""https://www.menzili.tn/upload/photos/2021/10/05/12/30/2yd21rs0i4.jpg"", ""sourceId"": 13, ""adUrl"": ""https://www.menzili.tn/annonce/annonce-68696""}, {""url"": ""https://www.menzili.tn/upload/photos/2021/10/05/12/30/id366o3686.jpg"", ""sourceId"": 13, ""adUrl"": ""https://www.menzili.tn/annonce/annonce-68696""}, {""url"": ""https://www.menzili.tn/upload/photos/2021/10/05/12/30/amp7qg3944.jpg"", ""sourceId"": 13, ""adUrl"": ""https://www.menzili.tn/annonce/annonce-68696""}, {""url"": ""https://www.menzili.tn/upload/photos/2021/10/05/12/30/5b8e9p8e64.jpg"", ""sourceId"": 13, ""adUrl"": ""https://www.menzili.tn/annonce/annonce-68696""}, {""url"": ""https://www.menzili.tn/upload/photos/2021/10/05/12/31/yjbsn6q361.jpg"", ""sourceId"": 13, ""adUrl"": ""https://www.menzili.tn/annonce/annonce-68696""}, {""url"": ""https://www.menzili.tn/upload/photos/2021/10/05/12/31/7sz7d2siz4.jpg"", ""sourceId"": 13, ""adUrl"": ""https://www.menzili.tn/annonce/annonce-68696""}, {""url"": ""https://www.menzili.tn/upload/photos/2021/10/05/12/31/5i2z1si2s7.jpg"", ""sourceId"": 13, ""adUrl"": ""https://www.menzili.tn/annonce/annonce-68696""}, {""url"": ""https://www.menzili.tn/upload/photos/2021/10/05/12/31/s271v06ito.jpg"", ""sourceId"": 13, ""adUrl"": ""https://www.menzili.tn/annonce/annonce-68696""}]","[{""sourceId"": 13, ""url"": ""https://www.menzili.tn/annonce/annonce-68696"", ""price"": 400000, ""sellerType"": ""private"", ""lastModified"": ""2021-10-05 23:50:19""}]","[{""sellerType"": ""private"", ""contactName"": ""Besma ben jeddou"", ""active"": true}]",1,1,1,1,2,1,"[""airConditioning""]",2022-06-03 09:35:25,2021-10-05 23:50:19,2022-06-03 09:54:07,2022-06-03 09:54:07,1,2026-02-07 14:47:59
40833,RDC de Villa Kobres à Vendre au Kram,"Un RDC de Villa sur un terrain de 120 m² situé dans un bon quartier au Kram Ouest. A L'entrée, On a un salon, une cuisine avec séchoir, 2 chambres et une salle de bain. Pour tous les renseignements, Contacter l'agent sur le  <a type=""phone"">+21656XXXXXX</a>.",215000.0,120.0,S+2,RDC/Étage de villa,villaFloor,sale,agency,4870.0,https://www.menzili.tn/upload/photos/2023/03/09/14/30/a7b2q9v681.jpg,"[""https://www.menzili.tn/upload/photos/2023/03/09/14/30/a7b2q9v681.jpg"", ""https://www.menzili.tn/upload/photos/2023/03/09/14/30/etrzqd7qti.jpg"", ""https://www.menzili.tn/upload/photos/2023/03/09/14/30/9d447s2d6d.jpg"", ""https://www.menzili.tn/upload/photos/2023/03/09/14/30/9j7mrp0s72.jpg"", ""https://www.menzili.tn/upload/photos/2023/03/09/14/30/ds2q76841v.jpg"", ""https://www.menzili.tn/upload/photos/2023/03/09/14/30/2a5b9t2z07.jpg"", ""https://www.menzili.tn/upload/photos/2023/03/09/14/30/6819t36o1v.jpg"", ""https://www.menzili.tn/upload/photos/2023/03/09/14/30/aj7426qis9.jpg"", ""https://server.bigdatis.com/api/properties/image/305651810"", ""https://server.bigdatis.com/api/properties/image/305651811"", ""https://server.bigdatis.com/api/properties/image/305651813"", ""https://server.bigdatis.com/api/properties/image/305651816"", ""https://server.bigdatis.com/api/properties/image/305651817""]","[{""url"": ""https://www.menzili.tn/upload/photos/2023/03/09/14/30/a7b2q9v681.jpg"", ""sourceId"": 13, ""adUrl"": ""https://www.menzili.tn/annonce/annonce-112169""}, {""url"": ""https://www.menzili.tn/upload/photos/2023/03/09/14/30/etrzqd7qti.jpg"", ""sourceId"": 13, ""adUrl"": ""https://www.menzili.tn/annonce/annonce-112169""}, {""url"": ""https://www.menzili.tn/upload/photos/2023/03/09/14/30/9d447s2d6d.jpg"", ""sourceId"": 13, ""adUrl"": ""https://www.menzili.tn/annonce/annonce-112169""}, {""url"": ""https://www.menzili.tn/upload/photos/2023/03/09/14/30/9j7mrp0s72.jpg"", ""sourceId"": 13, ""adUrl"": ""https://www.menzili.tn/annonce/annonce-112169""}, {""url"": ""https://www.menzili.tn/upload/photos/2023/03/09/14/30/ds2q76841v.jpg"", ""sourceId"": 13, ""adUrl"": ""https://www.menzili.tn/annonce/annonce-112169""}, {""url"": ""https://www.menzili.tn/upload/photos/2023/03/09/14/30/2a5b9t2z07.jpg"", ""sourceId"": 13, ""adUrl"": ""https://www.menzili.tn/annonce/annonce-112169""}, {""url"": ""https://www.menzili.tn/upload/photos/2023/03/09/14/30/6819t36o1v.jpg"", ""sourceId"": 13, ""adUrl"": ""https://www.menzili.tn/annonce/annonce-112169""}, {""url"": ""https://www.menzili.tn/upload/photos/2023/03/09/14/30/aj7426qis9.jpg"", ""sourceId"": 13, ""adUrl"": ""https://www.menzili.tn/annonce/annonce-112169""}, {""url"": ""https://server.bigdatis.com/api/properties/image/305651810"", ""sourceId"": 3, ""adUrl"": ""https://www.ballouchi.com/annonces/immobilier/appartements/rdc-de-villa-kobres-a-vendre-au-kram.html""}, {""url"": ""https://server.bigdatis.com/api/properties/image/305651811"", ""sourceId"": 3, ""adUrl"": ""https://www.ballouchi.com/annonces/immobilier/appartements/rdc-de-villa-kobres-a-vendre-au-kram.html""}, {""url"": ""https://server.bigdatis.com/api/properties/image/305651813"", ""sourceId"": 3, ""adUrl"": ""https://www.ballouchi.com/annonces/immobilier/appartements/rdc-de-villa-kobres-a-vendre-au-kram.html""}, {""url"": ""https://server.bigdatis.com/api/properties/image/305651816"", ""sourceId"": 3, ""adUrl"": ""https://www.ballouchi.com/annonces/immobilier/appartements/rdc-de-villa-kobres-a-vendre-au-kram.html""}, {""url"": ""https://server.bigdatis.com/api/properties/image/305651817"", ""sourceId"": 3, ""adUrl"": ""https://www.ballouchi.com/annonces/immobilier/appartements/rdc-de-villa-kobres-a-vendre-au-kram.html""}]","[{""sourceId"": 13, ""url"": ""https://www.menzili.tn/annonce/annonce-112169"", ""price"": 215000, ""sellerType"": ""agency"", ""lastModified"": ""2023-03-09 01:05:25""}, {""sourceId"": 3, ""url"": ""https://www.ballouchi.com/annonces/immobilier/appartements/rdc-de-villa-kobres-a-vendre-au-kram.html"", ""price"": 215000, ""sellerType"": ""agency"", ""lastModified"": ""2023-03-09 00:03:36""}]","[{""sellerType"": ""agency"", ""contactName"": ""Home Sweet Home"", ""active"": true}]",2,2,1,1,6,2,[],2023-03-09 14:29:04,2023-03-09 00:03:36,2024-03-20 11:46:11,2023-03-09 00:03:36,1,2026-02-07 14:47:59
487297,étage de villa avec entré indépendant à kélibia,"RÉFÉRENCE  V 1740  
                 
Saisissez cette belle occasion  et acheter un #étage_de_villa avec entré indépendant  à kélibia 
superficie  : 120 m²
 de types S+3 
Ne perdez plus du temps et visitez-nous au plus viite possible !! 
Pour plus d’infos :
N’hésitez pas de contacter nous sur  <a type=""phone"">+21655XXXXXX</a> /  <a type=""phone"">+21655XXXXXX</a> /  <a type=""phone"">+21672XXXXXX</a>
 Whatsapp  <a type=""phone"">+21655XXXXXX</a> / <a type=""phone"">+21655XXXXXX</a>",150000.0,120.0,,RDC/Étage de villa,villaFloor,sale,agency,3496.0,https://www.tunisiapromo.com/images/115339.jpg,"[""https://www.tunisiapromo.com/images/115339.jpg"", ""https://www.tunisiapromo.com/plans/115339.jpg""]","[{""url"": ""https://www.tunisiapromo.com/images/115339.jpg"", ""sourceId"": 4, ""adUrl"": ""https://www.tunisiapromo.com/annonce/etage-de-villa-avec-entre-independant-a-kelibia-z115339.html""}, {""url"": ""https://www.tunisiapromo.com/plans/115339.jpg"", ""sourceId"": 4, ""adUrl"": ""https://www.tunisiapromo.com/annonce/etage-de-villa-avec-entre-independant-a-kelibia-z115339.html""}]","[{""sourceId"": 4, ""url"": ""https://www.tunisiapromo.com/annonce/etage-de-villa-avec-entre-independant-a-kelibia-z115339.html"", ""price"": 150000, ""sellerType"": ""agency"", ""lastModified"": ""2021-12-01 12:16:04""}]","[{""sellerType"": ""agency"", ""contactName"": ""benarfi"", ""active"": true}]",1,1,1,1,4,1,[],2022-01-06 21:57:35,2021-12-01 01:16:31,2023-06-13 11:11:51,2021-12-01 01:16:31,1,2026-02-07 14:47:59
1152899,Étage de villa S+3 de 307m² avec garage - Corniche- Mahdia,"Venez profiter d'une réduction ↘️ de 30 MLD

320 MLD au lieu de ❌ 350MLD ❌

Cet appartement bénéficie d'un emplacement stratégique à deux pas de la plage et des commodités.

☎️ (+216) <a type=""phone"">+21627XXXXXX</a> / <a type=""phone"">+21656XXXXXX</a> WhatsApp",320000.0,307.0,S+3,RDC/Étage de villa,villaFloor,sale,agency,2818.0,https://www.menzili.tn/upload/photos/2022/03/19/11/18/9b8etpv269.jpg,"[""https://www.menzili.tn/upload/photos/2022/03/19/11/18/9b8etpv269.jpg"", ""https://www.menzili.tn/upload/photos/2022/03/19/11/18/3b210d63zv.jpg"", ""https://www.menzili.tn/upload/photos/2022/03/19/11/18/7b2sd32784.jpg"", ""https://www.menzili.tn/upload/photos/2022/03/19/11/18/97bet96z92.jpg""]","[{""url"": ""https://www.menzili.tn/upload/photos/2022/03/19/11/18/9b8etpv269.jpg"", ""sourceId"": 13, ""adUrl"": ""https://www.menzili.tn/annonce/annonce-82500""}, {""url"": ""https://www.menzili.tn/upload/photos/2022/03/19/11/18/3b210d63zv.jpg"", ""sourceId"": 13, ""adUrl"": ""https://www.menzili.tn/annonce/annonce-82500""}, {""url"": ""https://www.menzili.tn/upload/photos/2022/03/19/11/18/7b2sd32784.jpg"", ""sourceId"": 13, ""adUrl"": ""https://www.menzili.tn/annonce/annonce-82500""}, {""url"": ""https://www.menzili.tn/upload/photos/2022/03/19/11/18/97bet96z92.jpg"", ""sourceId"": 13, ""adUrl"": ""https://www.menzili.tn/annonce/annonce-82500""}]","[{""sourceId"": 13, ""url"": ""https://www.menzili.tn/annonce/annonce-82500"", ""price"": 320000, ""sellerType"": ""agency"", ""lastModified"": ""2022-03-19 23:43:09""}]","[{""sellerType"": ""agency"", ""contactName"": ""MEMMIMMO"", ""active"": true}]",1,1,1,1,1,1,"[""garage"", ""airConditioning"", ""garden""]",2025-10-18 23:43:14,2022-03-19 23:43:09,2022-03-19 23:43:09,2022-03-19 23:43:09,1,2026-02-07 14:47:59
847750,Etage de villa s3 a vendre,"Notre agence a le plaisir de vous proposer l'opportunité unique d'acquérir un étage de villa exceptionnel, un S3 à béni khaled .

Caractéristiques:

Un Salon trés spacieux 

Une Cuisine aménagée et équipée avec un petit balcon 

Deux chambres à coucher avec dressing 

une chambre à coucher avec un balcon 

Une salle de douche",180000.0,175.0,S+3,RDC/Étage de villa,villaFloor,sale,agency,3266.0,https://www.mubawab-media.com/ad/8/029/562F/h/thumb_941909_property_xlarge_79154041.avif,"[""https://www.mubawab-media.com/ad/8/029/562F/h/thumb_941909_property_xlarge_79154041.avif"", ""https://www.mubawab-media.com/ad/8/029/562F/h/thumb_941895_property_xlarge_79154042.avif"", ""https://www.mubawab-media.com/ad/8/029/562F/h/thumb_941902_property_xlarge_79154043.avif"", ""https://www.mubawab-media.com/ad/8/029/562F/h/thumb_941897_property_xlarge_79154044.avif"", ""https://www.mubawab-media.com/ad/8/029/562F/h/thumb_941904_property_xlarge_79154045.avif"", ""https://www.mubawab-media.com/ad/8/029/562F/h/thumb_941898_property_xlarge_79154046.avif"", ""https://www.mubawab-media.com/ad/8/029/562F/h/thumb_941905_property_xlarge_79154047.avif"", ""https://www.mubawab-media.com/ad/8/029/562F/h/thumb_941899_property_xlarge_79154048.avif"", ""https://www.mubawab-media.com/ad/8/029/562F/h/thumb_941903_property_xlarge_79154049.avif"", ""https://www.mubawab-media.com/ad/8/029/562F/h/thumb_941896_property_xlarge_79154050.avif"", ""https://www.mubawab-media.com/ad/8/029/562F/h/thumb_941908_property_xlarge_79154051.avif"", ""https://www.mubawab-media.com/ad/8/029/562F/h/thumb_941907_property_xlarge_79154052.avif"", ""https://www.mubawab-media.com/ad/8/029/562F/h/thumb_941894_property_xlarge_79154053.avif"", ""https://www.mubawab-media.com/ad/8/029/562F/h/thumb_941900_property_xlarge_79154054.avif"", ""https://www.mubawab-media.com/ad/8/029/562F/h/thumb_941901_property_xlarge_79154055.avif""]","[{""url"": ""https://www.mubawab-media.com/ad/8/029/562F/h/thumb_941909_property_xlarge_79154041.avif"", ""sourceId"": 5, ""adUrl"": ""https://www.mubawab.tn/fr/a/8029562/etage-de-villa-s3-a-vendre""}, {""url"": ""https://www.mubawab-media.com/ad/8/029/562F/h/thumb_941895_property_xlarge_79154042.avif"", ""sourceId"": 5, ""adUrl"": ""https://www.mubawab.tn/fr/a/8029562/etage-de-villa-s3-a-vendre""}, {""url"": ""https://www.mubawab-media.com/ad/8/029/562F/h/thumb_941902_property_xlarge_79154043.avif"", ""sourceId"": 5, ""adUrl"": ""https://www.mubawab.tn/fr/a/8029562/etage-de-villa-s3-a-vendre""}, {""url"": ""https://www.mubawab-media.com/ad/8/029/562F/h/thumb_941897_property_xlarge_79154044.avif"", ""sourceId"": 5, ""adUrl"": ""https://www.mubawab.tn/fr/a/8029562/etage-de-villa-s3-a-vendre""}, {""url"": ""https://www.mubawab-media.com/ad/8/029/562F/h/thumb_941904_property_xlarge_79154045.avif"", ""sourceId"": 5, ""adUrl"": ""https://www.mubawab.tn/fr/a/8029562/etage-de-villa-s3-a-vendre""}, {""url"": ""https://www.mubawab-media.com/ad/8/029/562F/h/thumb_941898_property_xlarge_79154046.avif"", ""sourceId"": 5, ""adUrl"": ""https://www.mubawab.tn/fr/a/8029562/etage-de-villa-s3-a-vendre""}, {""url"": ""https://www.mubawab-media.com/ad/8/029/562F/h/thumb_941905_property_xlarge_79154047.avif"", ""sourceId"": 5, ""adUrl"": ""https://www.mubawab.tn/fr/a/8029562/etage-de-villa-s3-a-vendre""}, {""url"": ""https://www.mubawab-media.com/ad/8/029/562F/h/thumb_941899_property_xlarge_79154048.avif"", ""sourceId"": 5, ""adUrl"": ""https://www.mubawab.tn/fr/a/8029562/etage-de-villa-s3-a-vendre""}, {""url"": ""https://www.mubawab-media.com/ad/8/029/562F/h/thumb_941903_property_xlarge_79154049.avif"", ""sourceId"": 5, ""adUrl"": ""https://www.mubawab.tn/fr/a/8029562/etage-de-villa-s3-a-vendre""}, {""url"": ""https://www.mubawab-media.com/ad/8/029/562F/h/thumb_941896_property_xlarge_79154050.avif"", ""sourceId"": 5, ""adUrl"": ""https://www.mubawab.tn/fr/a/8029562/etage-de-villa-s3-a-vendre""}, {""url"": ""https://www.mubawab-media.com/ad/8/029/562F/h/thumb_941908_property_xlarge_79154051.avif"", ""sourceId"": 5, ""adUrl"": ""https://www.mubawab.tn/fr/a/8029562/etage-de-villa-s3-a-vendre""}, {""url"": ""https://www.mubawab-media.com/ad/8/029/562F/h/thumb_941907_property_xlarge_79154052.avif"", ""sourceId"": 5, ""adUrl"": ""https://www.mubawab.tn/fr/a/8029562/etage-de-villa-s3-a-vendre""}, {""url"": ""https://www.mubawab-media.com/ad/8/029/562F/h/thumb_941894_property_xlarge_79154053.avif"", ""sourceId"": 5, ""adUrl"": ""https://www.mubawab.tn/fr/a/8029562/etage-de-villa-s3-a-vendre""}, {""url"": ""https://www.mubawab-media.com/ad/8/029/562F/h/thumb_941900_property_xlarge_79154054.avif"", ""sourceId"": 5, ""adUrl"": ""https://www.mubawab.tn/fr/a/8029562/etage-de-villa-s3-a-vendre""}, {""url"": ""https://www.mubawab-media.com/ad/8/029/562F/h/thumb_941901_property_xlarge_79154055.avif"", ""sourceId"": 5, ""adUrl"": ""https://www.mubawab.tn/fr/a/8029562/etage-de-villa-s3-a-vendre""}]","[{""sourceId"": 5, ""url"": ""https://www.mubawab.tn/fr/a/8029562/etage-de-villa-s3-a-vendre"", ""price"": 180000, ""sellerType"": ""agency"", ""lastModified"": ""2026-02-03 13:37:12""}]","[{""sellerType"": ""agency"", ""contactName"": ""Metis Immo Particulier"", ""active"": true}]",1,1,1,1,1,1,[],2024-11-04 10:40:15,2024-11-04 10:40:15,2026-02-03 13:37:12,2024-11-04 10:40:15,1,2026-02-07 14:47:59
1152905,Étage de maison S+3 de 220 m2 - Eroudha- Mahdia,"Un emplacement idéal !!

#Memmimmo # propose pour la vente un appartement 4 pièces spacieux et lumineux situé au premier étage d’une petite résidence de 3 logements seulement. Dans une zone résidentielle très calme et proche de l’hôpital, des commodités, des transports, des facultés et du centre ville Mahdia. 

Surface: 220 m²

Un Salon/ salle à manger 

Cuisine indépendante bien aménagée  

Trois Chambres à coucher 

Salle de bain

Gaz de ville

Placards

(+216) <a type=""phone"">+21627XXXXXX</a>/ <a type=""phone"">+21656XXXXXX</a> WhatsApp",230000.0,220.0,S+3,RDC/Étage de villa,villaFloor,sale,agency,2825.0,https://www.menzili.tn/upload/photos/2022/03/19/12/01/95i81fst57.jpg,"[""https://www.menzili.tn/upload/photos/2022/03/19/12/01/95i81fst57.jpg"", ""https://www.menzili.tn/upload/photos/2022/03/19/12/01/y8t2q30oie.jpg"", ""https://www.menzili.tn/upload/photos/2022/03/19/12/02/y6mtn72g37.jpg"", ""https://www.menzili.tn/upload/photos/2022/03/19/12/03/y7h24p19qe.jpg"", ""https://www.menzili.tn/upload/photos/2022/03/19/12/03/i284tqosev.jpg"", ""https://www.menzili.tn/upload/photos/2022/03/19/12/03/6h4p30mq34.jpg"", ""https://www.menzili.tn/upload/photos/2022/03/19/12/04/5d0tg7364v.jpg"", ""https://www.menzili.tn/upload/photos/2022/03/19/12/05/m4z406mt64.jpg"", ""https://www.menzili.tn/upload/photos/2022/03/19/12/05/y7dfpmqd84.jpg"", ""https://www.menzili.tn/upload/photos/2022/03/19/12/05/289d7q3qv1.jpg""]","[{""url"": ""https://www.menzili.tn/upload/photos/2022/03/19/12/01/95i81fst57.jpg"", ""sourceId"": 13, ""adUrl"": ""https://www.menzili.tn/annonce/annonce-82517""}, {""url"": ""https://www.menzili.tn/upload/photos/2022/03/19/12/01/y8t2q30oie.jpg"", ""sourceId"": 13, ""adUrl"": ""https://www.menzili.tn/annonce/annonce-82517""}, {""url"": ""https://www.menzili.tn/upload/photos/2022/03/19/12/02/y6mtn72g37.jpg"", ""sourceId"": 13, ""adUrl"": ""https://www.menzili.tn/annonce/annonce-82517""}, {""url"": ""https://www.menzili.tn/upload/photos/2022/03/19/12/03/y7h24p19qe.jpg"", ""sourceId"": 13, ""adUrl"": ""https://www.menzili.tn/annonce/annonce-82517""}, {""url"": ""https://www.menzili.tn/upload/photos/2022/03/19/12/03/i284tqosev.jpg"", ""sourceId"": 13, ""adUrl"": ""https://www.menzili.tn/annonce/annonce-82517""}, {""url"": ""https://www.menzili.tn/upload/photos/2022/03/19/12/03/6h4p30mq34.jpg"", ""sourceId"": 13, ""adUrl"": ""https://www.menzili.tn/annonce/annonce-82517""}, {""url"": ""https://www.menzili.tn/upload/photos/2022/03/19/12/04/5d0tg7364v.jpg"", ""sourceId"": 13, ""adUrl"": ""https://www.menzili.tn/annonce/annonce-82517""}, {""url"": ""https://www.menzili.tn/upload/photos/2022/03/19/12/05/m4z406mt64.jpg"", ""sourceId"": 13, ""adUrl"": ""https://www.menzili.tn/annonce/annonce-82517""}, {""url"": ""https://www.menzili.tn/upload/photos/2022/03/19/12/05/y7dfpmqd84.jpg"", ""sourceId"": 13, ""adUrl"": ""https://www.menzili.tn/annonce/annonce-82517""}, {""url"": ""https://www.menzili.tn/upload/photos/2022/03/19/12/05/289d7q3qv1.jpg"", ""sourceId"": 13, ""adUrl"": ""https://www.menzili.tn/annonce/annonce-82517""}]","[{""sourceId"": 13, ""url"": ""https://www.menzili.tn/annonce/annonce-82517"", ""price"": 230000, ""sellerType"": ""agency"", ""lastModified"": ""2022-03-19 23:43:16""}]","[{""sellerType"": ""agency"", ""contactName"": ""MEMMIMMO"", ""active"": true}]",1,1,1,1,1,1,"[""airConditioning""]",2025-10-18 23:43:19,2022-03-19 23:43:16,2022-03-19 23:43:16,2022-03-19 23:43:16,1,2026-02-07 14:47:59
1232781,Étage de Villa pour investissement,"Étage de Villa emplacement stratégique idéal pour investissement composé de 3 chambres deux terrasses 

Un jardin, garage pour deux voitures,sous Sol 

Pour toutes informations supplémentaires veuillez nous contacter sur le",,250.0,S+2,RDC/Étage de villa,villaFloor,sale,private,4995.0,56064/28032341_0639190747070f77.jpg,"[""https://www.mubawab-media.com/ad/8/284/486F/h/1000009934_81764449.avif"", ""https://www.mubawab-media.com/ad/8/284/486F/h/1000009935_81764450.avif"", ""https://www.mubawab-media.com/ad/8/284/486F/h/1000009930_81764451.avif"", ""https://www.mubawab-media.com/ad/8/284/486F/h/1000009931_81764452.avif"", ""https://www.mubawab-media.com/ad/8/284/486F/h/1000009932_81764453.avif"", ""https://www.mubawab-media.com/ad/8/284/486F/h/1000008820_81764538.avif"", ""https://www.mubawab-media.com/ad/8/284/486F/h/1000009933_81764539.avif"", ""https://www.mubawab-media.com/ad/8/284/486F/h/1000009936_81764540.avif"", ""https://www.mubawab-media.com/ad/8/284/486F/h/1000009937_81764541.avif"", ""https://www.mubawab-media.com/ad/8/284/486F/h/1000009940_81764542.avif"", ""https://www.mubawab-media.com/ad/8/284/486F/h/1000009939_81764543.avif""]","[{""url"": ""https://www.mubawab-media.com/ad/8/284/486F/h/1000009934_81764449.avif"", ""sourceId"": 5, ""adUrl"": ""https://www.mubawab.tn/fr/a/8284486/%C3%A9tage-de-villa-pour-investissement""}, {""url"": ""https://www.mubawab-media.com/ad/8/284/486F/h/1000009935_81764450.avif"", ""sourceId"": 5, ""adUrl"": ""https://www.mubawab.tn/fr/a/8284486/%C3%A9tage-de-villa-pour-investissement""}, {""url"": ""https://www.mubawab-media.com/ad/8/284/486F/h/1000009930_81764451.avif"", ""sourceId"": 5, ""adUrl"": ""https://www.mubawab.tn/fr/a/8284486/%C3%A9tage-de-villa-pour-investissement""}, {""url"": ""https://www.mubawab-media.com/ad/8/284/486F/h/1000009931_81764452.avif"", ""sourceId"": 5, ""adUrl"": ""https://www.mubawab.tn/fr/a/8284486/%C3%A9tage-de-villa-pour-investissement""}, {""url"": ""https://www.mubawab-media.com/ad/8/284/486F/h/1000009932_81764453.avif"", ""sourceId"": 5, ""adUrl"": ""https://www.mubawab.tn/fr/a/8284486/%C3%A9tage-de-villa-pour-investissement""}, {""url"": ""https://www.mubawab-media.com/ad/8/284/486F/h/1000008820_81764538.avif"", ""sourceId"": 5, ""adUrl"": ""https://www.mubawab.tn/fr/a/8284486/%C3%A9tage-de-villa-pour-investissement""}, {""url"": ""https://www.mubawab-media.com/ad/8/284/486F/h/1000009933_81764539.avif"", ""sourceId"": 5, ""adUrl"": ""https://www.mubawab.tn/fr/a/8284486/%C3%A9tage-de-villa-pour-investissement""}, {""url"": ""https://www.mubawab-media.com/ad/8/284/486F/h/1000009936_81764540.avif"", ""sourceId"": 5, ""adUrl"": ""https://www.mubawab.tn/fr/a/8284486/%C3%A9tage-de-villa-pour-investissement""}, {""url"": ""https://www.mubawab-media.com/ad/8/284/486F/h/1000009937_81764541.avif"", ""sourceId"": 5, ""adUrl"": ""https://www.mubawab.tn/fr/a/8284486/%C3%A9tage-de-villa-pour-investissement""}, {""url"": ""https://www.mubawab-media.com/ad/8/284/486F/h/1000009940_81764542.avif"", ""sourceId"": 5, ""adUrl"": ""https://www.mubawab.tn/fr/a/8284486/%C3%A9tage-de-villa-pour-investissement""}, {""url"": ""https://www.mubawab-media.com/ad/8/284/486F/h/1000009939_81764543.avif"", ""sourceId"": 5, ""adUrl"": ""https://www.mubawab.tn/fr/a/8284486/%C3%A9tage-de-villa-pour-investissement""}]","[{""sourceId"": 5, ""url"": ""https://www.mubawab.tn/fr/a/8284486/%C3%A9tage-de-villa-pour-investissement"", ""price"": null, ""sellerType"": ""private"", ""lastModified"": ""2026-02-01 12:00:32""}]","[{""sellerType"": ""private"", ""contactName"": ""Wafa Particulier"", ""active"": true}]",1,1,1,1,1,1,[],2026-01-11 11:45:21,2026-01-11 11:45:09,2026-02-01 12:00:32,2026-01-11 11:45:09,1,2026-02-07 14:47:59
1138580,Étage 1 maison et étage 2 les appartements,"Mise en vente d'un immeuble au cœur du centre ville de monastir toutes les commodités sont à proximité écoles lycées facultés et commerces à 10 mn à pieds de la plage et 10 mn en voiture de l'aéroport international HABIB BOUGUIBA et zone touristique .
Dans une cité résidentiel avec un bon voisinage. 
Cet immeuble totalement rénové se compose d'un rez-de-chaussée d'une maison indépendante bâti sur un terrain de 228 mètres carrés ( 5 chambres à coucher,  3 salles d'eau dont une salle de bain,  cuisine spacieuse et garage ).
1er étage avec  2 appartements S+2 .
2ème étage avec 2 appartements S+2 et un spacieux studio T1.
Un toit de 200 mètres carrés. 
Disponible à la vente dès le  1er septembre un bon investissement pour la location estivale ou toute l'année déjà les 4 appartements sont loués avec un bon prix. 
Prix de vente :  365 milles euros
Lien 1 maison : https://myhouseintunisia.com/visite/maisonremonastir/
Lien 2 étage : 
https://myhouseintunisia.com/visite/appartremonastir/",365000.0,228.0,S+4,RDC/Étage de villa,villaFloor,sale,private,3225.0,https://www.tunisiapromo.com/gallery/photo-2-716728.jpg,"[""https://www.tunisiapromo.com/gallery/photo-2-716728.jpg"", ""https://www.tunisiapromo.com/gallery/photo-2-716730.jpg""]","[{""url"": ""https://www.tunisiapromo.com/gallery/photo-2-716728.jpg"", ""sourceId"": 4, ""adUrl"": ""https://www.tunisiapromo.com/annonce/etage-1-maison-et-etage-2-les-appartements-z154275.html""}, {""url"": ""https://www.tunisiapromo.com/gallery/photo-2-716730.jpg"", ""sourceId"": 4, ""adUrl"": ""https://www.tunisiapromo.com/annonce/etage-1-maison-et-etage-2-les-appartements-z154275.html""}]","[{""sourceId"": 4, ""url"": ""https://www.tunisiapromo.com/annonce/etage-1-maison-et-etage-2-les-appartements-z154275.html"", ""price"": 365000, ""sellerType"": ""private"", ""lastModified"": ""2025-10-06 03:00:25""}]","[{""sellerType"": ""private"", ""contactName"": ""Amina"", ""active"": true}]",1,1,1,1,1,1,"[""heating"", ""equippedKitchen"", ""garden"", ""parking"", ""furnished""]",2025-10-07 00:15:28,2025-10-06 00:15:13,2025-10-06 03:00:25,2025-10-06 00:15:13,1,2026-02-07 14:47:59
1015706,Etage d’une villa Macha à vendre à Carthage Yasmina,"Etage d’une villa semi meublé, d’une surface de 183 m2 ,situé à carthage yasmina. Il est composée de 2 grands salons , 5 chambres spacieuses , une cuisine, et une salle de bain. NB: Possibilité de construire deux autres étages. Pour tous les renseignements, Contacter l’agent sur le <a type=""phone"">+21656XXXXXX</a>",435000.0,183.0,,RDC/Étage de villa,villaFloor,sale,agency,4835.0,54783/27391605_849482a2164e4a4b.jpg,"[""https://b3g4.fra01.idrivee2-68.com/images-mirror/54783/27391605_293839500.jpg?response-content-type=image%2Fjpeg&response-cache-control=public%2C%20max-age%3D31536000%2C%20immutable&X-Amz-Content-Sha256=UNSIGNED-PAYLOAD&X-Amz-Algorithm=AWS4-HMAC-SHA256&X-Amz-Credential=Bhs7rzoWz1jkU0yRURAn%2F20260207%2FFrankfurt%2Fs3%2Faws4_request&X-Amz-Date=20260207T134743Z&X-Amz-SignedHeaders=host&X-Amz-Expires=86400&X-Amz-Signature=1d3086fd3ef87e6862035fa488ac5a85d0ca1fca76f59f46318943d7776afd03"", ""https://b3g4.fra01.idrivee2-68.com/images-mirror/54783/27391605_295946303.jpg?response-content-type=image%2Fjpeg&response-cache-control=public%2C%20max-age%3D31536000%2C%20immutable&X-Amz-Content-Sha256=UNSIGNED-PAYLOAD&X-Amz-Algorithm=AWS4-HMAC-SHA256&X-Amz-Credential=Bhs7rzoWz1jkU0yRURAn%2F20260207%2FFrankfurt%2Fs3%2Faws4_request&X-Amz-Date=20260207T134743Z&X-Amz-SignedHeaders=host&X-Amz-Expires=86400&X-Amz-Signature=fb130936eb420fa287a162aa6a05a5b173fd92e25f305d8e3a4154f4936f1517"", ""https://b3g4.fra01.idrivee2-68.com/images-mirror/54783/27391605_295946304.jpg?response-content-type=image%2Fjpeg&response-cache-control=public%2C%20max-age%3D31536000%2C%20immutable&X-Amz-Content-Sha256=UNSIGNED-PAYLOAD&X-Amz-Algorithm=AWS4-HMAC-SHA256&X-Amz-Credential=Bhs7rzoWz1jkU0yRURAn%2F20260207%2FFrankfurt%2Fs3%2Faws4_request&X-Amz-Date=20260207T134743Z&X-Amz-SignedHeaders=host&X-Amz-Expires=86400&X-Amz-Signature=1cb5427e0b050881ea95e3e0c678d6f9b985c84a13b38ebecd784da7bd578812"", ""https://b3g4.fra01.idrivee2-68.com/images-mirror/54783/27391605_295946305.jpg?response-content-type=image%2Fjpeg&response-cache-control=public%2C%20max-age%3D31536000%2C%20immutable&X-Amz-Content-Sha256=UNSIGNED-PAYLOAD&X-Amz-Algorithm=AWS4-HMAC-SHA256&X-Amz-Credential=Bhs7rzoWz1jkU0yRURAn%2F20260207%2FFrankfurt%2Fs3%2Faws4_request&X-Amz-Date=20260207T134743Z&X-Amz-SignedHeaders=host&X-Amz-Expires=86400&X-Amz-Signature=58d7bf1ae3a09af94939b5bdfa3509d5d8feb9e4b67be5a9e2fd5b58399adf0f"", ""https://b3g4.fra01.idrivee2-68.com/images-mirror/54783/27391605_295946306.jpg?response-content-type=image%2Fjpeg&response-cache-control=public%2C%20max-age%3D31536000%2C%20immutable&X-Amz-Content-Sha256=UNSIGNED-PAYLOAD&X-Amz-Algorithm=AWS4-HMAC-SHA256&X-Amz-Credential=Bhs7rzoWz1jkU0yRURAn%2F20260207%2FFrankfurt%2Fs3%2Faws4_request&X-Amz-Date=20260207T134743Z&X-Amz-SignedHeaders=host&X-Amz-Expires=86400&X-Amz-Signature=d8a3287b728e7b48a7455d52439aedb1f9a3a2baa247983d0ae5866f1721d85c"", ""https://b3g4.fra01.idrivee2-68.com/images-mirror/54783/27391605_295946307.jpg?response-content-type=image%2Fjpeg&response-cache-control=public%2C%20max-age%3D31536000%2C%20immutable&X-Amz-Content-Sha256=UNSIGNED-PAYLOAD&X-Amz-Algorithm=AWS4-HMAC-SHA256&X-Amz-Credential=Bhs7rzoWz1jkU0yRURAn%2F20260207%2FFrankfurt%2Fs3%2Faws4_request&X-Amz-Date=20260207T134743Z&X-Amz-SignedHeaders=host&X-Amz-Expires=86400&X-Amz-Signature=b02012beedddae45829c668f84e689a2ace8ca9f98c9245d5894616aee2fe491"", ""https://b3g4.fra01.idrivee2-68.com/images-mirror/54783/27391605_295946308.jpg?response-content-type=image%2Fjpeg&response-cache-control=public%2C%20max-age%3D31536000%2C%20immutable&X-Amz-Content-Sha256=UNSIGNED-PAYLOAD&X-Amz-Algorithm=AWS4-HMAC-SHA256&X-Amz-Credential=Bhs7rzoWz1jkU0yRURAn%2F20260207%2FFrankfurt%2Fs3%2Faws4_request&X-Amz-Date=20260207T134743Z&X-Amz-SignedHeaders=host&X-Amz-Expires=86400&X-Amz-Signature=d5bb5178708229c553f517f449c1e2d9fc468f21449aaff3bfb819e987649a82"", ""https://b3g4.fra01.idrivee2-68.com/images-mirror/54783/27391605_295946309.jpg?response-content-type=image%2Fjpeg&response-cache-control=public%2C%20max-age%3D31536000%2C%20immutable&X-Amz-Content-Sha256=UNSIGNED-PAYLOAD&X-Amz-Algorithm=AWS4-HMAC-SHA256&X-Amz-Credential=Bhs7rzoWz1jkU0yRURAn%2F20260207%2FFrankfurt%2Fs3%2Faws4_request&X-Amz-Date=20260207T134743Z&X-Amz-SignedHeaders=host&X-Amz-Expires=86400&X-Amz-Signature=5f6ee2b836ac54b3e2bbf57f3482d6554ca6b7d033c547b5aec5957ec30fb888""]","[{""url"": ""https://b3g4.fra01.idrivee2-68.com/images-mirror/54783/27391605_293839500.jpg?response-content-type=image%2Fjpeg&response-cache-control=public%2C%20max-age%3D31536000%2C%20immutable&X-Amz-Content-Sha256=UNSIGNED-PAYLOAD&X-Amz-Algorithm=AWS4-HMAC-SHA256&X-Amz-Credential=Bhs7rzoWz1jkU0yRURAn%2F20260207%2FFrankfurt%2Fs3%2Faws4_request&X-Amz-Date=20260207T134743Z&X-Amz-SignedHeaders=host&X-Amz-Expires=86400&X-Amz-Signature=1d3086fd3ef87e6862035fa488ac5a85d0ca1fca76f59f46318943d7776afd03"", ""sourceId"": 12, ""adUrl"": ""https://www.facebook.com/marketplace/item/706797315164159/""}, {""url"": ""https://b3g4.fra01.idrivee2-68.com/images-mirror/54783/27391605_295946303.jpg?response-content-type=image%2Fjpeg&response-cache-control=public%2C%20max-age%3D31536000%2C%20immutable&X-Amz-Content-Sha256=UNSIGNED-PAYLOAD&X-Amz-Algorithm=AWS4-HMAC-SHA256&X-Amz-Credential=Bhs7rzoWz1jkU0yRURAn%2F20260207%2FFrankfurt%2Fs3%2Faws4_request&X-Amz-Date=20260207T134743Z&X-Amz-SignedHeaders=host&X-Amz-Expires=86400&X-Amz-Signature=fb130936eb420fa287a162aa6a05a5b173fd92e25f305d8e3a4154f4936f1517"", ""sourceId"": 12, ""adUrl"": ""https://www.facebook.com/marketplace/item/706797315164159/""}, {""url"": ""https://b3g4.fra01.idrivee2-68.com/images-mirror/54783/27391605_295946304.jpg?response-content-type=image%2Fjpeg&response-cache-control=public%2C%20max-age%3D31536000%2C%20immutable&X-Amz-Content-Sha256=UNSIGNED-PAYLOAD&X-Amz-Algorithm=AWS4-HMAC-SHA256&X-Amz-Credential=Bhs7rzoWz1jkU0yRURAn%2F20260207%2FFrankfurt%2Fs3%2Faws4_request&X-Amz-Date=20260207T134743Z&X-Amz-SignedHeaders=host&X-Amz-Expires=86400&X-Amz-Signature=1cb5427e0b050881ea95e3e0c678d6f9b985c84a13b38ebecd784da7bd578812"", ""sourceId"": 12, ""adUrl"": ""https://www.facebook.com/marketplace/item/706797315164159/""}, {""url"": ""https://b3g4.fra01.idrivee2-68.com/images-mirror/54783/27391605_295946305.jpg?response-content-type=image%2Fjpeg&response-cache-control=public%2C%20max-age%3D31536000%2C%20immutable&X-Amz-Content-Sha256=UNSIGNED-PAYLOAD&X-Amz-Algorithm=AWS4-HMAC-SHA256&X-Amz-Credential=Bhs7rzoWz1jkU0yRURAn%2F20260207%2FFrankfurt%2Fs3%2Faws4_request&X-Amz-Date=20260207T134743Z&X-Amz-SignedHeaders=host&X-Amz-Expires=86400&X-Amz-Signature=58d7bf1ae3a09af94939b5bdfa3509d5d8feb9e4b67be5a9e2fd5b58399adf0f"", ""sourceId"": 12, ""adUrl"": ""https://www.facebook.com/marketplace/item/706797315164159/""}, {""url"": ""https://b3g4.fra01.idrivee2-68.com/images-mirror/54783/27391605_295946306.jpg?response-content-type=image%2Fjpeg&response-cache-control=public%2C%20max-age%3D31536000%2C%20immutable&X-Amz-Content-Sha256=UNSIGNED-PAYLOAD&X-Amz-Algorithm=AWS4-HMAC-SHA256&X-Amz-Credential=Bhs7rzoWz1jkU0yRURAn%2F20260207%2FFrankfurt%2Fs3%2Faws4_request&X-Amz-Date=20260207T134743Z&X-Amz-SignedHeaders=host&X-Amz-Expires=86400&X-Amz-Signature=d8a3287b728e7b48a7455d52439aedb1f9a3a2baa247983d0ae5866f1721d85c"", ""sourceId"": 12, ""adUrl"": ""https://www.facebook.com/marketplace/item/706797315164159/""}, {""url"": ""https://b3g4.fra01.idrivee2-68.com/images-mirror/54783/27391605_295946307.jpg?response-content-type=image%2Fjpeg&response-cache-control=public%2C%20max-age%3D31536000%2C%20immutable&X-Amz-Content-Sha256=UNSIGNED-PAYLOAD&X-Amz-Algorithm=AWS4-HMAC-SHA256&X-Amz-Credential=Bhs7rzoWz1jkU0yRURAn%2F20260207%2FFrankfurt%2Fs3%2Faws4_request&X-Amz-Date=20260207T134743Z&X-Amz-SignedHeaders=host&X-Amz-Expires=86400&X-Amz-Signature=b02012beedddae45829c668f84e689a2ace8ca9f98c9245d5894616aee2fe491"", ""sourceId"": 12, ""adUrl"": ""https://www.facebook.com/marketplace/item/706797315164159/""}, {""url"": ""https://b3g4.fra01.idrivee2-68.com/images-mirror/54783/27391605_295946308.jpg?response-content-type=image%2Fjpeg&response-cache-control=public%2C%20max-age%3D31536000%2C%20immutable&X-Amz-Content-Sha256=UNSIGNED-PAYLOAD&X-Amz-Algorithm=AWS4-HMAC-SHA256&X-Amz-Credential=Bhs7rzoWz1jkU0yRURAn%2F20260207%2FFrankfurt%2Fs3%2Faws4_request&X-Amz-Date=20260207T134743Z&X-Amz-SignedHeaders=host&X-Amz-Expires=86400&X-Amz-Signature=d5bb5178708229c553f517f449c1e2d9fc468f21449aaff3bfb819e987649a82"", ""sourceId"": 12, ""adUrl"": ""https://www.facebook.com/marketplace/item/706797315164159/""}, {""url"": ""https://b3g4.fra01.idrivee2-68.com/images-mirror/54783/27391605_295946309.jpg?response-content-type=image%2Fjpeg&response-cache-control=public%2C%20max-age%3D31536000%2C%20immutable&X-Amz-Content-Sha256=UNSIGNED-PAYLOAD&X-Amz-Algorithm=AWS4-HMAC-SHA256&X-Amz-Credential=Bhs7rzoWz1jkU0yRURAn%2F20260207%2FFrankfurt%2Fs3%2Faws4_request&X-Amz-Date=20260207T134743Z&X-Amz-SignedHeaders=host&X-Amz-Expires=86400&X-Amz-Signature=5f6ee2b836ac54b3e2bbf57f3482d6554ca6b7d033c547b5aec5957ec30fb888"", ""sourceId"": 12, ""adUrl"": ""https://www.facebook.com/marketplace/item/706797315164159/""}]","[{""sourceId"": 12, ""url"": ""https://www.facebook.com/marketplace/item/706797315164159/"", ""price"": 435000, ""sellerType"": ""agency"", ""lastModified"": ""2026-01-07 20:05:59""}, {""sourceId"": 1, ""url"": ""http://www.tunisie-annonce.com/DetailsAnnonceImmobilier.asp?cod_ann=3403378"", ""price"": 435000, ""sellerType"": ""agency"", ""lastModified"": ""2025-11-22 00:00:00""}]","[{""sellerType"": ""agency"", ""contactName"": ""HOME SWEET HOME"", ""active"": true}]",2,2,1,1,4,2,[],2025-05-22 15:45:19,2025-05-22 15:39:11,2026-01-07 20:05:59,2025-05-22 15:39:11,1,2026-02-07 14:47:59
751517,Etage de Villa Bissan à Vendre à Zarzouna,"Un 4 éme étage de villa avec une entrée commune situé dans un bon quartier à Zarzouna, Bizerte. A L'entrée, On a un spacieux salon, salle à manger,  une cuisine, 3 chambres et une salle de bain. Pour tous les renseignements, Contacter l'agent sur le <a type=""phone"">+21651XXXXXX</a>.",200000.0,173.0,S+3,RDC/Étage de villa,villaFloor,sale,agency,1218.0,http://cdn2.ballouchi.com/800x600/396379-1.jpg,"[""https://server.bigdatis.com/api/properties/image/305706333"", ""https://server.bigdatis.com/api/properties/image/305706334"", ""https://server.bigdatis.com/api/properties/image/305706335"", ""https://server.bigdatis.com/api/properties/image/305706336"", ""https://server.bigdatis.com/api/properties/image/305706337"", ""https://server.bigdatis.com/api/properties/image/305706338"", ""https://server.bigdatis.com/api/properties/image/305706339"", ""https://server.bigdatis.com/api/properties/image/305706340"", ""https://server.bigdatis.com/api/properties/image/305706341"", ""https://server.bigdatis.com/api/properties/image/305706342"", ""https://server.bigdatis.com/api/properties/image/305706343"", ""https://server.bigdatis.com/api/properties/image/305706344"", ""https://server.bigdatis.com/api/properties/image/305706345"", ""https://server.bigdatis.com/api/properties/image/305706346"", ""https://server.bigdatis.com/api/properties/image/305706347"", ""https://server.bigdatis.com/api/properties/image/305706348"", ""https://server.bigdatis.com/api/properties/image/305706349"", ""https://server.bigdatis.com/api/properties/image/305706350"", ""https://server.bigdatis.com/api/properties/image/305706351"", ""https://server.bigdatis.com/api/properties/image/305706352"", ""https://server.bigdatis.com/api/properties/image/305706353"", ""https://server.bigdatis.com/api/properties/image/305706354"", ""https://server.bigdatis.com/api/properties/image/305706355"", ""https://server.bigdatis.com/api/properties/image/305706356"", ""https://server.bigdatis.com/api/properties/image/305706357""]","[{""url"": ""https://server.bigdatis.com/api/properties/image/305706333"", ""sourceId"": 3, ""adUrl"": ""https://www.ballouchi.com/annonces/immobilier/appartements/etage-de-villa-bissan-a-vendre-a-zarzouna.html""}, {""url"": ""https://server.bigdatis.com/api/properties/image/305706334"", ""sourceId"": 3, ""adUrl"": ""https://www.ballouchi.com/annonces/immobilier/appartements/etage-de-villa-bissan-a-vendre-a-zarzouna.html""}, {""url"": ""https://server.bigdatis.com/api/properties/image/305706335"", ""sourceId"": 3, ""adUrl"": ""https://www.ballouchi.com/annonces/immobilier/appartements/etage-de-villa-bissan-a-vendre-a-zarzouna.html""}, {""url"": ""https://server.bigdatis.com/api/properties/image/305706336"", ""sourceId"": 3, ""adUrl"": ""https://www.ballouchi.com/annonces/immobilier/appartements/etage-de-villa-bissan-a-vendre-a-zarzouna.html""}, {""url"": ""https://server.bigdatis.com/api/properties/image/305706337"", ""sourceId"": 3, ""adUrl"": ""https://www.ballouchi.com/annonces/immobilier/appartements/etage-de-villa-bissan-a-vendre-a-zarzouna.html""}, {""url"": ""https://server.bigdatis.com/api/properties/image/305706338"", ""sourceId"": 3, ""adUrl"": ""https://www.ballouchi.com/annonces/immobilier/appartements/etage-de-villa-bissan-a-vendre-a-zarzouna.html""}, {""url"": ""https://server.bigdatis.com/api/properties/image/305706339"", ""sourceId"": 3, ""adUrl"": ""https://www.ballouchi.com/annonces/immobilier/appartements/etage-de-villa-bissan-a-vendre-a-zarzouna.html""}, {""url"": ""https://server.bigdatis.com/api/properties/image/305706340"", ""sourceId"": 3, ""adUrl"": ""https://www.ballouchi.com/annonces/immobilier/appartements/etage-de-villa-bissan-a-vendre-a-zarzouna.html""}, {""url"": ""https://server.bigdatis.com/api/properties/image/305706341"", ""sourceId"": 3, ""adUrl"": ""https://www.ballouchi.com/annonces/immobilier/appartements/etage-de-villa-bissan-a-vendre-a-zarzouna.html""}, {""url"": ""https://server.bigdatis.com/api/properties/image/305706342"", ""sourceId"": 3, ""adUrl"": ""https://www.ballouchi.com/annonces/immobilier/appartements/etage-de-villa-bissan-a-vendre-a-zarzouna.html""}, {""url"": ""https://server.bigdatis.com/api/properties/image/305706343"", ""sourceId"": 3, ""adUrl"": ""https://www.ballouchi.com/annonces/immobilier/appartements/etage-de-villa-bissan-a-vendre-a-zarzouna.html""}, {""url"": ""https://server.bigdatis.com/api/properties/image/305706344"", ""sourceId"": 3, ""adUrl"": ""https://www.ballouchi.com/annonces/immobilier/appartements/etage-de-villa-bissan-a-vendre-a-zarzouna.html""}, {""url"": ""https://server.bigdatis.com/api/properties/image/305706345"", ""sourceId"": 3, ""adUrl"": ""https://www.ballouchi.com/annonces/immobilier/appartements/etage-de-villa-bissan-a-vendre-a-zarzouna.html""}, {""url"": ""https://server.bigdatis.com/api/properties/image/305706346"", ""sourceId"": 3, ""adUrl"": ""https://www.ballouchi.com/annonces/immobilier/appartements/etage-de-villa-bissan-a-vendre-a-zarzouna.html""}, {""url"": ""https://server.bigdatis.com/api/properties/image/305706347"", ""sourceId"": 3, ""adUrl"": ""https://www.ballouchi.com/annonces/immobilier/appartements/etage-de-villa-bissan-a-vendre-a-zarzouna.html""}, {""url"": ""https://server.bigdatis.com/api/properties/image/305706348"", ""sourceId"": 3, ""adUrl"": ""https://www.ballouchi.com/annonces/immobilier/appartements/etage-de-villa-bissan-a-vendre-a-zarzouna.html""}, {""url"": ""https://server.bigdatis.com/api/properties/image/305706349"", ""sourceId"": 3, ""adUrl"": ""https://www.ballouchi.com/annonces/immobilier/appartements/etage-de-villa-bissan-a-vendre-a-zarzouna.html""}, {""url"": ""https://server.bigdatis.com/api/properties/image/305706350"", ""sourceId"": 3, ""adUrl"": ""https://www.ballouchi.com/annonces/immobilier/appartements/etage-de-villa-bissan-a-vendre-a-zarzouna.html""}, {""url"": ""https://server.bigdatis.com/api/properties/image/305706351"", ""sourceId"": 3, ""adUrl"": ""https://www.ballouchi.com/annonces/immobilier/appartements/etage-de-villa-bissan-a-vendre-a-zarzouna.html""}, {""url"": ""https://server.bigdatis.com/api/properties/image/305706352"", ""sourceId"": 3, ""adUrl"": ""https://www.ballouchi.com/annonces/immobilier/appartements/etage-de-villa-bissan-a-vendre-a-zarzouna.html""}, {""url"": ""https://server.bigdatis.com/api/properties/image/305706353"", ""sourceId"": 3, ""adUrl"": ""https://www.ballouchi.com/annonces/immobilier/appartements/etage-de-villa-bissan-a-vendre-a-zarzouna.html""}, {""url"": ""https://server.bigdatis.com/api/properties/image/305706354"", ""sourceId"": 3, ""adUrl"": ""https://www.ballouchi.com/annonces/immobilier/appartements/etage-de-villa-bissan-a-vendre-a-zarzouna.html""}, {""url"": ""https://server.bigdatis.com/api/properties/image/305706355"", ""sourceId"": 3, ""adUrl"": ""https://www.ballouchi.com/annonces/immobilier/appartements/etage-de-villa-bissan-a-vendre-a-zarzouna.html""}, {""url"": ""https://server.bigdatis.com/api/properties/image/305706356"", ""sourceId"": 3, ""adUrl"": ""https://www.ballouchi.com/annonces/immobilier/appartements/etage-de-villa-bissan-a-vendre-a-zarzouna.html""}, {""url"": ""https://server.bigdatis.com/api/properties/image/305706357"", ""sourceId"": 3, ""adUrl"": ""https://www.ballouchi.com/annonces/immobilier/appartements/etage-de-villa-bissan-a-vendre-a-zarzouna.html""}]","[{""sourceId"": 3, ""url"": null, ""price"": 200000, ""sellerType"": ""agency"", ""lastModified"": ""2024-05-24 00:48:35""}]","[{""sellerType"": ""agency"", ""contactName"": ""homesweethome"", ""active"": true}]",1,0,1,1,4,1,[],2024-05-24 14:34:04,2024-05-24 00:48:35,2025-02-21 14:32:28,2024-05-24 00:48:35,1,2026-02-07 14:47:59
1152925,Dar arbi à El médina tel,"A Vendre un grand étage d'une maison arabe situe à torbit el pay . L'étage comporte : 5 chambres , salon , cuisine , salle de bain , 2 grandes cours , entré indépendant , quartier arabe près de tous les commodités contacter madame HIBA tel <a type=""phone"">+21699XXXXXX</a>/<a type=""phone"">+21654XXXXXX</a>",120000.0,,S+5,RDC/Étage de villa,villaFloor,sale,agency,4979.0,https://www.menzili.tn/upload/photos/2022/04/06/03/25/j5rzn09827.jpg,"[""https://www.menzili.tn/upload/photos/2022/04/06/03/25/j5rzn09827.jpg"", ""https://www.menzili.tn/upload/photos/2022/04/06/03/26/2736h4p992.jpg"", ""https://www.menzili.tn/upload/photos/2022/04/06/03/28/9i7dm29266.jpg"", ""https://www.menzili.tn/upload/photos/2022/04/06/03/28/d1t4q2dv47.jpg"", ""https://www.menzili.tn/upload/photos/2022/04/06/03/28/adh4ps6261.jpg"", ""https://www.menzili.tn/upload/photos/2022/04/06/03/28/98et6p2i79.jpg"", ""https://www.menzili.tn/upload/photos/2022/04/06/03/28/ympn20i334.jpg"", ""https://www.menzili.tn/upload/photos/2022/04/06/03/28/956s279szv.jpg""]","[{""url"": ""https://www.menzili.tn/upload/photos/2022/04/06/03/25/j5rzn09827.jpg"", ""sourceId"": 13, ""adUrl"": ""https://www.menzili.tn/annonce/annonce-83555""}, {""url"": ""https://www.menzili.tn/upload/photos/2022/04/06/03/26/2736h4p992.jpg"", ""sourceId"": 13, ""adUrl"": ""https://www.menzili.tn/annonce/annonce-83555""}, {""url"": ""https://www.menzili.tn/upload/photos/2022/04/06/03/28/9i7dm29266.jpg"", ""sourceId"": 13, ""adUrl"": ""https://www.menzili.tn/annonce/annonce-83555""}, {""url"": ""https://www.menzili.tn/upload/photos/2022/04/06/03/28/d1t4q2dv47.jpg"", ""sourceId"": 13, ""adUrl"": ""https://www.menzili.tn/annonce/annonce-83555""}, {""url"": ""https://www.menzili.tn/upload/photos/2022/04/06/03/28/adh4ps6261.jpg"", ""sourceId"": 13, ""adUrl"": ""https://www.menzili.tn/annonce/annonce-83555""}, {""url"": ""https://www.menzili.tn/upload/photos/2022/04/06/03/28/98et6p2i79.jpg"", ""sourceId"": 13, ""adUrl"": ""https://www.menzili.tn/annonce/annonce-83555""}, {""url"": ""https://www.menzili.tn/upload/photos/2022/04/06/03/28/ympn20i334.jpg"", ""sourceId"": 13, ""adUrl"": ""https://www.menzili.tn/annonce/annonce-83555""}, {""url"": ""https://www.menzili.tn/upload/photos/2022/04/06/03/28/956s279szv.jpg"", ""sourceId"": 13, ""adUrl"": ""https://www.menzili.tn/annonce/annonce-83555""}]","[{""sourceId"": 13, ""url"": ""https://www.menzili.tn/annonce/annonce-83555"", ""price"": 120000, ""sellerType"": ""agency"", ""lastModified"": ""2022-04-06 23:43:25""}]","[{""sellerType"": ""agency"", ""contactName"": ""Hiba farhat"", ""active"": true}]",1,1,1,1,1,1,[],2025-10-18 23:43:27,2022-04-06 23:43:25,2022-04-06 23:43:25,2022-04-06 23:43:25,1,2026-02-07 14:47:59
266146,A vendre RDC de villa à Dar Fadhal La Soukra,"A vendre RDC de villa à Dar Fadhal La Soukra dans une résidence calme et proche de toutes commodités.

Surface Totale 165 m², surface habitable 65 m².

Composé de 1 salon + 1 chambre + 1 cuisine meublée + 1 salle d'eau.

Terrasse + garage à l'avant et jardin + chambre de rangement à l'arrière.

Bon emplacement, à coté du lycée Dar Fadhal, à 5 min de l'Aouina, à 10 min du centre de ville de Tunis et du centre commercial Carrefour et à 15 min de la Marsa et de la Goulette.

Bon voisinage.

Possibilité d'agrandissement.",150000.0,165.0,S+2,RDC/Étage de villa,villaFloor,sale,private,390.0,https://www.menzili.tn/upload/photos/2021/05/05/18/49/y9trz129v4.jpg,"[""https://www.menzili.tn/upload/photos/2021/05/05/18/49/y9trz129v4.jpg""]","[{""url"": ""https://www.menzili.tn/upload/photos/2021/05/05/18/49/y9trz129v4.jpg"", ""sourceId"": 13, ""adUrl"": ""https://www.menzili.tn/annonce/annonce-58241""}]","[{""sourceId"": 13, ""url"": ""https://www.menzili.tn/annonce/annonce-58241"", ""price"": 150000, ""sellerType"": ""private"", ""lastModified"": ""2021-05-05 23:55:38""}]","[{""sellerType"": ""private"", ""contactName"": ""Methni"", ""active"": true}]",1,1,1,1,3,1,"[""garage"", ""garden""]",2022-01-06 22:56:50,2021-05-05 20:48:50,2022-08-09 12:37:45,2021-05-05 20:48:50,1,2026-02-07 14:47:59
896931,Al au bord de la mer une belle étage de villa,"Al  un étage de villa de luxe situé au bord de la mer au deuxième postion dans un quartier très chic à nabeul , au première étage avec une entrée indépendante. 
Il est composé d’un grand salon, un suite, trois chambres à coucher, cuisine bien équipée, une salle de bain , et une belle terrasse donnant sur la mer.
Spécificités : 
belle architecture moderne, pièces spacieuses, revêtements et matériaux de qualité (marbre), sanitaires de luxe, sol en revêtement de qualité.
Prix :1700 DT / mois 
Pour plus d’infos veuillez nous contacter sur : 
<a type=""phone"">+21626XXXXXX</a> / <a type=""phone"">+21654XXXXXX</a>",,,S+4,RDC/Étage de villa,villaFloor,sale,agency,3479.0,https://www.tunisiapromo.com/gallery/photo-1-137164.jpg,"[""https://www.tunisiapromo.com/gallery/photo-1-137164.jpg"", ""https://www.tunisiapromo.com/gallery/photo-2-137165.jpg"", ""https://www.tunisiapromo.com/gallery/photo-3-137166.jpg"", ""https://www.tunisiapromo.com/gallery/photo-4-137167.jpg"", ""https://www.tunisiapromo.com/gallery/photo-5-137168.jpg"", ""https://www.tunisiapromo.com/gallery/photo-6-137169.jpg"", ""https://www.tunisiapromo.com/gallery/photo-7-137170.jpg""]","[{""url"": ""https://www.tunisiapromo.com/gallery/photo-1-137164.jpg"", ""sourceId"": 4, ""adUrl"": ""https://www.tunisiapromo.com/annonce/al-au-bord-de-la-mer-une-belle-etage-de-villa-z29614.html""}, {""url"": ""https://www.tunisiapromo.com/gallery/photo-2-137165.jpg"", ""sourceId"": 4, ""adUrl"": ""https://www.tunisiapromo.com/annonce/al-au-bord-de-la-mer-une-belle-etage-de-villa-z29614.html""}, {""url"": ""https://www.tunisiapromo.com/gallery/photo-3-137166.jpg"", ""sourceId"": 4, ""adUrl"": ""https://www.tunisiapromo.com/annonce/al-au-bord-de-la-mer-une-belle-etage-de-villa-z29614.html""}, {""url"": ""https://www.tunisiapromo.com/gallery/photo-4-137167.jpg"", ""sourceId"": 4, ""adUrl"": ""https://www.tunisiapromo.com/annonce/al-au-bord-de-la-mer-une-belle-etage-de-villa-z29614.html""}, {""url"": ""https://www.tunisiapromo.com/gallery/photo-5-137168.jpg"", ""sourceId"": 4, ""adUrl"": ""https://www.tunisiapromo.com/annonce/al-au-bord-de-la-mer-une-belle-etage-de-villa-z29614.html""}, {""url"": ""https://www.tunisiapromo.com/gallery/photo-6-137169.jpg"", ""sourceId"": 4, ""adUrl"": ""https://www.tunisiapromo.com/annonce/al-au-bord-de-la-mer-une-belle-etage-de-villa-z29614.html""}, {""url"": ""https://www.tunisiapromo.com/gallery/photo-7-137170.jpg"", ""sourceId"": 4, ""adUrl"": ""https://www.tunisiapromo.com/annonce/al-au-bord-de-la-mer-une-belle-etage-de-villa-z29614.html""}]","[{""sourceId"": 4, ""url"": null, ""price"": null, ""sellerType"": ""agency"", ""lastModified"": ""2014-08-19 23:17:45""}]","[{""sellerType"": ""agency"", ""contactName"": ""aaaa"", ""active"": true}]",1,0,1,1,1,1,[],2024-12-26 23:17:53,2014-08-18 23:17:45,2014-08-19 23:17:45,2014-08-18 23:17:45,1,2026-02-07 14:47:59
1173413,étage de villa meublé S+2 Bardo,"étage de villa meublé
Quartier très calme sécurisé
Prés Station metro
Salon
2 Chambres a coucher
Salle de bain
Cuisine
Chauffage Centrale
2 Climatiseurs 
Hotte Plaque
Réfrigérateur
Television 
Prix : 760dt/mois
tel : <a type=""phone"">+21625XXXXXX</a> - <a type=""phone"">+21693XXXXXX</a>",,,S+2,RDC/Étage de villa,villaFloor,sale,agency,4995.0,http://cdn2.ballouchi.com/800x600/345788-1.jpg,"[""https://server.bigdatis.com/api/properties/image/305520670"", ""https://server.bigdatis.com/api/properties/image/305520671"", ""https://server.bigdatis.com/api/properties/image/305520672"", ""https://server.bigdatis.com/api/properties/image/305520673"", ""https://server.bigdatis.com/api/properties/image/305520674"", ""https://server.bigdatis.com/api/properties/image/305520675"", ""https://server.bigdatis.com/api/properties/image/305520676"", ""https://server.bigdatis.com/api/properties/image/305520677"", ""https://server.bigdatis.com/api/properties/image/305520678""]","[{""url"": ""https://server.bigdatis.com/api/properties/image/305520670"", ""sourceId"": 3, ""adUrl"": ""https://www.ballouchi.com/annonces/immobilier/villas/etage-de-villa-meuble-s2-bardo.html""}, {""url"": ""https://server.bigdatis.com/api/properties/image/305520671"", ""sourceId"": 3, ""adUrl"": ""https://www.ballouchi.com/annonces/immobilier/villas/etage-de-villa-meuble-s2-bardo.html""}, {""url"": ""https://server.bigdatis.com/api/properties/image/305520672"", ""sourceId"": 3, ""adUrl"": ""https://www.ballouchi.com/annonces/immobilier/villas/etage-de-villa-meuble-s2-bardo.html""}, {""url"": ""https://server.bigdatis.com/api/properties/image/305520673"", ""sourceId"": 3, ""adUrl"": ""https://www.ballouchi.com/annonces/immobilier/villas/etage-de-villa-meuble-s2-bardo.html""}, {""url"": ""https://server.bigdatis.com/api/properties/image/305520674"", ""sourceId"": 3, ""adUrl"": ""https://www.ballouchi.com/annonces/immobilier/villas/etage-de-villa-meuble-s2-bardo.html""}, {""url"": ""https://server.bigdatis.com/api/properties/image/305520675"", ""sourceId"": 3, ""adUrl"": ""https://www.ballouchi.com/annonces/immobilier/villas/etage-de-villa-meuble-s2-bardo.html""}, {""url"": ""https://server.bigdatis.com/api/properties/image/305520676"", ""sourceId"": 3, ""adUrl"": ""https://www.ballouchi.com/annonces/immobilier/villas/etage-de-villa-meuble-s2-bardo.html""}, {""url"": ""https://server.bigdatis.com/api/properties/image/305520677"", ""sourceId"": 3, ""adUrl"": ""https://www.ballouchi.com/annonces/immobilier/villas/etage-de-villa-meuble-s2-bardo.html""}, {""url"": ""https://server.bigdatis.com/api/properties/image/305520678"", ""sourceId"": 3, ""adUrl"": ""https://www.ballouchi.com/annonces/immobilier/villas/etage-de-villa-meuble-s2-bardo.html""}]","[{""sourceId"": 3, ""url"": null, ""price"": null, ""sellerType"": ""agency"", ""lastModified"": ""2022-07-01 22:30:26""}]","[{""sellerType"": ""agency"", ""contactName"": ""AmenImmo"", ""active"": true}]",1,0,1,1,1,1,"[""furnished""]",2025-10-23 22:30:36,2022-07-01 22:30:26,2022-07-01 22:30:26,2022-07-01 22:30:26,1,2026-02-07 14:47:59
69543,Etage de Villa Matera à Vendre à Mornaguia,"Un 1 er étage de Villa situé dans un bon quartier à Mornaguia . A L'entrée, On a un salon donnant sur une terrasse, une cuisine, 3 chambres et une salle de bain. Pour tous les renseignements, contacter l'agent sur le <a type=""phone"">+21658XXXXXX</a>.",160000.0,160.0,S+3,RDC/Étage de villa,villaFloor,sale,agency,2396.0,https://www.menzili.tn/upload/photos/2023/01/26/14/23/smr109d5v4.jpg,"[""https://www.menzili.tn/upload/photos/2023/01/26/14/23/smr109d5v4.jpg"", ""https://www.menzili.tn/upload/photos/2023/01/26/14/23/i7261dv4dd.jpg"", ""https://www.menzili.tn/upload/photos/2023/01/26/14/23/3mhf43vqq6.jpg"", ""https://www.menzili.tn/upload/photos/2023/01/26/14/23/b44nddq271.jpg"", ""https://www.menzili.tn/upload/photos/2023/01/26/14/23/9dhftqd9vs.jpg"", ""https://www.menzili.tn/upload/photos/2023/01/26/14/23/j267qgvs1z.jpg"", ""https://www.menzili.tn/upload/photos/2023/01/26/14/23/y53zpg714v.jpg"", ""https://www.menzili.tn/upload/photos/2023/01/26/14/23/3b81d6d932.jpg""]","[{""url"": ""https://www.menzili.tn/upload/photos/2023/01/26/14/23/smr109d5v4.jpg"", ""sourceId"": 13, ""adUrl"": ""https://www.menzili.tn/annonce/annonce-108039""}, {""url"": ""https://www.menzili.tn/upload/photos/2023/01/26/14/23/i7261dv4dd.jpg"", ""sourceId"": 13, ""adUrl"": ""https://www.menzili.tn/annonce/annonce-108039""}, {""url"": ""https://www.menzili.tn/upload/photos/2023/01/26/14/23/3mhf43vqq6.jpg"", ""sourceId"": 13, ""adUrl"": ""https://www.menzili.tn/annonce/annonce-108039""}, {""url"": ""https://www.menzili.tn/upload/photos/2023/01/26/14/23/b44nddq271.jpg"", ""sourceId"": 13, ""adUrl"": ""https://www.menzili.tn/annonce/annonce-108039""}, {""url"": ""https://www.menzili.tn/upload/photos/2023/01/26/14/23/9dhftqd9vs.jpg"", ""sourceId"": 13, ""adUrl"": ""https://www.menzili.tn/annonce/annonce-108039""}, {""url"": ""https://www.menzili.tn/upload/photos/2023/01/26/14/23/j267qgvs1z.jpg"", ""sourceId"": 13, ""adUrl"": ""https://www.menzili.tn/annonce/annonce-108039""}, {""url"": ""https://www.menzili.tn/upload/photos/2023/01/26/14/23/y53zpg714v.jpg"", ""sourceId"": 13, ""adUrl"": ""https://www.menzili.tn/annonce/annonce-108039""}, {""url"": ""https://www.menzili.tn/upload/photos/2023/01/26/14/23/3b81d6d932.jpg"", ""sourceId"": 13, ""adUrl"": ""https://www.menzili.tn/annonce/annonce-108039""}]","[{""sourceId"": 13, ""url"": null, ""price"": 160000, ""sellerType"": ""agency"", ""lastModified"": ""2023-01-26 01:16:33""}]","[{""sellerType"": ""agency"", ""contactName"": ""Home Sweet Home"", ""active"": true}]",1,0,1,1,7,1,[],2023-01-26 14:20:04,2023-01-26 01:16:33,2024-06-08 04:42:11,2023-05-02 11:38:19,1,2026-02-07 14:47:59
909225,Deux super étage de villa à vendre,"Dans une zone calme à dar fadhal soukra, cascade immobilier met en vente une super villa composé de deux étage independant, l'offre est détaillé comme suit:
au rez chaussé une villa composé d'une grande salon ouvrant par la voie d'une porte fenêtre sur un terrasse plus 3 chambres à coucher ouvrent sur un couloir équipiers par un grand placard, une cuisine bien équiper comportant un coin de repas , une salle d'eau, une salle de bain et une jardin.
le premier étage est une s+3 qui a presque le même structure que la premiere.
pour plus d'information veuillez nous contacter sur :
<a type=""phone"">+21671XXXXXX</a>
<a type=""phone"">+21696XXXXXX</a>
<a type=""phone"">+21626XXXXXX</a>",450000.0,340.0,S+3,RDC/Étage de villa,villaFloor,sale,agency,390.0,https://www.tunisiapromo.com/gallery/photo-1-23024.jpg,"[""https://www.tunisiapromo.com/gallery/photo-1-23024.jpg"", ""https://www.tunisiapromo.com/gallery/photo-2-23025.jpg"", ""https://www.tunisiapromo.com/gallery/photo-3-23026.jpg"", ""https://www.tunisiapromo.com/gallery/photo-4-23027.jpg"", ""https://www.tunisiapromo.com/gallery/photo-5-23028.jpg"", ""https://www.tunisiapromo.com/gallery/photo-6-23029.jpg"", ""https://www.tunisiapromo.com/gallery/photo-7-23030.jpg"", ""https://www.tunisiapromo.com/gallery/photo-8-23031.jpg"", ""https://www.tunisiapromo.com/gallery/photo-9-23032.jpg"", ""https://www.tunisiapromo.com/gallery/photo-10-23033.jpg"", ""https://www.tunisiapromo.com/gallery/photo-1-23034.jpg""]","[{""url"": ""https://www.tunisiapromo.com/gallery/photo-1-23024.jpg"", ""sourceId"": 4, ""adUrl"": ""https://www.tunisiapromo.com/annonce/deux-super-etage-de-villa-a-vendre-z7714.html""}, {""url"": ""https://www.tunisiapromo.com/gallery/photo-2-23025.jpg"", ""sourceId"": 4, ""adUrl"": ""https://www.tunisiapromo.com/annonce/deux-super-etage-de-villa-a-vendre-z7714.html""}, {""url"": ""https://www.tunisiapromo.com/gallery/photo-3-23026.jpg"", ""sourceId"": 4, ""adUrl"": ""https://www.tunisiapromo.com/annonce/deux-super-etage-de-villa-a-vendre-z7714.html""}, {""url"": ""https://www.tunisiapromo.com/gallery/photo-4-23027.jpg"", ""sourceId"": 4, ""adUrl"": ""https://www.tunisiapromo.com/annonce/deux-super-etage-de-villa-a-vendre-z7714.html""}, {""url"": ""https://www.tunisiapromo.com/gallery/photo-5-23028.jpg"", ""sourceId"": 4, ""adUrl"": ""https://www.tunisiapromo.com/annonce/deux-super-etage-de-villa-a-vendre-z7714.html""}, {""url"": ""https://www.tunisiapromo.com/gallery/photo-6-23029.jpg"", ""sourceId"": 4, ""adUrl"": ""https://www.tunisiapromo.com/annonce/deux-super-etage-de-villa-a-vendre-z7714.html""}, {""url"": ""https://www.tunisiapromo.com/gallery/photo-7-23030.jpg"", ""sourceId"": 4, ""adUrl"": ""https://www.tunisiapromo.com/annonce/deux-super-etage-de-villa-a-vendre-z7714.html""}, {""url"": ""https://www.tunisiapromo.com/gallery/photo-8-23031.jpg"", ""sourceId"": 4, ""adUrl"": ""https://www.tunisiapromo.com/annonce/deux-super-etage-de-villa-a-vendre-z7714.html""}, {""url"": ""https://www.tunisiapromo.com/gallery/photo-9-23032.jpg"", ""sourceId"": 4, ""adUrl"": ""https://www.tunisiapromo.com/annonce/deux-super-etage-de-villa-a-vendre-z7714.html""}, {""url"": ""https://www.tunisiapromo.com/gallery/photo-10-23033.jpg"", ""sourceId"": 4, ""adUrl"": ""https://www.tunisiapromo.com/annonce/deux-super-etage-de-villa-a-vendre-z7714.html""}, {""url"": ""https://www.tunisiapromo.com/gallery/photo-1-23034.jpg"", ""sourceId"": 4, ""adUrl"": ""https://www.tunisiapromo.com/annonce/deux-super-etage-de-villa-a-vendre-z7714.html""}]","[{""sourceId"": 4, ""url"": null, ""price"": 450000, ""sellerType"": ""agency"", ""lastModified"": ""2012-07-17 13:29:32""}]","[{""sellerType"": ""agency"", ""contactName"": ""Cascade immobiler"", ""active"": true}]",1,0,1,1,1,1,"[""heating"", ""equippedKitchen"", ""garden""]",2024-12-27 13:29:33,2012-06-06 13:29:32,2012-07-17 13:29:32,2012-06-06 13:29:32,1,2026-02-07 14:47:59
1013676,,"Villa Annabella AV381 
A vendre une belle propriété composée de deux étages indépendants, située à Hammamet à 5mn du centre-ville, proche des commerces et commodités de vie. 
Le rez de chaussée offre un salon, une salle à manger, trois chambres à coucher, une cuisine moderne bien aménagée, une arrière cuisine, une buanderie, une salle de bain et une salle d’eau. 
L’appartement à l’étage compte un salon, deux chambres à coucher, une cuisine moderne, une salle de bain et une belle terrasse.
A l’extérieur, la villa dispose d’un magnifique jardin gazonné et arboré, aménagé d’une petite cascade, un bassin et un coin barbecue.
Tarif : 650 000 DT  
Pour toutes informations nécessaires et éventuelle visite, vous pouvez nous contacter sur le <a type=""phone"">+21629XXXXXX</a> / <a type=""phone"">+21655XXXXXX</a> ou par email à info@mouin-immobilier.com Agence Mouin Immobilier International 
Vous trouverez toutes nos offres en visitant notre site web www.mouin-immobilier.com",650000.0,250.0,S+5,RDC/Étage de villa,villaFloor,sale,agency,3609.0,https://fi-dari.tn/./uploads/1747760165393blob,"[""https://fi-dari.tn/./uploads/1747760165393blob"", ""https://fi-dari.tn/./uploads/1747760165388blob"", ""https://fi-dari.tn/./uploads/1747760165382blob"", ""https://fi-dari.tn/./uploads/1747760165398blob"", ""https://fi-dari.tn/./uploads/1747760165401blob"", ""https://fi-dari.tn/./uploads/1747760165399blob"", ""https://fi-dari.tn/./uploads/1747760165395blob"", ""https://fi-dari.tn/./uploads/1747760165405blob"", ""https://fi-dari.tn/./uploads/1747760165396blob"", ""https://fi-dari.tn/./uploads/1747760165402blob"", ""https://fi-dari.tn/./uploads/1747760165408blob"", ""https://fi-dari.tn/./uploads/1747760165412blob"", ""https://fi-dari.tn/./uploads/1747760165414blob"", ""https://fi-dari.tn/./uploads/1747760165409blob"", ""https://fi-dari.tn/./uploads/1747760165403blob"", ""https://fi-dari.tn/./uploads/1747760165406blob"", ""https://fi-dari.tn/./uploads/1747760165410blob""]","[{""url"": ""https://fi-dari.tn/./uploads/1747760165393blob"", ""sourceId"": 10, ""adUrl"": ""https://fi-dari.tn/bien/Hammemet centre-AI28812-1""}, {""url"": ""https://fi-dari.tn/./uploads/1747760165388blob"", ""sourceId"": 10, ""adUrl"": ""https://fi-dari.tn/bien/Hammemet centre-AI28812-1""}, {""url"": ""https://fi-dari.tn/./uploads/1747760165382blob"", ""sourceId"": 10, ""adUrl"": ""https://fi-dari.tn/bien/Hammemet centre-AI28812-1""}, {""url"": ""https://fi-dari.tn/./uploads/1747760165398blob"", ""sourceId"": 10, ""adUrl"": ""https://fi-dari.tn/bien/Hammemet centre-AI28812-1""}, {""url"": ""https://fi-dari.tn/./uploads/1747760165401blob"", ""sourceId"": 10, ""adUrl"": ""https://fi-dari.tn/bien/Hammemet centre-AI28812-1""}, {""url"": ""https://fi-dari.tn/./uploads/1747760165399blob"", ""sourceId"": 10, ""adUrl"": ""https://fi-dari.tn/bien/Hammemet centre-AI28812-1""}, {""url"": ""https://fi-dari.tn/./uploads/1747760165395blob"", ""sourceId"": 10, ""adUrl"": ""https://fi-dari.tn/bien/Hammemet centre-AI28812-1""}, {""url"": ""https://fi-dari.tn/./uploads/1747760165405blob"", ""sourceId"": 10, ""adUrl"": ""https://fi-dari.tn/bien/Hammemet centre-AI28812-1""}, {""url"": ""https://fi-dari.tn/./uploads/1747760165396blob"", ""sourceId"": 10, ""adUrl"": ""https://fi-dari.tn/bien/Hammemet centre-AI28812-1""}, {""url"": ""https://fi-dari.tn/./uploads/1747760165402blob"", ""sourceId"": 10, ""adUrl"": ""https://fi-dari.tn/bien/Hammemet centre-AI28812-1""}, {""url"": ""https://fi-dari.tn/./uploads/1747760165408blob"", ""sourceId"": 10, ""adUrl"": ""https://fi-dari.tn/bien/Hammemet centre-AI28812-1""}, {""url"": ""https://fi-dari.tn/./uploads/1747760165412blob"", ""sourceId"": 10, ""adUrl"": ""https://fi-dari.tn/bien/Hammemet centre-AI28812-1""}, {""url"": ""https://fi-dari.tn/./uploads/1747760165414blob"", ""sourceId"": 10, ""adUrl"": ""https://fi-dari.tn/bien/Hammemet centre-AI28812-1""}, {""url"": ""https://fi-dari.tn/./uploads/1747760165409blob"", ""sourceId"": 10, ""adUrl"": ""https://fi-dari.tn/bien/Hammemet centre-AI28812-1""}, {""url"": ""https://fi-dari.tn/./uploads/1747760165403blob"", ""sourceId"": 10, ""adUrl"": ""https://fi-dari.tn/bien/Hammemet centre-AI28812-1""}, {""url"": ""https://fi-dari.tn/./uploads/1747760165406blob"", ""sourceId"": 10, ""adUrl"": ""https://fi-dari.tn/bien/Hammemet centre-AI28812-1""}, {""url"": ""https://fi-dari.tn/./uploads/1747760165410blob"", ""sourceId"": 10, ""adUrl"": ""https://fi-dari.tn/bien/Hammemet centre-AI28812-1""}]","[{""sourceId"": 10, ""url"": null, ""price"": 650000, ""sellerType"": ""agency"", ""lastModified"": ""2025-05-20 16:55:46""}]","[{""sellerType"": ""agency"", ""contactName"": ""Mouin Immobilier International"", ""active"": true}]",1,0,1,1,1,1,"[""airConditioning"", ""garden"", ""terrace""]",2025-05-20 18:00:45,2025-05-20 17:55:46,2025-05-20 16:55:46,2025-05-20 17:55:46,1,2026-02-07 14:47:59
1195951,عمارة حي الرياض,,580000.0,266.0,,RDC/Étage de villa,villaFloor,sale,private,245.0,https://storage.googleapis.com/tayara-migration-yams-pro/cb/cb1c57b3-fa28-420e-acfa-ce4ad48ab545,[],,[],[],0,0,0,1,1,1,[],2025-11-18 11:30:16,2025-11-18 11:17:13,2025-11-27 11:42:21,2025-11-27 11:42:21,1,2026-02-07 14:47:59
925622,Etage de villa s3 phirouza au kram,,350000.0,167.0,S+3,RDC/Étage de villa,villaFloor,sale,agency,4868.0,http://tunisie-annonce.com/upload2/202501/tunisie-annonce.com/photos/632246_20250110_105434.jpg,[],,[],[],0,0,0,1,1,1,[],2025-01-10 11:00:23,2025-01-10 11:00:21,2025-12-23 00:00:00,2025-01-10 12:31:13,1,2026-02-07 14:47:59
1060791,Etage de villa en S+3 en vente Ariana - Cité El Ghazala,,350000.0,160.0,S+3,RDC/Étage de villa,villaFloor,sale,agency,429.0,https://storage.googleapis.com/tayara-migration-yams-pro/49/490c9fcd-6f2a-46e8-aa8f-bef14b747b3c,[],,[],[],0,0,0,1,2,1,[],2025-07-07 14:00:42,2025-07-07 13:48:04,2025-08-22 10:43:21,2025-07-07 13:48:04,1,2026-02-07 14:47:59
903096,J'ignore cette demande??????,,120000.0,600.0,S+2,RDC/Étage de villa,villaFloor,sale,private,1111.0,,[],,[],[],0,0,0,1,1,1,[],2024-12-27 00:52:19,2012-08-12 00:52:07,2012-08-12 00:52:07,2012-08-12 00:52:07,1,2026-02-07 14:47:59
925625,RDC de villa s3 Fayrouza à vendre au kram,,420000.0,214.0,S+3,RDC/Étage de villa,villaFloor,sale,agency,4868.0,55389/27694619_fcece8c8e8e8f85b.jpg,[],,[],[],0,0,0,1,4,3,[],2025-01-10 11:00:23,2025-01-10 11:00:21,2026-01-11 16:00:57,2025-01-10 11:00:21,1,2026-02-07 14:47:59
73663,Étage de villa à bizerte,,200000.0,90.0,S+2,RDC/Étage de villa,villaFloor,sale,private,1149.0,,[],,[],[],0,0,0,1,5,1,[],2022-12-15 21:07:04,2022-12-15 21:07:04,2025-09-13 21:45:20,2022-12-15 21:07:04,1,2026-02-07 14:47:59
1060801,A VENDRE UN ETAGE DE VILLA S+3 A EZZAHRA AVEC UNE ENTREE INDEPENDANTE ET GARAGE,,430000.0,186.0,S+3,RDC/Étage de villa,villaFloor,sale,agency,934.0,56042/28021403_65e2fe67c3c3c4c0.jpg,[],,[],[],0,0,0,1,13,1,[],2025-07-07 14:00:48,2025-07-07 13:55:29,2026-01-06 15:29:21,2025-07-07 13:55:29,1,2026-02-07 14:47:59
1128388,Immeuble les etoiles à bougatfa zahrouni,,350000.0,277.0,S+3,RDC/Étage de villa,villaFloor,sale,agency,4846.0,http://tunisie-annonce.com/upload2/202509/tunisie-annonce.com/photos/632246_20250925_112404.jpg,[],,[],[],0,0,0,1,1,1,[],2025-09-25 10:46:23,2025-09-25 10:46:13,2025-09-25 10:46:13,2025-09-25 10:46:13,1,2026-02-07 14:47:59
763849,RDC De Villa Nathalie à Vendre à Chotrana1,,190000.0,132.0,S+2,RDC/Étage de villa,villaFloor,sale,agency,349.0,https://www.menzili.tn/upload/photos/2023/11/22/15/09/a68t06d38z.jpg,[],,[],[],0,0,0,1,3,2,[],2023-11-23 12:51:12,2023-11-22 01:48:10,2024-02-28 13:14:16,2023-11-22 01:48:10,1,2026-02-07 14:47:59
823247,,,320000.0,250.0,S+3,RDC/Étage de villa,villaFloor,sale,agency,3521.0,https://fi-dari.tn/uploads/1711622913984blob,[],,[],[],0,0,0,1,51,2,[],2023-03-31 17:22:11,2023-03-31 17:21:46,2025-08-23 08:27:59,2023-05-11 09:03:37,1,2026-02-07 14:47:59
620495,Maison de 2 étages indépendants à vendre à beni khiar,,320000.0,220.0,,RDC/Étage de villa,villaFloor,sale,agency,3293.0,https://www.tunisiapromo.com/gallery/photo-2-587271.jpg,[],,[],[],0,0,0,1,5,1,[],2023-08-13 11:22:17,2023-08-13 11:21:57,2023-09-24 11:07:52,2023-08-13 11:21:57,1,2026-02-07 14:47:59
843733,Rdc de villa solène à la marsa,,220000.0,150.0,S+3,RDC/Étage de villa,villaFloor,sale,agency,5214.0,http://tunisie-annonce.com/upload2/202508/tunisie-annonce.com/photos/632246_20250820_145303.jpg,[],,[],[],0,0,0,1,6,1,[],2024-10-25 11:52:03,2024-10-25 11:51:02,2025-08-20 14:15:20,2024-10-25 11:51:02,1,2026-02-07 14:47:59
899029,Av trés belle rez de jardin à hammamet,,165000.0,171.0,S+2,RDC/Étage de villa,villaFloor,sale,agency,3479.0,https://www.tunisiapromo.com/gallery/photo-1-78198.jpg,[],,[],[],0,0,0,1,8,8,[],2024-12-27 00:03:40,2013-11-27 00:07:22,2014-02-11 00:03:28,2014-02-10 00:14:53,1,2026-02-07 14:47:59
22492,Immeuble met à la vente hammamet nord,,230000.0,93.0,S+0,RDC/Étage de villa,villaFloor,sale,agency,5182.0,https://www.tunisiapromo.com/gallery/photo-1-482112.jpg,[],,[],[],0,0,0,1,1,1,[],2022-02-16 15:37:25,2022-02-16 15:37:06,2022-02-16 13:40:14,2022-02-16 15:37:06,1,2026-02-07 14:47:59
905182,Villa avec 5 appartements,,1400000.0,,,RDC/Étage de villa,villaFloor,sale,agency,3479.0,https://www.tunisiapromo.com/gallery/photo-1-10926.jpg,[],,[],[],0,0,0,1,1,1,[],2024-12-27 01:10:56,2011-07-15 01:10:45,2011-09-13 01:10:45,2011-07-15 01:10:45,1,2026-02-07 14:47:59
1202145,RDC de villa à Rades,,540000.0,184.0,S+2,RDC/Étage de villa,villaFloor,sale,agency,1106.0,https://storage.googleapis.com/tayara-migration-yams-pro/7b/7b3f1280-12f3-4373-8de1-8507ce6d3790,[],,[],[],0,0,0,1,1,1,[],2025-11-26 18:30:48,2025-11-26 18:07:09,2025-11-26 18:07:11,2025-11-26 18:07:09,1,2026-02-07 14:47:59
1239011,A Vendre rez de chaussée de villa,,275000.0,145.0,S+1,RDC/Étage de villa,villaFloor,sale,agency,4617.0,56108/28054357_726bab63e6662393.jpg,[],,[],[],0,0,0,1,1,1,[],2026-01-23 11:00:40,2026-01-23 11:00:35,2026-01-23 12:16:23,2026-01-23 11:00:35,1,2026-02-07 14:47:59
1202149,Etage de villa en vente,,759000.0,330.0,,RDC/Étage de villa,villaFloor,sale,agency,286.0,55894/27947268_e5cd0f95e3f379ec.jpg,[],,[],[],0,0,0,1,2,2,[],2025-11-26 18:30:50,2025-11-26 18:16:35,2026-01-06 22:15:14,2025-11-26 18:16:35,1,2026-02-07 14:47:59
899047,Av rc étage à hammamet nord,,85000.0,,S+5,RDC/Étage de villa,villaFloor,sale,agency,5182.0,https://www.tunisiapromo.com/gallery/photo-1-74366.jpg,[],,[],[],0,0,0,1,1,1,[],2024-12-27 00:04:00,2014-01-03 00:03:49,2014-02-10 00:03:49,2014-01-03 00:03:49,1,2026-02-07 14:47:59
1161192,Vente d'étage de villa,,260000.0,82.0,,RDC/Étage de villa,villaFloor,sale,private,987.0,https://www.menzili.tn/upload/photos/2017/11/29/21/30/29s422od47.jpg,[],,[],[],0,0,0,1,1,1,[],2025-10-19 00:51:57,2017-11-28 00:51:54,2017-11-28 00:51:54,2017-11-28 00:51:54,1,2026-02-07 14:47:59
671726,Rdc de villa marseille à cité rabie la marsa,,300000.0,110.0,S+3,RDC/Étage de villa,villaFloor,sale,agency,4963.0,http://tunisie-annonce.com/upload2/202511/tunisie-annonce.com/photos/632246_20251110_102045.jpg,[],,[],[],0,0,0,1,7,1,[],2023-11-22 14:56:03,2023-11-22 14:55:06,2025-11-10 00:00:00,2023-11-22 14:55:06,1,2026-02-07 14:47:59
1128430,Maison deux étages indépendants,,195000.0,100.0,S+2,RDC/Étage de villa,villaFloor,sale,private,941.0,http://tunisie-annonce.com/upload2/202509/tunisie-annonce.com/photos/603132_20250925_114800.jpg,[],,[],[],0,0,0,1,1,1,[],2025-09-25 11:15:50,2025-09-25 11:15:33,2025-09-25 11:15:33,2025-09-25 11:15:33,1,2026-02-07 14:47:59
1159152,ETAGE 130M2 A SAKIET EZZIT SFAX,,120000.0,130.0,S+3,RDC/Étage de villa,villaFloor,sale,private,3965.0,https://www.menzili.tn/upload/photos/2018/12/03/22/22/e9tps36dd9.png,[],,[],[],0,0,0,1,1,1,[],2025-10-19 00:39:11,2018-12-03 00:39:08,2018-12-03 00:39:08,2018-12-03 00:39:08,1,2026-02-07 14:47:59
1161201,Un étage de villa de 217 m2 situé à Bardo,,330000.0,217.0,S+4,RDC/Étage de villa,villaFloor,sale,agency,4995.0,https://www.menzili.tn/upload/photos/2020/11/23/12/06/ib4d0qg7v9.jpg,[],,[],[],0,0,0,1,2,2,[],2025-10-19 00:51:59,2020-08-28 01:18:55,2020-11-23 00:51:58,2020-11-23 00:51:58,1,2026-02-07 14:47:59
890863,Av un étage de villa au centre ville hammamet nj,,180000.0,130.0,S+3,RDC/Étage de villa,villaFloor,sale,agency,3479.0,https://www.tunisiapromo.com/gallery/photo-1-239972.jpg,[],,[],[],0,0,0,2,2,2,[],2024-12-26 20:54:24,2015-04-18 01:03:50,2015-12-11 20:54:15,2015-04-18 01:03:50,1,2026-02-07 14:47:59
1163253,étage villa,,180000.0,120.0,S+2,RDC/Étage de villa,villaFloor,sale,private,2813.0,https://www.menzili.tn/upload/photos/2017/10/11/21/34/d81n0d0e41.jpg,[],,[],[],0,0,0,1,1,1,[],2025-10-19 01:07:43,2017-10-11 01:07:41,2017-10-11 01:07:41,2017-10-11 01:07:41,1,2026-02-07 14:47:59
530422,"Etage de villa S3 de 179m², Franceville",,550000.0,179.0,S+3,RDC/Étage de villa,villaFloor,sale,agency,4894.0,https://www.mubawab-media.com/ad/7/674/395F/h/4f41f010-ac37-4e24-8405-63a505d08b60_44466728.avif,[],,[],[],0,0,0,1,1,1,[],2023-04-06 22:49:05,2023-04-06 22:49:05,2026-01-27 15:01:07,2023-04-06 22:49:05,1,2026-02-07 14:47:59
575481,Immeuble Antonine à Vendre à Gammarth,,1250000.0,,S+3,RDC/Étage de villa,villaFloor,sale,agency,5292.0,http://cdn2.ballouchi.com/800x600/369412-1.jpg,[],,[],[],0,0,0,1,4,2,[],2023-03-17 12:32:06,2023-03-17 00:34:54,2023-04-28 21:57:54,2023-03-17 00:34:54,1,2026-02-07 14:47:59
