id,titre,description,prix,surface,type_local,type_local_code,type_transaction,type_vendeur,location_id,thumbnail_url,image_urls,images_detailed,sources,contacts,nb_sources,nb_sources_with_urls,nb_contacts,nb_contacts_actifs,nb_ads_total,nb_ads_actifs,flags,first_seen_at,created_at,modified_at,price_dropped_at,page,scraped_at,latitude,longitude
63758,S+1 en location," Immobilier Professionnel
 
 Evaluer mon bien
 
 Chercher une agence
 
 Se connecter
ACCUEIL
IMMOBILIER PROFESSIONNEL
EVALUER MON BIEN
CHERCHER UNE AGENCE
SE CONNECTER
Accueil
Appartement en location
Appartement Grand Tunis
Ain Zaghouan
Ain Zaghouane
S+1 en location
Video
visite 360°
Photos
Plan
Map...",1400,50,Appartement,1,Location,Agence,Ain Zaghouane : S+1 en location,https://cdn-media.medialabtc.it/tn/agencies/tuhb2/estates/63758/images/368214/detail.jpeg,"[""https://cdn-media.medialabtc.it/tn/agencies/tuhb2/estates/63758/images/368214/detail.jpeg"", ""https://cdn-media.medialabtc.it/tn/agencies/tuhb2/estates/63758/images/368213/gallery_media.jpeg"", ""https://cdn-media.medialabtc.it/tn/agencies/tuhb2/estates/63758/images/368217/gallery_media.jpeg"", ""https://cdn-media.medialabtc.it/tn/agencies/tuhb2/estates/63758/images/368218/gallery_media.jpeg"", ""https://cdn-media.medialabtc.it/tn/agencies/tuhb2/images/team_member/production/20.jpeg"", ""https://cdn-media.medialabtc.it/tn/agencies/tuhb2/images/team_member/production/453.jpeg"", ""https://cdn-media.medialabtc.it/tn/agencies/tuhb2/images/team_member/production/1233.jpeg"", ""https://cdn-media.medialabtc.it/tn/agencies/tuhb2/images/team_member/production/1161.jpeg"", ""https://cdn-media.medialabtc.it/tn/agencies/tuhb2/images/team_member/production/780.jpeg""]",[],Tecnocasa,Tecnocasa,1,1,1,1,1,1,[],2026-02-15 21:24:08,2026-02-15 21:24:08,2026-02-15 21:24:08,,1,2026-02-15 21:24:08,N/A,N/A
57986,S+1 en location," Immobilier Professionnel
 
 Evaluer mon bien
 
 Chercher une agence
 
 Se connecter
ACCUEIL
IMMOBILIER PROFESSIONNEL
EVALUER MON BIEN
CHERCHER UNE AGENCE
SE CONNECTER
Accueil
Appartement en location
Appartement Grand Tunis
Les Berges Du Lac
Les Berges Du Lac 1
S+1 en location
Video
visite 360°
Phot...",1300,60,Appartement,1,Location,Agence,Les Berges Du Lac 1 : S+1 en location,https://cdn-media.medialabtc.it/tn/agencies/tuca1/estates/57986/images/314076/detail.jpeg,"[""https://cdn-media.medialabtc.it/tn/agencies/tuca1/estates/57986/images/314076/detail.jpeg"", ""https://cdn-media.medialabtc.it/tn/agencies/tuca1/estates/57986/images/314077/gallery_media.jpeg"", ""https://cdn-media.medialabtc.it/tn/agencies/tuca1/estates/57986/images/314080/gallery_media.jpeg"", ""https://cdn-media.medialabtc.it/tn/agencies/tuca1/estates/57986/images/314075/gallery_media.jpeg""]",[],Tecnocasa,Tecnocasa,1,1,1,1,1,1,[],2026-02-15 21:24:08,2026-02-15 21:24:08,2026-02-15 21:24:08,,1,2026-02-15 21:24:08,N/A,N/A
63465,S+3 en location," Immobilier Professionnel
 
 Evaluer mon bien
 
 Chercher une agence
 
 Se connecter
ACCUEIL
IMMOBILIER PROFESSIONNEL
EVALUER MON BIEN
CHERCHER UNE AGENCE
SE CONNECTER
Accueil
Appartement en location
Appartement Grand Tunis
Carthage
Carthage
S+3 en location
Video
visite 360°
Photos
Plan
Map
 +8
S+3 ...",4500,200,Appartement,1,Location,Agence,Carthage : S+3 en location,https://cdn-media.medialabtc.it/tn/agencies/tuma1/estates/63465/images/367417/detail.jpeg,"[""https://cdn-media.medialabtc.it/tn/agencies/tuma1/estates/63465/images/367417/detail.jpeg"", ""https://cdn-media.medialabtc.it/tn/agencies/tuma1/estates/63465/images/367408/gallery_media.jpeg"", ""https://cdn-media.medialabtc.it/tn/agencies/tuma1/estates/63465/images/367413/gallery_media.jpeg"", ""https://cdn-media.medialabtc.it/tn/agencies/tuma1/estates/63465/images/367416/gallery_media.jpeg"", ""https://cdn-media.medialabtc.it/tn/agencies/tuma1/images/team_member/production/478.jpeg"", ""https://cdn-media.medialabtc.it/tn/agencies/tuma1/images/team_member/production/1390.jpeg"", ""https://cdn-media.medialabtc.it/tn/agencies/tuma1/images/team_member/production/1424.jpeg"", ""https://cdn-media.medialabtc.it/tn/agencies/tuma1/images/team_member/production/905.jpeg"", ""https://cdn-media.medialabtc.it/tn/agencies/tuma1/images/team_member/production/1389.jpeg""]",[],Tecnocasa,Tecnocasa,1,1,1,1,1,1,[],2026-02-15 21:24:08,2026-02-15 21:24:08,2026-02-15 21:24:08,,1,2026-02-15 21:24:08,N/A,N/A
63786,S+1 en location," Immobilier Professionnel
 
 Evaluer mon bien
 
 Chercher une agence
 
 Se connecter
ACCUEIL
IMMOBILIER PROFESSIONNEL
EVALUER MON BIEN
CHERCHER UNE AGENCE
SE CONNECTER
Accueil
Appartement en location
Appartement Grand Tunis
Jardins de Carthage
Les Jardins De Carthage
S+1 en location
Video
visite 360...",1600,80,Appartement,1,Location,Agence,Les Jardins De Carthage : S+1 en location,https://cdn-media.medialabtc.it/tn/agencies/tuhb4/estates/63786/images/368242/detail.jpeg,"[""https://cdn-media.medialabtc.it/tn/agencies/tuhb4/estates/63786/images/368242/detail.jpeg"", ""https://cdn-media.medialabtc.it/tn/agencies/tuhb4/estates/63786/images/368241/gallery_media.jpeg"", ""https://cdn-media.medialabtc.it/tn/agencies/tuhb4/estates/63786/images/368245/gallery_media.jpeg"", ""https://cdn-media.medialabtc.it/tn/agencies/tuhb4/estates/63786/images/368246/gallery_media.jpeg""]",[],Tecnocasa,Tecnocasa,1,1,1,1,1,1,[],2026-02-15 21:24:08,2026-02-15 21:24:08,2026-02-15 21:24:08,,1,2026-02-15 21:24:08,N/A,N/A
62817,S+2 en location," Immobilier Professionnel
 
 Evaluer mon bien
 
 Chercher une agence
 
 Se connecter
ACCUEIL
IMMOBILIER PROFESSIONNEL
EVALUER MON BIEN
CHERCHER UNE AGENCE
SE CONNECTER
Accueil
Appartement en location
Appartement Grand Tunis
La Soukra
Soukra
S+2 en location
Video
visite 360°
Photos
Plan
Map
 +8
S+2 e...",1300,90,Appartement,1,Location,Agence,Soukra : S+2 en location,https://cdn-media.medialabtc.it/tn/agencies/tuha4/estates/62817/images/368221/detail.jpeg,"[""https://cdn-media.medialabtc.it/tn/agencies/tuha4/estates/62817/images/368221/detail.jpeg"", ""https://cdn-media.medialabtc.it/tn/agencies/tuha4/estates/62817/images/368199/gallery_media.jpeg"", ""https://cdn-media.medialabtc.it/tn/agencies/tuha4/estates/62817/images/368194/gallery_media.jpeg"", ""https://cdn-media.medialabtc.it/tn/agencies/tuha4/estates/62817/images/368195/gallery_media.jpeg""]",[],Tecnocasa,Tecnocasa,1,1,1,1,1,1,[],2026-02-15 21:24:08,2026-02-15 21:24:08,2026-02-15 21:24:08,,1,2026-02-15 21:24:08,N/A,N/A
63793,S+1 en location," Immobilier Professionnel
 
 Evaluer mon bien
 
 Chercher une agence
 
 Se connecter
ACCUEIL
IMMOBILIER PROFESSIONNEL
EVALUER MON BIEN
CHERCHER UNE AGENCE
SE CONNECTER
Accueil
Appartement en location
Appartement Grand Tunis
Aouina
Aouina 2
S+1 en location
Video
visite 360°
Photos
Plan
Map
 +6
S+1 en...",1500,70,Appartement,1,Location,Agence,Aouina 2 : S+1 en location,https://cdn-media.medialabtc.it/tn/agencies/tuao3/estates/63793/images/368616/detail.jpeg,"[""https://cdn-media.medialabtc.it/tn/agencies/tuao3/estates/63793/images/368616/detail.jpeg"", ""https://cdn-media.medialabtc.it/tn/agencies/tuao3/estates/63793/images/368614/gallery_media.jpeg"", ""https://cdn-media.medialabtc.it/tn/agencies/tuao3/estates/63793/images/368620/gallery_media.jpeg"", ""https://cdn-media.medialabtc.it/tn/agencies/tuao3/estates/63793/images/368642/gallery_media.jpeg""]",[],Tecnocasa,Tecnocasa,1,1,1,1,1,1,[],2026-02-15 21:24:08,2026-02-15 21:24:08,2026-02-15 21:24:08,,1,2026-02-15 21:24:08,N/A,N/A
63602,S+1 en location," Immobilier Professionnel
 
 Evaluer mon bien
 
 Chercher une agence
 
 Se connecter
ACCUEIL
IMMOBILIER PROFESSIONNEL
EVALUER MON BIEN
CHERCHER UNE AGENCE
SE CONNECTER
Accueil
Appartement en location
Appartement Grand Tunis
Aouina
Aouina
S+1 en location
Video
visite 360°
Photos
Plan
Map
 +9
S+1 en l...","
850",50,Appartement,1,Location,Agence,Aouina : S+1 en location,https://cdn-media.medialabtc.it/tn/agencies/tuha3/estates/63602/images/366231/detail.jpeg,"[""https://cdn-media.medialabtc.it/tn/agencies/tuha3/estates/63602/images/366231/detail.jpeg"", ""https://cdn-media.medialabtc.it/tn/agencies/tuha3/estates/63602/images/366232/gallery_media.jpeg"", ""https://cdn-media.medialabtc.it/tn/agencies/tuha3/estates/63602/images/366233/gallery_media.jpeg"", ""https://cdn-media.medialabtc.it/tn/agencies/tuha3/estates/63602/images/366234/gallery_media.jpeg""]",[],Tecnocasa,Tecnocasa,1,1,1,1,1,1,[],2026-02-15 21:24:08,2026-02-15 21:24:08,2026-02-15 21:24:08,,1,2026-02-15 21:24:08,N/A,N/A
63461,S+3 en location," Immobilier Professionnel
 
 Evaluer mon bien
 
 Chercher une agence
 
 Se connecter
ACCUEIL
IMMOBILIER PROFESSIONNEL
EVALUER MON BIEN
CHERCHER UNE AGENCE
SE CONNECTER
Accueil
Appartement en location
Appartement Grand Tunis
Ariana
Hedi Nouira Ariana
S+3 en location
Video
visite 360°
Photos
Plan
Map
...",1100,153,Appartement,1,Location,Agence,Hedi Nouira Ariana : S+3 en location,https://cdn-media.medialabtc.it/tn/agencies/tuaa1/estates/63461/images/368660/detail.jpeg,"[""https://cdn-media.medialabtc.it/tn/agencies/tuaa1/estates/63461/images/368660/detail.jpeg"", ""https://cdn-media.medialabtc.it/tn/agencies/tuaa1/estates/63461/images/368681/gallery_media.jpeg"", ""https://cdn-media.medialabtc.it/tn/agencies/tuaa1/estates/63461/images/368659/gallery_media.jpeg"", ""https://cdn-media.medialabtc.it/tn/agencies/tuaa1/estates/63461/images/368684/gallery_media.jpeg""]",[],Tecnocasa,Tecnocasa,1,1,1,1,1,1,[],2026-02-15 21:24:08,2026-02-15 21:24:08,2026-02-15 21:24:08,,1,2026-02-15 21:24:08,N/A,N/A
63534,S+2 en location," Immobilier Professionnel
 
 Evaluer mon bien
 
 Chercher une agence
 
 Se connecter
ACCUEIL
IMMOBILIER PROFESSIONNEL
EVALUER MON BIEN
CHERCHER UNE AGENCE
SE CONNECTER
Accueil
Appartement en location
Appartement Grand Tunis
La Soukra
Soukra
S+2 en location
Video
visite 360°
Photos
Plan
Map
 +6
S+2 e...",1350,100,Appartement,1,Location,Agence,Soukra : S+2 en location,https://cdn-media.medialabtc.it/tn/agencies/tuha4/estates/63534/images/368189/detail.jpeg,"[""https://cdn-media.medialabtc.it/tn/agencies/tuha4/estates/63534/images/368189/detail.jpeg"", ""https://cdn-media.medialabtc.it/tn/agencies/tuha4/estates/63534/images/368190/gallery_media.jpeg"", ""https://cdn-media.medialabtc.it/tn/agencies/tuha4/estates/63534/images/368182/gallery_media.jpeg"", ""https://cdn-media.medialabtc.it/tn/agencies/tuha4/estates/63534/images/368187/gallery_media.jpeg""]",[],Tecnocasa,Tecnocasa,1,1,1,1,1,1,[],2026-02-15 21:24:08,2026-02-15 21:24:08,2026-02-15 21:24:08,,1,2026-02-15 21:24:08,N/A,N/A
63642,S+1 en location," Immobilier Professionnel
 
 Evaluer mon bien
 
 Chercher une agence
 
 Se connecter
ACCUEIL
IMMOBILIER PROFESSIONNEL
EVALUER MON BIEN
CHERCHER UNE AGENCE
SE CONNECTER
Accueil
Appartement en location
Appartement Grand Tunis
Ennasr
Ennasr 2
S+1 en location
Video
visite 360°
Photos
Plan
Map
 +8
S+1 en...",1150,52,Appartement,1,Location,Agence,Ennasr 2 : S+1 en location,https://cdn-media.medialabtc.it/tn/agencies/arca1/estates/63642/images/368260/detail.jpeg,"[""https://cdn-media.medialabtc.it/tn/agencies/arca1/estates/63642/images/368260/detail.jpeg"", ""https://cdn-media.medialabtc.it/tn/agencies/arca1/estates/63642/images/368281/gallery_media.jpeg"", ""https://cdn-media.medialabtc.it/tn/agencies/arca1/estates/63642/images/368282/gallery_media.jpeg"", ""https://cdn-media.medialabtc.it/tn/agencies/arca1/estates/63642/images/368256/gallery_media.jpeg"", ""https://cdn-media.medialabtc.it/tn/agencies/arca1/images/team_member/production/898.jpeg"", ""https://cdn-media.medialabtc.it/tn/agencies/arca1/images/team_member/production/902.jpeg"", ""https://cdn-media.medialabtc.it/tn/agencies/arca1/images/team_member/production/1668.jpeg""]",[],Tecnocasa,Tecnocasa,1,1,1,1,1,1,[],2026-02-15 21:24:08,2026-02-15 21:24:08,2026-02-15 21:24:08,,1,2026-02-15 21:24:08,N/A,N/A
63754,S+2 en location," Immobilier Professionnel
 
 Evaluer mon bien
 
 Chercher une agence
 
 Se connecter
ACCUEIL
IMMOBILIER PROFESSIONNEL
EVALUER MON BIEN
CHERCHER UNE AGENCE
SE CONNECTER
Accueil
Appartement en location
Appartement Grand Tunis
Jardins de Carthage
Les Jardins De Carthage
S+2 en location
Video
visite 360...",1300,70,Appartement,1,Location,Agence,Les Jardins De Carthage : S+2 en location,https://cdn-media.medialabtc.it/tn/agencies/tuhb5/estates/63754/images/368297/detail.jpeg,"[""https://cdn-media.medialabtc.it/tn/agencies/tuhb5/estates/63754/images/368297/detail.jpeg"", ""https://cdn-media.medialabtc.it/tn/agencies/tuhb5/estates/63754/images/368299/gallery_media.jpeg"", ""https://cdn-media.medialabtc.it/tn/agencies/tuhb5/estates/63754/images/368300/gallery_media.jpeg"", ""https://cdn-media.medialabtc.it/tn/agencies/tuhb5/estates/63754/images/368298/gallery_media.jpeg"", ""https://cdn-media.medialabtc.it/tn/agencies/tuhb5/images/team_member/production/1677.jpeg"", ""https://cdn-media.medialabtc.it/tn/agencies/tuhb5/images/team_member/production/1751.jpeg"", ""https://cdn-media.medialabtc.it/tn/agencies/tuhb5/images/team_member/production/1678.jpeg"", ""https://cdn-media.medialabtc.it/tn/agencies/tuhb5/images/team_member/production/1703.jpeg""]",[],Tecnocasa,Tecnocasa,1,1,1,1,1,1,[],2026-02-15 21:24:08,2026-02-15 21:24:08,2026-02-15 21:24:08,,1,2026-02-15 21:24:08,N/A,N/A
63789,S+3 en location," Immobilier Professionnel
 
 Evaluer mon bien
 
 Chercher une agence
 
 Se connecter
ACCUEIL
IMMOBILIER PROFESSIONNEL
EVALUER MON BIEN
CHERCHER UNE AGENCE
SE CONNECTER
Accueil
Appartement en location
Appartement Grand Tunis
Ariana
Riadh Landalous
S+3 en location
Video
visite 360°
Photos
Plan
Map
 +7...",1500,110,Appartement,1,Location,Agence,Riadh Landalous : S+3 en location,https://cdn-media.medialabtc.it/tn/agencies/tuha2/estates/63789/images/368273/detail.jpeg,"[""https://cdn-media.medialabtc.it/tn/agencies/tuha2/estates/63789/images/368273/detail.jpeg"", ""https://cdn-media.medialabtc.it/tn/agencies/tuha2/estates/63789/images/368272/gallery_media.jpeg"", ""https://cdn-media.medialabtc.it/tn/agencies/tuha2/estates/63789/images/368271/gallery_media.jpeg"", ""https://cdn-media.medialabtc.it/tn/agencies/tuha2/estates/63789/images/368301/gallery_media.jpeg""]",[],Tecnocasa,Tecnocasa,1,1,1,1,1,1,[],2026-02-15 21:24:08,2026-02-15 21:24:08,2026-02-15 21:24:08,,1,2026-02-15 21:24:08,N/A,N/A
63188,S+1 en location," Immobilier Professionnel
 
 Evaluer mon bien
 
 Chercher une agence
 
 Se connecter
ACCUEIL
IMMOBILIER PROFESSIONNEL
EVALUER MON BIEN
CHERCHER UNE AGENCE
SE CONNECTER
Accueil
Appartement en location
Appartement Grand Tunis
La Marsa
La Marsa
S+1 en location
Video
visite 360°
Photos
Plan
Map
 +10
S+1...",1400,46,Appartement,1,Location,Agence,La Marsa : S+1 en location,https://cdn-media.medialabtc.it/tn/agencies/tuha1/estates/63188/images/363646/detail.jpeg,"[""https://cdn-media.medialabtc.it/tn/agencies/tuha1/estates/63188/images/363646/detail.jpeg"", ""https://cdn-media.medialabtc.it/tn/agencies/tuha1/estates/63188/images/363617/gallery_media.jpeg"", ""https://cdn-media.medialabtc.it/tn/agencies/tuha1/estates/63188/images/363618/gallery_media.jpeg"", ""https://cdn-media.medialabtc.it/tn/agencies/tuha1/estates/63188/images/363647/gallery_media.jpeg"", ""https://cdn-media.medialabtc.it/tn/agencies/tuha1/images/team_member/production/1359.jpeg"", ""https://cdn-media.medialabtc.it/tn/agencies/tuha1/images/team_member/production/686.jpeg"", ""https://cdn-media.medialabtc.it/tn/agencies/tuha1/images/team_member/production/750.jpeg"", ""https://cdn-media.medialabtc.it/tn/agencies/tuha1/images/team_member/production/1539.jpeg"", ""https://cdn-media.medialabtc.it/tn/agencies/tuha1/images/team_member/production/1273.jpeg""]",[],Tecnocasa,Tecnocasa,1,1,1,1,1,1,[],2026-02-15 21:24:08,2026-02-15 21:24:08,2026-02-15 21:24:08,,1,2026-02-15 21:24:08,N/A,N/A
63591,S+3 en location," Immobilier Professionnel
 
 Evaluer mon bien
 
 Chercher une agence
 
 Se connecter
ACCUEIL
IMMOBILIER PROFESSIONNEL
EVALUER MON BIEN
CHERCHER UNE AGENCE
SE CONNECTER
Accueil
Appartement en location
Appartement Grand Tunis
La Marsa
La Marsa
S+3 en location
Video
visite 360°
Photos
Plan
Map
 +10
S+3...",3500,150,Appartement,1,Location,Agence,La Marsa : S+3 en location,https://cdn-media.medialabtc.it/tn/agencies/tuha1/estates/63591/images/368390/detail.jpeg,"[""https://cdn-media.medialabtc.it/tn/agencies/tuha1/estates/63591/images/368390/detail.jpeg"", ""https://cdn-media.medialabtc.it/tn/agencies/tuha1/estates/63591/images/368388/gallery_media.jpeg"", ""https://cdn-media.medialabtc.it/tn/agencies/tuha1/estates/63591/images/368389/gallery_media.jpeg"", ""https://cdn-media.medialabtc.it/tn/agencies/tuha1/estates/63591/images/368386/gallery_media.jpeg"", ""https://cdn-media.medialabtc.it/tn/agencies/tuha1/images/team_member/production/1359.jpeg"", ""https://cdn-media.medialabtc.it/tn/agencies/tuha1/images/team_member/production/686.jpeg"", ""https://cdn-media.medialabtc.it/tn/agencies/tuha1/images/team_member/production/750.jpeg"", ""https://cdn-media.medialabtc.it/tn/agencies/tuha1/images/team_member/production/1539.jpeg"", ""https://cdn-media.medialabtc.it/tn/agencies/tuha1/images/team_member/production/1273.jpeg""]",[],Tecnocasa,Tecnocasa,1,1,1,1,1,1,[],2026-02-15 21:24:08,2026-02-15 21:24:08,2026-02-15 21:24:08,,1,2026-02-15 21:24:08,N/A,N/A
63733,S+3 en location," Immobilier Professionnel
 
 Evaluer mon bien
 
 Chercher une agence
 
 Se connecter
ACCUEIL
IMMOBILIER PROFESSIONNEL
EVALUER MON BIEN
CHERCHER UNE AGENCE
SE CONNECTER
Accueil
Appartement en location
Appartement Grand Tunis
La Soukra
Chotrana
S+3 en location
Video
visite 360°
Photos
Plan
Map
 +9
S+3...","
850",110,Appartement,1,Location,Agence,Chotrana : S+3 en location,https://cdn-media.medialabtc.it/tn/agencies/tuaa1/estates/63733/images/368643/detail.jpeg,"[""https://cdn-media.medialabtc.it/tn/agencies/tuaa1/estates/63733/images/368643/detail.jpeg"", ""https://cdn-media.medialabtc.it/tn/agencies/tuaa1/estates/63733/images/368644/gallery_media.jpeg"", ""https://cdn-media.medialabtc.it/tn/agencies/tuaa1/estates/63733/images/368645/gallery_media.jpeg"", ""https://cdn-media.medialabtc.it/tn/agencies/tuaa1/estates/63733/images/368652/gallery_media.jpeg""]",[],Tecnocasa,Tecnocasa,1,1,1,1,1,1,[],2026-02-15 21:24:08,2026-02-15 21:24:08,2026-02-15 21:24:08,,1,2026-02-15 21:24:08,N/A,N/A
63696,S+4 en location," Immobilier Professionnel
 
 Evaluer mon bien
 
 Chercher une agence
 
 Se connecter
ACCUEIL
IMMOBILIER PROFESSIONNEL
EVALUER MON BIEN
CHERCHER UNE AGENCE
SE CONNECTER
Accueil
Appartement en location
Appartement Grand Tunis
Jardins de Carthage
Les Jardins De Carthage
S+4 en location
Video
visite 360...",2500,231,Appartement,1,Location,Agence,Les Jardins De Carthage : S+4 en location,https://cdn-media.medialabtc.it/tn/agencies/tuhb5/estates/63696/images/367833/detail.jpeg,"[""https://cdn-media.medialabtc.it/tn/agencies/tuhb5/estates/63696/images/367833/detail.jpeg"", ""https://cdn-media.medialabtc.it/tn/agencies/tuhb5/estates/63696/images/367822/gallery_media.jpeg"", ""https://cdn-media.medialabtc.it/tn/agencies/tuhb5/estates/63696/images/367829/gallery_media.jpeg"", ""https://cdn-media.medialabtc.it/tn/agencies/tuhb5/estates/63696/images/367823/gallery_media.jpeg"", ""https://cdn-media.medialabtc.it/tn/agencies/tuhb5/images/team_member/production/1677.jpeg"", ""https://cdn-media.medialabtc.it/tn/agencies/tuhb5/images/team_member/production/1751.jpeg"", ""https://cdn-media.medialabtc.it/tn/agencies/tuhb5/images/team_member/production/1678.jpeg"", ""https://cdn-media.medialabtc.it/tn/agencies/tuhb5/images/team_member/production/1703.jpeg""]",[],Tecnocasa,Tecnocasa,1,1,1,1,1,1,[],2026-02-15 21:24:08,2026-02-15 21:24:08,2026-02-15 21:24:08,,2,2026-02-15 21:24:08,N/A,N/A
63646,S+1 en location," Immobilier Professionnel
 
 Evaluer mon bien
 
 Chercher une agence
 
 Se connecter
ACCUEIL
IMMOBILIER PROFESSIONNEL
EVALUER MON BIEN
CHERCHER UNE AGENCE
SE CONNECTER
Accueil
Appartement en location
Appartement Grand Tunis
El Mourouj
El Mourouj 6
S+1 en location
Video
visite 360°
Photos
Plan
Map
 +...","
850",70,Appartement,1,Location,Agence,El Mourouj 6 : S+1 en location,https://cdn-media.medialabtc.it/tn/agencies/tumo1/estates/63646/images/367845/detail.jpeg,"[""https://cdn-media.medialabtc.it/tn/agencies/tumo1/estates/63646/images/367845/detail.jpeg"", ""https://cdn-media.medialabtc.it/tn/agencies/tumo1/estates/63646/images/367847/gallery_media.jpeg"", ""https://cdn-media.medialabtc.it/tn/agencies/tumo1/estates/63646/images/367846/gallery_media.jpeg"", ""https://cdn-media.medialabtc.it/tn/agencies/tumo1/estates/63646/images/367844/gallery_media.jpeg"", ""https://cdn-media.medialabtc.it/tn/agencies/tumo1/images/team_member/production/1499.jpeg"", ""https://cdn-media.medialabtc.it/tn/agencies/tumo1/images/team_member/production/1344.jpeg"", ""https://cdn-media.medialabtc.it/tn/agencies/tumo1/images/team_member/production/1607.jpeg"", ""https://cdn-media.medialabtc.it/tn/agencies/tumo1/images/team_member/production/1497.jpeg"", ""https://cdn-media.medialabtc.it/tn/agencies/tumo1/images/team_member/production/1631.jpeg""]",[],Tecnocasa,Tecnocasa,1,1,1,1,1,1,[],2026-02-15 21:24:08,2026-02-15 21:24:08,2026-02-15 21:24:08,,2,2026-02-15 21:24:08,N/A,N/A
63023,S+3 en location," Immobilier Professionnel
 
 Evaluer mon bien
 
 Chercher une agence
 
 Se connecter
ACCUEIL
IMMOBILIER PROFESSIONNEL
EVALUER MON BIEN
CHERCHER UNE AGENCE
SE CONNECTER
Accueil
Appartement en location
Appartement Grand Tunis
La Marsa
La Marsa
S+3 en location
Video
visite 360°
Photos
Plan
Map
 +1
S+3 ...",4500,160,Appartement,1,Location,Agence,La Marsa : S+3 en location,https://cdn-media.medialabtc.it/tn/agencies/tuha1/estates/63023/images/368130/detail.jpeg,"[""https://cdn-media.medialabtc.it/tn/agencies/tuha1/estates/63023/images/368130/detail.jpeg"", ""https://cdn-media.medialabtc.it/tn/agencies/tuha1/estates/63023/images/368129/gallery_media.jpeg"", ""https://cdn-media.medialabtc.it/tn/agencies/tuha1/estates/63023/images/368127/gallery_media.jpeg"", ""https://cdn-media.medialabtc.it/tn/agencies/tuha1/estates/63023/images/368128/gallery_media.jpeg"", ""https://cdn-media.medialabtc.it/tn/agencies/tuha1/images/team_member/production/1359.jpeg"", ""https://cdn-media.medialabtc.it/tn/agencies/tuha1/images/team_member/production/686.jpeg"", ""https://cdn-media.medialabtc.it/tn/agencies/tuha1/images/team_member/production/750.jpeg"", ""https://cdn-media.medialabtc.it/tn/agencies/tuha1/images/team_member/production/1539.jpeg"", ""https://cdn-media.medialabtc.it/tn/agencies/tuha1/images/team_member/production/1273.jpeg""]",[],Tecnocasa,Tecnocasa,1,1,1,1,1,1,[],2026-02-15 21:24:08,2026-02-15 21:24:08,2026-02-15 21:24:08,,2,2026-02-15 21:24:08,N/A,N/A
63721,Duplex en location," Immobilier Professionnel
 
 Evaluer mon bien
 
 Chercher une agence
 
 Se connecter
ACCUEIL
IMMOBILIER PROFESSIONNEL
EVALUER MON BIEN
CHERCHER UNE AGENCE
SE CONNECTER
Accueil
Appartement en location
Appartement Grand Tunis
La Marsa
La Marsa
Duplex en location
Video
visite 360°
Photos
Plan
Map
 +5
D...",1650,70,Appartement,1,Location,Agence,La Marsa : Duplex en location,https://cdn-media.medialabtc.it/tn/agencies/tuha1/estates/63721/images/368152/detail.jpeg,"[""https://cdn-media.medialabtc.it/tn/agencies/tuha1/estates/63721/images/368152/detail.jpeg"", ""https://cdn-media.medialabtc.it/tn/agencies/tuha1/estates/63721/images/368151/gallery_media.jpeg"", ""https://cdn-media.medialabtc.it/tn/agencies/tuha1/estates/63721/images/368149/gallery_media.jpeg"", ""https://cdn-media.medialabtc.it/tn/agencies/tuha1/estates/63721/images/368147/gallery_media.jpeg"", ""https://cdn-media.medialabtc.it/tn/agencies/tuha1/images/team_member/production/1359.jpeg"", ""https://cdn-media.medialabtc.it/tn/agencies/tuha1/images/team_member/production/686.jpeg"", ""https://cdn-media.medialabtc.it/tn/agencies/tuha1/images/team_member/production/750.jpeg"", ""https://cdn-media.medialabtc.it/tn/agencies/tuha1/images/team_member/production/1539.jpeg"", ""https://cdn-media.medialabtc.it/tn/agencies/tuha1/images/team_member/production/1273.jpeg""]",[],Tecnocasa,Tecnocasa,1,1,1,1,1,1,[],2026-02-15 21:24:08,2026-02-15 21:24:08,2026-02-15 21:24:08,,2,2026-02-15 21:24:08,N/A,N/A
63462,S+2 en location," Immobilier Professionnel
 
 Evaluer mon bien
 
 Chercher une agence
 
 Se connecter
ACCUEIL
IMMOBILIER PROFESSIONNEL
EVALUER MON BIEN
CHERCHER UNE AGENCE
SE CONNECTER
Accueil
Appartement en location
Appartement Grand Tunis
El Mourouj
El Mourouj 5
S+2 en location
Video
visite 360°
Photos
Plan
Map
 +...","
800",100,Appartement,1,Location,Agence,El Mourouj 5 : S+2 en location,https://cdn-media.medialabtc.it/tn/agencies/tumo1/estates/63462/images/367882/detail.jpeg,"[""https://cdn-media.medialabtc.it/tn/agencies/tumo1/estates/63462/images/367882/detail.jpeg"", ""https://cdn-media.medialabtc.it/tn/agencies/tumo1/estates/63462/images/364936/gallery_media.jpeg"", ""https://cdn-media.medialabtc.it/tn/agencies/tumo1/estates/63462/images/364937/gallery_media.jpeg"", ""https://cdn-media.medialabtc.it/tn/agencies/tumo1/estates/63462/images/364942/gallery_media.jpeg"", ""https://cdn-media.medialabtc.it/tn/agencies/tumo1/images/team_member/production/1499.jpeg"", ""https://cdn-media.medialabtc.it/tn/agencies/tumo1/images/team_member/production/1344.jpeg"", ""https://cdn-media.medialabtc.it/tn/agencies/tumo1/images/team_member/production/1607.jpeg"", ""https://cdn-media.medialabtc.it/tn/agencies/tumo1/images/team_member/production/1497.jpeg"", ""https://cdn-media.medialabtc.it/tn/agencies/tumo1/images/team_member/production/1631.jpeg""]",[],Tecnocasa,Tecnocasa,1,1,1,1,1,1,[],2026-02-15 21:24:08,2026-02-15 21:24:08,2026-02-15 21:24:08,,2,2026-02-15 21:24:08,N/A,N/A
63771,S+2 en location," Immobilier Professionnel
 
 Evaluer mon bien
 
 Chercher une agence
 
 Se connecter
ACCUEIL
IMMOBILIER PROFESSIONNEL
EVALUER MON BIEN
CHERCHER UNE AGENCE
SE CONNECTER
Accueil
Appartement en location
Appartement Grand Tunis
Borj Cédria
Borj Cédria
S+2 en location
Video
visite 360°
Photos
Plan
Map
 +...","
600",,Appartement,1,Location,Agence,Borj Cédria : S+2 en location,https://cdn-media.medialabtc.it/tn/agencies/tuhd2/estates/63771/images/368022/detail.jpeg,"[""https://cdn-media.medialabtc.it/tn/agencies/tuhd2/estates/63771/images/368022/detail.jpeg"", ""https://cdn-media.medialabtc.it/tn/agencies/tuhd2/estates/63771/images/368017/gallery_media.jpeg"", ""https://cdn-media.medialabtc.it/tn/agencies/tuhd2/estates/63771/images/368018/gallery_media.jpeg"", ""https://cdn-media.medialabtc.it/tn/agencies/tuhd2/estates/63771/images/368021/gallery_media.jpeg""]",[],Tecnocasa,Tecnocasa,1,1,1,1,1,1,[],2026-02-15 21:24:08,2026-02-15 21:24:08,2026-02-15 21:24:08,,2,2026-02-15 21:24:08,N/A,N/A
63625,S+1 en location," Immobilier Professionnel
 
 Evaluer mon bien
 
 Chercher une agence
 
 Se connecter
ACCUEIL
IMMOBILIER PROFESSIONNEL
EVALUER MON BIEN
CHERCHER UNE AGENCE
SE CONNECTER
Accueil
Appartement en location
Appartement Grand Tunis
Jardins de Carthage
Les Jardins De Carthage
S+1 en location
Video
visite 360...",2500,55,Appartement,1,Location,Agence,Les Jardins De Carthage : S+1 en location,https://cdn-media.medialabtc.it/tn/agencies/tuhb5/estates/63625/images/367884/detail.jpeg,"[""https://cdn-media.medialabtc.it/tn/agencies/tuhb5/estates/63625/images/367884/detail.jpeg"", ""https://cdn-media.medialabtc.it/tn/agencies/tuhb5/estates/63625/images/367887/gallery_media.jpeg"", ""https://cdn-media.medialabtc.it/tn/agencies/tuhb5/estates/63625/images/367886/gallery_media.jpeg"", ""https://cdn-media.medialabtc.it/tn/agencies/tuhb5/estates/63625/images/367885/gallery_media.jpeg"", ""https://cdn-media.medialabtc.it/tn/agencies/tuhb5/images/team_member/production/1677.jpeg"", ""https://cdn-media.medialabtc.it/tn/agencies/tuhb5/images/team_member/production/1751.jpeg"", ""https://cdn-media.medialabtc.it/tn/agencies/tuhb5/images/team_member/production/1678.jpeg"", ""https://cdn-media.medialabtc.it/tn/agencies/tuhb5/images/team_member/production/1703.jpeg""]",[],Tecnocasa,Tecnocasa,1,1,1,1,1,1,[],2026-02-15 21:24:08,2026-02-15 21:24:08,2026-02-15 21:24:08,,2,2026-02-15 21:24:08,N/A,N/A
61340,S+2 en location," Immobilier Professionnel
 
 Evaluer mon bien
 
 Chercher une agence
 
 Se connecter
ACCUEIL
IMMOBILIER PROFESSIONNEL
EVALUER MON BIEN
CHERCHER UNE AGENCE
SE CONNECTER
Accueil
Appartement en location
Appartement Grand Tunis
Radés
Rades Maxula
S+2 en location
Video
visite 360°
Photos
Plan
Map
S+2 en ...","
750",100,Appartement,1,Location,Agence,Rades Maxula : S+2 en location,https://cdn-media.medialabtc.it/tn/agencies/turd1/estates/61340/images/368102/detail.jpeg,"[""https://cdn-media.medialabtc.it/tn/agencies/turd1/estates/61340/images/368102/detail.jpeg"", ""https://cdn-media.medialabtc.it/tn/agencies/turd1/estates/61340/images/368101/gallery_media.jpeg"", ""https://cdn-media.medialabtc.it/tn/agencies/turd1/estates/61340/images/368104/gallery_media.jpeg"", ""https://cdn-media.medialabtc.it/tn/agencies/turd1/estates/61340/images/368103/gallery_media.jpeg""]",[],Tecnocasa,Tecnocasa,1,1,1,1,1,1,[],2026-02-15 21:24:08,2026-02-15 21:24:08,2026-02-15 21:24:08,,2,2026-02-15 21:24:08,N/A,N/A
62929,S+3 en location," Immobilier Professionnel
 
 Evaluer mon bien
 
 Chercher une agence
 
 Se connecter
ACCUEIL
IMMOBILIER PROFESSIONNEL
EVALUER MON BIEN
CHERCHER UNE AGENCE
SE CONNECTER
Accueil
Appartement en location
Appartement Grand Tunis
Ennasr
Jardins D'Ennasr
S+3 en location
Video
visite 360°
Photos
Plan
Map
 +...",1350,156,Appartement,1,Location,Agence,Jardins D'Ennasr : S+3 en location,https://cdn-media.medialabtc.it/tn/agencies/arca3/estates/62929/images/360818/detail.jpeg,"[""https://cdn-media.medialabtc.it/tn/agencies/arca3/estates/62929/images/360818/detail.jpeg"", ""https://cdn-media.medialabtc.it/tn/agencies/arca3/estates/62929/images/360807/gallery_media.jpeg"", ""https://cdn-media.medialabtc.it/tn/agencies/arca3/estates/62929/images/360808/gallery_media.jpeg"", ""https://cdn-media.medialabtc.it/tn/agencies/arca3/estates/62929/images/360810/gallery_media.jpeg"", ""https://cdn-media.medialabtc.it/tn/agencies/arca3/images/team_member/production/1383.jpeg"", ""https://cdn-media.medialabtc.it/tn/agencies/arca3/images/team_member/production/1380.jpeg"", ""https://cdn-media.medialabtc.it/tn/agencies/arca3/images/team_member/production/1382.jpeg"", ""https://cdn-media.medialabtc.it/tn/agencies/arca3/images/team_member/production/1434.jpeg"", ""https://cdn-media.medialabtc.it/tn/agencies/arca3/images/team_member/production/1626.jpeg"", ""https://cdn-media.medialabtc.it/tn/agencies/arca3/images/team_member/production/1744.jpeg""]",[],Tecnocasa,Tecnocasa,1,1,1,1,1,1,[],2026-02-15 21:24:08,2026-02-15 21:24:08,2026-02-15 21:24:08,,2,2026-02-15 21:24:08,N/A,N/A
63671,S+4 en location," Immobilier Professionnel
 
 Evaluer mon bien
 
 Chercher une agence
 
 Se connecter
ACCUEIL
IMMOBILIER PROFESSIONNEL
EVALUER MON BIEN
CHERCHER UNE AGENCE
SE CONNECTER
Accueil
Appartement en location
Appartement Grand Tunis
Ennasr
Ennasr 2
S+4 en location
Video
visite 360°
Photos
Plan
Map
 +10
S+4 e...",2250,180,Appartement,1,Location,Agence,Ennasr 2 : S+4 en location,https://cdn-media.medialabtc.it/tn/agencies/arca1/estates/63671/images/367407/detail.jpeg,"[""https://cdn-media.medialabtc.it/tn/agencies/arca1/estates/63671/images/367407/detail.jpeg"", ""https://cdn-media.medialabtc.it/tn/agencies/arca1/estates/63671/images/367433/gallery_media.jpeg"", ""https://cdn-media.medialabtc.it/tn/agencies/arca1/estates/63671/images/367434/gallery_media.jpeg"", ""https://cdn-media.medialabtc.it/tn/agencies/arca1/estates/63671/images/367432/gallery_media.jpeg"", ""https://cdn-media.medialabtc.it/tn/agencies/arca1/images/team_member/production/898.jpeg"", ""https://cdn-media.medialabtc.it/tn/agencies/arca1/images/team_member/production/902.jpeg"", ""https://cdn-media.medialabtc.it/tn/agencies/arca1/images/team_member/production/1668.jpeg""]",[],Tecnocasa,Tecnocasa,1,1,1,1,1,1,[],2026-02-15 21:24:08,2026-02-15 21:24:08,2026-02-15 21:24:08,,2,2026-02-15 21:24:08,N/A,N/A
63691,S+2 en location," Immobilier Professionnel
 
 Evaluer mon bien
 
 Chercher une agence
 
 Se connecter
ACCUEIL
IMMOBILIER PROFESSIONNEL
EVALUER MON BIEN
CHERCHER UNE AGENCE
SE CONNECTER
Accueil
Appartement en location
Appartement Grand Tunis
El Menzah
Menzah 5
S+2 en location
Video
visite 360°
Photos
Plan
Map
 +3
S+2...",1800,100,Appartement,1,Location,Agence,Menzah 5 : S+2 en location,https://cdn-media.medialabtc.it/tn/agencies/arcb1/estates/63691/images/367902/detail.jpeg,"[""https://cdn-media.medialabtc.it/tn/agencies/arcb1/estates/63691/images/367902/detail.jpeg"", ""https://cdn-media.medialabtc.it/tn/agencies/arcb1/estates/63691/images/367878/gallery_media.jpeg"", ""https://cdn-media.medialabtc.it/tn/agencies/arcb1/estates/63691/images/367879/gallery_media.jpeg"", ""https://cdn-media.medialabtc.it/tn/agencies/arcb1/estates/63691/images/367901/gallery_media.jpeg"", ""https://cdn-media.medialabtc.it/tn/agencies/arcb1/images/team_member/production/167.jpeg""]",[],Tecnocasa,Tecnocasa,1,1,1,1,1,1,[],2026-02-15 21:24:08,2026-02-15 21:24:08,2026-02-15 21:24:08,,2,2026-02-15 21:24:08,N/A,N/A
63383,S+2 en location," Immobilier Professionnel
 
 Evaluer mon bien
 
 Chercher une agence
 
 Se connecter
ACCUEIL
IMMOBILIER PROFESSIONNEL
EVALUER MON BIEN
CHERCHER UNE AGENCE
SE CONNECTER
Accueil
Appartement en location
Appartement Grand Tunis
Manar
Manar 1
S+2 en location
Video
visite 360°
Photos
Plan
Map
 +3
S+2 en l...",1100,120,Appartement,1,Location,Agence,Manar 1 : S+2 en location,https://cdn-media.medialabtc.it/tn/agencies/tuch4/estates/63383/images/364326/detail.jpeg,"[""https://cdn-media.medialabtc.it/tn/agencies/tuch4/estates/63383/images/364326/detail.jpeg"", ""https://cdn-media.medialabtc.it/tn/agencies/tuch4/estates/63383/images/364332/gallery_media.jpeg"", ""https://cdn-media.medialabtc.it/tn/agencies/tuch4/estates/63383/images/364328/gallery_media.jpeg"", ""https://cdn-media.medialabtc.it/tn/agencies/tuch4/estates/63383/images/364327/gallery_media.jpeg"", ""https://cdn-media.medialabtc.it/tn/agencies/tuch4/images/team_member/production/120.jpeg""]",[],Tecnocasa,Tecnocasa,1,1,1,1,1,1,[],2026-02-15 21:24:08,2026-02-15 21:24:08,2026-02-15 21:24:08,,2,2026-02-15 21:24:08,N/A,N/A
62773,S+3 en location," Immobilier Professionnel
 
 Evaluer mon bien
 
 Chercher une agence
 
 Se connecter
ACCUEIL
IMMOBILIER PROFESSIONNEL
EVALUER MON BIEN
CHERCHER UNE AGENCE
SE CONNECTER
Accueil
Appartement en location
Appartement Grand Tunis
Les Berges Du Lac
Les Berges Du Lac 1
S+3 en location
Video
visite 360°
Phot...",3000,160,Appartement,1,Location,Agence,Les Berges Du Lac 1 : S+3 en location,https://cdn-media.medialabtc.it/tn/agencies/tuca1/estates/62773/images/360455/detail.jpeg,"[""https://cdn-media.medialabtc.it/tn/agencies/tuca1/estates/62773/images/360455/detail.jpeg"", ""https://cdn-media.medialabtc.it/tn/agencies/tuca1/estates/62773/images/360456/gallery_media.jpeg"", ""https://cdn-media.medialabtc.it/tn/agencies/tuca1/estates/62773/images/360450/gallery_media.jpeg"", ""https://cdn-media.medialabtc.it/tn/agencies/tuca1/estates/62773/images/360447/gallery_media.jpeg""]",[],Tecnocasa,Tecnocasa,1,1,1,1,1,1,[],2026-02-15 21:24:08,2026-02-15 21:24:08,2026-02-15 21:24:08,,2,2026-02-15 21:24:08,N/A,N/A
63680,S+1 en location," Immobilier Professionnel
 
 Evaluer mon bien
 
 Chercher une agence
 
 Se connecter
ACCUEIL
IMMOBILIER PROFESSIONNEL
EVALUER MON BIEN
CHERCHER UNE AGENCE
SE CONNECTER
Accueil
Appartement en location
Appartement Grand Tunis
La Marsa
La Marsa
S+1 en location
Video
visite 360°
Photos
Plan
Map
 +6
S+1 ...",1300,80,Appartement,1,Location,Agence,La Marsa : S+1 en location,https://cdn-media.medialabtc.it/tn/agencies/tuma1/estates/63680/images/367504/detail.jpeg,"[""https://cdn-media.medialabtc.it/tn/agencies/tuma1/estates/63680/images/367504/detail.jpeg"", ""https://cdn-media.medialabtc.it/tn/agencies/tuma1/estates/63680/images/367494/gallery_media.jpeg"", ""https://cdn-media.medialabtc.it/tn/agencies/tuma1/estates/63680/images/367493/gallery_media.jpeg"", ""https://cdn-media.medialabtc.it/tn/agencies/tuma1/estates/63680/images/367497/gallery_media.jpeg"", ""https://cdn-media.medialabtc.it/tn/agencies/tuma1/images/team_member/production/478.jpeg"", ""https://cdn-media.medialabtc.it/tn/agencies/tuma1/images/team_member/production/1390.jpeg"", ""https://cdn-media.medialabtc.it/tn/agencies/tuma1/images/team_member/production/1424.jpeg"", ""https://cdn-media.medialabtc.it/tn/agencies/tuma1/images/team_member/production/905.jpeg"", ""https://cdn-media.medialabtc.it/tn/agencies/tuma1/images/team_member/production/1389.jpeg""]",[],Tecnocasa,Tecnocasa,1,1,1,1,1,1,[],2026-02-15 21:24:08,2026-02-15 21:24:08,2026-02-15 21:24:08,,2,2026-02-15 21:24:08,N/A,N/A
63359,S+3 en location," Immobilier Professionnel
 
 Evaluer mon bien
 
 Chercher une agence
 
 Se connecter
ACCUEIL
IMMOBILIER PROFESSIONNEL
EVALUER MON BIEN
CHERCHER UNE AGENCE
SE CONNECTER
Accueil
Appartement en location
Appartement Grand Tunis
Ennasr
Jardins D'Ennasr
S+3 en location
Video
visite 360°
Photos
Plan
Map
 +...",1600,155,Appartement,1,Location,Agence,Jardins D'Ennasr : S+3 en location,https://cdn-media.medialabtc.it/tn/agencies/arca3/estates/63359/images/366487/detail.jpeg,"[""https://cdn-media.medialabtc.it/tn/agencies/arca3/estates/63359/images/366487/detail.jpeg"", ""https://cdn-media.medialabtc.it/tn/agencies/arca3/estates/63359/images/366489/gallery_media.jpeg"", ""https://cdn-media.medialabtc.it/tn/agencies/arca3/estates/63359/images/366490/gallery_media.jpeg"", ""https://cdn-media.medialabtc.it/tn/agencies/arca3/estates/63359/images/366492/gallery_media.jpeg"", ""https://cdn-media.medialabtc.it/tn/agencies/arca3/images/team_member/production/1383.jpeg"", ""https://cdn-media.medialabtc.it/tn/agencies/arca3/images/team_member/production/1380.jpeg"", ""https://cdn-media.medialabtc.it/tn/agencies/arca3/images/team_member/production/1382.jpeg"", ""https://cdn-media.medialabtc.it/tn/agencies/arca3/images/team_member/production/1434.jpeg"", ""https://cdn-media.medialabtc.it/tn/agencies/arca3/images/team_member/production/1626.jpeg"", ""https://cdn-media.medialabtc.it/tn/agencies/arca3/images/team_member/production/1744.jpeg""]",[],Tecnocasa,Tecnocasa,1,1,1,1,1,1,[],2026-02-15 21:24:08,2026-02-15 21:24:08,2026-02-15 21:24:08,,2,2026-02-15 21:24:08,N/A,N/A
63696,S+4 en location," Immobilier Professionnel
 
 Evaluer mon bien
 
 Chercher une agence
 
 Se connecter
ACCUEIL
IMMOBILIER PROFESSIONNEL
EVALUER MON BIEN
CHERCHER UNE AGENCE
SE CONNECTER
Accueil
Appartement en location
Appartement Grand Tunis
Jardins de Carthage
Les Jardins De Carthage
S+4 en location
Video
visite 360...",2500,231,Appartement,1,Location,Agence,Les Jardins De Carthage : S+4 en location,https://cdn-media.medialabtc.it/tn/agencies/tuhb5/estates/63696/images/367833/detail.jpeg,"[""https://cdn-media.medialabtc.it/tn/agencies/tuhb5/estates/63696/images/367833/detail.jpeg"", ""https://cdn-media.medialabtc.it/tn/agencies/tuhb5/estates/63696/images/367822/gallery_media.jpeg"", ""https://cdn-media.medialabtc.it/tn/agencies/tuhb5/estates/63696/images/367829/gallery_media.jpeg"", ""https://cdn-media.medialabtc.it/tn/agencies/tuhb5/estates/63696/images/367823/gallery_media.jpeg"", ""https://cdn-media.medialabtc.it/tn/agencies/tuhb5/images/team_member/production/1677.jpeg"", ""https://cdn-media.medialabtc.it/tn/agencies/tuhb5/images/team_member/production/1751.jpeg"", ""https://cdn-media.medialabtc.it/tn/agencies/tuhb5/images/team_member/production/1678.jpeg"", ""https://cdn-media.medialabtc.it/tn/agencies/tuhb5/images/team_member/production/1703.jpeg""]",[],Tecnocasa,Tecnocasa,1,1,1,1,1,1,[],2026-02-15 21:24:08,2026-02-15 21:24:08,2026-02-15 21:24:08,,3,2026-02-15 21:24:08,N/A,N/A
63646,S+1 en location," Immobilier Professionnel
 
 Evaluer mon bien
 
 Chercher une agence
 
 Se connecter
ACCUEIL
IMMOBILIER PROFESSIONNEL
EVALUER MON BIEN
CHERCHER UNE AGENCE
SE CONNECTER
Accueil
Appartement en location
Appartement Grand Tunis
El Mourouj
El Mourouj 6
S+1 en location
Video
visite 360°
Photos
Plan
Map
 +...","
850",70,Appartement,1,Location,Agence,El Mourouj 6 : S+1 en location,https://cdn-media.medialabtc.it/tn/agencies/tumo1/estates/63646/images/367845/detail.jpeg,"[""https://cdn-media.medialabtc.it/tn/agencies/tumo1/estates/63646/images/367845/detail.jpeg"", ""https://cdn-media.medialabtc.it/tn/agencies/tumo1/estates/63646/images/367847/gallery_media.jpeg"", ""https://cdn-media.medialabtc.it/tn/agencies/tumo1/estates/63646/images/367846/gallery_media.jpeg"", ""https://cdn-media.medialabtc.it/tn/agencies/tumo1/estates/63646/images/367844/gallery_media.jpeg"", ""https://cdn-media.medialabtc.it/tn/agencies/tumo1/images/team_member/production/1499.jpeg"", ""https://cdn-media.medialabtc.it/tn/agencies/tumo1/images/team_member/production/1344.jpeg"", ""https://cdn-media.medialabtc.it/tn/agencies/tumo1/images/team_member/production/1607.jpeg"", ""https://cdn-media.medialabtc.it/tn/agencies/tumo1/images/team_member/production/1497.jpeg"", ""https://cdn-media.medialabtc.it/tn/agencies/tumo1/images/team_member/production/1631.jpeg""]",[],Tecnocasa,Tecnocasa,1,1,1,1,1,1,[],2026-02-15 21:24:08,2026-02-15 21:24:08,2026-02-15 21:24:08,,3,2026-02-15 21:24:08,N/A,N/A
63023,S+3 en location," Immobilier Professionnel
 
 Evaluer mon bien
 
 Chercher une agence
 
 Se connecter
ACCUEIL
IMMOBILIER PROFESSIONNEL
EVALUER MON BIEN
CHERCHER UNE AGENCE
SE CONNECTER
Accueil
Appartement en location
Appartement Grand Tunis
La Marsa
La Marsa
S+3 en location
Video
visite 360°
Photos
Plan
Map
 +1
S+3 ...",4500,160,Appartement,1,Location,Agence,La Marsa : S+3 en location,https://cdn-media.medialabtc.it/tn/agencies/tuha1/estates/63023/images/368130/detail.jpeg,"[""https://cdn-media.medialabtc.it/tn/agencies/tuha1/estates/63023/images/368130/detail.jpeg"", ""https://cdn-media.medialabtc.it/tn/agencies/tuha1/estates/63023/images/368129/gallery_media.jpeg"", ""https://cdn-media.medialabtc.it/tn/agencies/tuha1/estates/63023/images/368127/gallery_media.jpeg"", ""https://cdn-media.medialabtc.it/tn/agencies/tuha1/estates/63023/images/368128/gallery_media.jpeg"", ""https://cdn-media.medialabtc.it/tn/agencies/tuha1/images/team_member/production/1359.jpeg"", ""https://cdn-media.medialabtc.it/tn/agencies/tuha1/images/team_member/production/686.jpeg"", ""https://cdn-media.medialabtc.it/tn/agencies/tuha1/images/team_member/production/750.jpeg"", ""https://cdn-media.medialabtc.it/tn/agencies/tuha1/images/team_member/production/1539.jpeg"", ""https://cdn-media.medialabtc.it/tn/agencies/tuha1/images/team_member/production/1273.jpeg""]",[],Tecnocasa,Tecnocasa,1,1,1,1,1,1,[],2026-02-15 21:24:08,2026-02-15 21:24:08,2026-02-15 21:24:08,,3,2026-02-15 21:24:08,N/A,N/A
63721,Duplex en location," Immobilier Professionnel
 
 Evaluer mon bien
 
 Chercher une agence
 
 Se connecter
ACCUEIL
IMMOBILIER PROFESSIONNEL
EVALUER MON BIEN
CHERCHER UNE AGENCE
SE CONNECTER
Accueil
Appartement en location
Appartement Grand Tunis
La Marsa
La Marsa
Duplex en location
Video
visite 360°
Photos
Plan
Map
 +5
D...",1650,70,Appartement,1,Location,Agence,La Marsa : Duplex en location,https://cdn-media.medialabtc.it/tn/agencies/tuha1/estates/63721/images/368152/detail.jpeg,"[""https://cdn-media.medialabtc.it/tn/agencies/tuha1/estates/63721/images/368152/detail.jpeg"", ""https://cdn-media.medialabtc.it/tn/agencies/tuha1/estates/63721/images/368151/gallery_media.jpeg"", ""https://cdn-media.medialabtc.it/tn/agencies/tuha1/estates/63721/images/368149/gallery_media.jpeg"", ""https://cdn-media.medialabtc.it/tn/agencies/tuha1/estates/63721/images/368147/gallery_media.jpeg"", ""https://cdn-media.medialabtc.it/tn/agencies/tuha1/images/team_member/production/1359.jpeg"", ""https://cdn-media.medialabtc.it/tn/agencies/tuha1/images/team_member/production/686.jpeg"", ""https://cdn-media.medialabtc.it/tn/agencies/tuha1/images/team_member/production/750.jpeg"", ""https://cdn-media.medialabtc.it/tn/agencies/tuha1/images/team_member/production/1539.jpeg"", ""https://cdn-media.medialabtc.it/tn/agencies/tuha1/images/team_member/production/1273.jpeg""]",[],Tecnocasa,Tecnocasa,1,1,1,1,1,1,[],2026-02-15 21:24:08,2026-02-15 21:24:08,2026-02-15 21:24:08,,3,2026-02-15 21:24:08,N/A,N/A
63462,S+2 en location," Immobilier Professionnel
 
 Evaluer mon bien
 
 Chercher une agence
 
 Se connecter
ACCUEIL
IMMOBILIER PROFESSIONNEL
EVALUER MON BIEN
CHERCHER UNE AGENCE
SE CONNECTER
Accueil
Appartement en location
Appartement Grand Tunis
El Mourouj
El Mourouj 5
S+2 en location
Video
visite 360°
Photos
Plan
Map
 +...","
800",100,Appartement,1,Location,Agence,El Mourouj 5 : S+2 en location,https://cdn-media.medialabtc.it/tn/agencies/tumo1/estates/63462/images/367882/detail.jpeg,"[""https://cdn-media.medialabtc.it/tn/agencies/tumo1/estates/63462/images/367882/detail.jpeg"", ""https://cdn-media.medialabtc.it/tn/agencies/tumo1/estates/63462/images/364936/gallery_media.jpeg"", ""https://cdn-media.medialabtc.it/tn/agencies/tumo1/estates/63462/images/364937/gallery_media.jpeg"", ""https://cdn-media.medialabtc.it/tn/agencies/tumo1/estates/63462/images/364942/gallery_media.jpeg"", ""https://cdn-media.medialabtc.it/tn/agencies/tumo1/images/team_member/production/1499.jpeg"", ""https://cdn-media.medialabtc.it/tn/agencies/tumo1/images/team_member/production/1344.jpeg"", ""https://cdn-media.medialabtc.it/tn/agencies/tumo1/images/team_member/production/1607.jpeg"", ""https://cdn-media.medialabtc.it/tn/agencies/tumo1/images/team_member/production/1497.jpeg"", ""https://cdn-media.medialabtc.it/tn/agencies/tumo1/images/team_member/production/1631.jpeg""]",[],Tecnocasa,Tecnocasa,1,1,1,1,1,1,[],2026-02-15 21:24:08,2026-02-15 21:24:08,2026-02-15 21:24:08,,3,2026-02-15 21:24:08,N/A,N/A
63771,S+2 en location," Immobilier Professionnel
 
 Evaluer mon bien
 
 Chercher une agence
 
 Se connecter
ACCUEIL
IMMOBILIER PROFESSIONNEL
EVALUER MON BIEN
CHERCHER UNE AGENCE
SE CONNECTER
Accueil
Appartement en location
Appartement Grand Tunis
Borj Cédria
Borj Cédria
S+2 en location
Video
visite 360°
Photos
Plan
Map
 +...","
600",,Appartement,1,Location,Agence,Borj Cédria : S+2 en location,https://cdn-media.medialabtc.it/tn/agencies/tuhd2/estates/63771/images/368022/detail.jpeg,"[""https://cdn-media.medialabtc.it/tn/agencies/tuhd2/estates/63771/images/368022/detail.jpeg"", ""https://cdn-media.medialabtc.it/tn/agencies/tuhd2/estates/63771/images/368017/gallery_media.jpeg"", ""https://cdn-media.medialabtc.it/tn/agencies/tuhd2/estates/63771/images/368018/gallery_media.jpeg"", ""https://cdn-media.medialabtc.it/tn/agencies/tuhd2/estates/63771/images/368021/gallery_media.jpeg""]",[],Tecnocasa,Tecnocasa,1,1,1,1,1,1,[],2026-02-15 21:24:08,2026-02-15 21:24:08,2026-02-15 21:24:08,,3,2026-02-15 21:24:08,N/A,N/A
63625,S+1 en location," Immobilier Professionnel
 
 Evaluer mon bien
 
 Chercher une agence
 
 Se connecter
ACCUEIL
IMMOBILIER PROFESSIONNEL
EVALUER MON BIEN
CHERCHER UNE AGENCE
SE CONNECTER
Accueil
Appartement en location
Appartement Grand Tunis
Jardins de Carthage
Les Jardins De Carthage
S+1 en location
Video
visite 360...",2500,55,Appartement,1,Location,Agence,Les Jardins De Carthage : S+1 en location,https://cdn-media.medialabtc.it/tn/agencies/tuhb5/estates/63625/images/367884/detail.jpeg,"[""https://cdn-media.medialabtc.it/tn/agencies/tuhb5/estates/63625/images/367884/detail.jpeg"", ""https://cdn-media.medialabtc.it/tn/agencies/tuhb5/estates/63625/images/367887/gallery_media.jpeg"", ""https://cdn-media.medialabtc.it/tn/agencies/tuhb5/estates/63625/images/367886/gallery_media.jpeg"", ""https://cdn-media.medialabtc.it/tn/agencies/tuhb5/estates/63625/images/367885/gallery_media.jpeg"", ""https://cdn-media.medialabtc.it/tn/agencies/tuhb5/images/team_member/production/1677.jpeg"", ""https://cdn-media.medialabtc.it/tn/agencies/tuhb5/images/team_member/production/1751.jpeg"", ""https://cdn-media.medialabtc.it/tn/agencies/tuhb5/images/team_member/production/1678.jpeg"", ""https://cdn-media.medialabtc.it/tn/agencies/tuhb5/images/team_member/production/1703.jpeg""]",[],Tecnocasa,Tecnocasa,1,1,1,1,1,1,[],2026-02-15 21:24:08,2026-02-15 21:24:08,2026-02-15 21:24:08,,3,2026-02-15 21:24:08,N/A,N/A
61340,S+2 en location," Immobilier Professionnel
 
 Evaluer mon bien
 
 Chercher une agence
 
 Se connecter
ACCUEIL
IMMOBILIER PROFESSIONNEL
EVALUER MON BIEN
CHERCHER UNE AGENCE
SE CONNECTER
Accueil
Appartement en location
Appartement Grand Tunis
Radés
Rades Maxula
S+2 en location
Video
visite 360°
Photos
Plan
Map
S+2 en ...","
750",100,Appartement,1,Location,Agence,Rades Maxula : S+2 en location,https://cdn-media.medialabtc.it/tn/agencies/turd1/estates/61340/images/368102/detail.jpeg,"[""https://cdn-media.medialabtc.it/tn/agencies/turd1/estates/61340/images/368102/detail.jpeg"", ""https://cdn-media.medialabtc.it/tn/agencies/turd1/estates/61340/images/368101/gallery_media.jpeg"", ""https://cdn-media.medialabtc.it/tn/agencies/turd1/estates/61340/images/368104/gallery_media.jpeg"", ""https://cdn-media.medialabtc.it/tn/agencies/turd1/estates/61340/images/368103/gallery_media.jpeg""]",[],Tecnocasa,Tecnocasa,1,1,1,1,1,1,[],2026-02-15 21:24:08,2026-02-15 21:24:08,2026-02-15 21:24:08,,3,2026-02-15 21:24:08,N/A,N/A
62929,S+3 en location," Immobilier Professionnel
 
 Evaluer mon bien
 
 Chercher une agence
 
 Se connecter
ACCUEIL
IMMOBILIER PROFESSIONNEL
EVALUER MON BIEN
CHERCHER UNE AGENCE
SE CONNECTER
Accueil
Appartement en location
Appartement Grand Tunis
Ennasr
Jardins D'Ennasr
S+3 en location
Video
visite 360°
Photos
Plan
Map
 +...",1350,156,Appartement,1,Location,Agence,Jardins D'Ennasr : S+3 en location,https://cdn-media.medialabtc.it/tn/agencies/arca3/estates/62929/images/360818/detail.jpeg,"[""https://cdn-media.medialabtc.it/tn/agencies/arca3/estates/62929/images/360818/detail.jpeg"", ""https://cdn-media.medialabtc.it/tn/agencies/arca3/estates/62929/images/360807/gallery_media.jpeg"", ""https://cdn-media.medialabtc.it/tn/agencies/arca3/estates/62929/images/360808/gallery_media.jpeg"", ""https://cdn-media.medialabtc.it/tn/agencies/arca3/estates/62929/images/360810/gallery_media.jpeg"", ""https://cdn-media.medialabtc.it/tn/agencies/arca3/images/team_member/production/1383.jpeg"", ""https://cdn-media.medialabtc.it/tn/agencies/arca3/images/team_member/production/1380.jpeg"", ""https://cdn-media.medialabtc.it/tn/agencies/arca3/images/team_member/production/1382.jpeg"", ""https://cdn-media.medialabtc.it/tn/agencies/arca3/images/team_member/production/1434.jpeg"", ""https://cdn-media.medialabtc.it/tn/agencies/arca3/images/team_member/production/1626.jpeg"", ""https://cdn-media.medialabtc.it/tn/agencies/arca3/images/team_member/production/1744.jpeg""]",[],Tecnocasa,Tecnocasa,1,1,1,1,1,1,[],2026-02-15 21:24:08,2026-02-15 21:24:08,2026-02-15 21:24:08,,3,2026-02-15 21:24:08,N/A,N/A
63671,S+4 en location," Immobilier Professionnel
 
 Evaluer mon bien
 
 Chercher une agence
 
 Se connecter
ACCUEIL
IMMOBILIER PROFESSIONNEL
EVALUER MON BIEN
CHERCHER UNE AGENCE
SE CONNECTER
Accueil
Appartement en location
Appartement Grand Tunis
Ennasr
Ennasr 2
S+4 en location
Video
visite 360°
Photos
Plan
Map
 +10
S+4 e...",2250,180,Appartement,1,Location,Agence,Ennasr 2 : S+4 en location,https://cdn-media.medialabtc.it/tn/agencies/arca1/estates/63671/images/367407/detail.jpeg,"[""https://cdn-media.medialabtc.it/tn/agencies/arca1/estates/63671/images/367407/detail.jpeg"", ""https://cdn-media.medialabtc.it/tn/agencies/arca1/estates/63671/images/367433/gallery_media.jpeg"", ""https://cdn-media.medialabtc.it/tn/agencies/arca1/estates/63671/images/367434/gallery_media.jpeg"", ""https://cdn-media.medialabtc.it/tn/agencies/arca1/estates/63671/images/367432/gallery_media.jpeg"", ""https://cdn-media.medialabtc.it/tn/agencies/arca1/images/team_member/production/898.jpeg"", ""https://cdn-media.medialabtc.it/tn/agencies/arca1/images/team_member/production/902.jpeg"", ""https://cdn-media.medialabtc.it/tn/agencies/arca1/images/team_member/production/1668.jpeg""]",[],Tecnocasa,Tecnocasa,1,1,1,1,1,1,[],2026-02-15 21:24:08,2026-02-15 21:24:08,2026-02-15 21:24:08,,3,2026-02-15 21:24:08,N/A,N/A
63691,S+2 en location," Immobilier Professionnel
 
 Evaluer mon bien
 
 Chercher une agence
 
 Se connecter
ACCUEIL
IMMOBILIER PROFESSIONNEL
EVALUER MON BIEN
CHERCHER UNE AGENCE
SE CONNECTER
Accueil
Appartement en location
Appartement Grand Tunis
El Menzah
Menzah 5
S+2 en location
Video
visite 360°
Photos
Plan
Map
 +3
S+2...",1800,100,Appartement,1,Location,Agence,Menzah 5 : S+2 en location,https://cdn-media.medialabtc.it/tn/agencies/arcb1/estates/63691/images/367902/detail.jpeg,"[""https://cdn-media.medialabtc.it/tn/agencies/arcb1/estates/63691/images/367902/detail.jpeg"", ""https://cdn-media.medialabtc.it/tn/agencies/arcb1/estates/63691/images/367878/gallery_media.jpeg"", ""https://cdn-media.medialabtc.it/tn/agencies/arcb1/estates/63691/images/367879/gallery_media.jpeg"", ""https://cdn-media.medialabtc.it/tn/agencies/arcb1/estates/63691/images/367901/gallery_media.jpeg"", ""https://cdn-media.medialabtc.it/tn/agencies/arcb1/images/team_member/production/167.jpeg""]",[],Tecnocasa,Tecnocasa,1,1,1,1,1,1,[],2026-02-15 21:24:08,2026-02-15 21:24:08,2026-02-15 21:24:08,,3,2026-02-15 21:24:08,N/A,N/A
63383,S+2 en location," Immobilier Professionnel
 
 Evaluer mon bien
 
 Chercher une agence
 
 Se connecter
ACCUEIL
IMMOBILIER PROFESSIONNEL
EVALUER MON BIEN
CHERCHER UNE AGENCE
SE CONNECTER
Accueil
Appartement en location
Appartement Grand Tunis
Manar
Manar 1
S+2 en location
Video
visite 360°
Photos
Plan
Map
 +3
S+2 en l...",1100,120,Appartement,1,Location,Agence,Manar 1 : S+2 en location,https://cdn-media.medialabtc.it/tn/agencies/tuch4/estates/63383/images/364326/detail.jpeg,"[""https://cdn-media.medialabtc.it/tn/agencies/tuch4/estates/63383/images/364326/detail.jpeg"", ""https://cdn-media.medialabtc.it/tn/agencies/tuch4/estates/63383/images/364332/gallery_media.jpeg"", ""https://cdn-media.medialabtc.it/tn/agencies/tuch4/estates/63383/images/364328/gallery_media.jpeg"", ""https://cdn-media.medialabtc.it/tn/agencies/tuch4/estates/63383/images/364327/gallery_media.jpeg"", ""https://cdn-media.medialabtc.it/tn/agencies/tuch4/images/team_member/production/120.jpeg""]",[],Tecnocasa,Tecnocasa,1,1,1,1,1,1,[],2026-02-15 21:24:08,2026-02-15 21:24:08,2026-02-15 21:24:08,,3,2026-02-15 21:24:08,N/A,N/A
62773,S+3 en location," Immobilier Professionnel
 
 Evaluer mon bien
 
 Chercher une agence
 
 Se connecter
ACCUEIL
IMMOBILIER PROFESSIONNEL
EVALUER MON BIEN
CHERCHER UNE AGENCE
SE CONNECTER
Accueil
Appartement en location
Appartement Grand Tunis
Les Berges Du Lac
Les Berges Du Lac 1
S+3 en location
Video
visite 360°
Phot...",3000,160,Appartement,1,Location,Agence,Les Berges Du Lac 1 : S+3 en location,https://cdn-media.medialabtc.it/tn/agencies/tuca1/estates/62773/images/360455/detail.jpeg,"[""https://cdn-media.medialabtc.it/tn/agencies/tuca1/estates/62773/images/360455/detail.jpeg"", ""https://cdn-media.medialabtc.it/tn/agencies/tuca1/estates/62773/images/360456/gallery_media.jpeg"", ""https://cdn-media.medialabtc.it/tn/agencies/tuca1/estates/62773/images/360450/gallery_media.jpeg"", ""https://cdn-media.medialabtc.it/tn/agencies/tuca1/estates/62773/images/360447/gallery_media.jpeg""]",[],Tecnocasa,Tecnocasa,1,1,1,1,1,1,[],2026-02-15 21:24:08,2026-02-15 21:24:08,2026-02-15 21:24:08,,3,2026-02-15 21:24:08,N/A,N/A
63680,S+1 en location," Immobilier Professionnel
 
 Evaluer mon bien
 
 Chercher une agence
 
 Se connecter
ACCUEIL
IMMOBILIER PROFESSIONNEL
EVALUER MON BIEN
CHERCHER UNE AGENCE
SE CONNECTER
Accueil
Appartement en location
Appartement Grand Tunis
La Marsa
La Marsa
S+1 en location
Video
visite 360°
Photos
Plan
Map
 +6
S+1 ...",1300,80,Appartement,1,Location,Agence,La Marsa : S+1 en location,https://cdn-media.medialabtc.it/tn/agencies/tuma1/estates/63680/images/367504/detail.jpeg,"[""https://cdn-media.medialabtc.it/tn/agencies/tuma1/estates/63680/images/367504/detail.jpeg"", ""https://cdn-media.medialabtc.it/tn/agencies/tuma1/estates/63680/images/367494/gallery_media.jpeg"", ""https://cdn-media.medialabtc.it/tn/agencies/tuma1/estates/63680/images/367493/gallery_media.jpeg"", ""https://cdn-media.medialabtc.it/tn/agencies/tuma1/estates/63680/images/367497/gallery_media.jpeg"", ""https://cdn-media.medialabtc.it/tn/agencies/tuma1/images/team_member/production/478.jpeg"", ""https://cdn-media.medialabtc.it/tn/agencies/tuma1/images/team_member/production/1390.jpeg"", ""https://cdn-media.medialabtc.it/tn/agencies/tuma1/images/team_member/production/1424.jpeg"", ""https://cdn-media.medialabtc.it/tn/agencies/tuma1/images/team_member/production/905.jpeg"", ""https://cdn-media.medialabtc.it/tn/agencies/tuma1/images/team_member/production/1389.jpeg""]",[],Tecnocasa,Tecnocasa,1,1,1,1,1,1,[],2026-02-15 21:24:08,2026-02-15 21:24:08,2026-02-15 21:24:08,,3,2026-02-15 21:24:08,N/A,N/A
63359,S+3 en location," Immobilier Professionnel
 
 Evaluer mon bien
 
 Chercher une agence
 
 Se connecter
ACCUEIL
IMMOBILIER PROFESSIONNEL
EVALUER MON BIEN
CHERCHER UNE AGENCE
SE CONNECTER
Accueil
Appartement en location
Appartement Grand Tunis
Ennasr
Jardins D'Ennasr
S+3 en location
Video
visite 360°
Photos
Plan
Map
 +...",1600,155,Appartement,1,Location,Agence,Jardins D'Ennasr : S+3 en location,https://cdn-media.medialabtc.it/tn/agencies/arca3/estates/63359/images/366487/detail.jpeg,"[""https://cdn-media.medialabtc.it/tn/agencies/arca3/estates/63359/images/366487/detail.jpeg"", ""https://cdn-media.medialabtc.it/tn/agencies/arca3/estates/63359/images/366489/gallery_media.jpeg"", ""https://cdn-media.medialabtc.it/tn/agencies/arca3/estates/63359/images/366490/gallery_media.jpeg"", ""https://cdn-media.medialabtc.it/tn/agencies/arca3/estates/63359/images/366492/gallery_media.jpeg"", ""https://cdn-media.medialabtc.it/tn/agencies/arca3/images/team_member/production/1383.jpeg"", ""https://cdn-media.medialabtc.it/tn/agencies/arca3/images/team_member/production/1380.jpeg"", ""https://cdn-media.medialabtc.it/tn/agencies/arca3/images/team_member/production/1382.jpeg"", ""https://cdn-media.medialabtc.it/tn/agencies/arca3/images/team_member/production/1434.jpeg"", ""https://cdn-media.medialabtc.it/tn/agencies/arca3/images/team_member/production/1626.jpeg"", ""https://cdn-media.medialabtc.it/tn/agencies/arca3/images/team_member/production/1744.jpeg""]",[],Tecnocasa,Tecnocasa,1,1,1,1,1,1,[],2026-02-15 21:24:08,2026-02-15 21:24:08,2026-02-15 21:24:08,,3,2026-02-15 21:24:08,N/A,N/A
63696,S+4 en location," Immobilier Professionnel
 
 Evaluer mon bien
 
 Chercher une agence
 
 Se connecter
ACCUEIL
IMMOBILIER PROFESSIONNEL
EVALUER MON BIEN
CHERCHER UNE AGENCE
SE CONNECTER
Accueil
Appartement en location
Appartement Grand Tunis
Jardins de Carthage
Les Jardins De Carthage
S+4 en location
Video
visite 360...",2500,231,Appartement,1,Location,Agence,Les Jardins De Carthage : S+4 en location,https://cdn-media.medialabtc.it/tn/agencies/tuhb5/estates/63696/images/367833/detail.jpeg,"[""https://cdn-media.medialabtc.it/tn/agencies/tuhb5/estates/63696/images/367833/detail.jpeg"", ""https://cdn-media.medialabtc.it/tn/agencies/tuhb5/estates/63696/images/367822/gallery_media.jpeg"", ""https://cdn-media.medialabtc.it/tn/agencies/tuhb5/estates/63696/images/367829/gallery_media.jpeg"", ""https://cdn-media.medialabtc.it/tn/agencies/tuhb5/estates/63696/images/367823/gallery_media.jpeg"", ""https://cdn-media.medialabtc.it/tn/agencies/tuhb5/images/team_member/production/1677.jpeg"", ""https://cdn-media.medialabtc.it/tn/agencies/tuhb5/images/team_member/production/1751.jpeg"", ""https://cdn-media.medialabtc.it/tn/agencies/tuhb5/images/team_member/production/1678.jpeg"", ""https://cdn-media.medialabtc.it/tn/agencies/tuhb5/images/team_member/production/1703.jpeg""]",[],Tecnocasa,Tecnocasa,1,1,1,1,1,1,[],2026-02-15 21:24:08,2026-02-15 21:24:08,2026-02-15 21:24:08,,4,2026-02-15 21:24:08,N/A,N/A
63646,S+1 en location," Immobilier Professionnel
 
 Evaluer mon bien
 
 Chercher une agence
 
 Se connecter
ACCUEIL
IMMOBILIER PROFESSIONNEL
EVALUER MON BIEN
CHERCHER UNE AGENCE
SE CONNECTER
Accueil
Appartement en location
Appartement Grand Tunis
El Mourouj
El Mourouj 6
S+1 en location
Video
visite 360°
Photos
Plan
Map
 +...","
850",70,Appartement,1,Location,Agence,El Mourouj 6 : S+1 en location,https://cdn-media.medialabtc.it/tn/agencies/tumo1/estates/63646/images/367845/detail.jpeg,"[""https://cdn-media.medialabtc.it/tn/agencies/tumo1/estates/63646/images/367845/detail.jpeg"", ""https://cdn-media.medialabtc.it/tn/agencies/tumo1/estates/63646/images/367847/gallery_media.jpeg"", ""https://cdn-media.medialabtc.it/tn/agencies/tumo1/estates/63646/images/367846/gallery_media.jpeg"", ""https://cdn-media.medialabtc.it/tn/agencies/tumo1/estates/63646/images/367844/gallery_media.jpeg"", ""https://cdn-media.medialabtc.it/tn/agencies/tumo1/images/team_member/production/1499.jpeg"", ""https://cdn-media.medialabtc.it/tn/agencies/tumo1/images/team_member/production/1344.jpeg"", ""https://cdn-media.medialabtc.it/tn/agencies/tumo1/images/team_member/production/1607.jpeg"", ""https://cdn-media.medialabtc.it/tn/agencies/tumo1/images/team_member/production/1497.jpeg"", ""https://cdn-media.medialabtc.it/tn/agencies/tumo1/images/team_member/production/1631.jpeg""]",[],Tecnocasa,Tecnocasa,1,1,1,1,1,1,[],2026-02-15 21:24:08,2026-02-15 21:24:08,2026-02-15 21:24:08,,4,2026-02-15 21:24:08,N/A,N/A
63023,S+3 en location," Immobilier Professionnel
 
 Evaluer mon bien
 
 Chercher une agence
 
 Se connecter
ACCUEIL
IMMOBILIER PROFESSIONNEL
EVALUER MON BIEN
CHERCHER UNE AGENCE
SE CONNECTER
Accueil
Appartement en location
Appartement Grand Tunis
La Marsa
La Marsa
S+3 en location
Video
visite 360°
Photos
Plan
Map
 +1
S+3 ...",4500,160,Appartement,1,Location,Agence,La Marsa : S+3 en location,https://cdn-media.medialabtc.it/tn/agencies/tuha1/estates/63023/images/368130/detail.jpeg,"[""https://cdn-media.medialabtc.it/tn/agencies/tuha1/estates/63023/images/368130/detail.jpeg"", ""https://cdn-media.medialabtc.it/tn/agencies/tuha1/estates/63023/images/368129/gallery_media.jpeg"", ""https://cdn-media.medialabtc.it/tn/agencies/tuha1/estates/63023/images/368127/gallery_media.jpeg"", ""https://cdn-media.medialabtc.it/tn/agencies/tuha1/estates/63023/images/368128/gallery_media.jpeg"", ""https://cdn-media.medialabtc.it/tn/agencies/tuha1/images/team_member/production/1359.jpeg"", ""https://cdn-media.medialabtc.it/tn/agencies/tuha1/images/team_member/production/686.jpeg"", ""https://cdn-media.medialabtc.it/tn/agencies/tuha1/images/team_member/production/750.jpeg"", ""https://cdn-media.medialabtc.it/tn/agencies/tuha1/images/team_member/production/1539.jpeg"", ""https://cdn-media.medialabtc.it/tn/agencies/tuha1/images/team_member/production/1273.jpeg""]",[],Tecnocasa,Tecnocasa,1,1,1,1,1,1,[],2026-02-15 21:24:08,2026-02-15 21:24:08,2026-02-15 21:24:08,,4,2026-02-15 21:24:08,N/A,N/A
63721,Duplex en location," Immobilier Professionnel
 
 Evaluer mon bien
 
 Chercher une agence
 
 Se connecter
ACCUEIL
IMMOBILIER PROFESSIONNEL
EVALUER MON BIEN
CHERCHER UNE AGENCE
SE CONNECTER
Accueil
Appartement en location
Appartement Grand Tunis
La Marsa
La Marsa
Duplex en location
Video
visite 360°
Photos
Plan
Map
 +5
D...",1650,70,Appartement,1,Location,Agence,La Marsa : Duplex en location,https://cdn-media.medialabtc.it/tn/agencies/tuha1/estates/63721/images/368152/detail.jpeg,"[""https://cdn-media.medialabtc.it/tn/agencies/tuha1/estates/63721/images/368152/detail.jpeg"", ""https://cdn-media.medialabtc.it/tn/agencies/tuha1/estates/63721/images/368151/gallery_media.jpeg"", ""https://cdn-media.medialabtc.it/tn/agencies/tuha1/estates/63721/images/368149/gallery_media.jpeg"", ""https://cdn-media.medialabtc.it/tn/agencies/tuha1/estates/63721/images/368147/gallery_media.jpeg"", ""https://cdn-media.medialabtc.it/tn/agencies/tuha1/images/team_member/production/1359.jpeg"", ""https://cdn-media.medialabtc.it/tn/agencies/tuha1/images/team_member/production/686.jpeg"", ""https://cdn-media.medialabtc.it/tn/agencies/tuha1/images/team_member/production/750.jpeg"", ""https://cdn-media.medialabtc.it/tn/agencies/tuha1/images/team_member/production/1539.jpeg"", ""https://cdn-media.medialabtc.it/tn/agencies/tuha1/images/team_member/production/1273.jpeg""]",[],Tecnocasa,Tecnocasa,1,1,1,1,1,1,[],2026-02-15 21:24:08,2026-02-15 21:24:08,2026-02-15 21:24:08,,4,2026-02-15 21:24:08,N/A,N/A
63462,S+2 en location," Immobilier Professionnel
 
 Evaluer mon bien
 
 Chercher une agence
 
 Se connecter
ACCUEIL
IMMOBILIER PROFESSIONNEL
EVALUER MON BIEN
CHERCHER UNE AGENCE
SE CONNECTER
Accueil
Appartement en location
Appartement Grand Tunis
El Mourouj
El Mourouj 5
S+2 en location
Video
visite 360°
Photos
Plan
Map
 +...","
800",100,Appartement,1,Location,Agence,El Mourouj 5 : S+2 en location,https://cdn-media.medialabtc.it/tn/agencies/tumo1/estates/63462/images/367882/detail.jpeg,"[""https://cdn-media.medialabtc.it/tn/agencies/tumo1/estates/63462/images/367882/detail.jpeg"", ""https://cdn-media.medialabtc.it/tn/agencies/tumo1/estates/63462/images/364936/gallery_media.jpeg"", ""https://cdn-media.medialabtc.it/tn/agencies/tumo1/estates/63462/images/364937/gallery_media.jpeg"", ""https://cdn-media.medialabtc.it/tn/agencies/tumo1/estates/63462/images/364942/gallery_media.jpeg"", ""https://cdn-media.medialabtc.it/tn/agencies/tumo1/images/team_member/production/1499.jpeg"", ""https://cdn-media.medialabtc.it/tn/agencies/tumo1/images/team_member/production/1344.jpeg"", ""https://cdn-media.medialabtc.it/tn/agencies/tumo1/images/team_member/production/1607.jpeg"", ""https://cdn-media.medialabtc.it/tn/agencies/tumo1/images/team_member/production/1497.jpeg"", ""https://cdn-media.medialabtc.it/tn/agencies/tumo1/images/team_member/production/1631.jpeg""]",[],Tecnocasa,Tecnocasa,1,1,1,1,1,1,[],2026-02-15 21:24:08,2026-02-15 21:24:08,2026-02-15 21:24:08,,4,2026-02-15 21:24:08,N/A,N/A
63771,S+2 en location," Immobilier Professionnel
 
 Evaluer mon bien
 
 Chercher une agence
 
 Se connecter
ACCUEIL
IMMOBILIER PROFESSIONNEL
EVALUER MON BIEN
CHERCHER UNE AGENCE
SE CONNECTER
Accueil
Appartement en location
Appartement Grand Tunis
Borj Cédria
Borj Cédria
S+2 en location
Video
visite 360°
Photos
Plan
Map
 +...","
600",,Appartement,1,Location,Agence,Borj Cédria : S+2 en location,https://cdn-media.medialabtc.it/tn/agencies/tuhd2/estates/63771/images/368022/detail.jpeg,"[""https://cdn-media.medialabtc.it/tn/agencies/tuhd2/estates/63771/images/368022/detail.jpeg"", ""https://cdn-media.medialabtc.it/tn/agencies/tuhd2/estates/63771/images/368017/gallery_media.jpeg"", ""https://cdn-media.medialabtc.it/tn/agencies/tuhd2/estates/63771/images/368018/gallery_media.jpeg"", ""https://cdn-media.medialabtc.it/tn/agencies/tuhd2/estates/63771/images/368021/gallery_media.jpeg""]",[],Tecnocasa,Tecnocasa,1,1,1,1,1,1,[],2026-02-15 21:24:08,2026-02-15 21:24:08,2026-02-15 21:24:08,,4,2026-02-15 21:24:08,N/A,N/A
63625,S+1 en location," Immobilier Professionnel
 
 Evaluer mon bien
 
 Chercher une agence
 
 Se connecter
ACCUEIL
IMMOBILIER PROFESSIONNEL
EVALUER MON BIEN
CHERCHER UNE AGENCE
SE CONNECTER
Accueil
Appartement en location
Appartement Grand Tunis
Jardins de Carthage
Les Jardins De Carthage
S+1 en location
Video
visite 360...",2500,55,Appartement,1,Location,Agence,Les Jardins De Carthage : S+1 en location,https://cdn-media.medialabtc.it/tn/agencies/tuhb5/estates/63625/images/367884/detail.jpeg,"[""https://cdn-media.medialabtc.it/tn/agencies/tuhb5/estates/63625/images/367884/detail.jpeg"", ""https://cdn-media.medialabtc.it/tn/agencies/tuhb5/estates/63625/images/367887/gallery_media.jpeg"", ""https://cdn-media.medialabtc.it/tn/agencies/tuhb5/estates/63625/images/367886/gallery_media.jpeg"", ""https://cdn-media.medialabtc.it/tn/agencies/tuhb5/estates/63625/images/367885/gallery_media.jpeg"", ""https://cdn-media.medialabtc.it/tn/agencies/tuhb5/images/team_member/production/1677.jpeg"", ""https://cdn-media.medialabtc.it/tn/agencies/tuhb5/images/team_member/production/1751.jpeg"", ""https://cdn-media.medialabtc.it/tn/agencies/tuhb5/images/team_member/production/1678.jpeg"", ""https://cdn-media.medialabtc.it/tn/agencies/tuhb5/images/team_member/production/1703.jpeg""]",[],Tecnocasa,Tecnocasa,1,1,1,1,1,1,[],2026-02-15 21:24:08,2026-02-15 21:24:08,2026-02-15 21:24:08,,4,2026-02-15 21:24:08,N/A,N/A
61340,S+2 en location," Immobilier Professionnel
 
 Evaluer mon bien
 
 Chercher une agence
 
 Se connecter
ACCUEIL
IMMOBILIER PROFESSIONNEL
EVALUER MON BIEN
CHERCHER UNE AGENCE
SE CONNECTER
Accueil
Appartement en location
Appartement Grand Tunis
Radés
Rades Maxula
S+2 en location
Video
visite 360°
Photos
Plan
Map
S+2 en ...","
750",100,Appartement,1,Location,Agence,Rades Maxula : S+2 en location,https://cdn-media.medialabtc.it/tn/agencies/turd1/estates/61340/images/368102/detail.jpeg,"[""https://cdn-media.medialabtc.it/tn/agencies/turd1/estates/61340/images/368102/detail.jpeg"", ""https://cdn-media.medialabtc.it/tn/agencies/turd1/estates/61340/images/368101/gallery_media.jpeg"", ""https://cdn-media.medialabtc.it/tn/agencies/turd1/estates/61340/images/368104/gallery_media.jpeg"", ""https://cdn-media.medialabtc.it/tn/agencies/turd1/estates/61340/images/368103/gallery_media.jpeg""]",[],Tecnocasa,Tecnocasa,1,1,1,1,1,1,[],2026-02-15 21:24:08,2026-02-15 21:24:08,2026-02-15 21:24:08,,4,2026-02-15 21:24:08,N/A,N/A
62929,S+3 en location," Immobilier Professionnel
 
 Evaluer mon bien
 
 Chercher une agence
 
 Se connecter
ACCUEIL
IMMOBILIER PROFESSIONNEL
EVALUER MON BIEN
CHERCHER UNE AGENCE
SE CONNECTER
Accueil
Appartement en location
Appartement Grand Tunis
Ennasr
Jardins D'Ennasr
S+3 en location
Video
visite 360°
Photos
Plan
Map
 +...",1350,156,Appartement,1,Location,Agence,Jardins D'Ennasr : S+3 en location,https://cdn-media.medialabtc.it/tn/agencies/arca3/estates/62929/images/360818/detail.jpeg,"[""https://cdn-media.medialabtc.it/tn/agencies/arca3/estates/62929/images/360818/detail.jpeg"", ""https://cdn-media.medialabtc.it/tn/agencies/arca3/estates/62929/images/360807/gallery_media.jpeg"", ""https://cdn-media.medialabtc.it/tn/agencies/arca3/estates/62929/images/360808/gallery_media.jpeg"", ""https://cdn-media.medialabtc.it/tn/agencies/arca3/estates/62929/images/360810/gallery_media.jpeg"", ""https://cdn-media.medialabtc.it/tn/agencies/arca3/images/team_member/production/1383.jpeg"", ""https://cdn-media.medialabtc.it/tn/agencies/arca3/images/team_member/production/1380.jpeg"", ""https://cdn-media.medialabtc.it/tn/agencies/arca3/images/team_member/production/1382.jpeg"", ""https://cdn-media.medialabtc.it/tn/agencies/arca3/images/team_member/production/1434.jpeg"", ""https://cdn-media.medialabtc.it/tn/agencies/arca3/images/team_member/production/1626.jpeg"", ""https://cdn-media.medialabtc.it/tn/agencies/arca3/images/team_member/production/1744.jpeg""]",[],Tecnocasa,Tecnocasa,1,1,1,1,1,1,[],2026-02-15 21:24:08,2026-02-15 21:24:08,2026-02-15 21:24:08,,4,2026-02-15 21:24:08,N/A,N/A
63671,S+4 en location," Immobilier Professionnel
 
 Evaluer mon bien
 
 Chercher une agence
 
 Se connecter
ACCUEIL
IMMOBILIER PROFESSIONNEL
EVALUER MON BIEN
CHERCHER UNE AGENCE
SE CONNECTER
Accueil
Appartement en location
Appartement Grand Tunis
Ennasr
Ennasr 2
S+4 en location
Video
visite 360°
Photos
Plan
Map
 +10
S+4 e...",2250,180,Appartement,1,Location,Agence,Ennasr 2 : S+4 en location,https://cdn-media.medialabtc.it/tn/agencies/arca1/estates/63671/images/367407/detail.jpeg,"[""https://cdn-media.medialabtc.it/tn/agencies/arca1/estates/63671/images/367407/detail.jpeg"", ""https://cdn-media.medialabtc.it/tn/agencies/arca1/estates/63671/images/367433/gallery_media.jpeg"", ""https://cdn-media.medialabtc.it/tn/agencies/arca1/estates/63671/images/367434/gallery_media.jpeg"", ""https://cdn-media.medialabtc.it/tn/agencies/arca1/estates/63671/images/367432/gallery_media.jpeg"", ""https://cdn-media.medialabtc.it/tn/agencies/arca1/images/team_member/production/898.jpeg"", ""https://cdn-media.medialabtc.it/tn/agencies/arca1/images/team_member/production/902.jpeg"", ""https://cdn-media.medialabtc.it/tn/agencies/arca1/images/team_member/production/1668.jpeg""]",[],Tecnocasa,Tecnocasa,1,1,1,1,1,1,[],2026-02-15 21:24:08,2026-02-15 21:24:08,2026-02-15 21:24:08,,4,2026-02-15 21:24:08,N/A,N/A
63691,S+2 en location," Immobilier Professionnel
 
 Evaluer mon bien
 
 Chercher une agence
 
 Se connecter
ACCUEIL
IMMOBILIER PROFESSIONNEL
EVALUER MON BIEN
CHERCHER UNE AGENCE
SE CONNECTER
Accueil
Appartement en location
Appartement Grand Tunis
El Menzah
Menzah 5
S+2 en location
Video
visite 360°
Photos
Plan
Map
 +3
S+2...",1800,100,Appartement,1,Location,Agence,Menzah 5 : S+2 en location,https://cdn-media.medialabtc.it/tn/agencies/arcb1/estates/63691/images/367902/detail.jpeg,"[""https://cdn-media.medialabtc.it/tn/agencies/arcb1/estates/63691/images/367902/detail.jpeg"", ""https://cdn-media.medialabtc.it/tn/agencies/arcb1/estates/63691/images/367878/gallery_media.jpeg"", ""https://cdn-media.medialabtc.it/tn/agencies/arcb1/estates/63691/images/367879/gallery_media.jpeg"", ""https://cdn-media.medialabtc.it/tn/agencies/arcb1/estates/63691/images/367901/gallery_media.jpeg"", ""https://cdn-media.medialabtc.it/tn/agencies/arcb1/images/team_member/production/167.jpeg""]",[],Tecnocasa,Tecnocasa,1,1,1,1,1,1,[],2026-02-15 21:24:08,2026-02-15 21:24:08,2026-02-15 21:24:08,,4,2026-02-15 21:24:08,N/A,N/A
63383,S+2 en location," Immobilier Professionnel
 
 Evaluer mon bien
 
 Chercher une agence
 
 Se connecter
ACCUEIL
IMMOBILIER PROFESSIONNEL
EVALUER MON BIEN
CHERCHER UNE AGENCE
SE CONNECTER
Accueil
Appartement en location
Appartement Grand Tunis
Manar
Manar 1
S+2 en location
Video
visite 360°
Photos
Plan
Map
 +3
S+2 en l...",1100,120,Appartement,1,Location,Agence,Manar 1 : S+2 en location,https://cdn-media.medialabtc.it/tn/agencies/tuch4/estates/63383/images/364326/detail.jpeg,"[""https://cdn-media.medialabtc.it/tn/agencies/tuch4/estates/63383/images/364326/detail.jpeg"", ""https://cdn-media.medialabtc.it/tn/agencies/tuch4/estates/63383/images/364332/gallery_media.jpeg"", ""https://cdn-media.medialabtc.it/tn/agencies/tuch4/estates/63383/images/364328/gallery_media.jpeg"", ""https://cdn-media.medialabtc.it/tn/agencies/tuch4/estates/63383/images/364327/gallery_media.jpeg"", ""https://cdn-media.medialabtc.it/tn/agencies/tuch4/images/team_member/production/120.jpeg""]",[],Tecnocasa,Tecnocasa,1,1,1,1,1,1,[],2026-02-15 21:24:08,2026-02-15 21:24:08,2026-02-15 21:24:08,,4,2026-02-15 21:24:08,N/A,N/A
62773,S+3 en location," Immobilier Professionnel
 
 Evaluer mon bien
 
 Chercher une agence
 
 Se connecter
ACCUEIL
IMMOBILIER PROFESSIONNEL
EVALUER MON BIEN
CHERCHER UNE AGENCE
SE CONNECTER
Accueil
Appartement en location
Appartement Grand Tunis
Les Berges Du Lac
Les Berges Du Lac 1
S+3 en location
Video
visite 360°
Phot...",3000,160,Appartement,1,Location,Agence,Les Berges Du Lac 1 : S+3 en location,https://cdn-media.medialabtc.it/tn/agencies/tuca1/estates/62773/images/360455/detail.jpeg,"[""https://cdn-media.medialabtc.it/tn/agencies/tuca1/estates/62773/images/360455/detail.jpeg"", ""https://cdn-media.medialabtc.it/tn/agencies/tuca1/estates/62773/images/360456/gallery_media.jpeg"", ""https://cdn-media.medialabtc.it/tn/agencies/tuca1/estates/62773/images/360450/gallery_media.jpeg"", ""https://cdn-media.medialabtc.it/tn/agencies/tuca1/estates/62773/images/360447/gallery_media.jpeg""]",[],Tecnocasa,Tecnocasa,1,1,1,1,1,1,[],2026-02-15 21:24:08,2026-02-15 21:24:08,2026-02-15 21:24:08,,4,2026-02-15 21:24:08,N/A,N/A
63680,S+1 en location," Immobilier Professionnel
 
 Evaluer mon bien
 
 Chercher une agence
 
 Se connecter
ACCUEIL
IMMOBILIER PROFESSIONNEL
EVALUER MON BIEN
CHERCHER UNE AGENCE
SE CONNECTER
Accueil
Appartement en location
Appartement Grand Tunis
La Marsa
La Marsa
S+1 en location
Video
visite 360°
Photos
Plan
Map
 +6
S+1 ...",1300,80,Appartement,1,Location,Agence,La Marsa : S+1 en location,https://cdn-media.medialabtc.it/tn/agencies/tuma1/estates/63680/images/367504/detail.jpeg,"[""https://cdn-media.medialabtc.it/tn/agencies/tuma1/estates/63680/images/367504/detail.jpeg"", ""https://cdn-media.medialabtc.it/tn/agencies/tuma1/estates/63680/images/367494/gallery_media.jpeg"", ""https://cdn-media.medialabtc.it/tn/agencies/tuma1/estates/63680/images/367493/gallery_media.jpeg"", ""https://cdn-media.medialabtc.it/tn/agencies/tuma1/estates/63680/images/367497/gallery_media.jpeg"", ""https://cdn-media.medialabtc.it/tn/agencies/tuma1/images/team_member/production/478.jpeg"", ""https://cdn-media.medialabtc.it/tn/agencies/tuma1/images/team_member/production/1390.jpeg"", ""https://cdn-media.medialabtc.it/tn/agencies/tuma1/images/team_member/production/1424.jpeg"", ""https://cdn-media.medialabtc.it/tn/agencies/tuma1/images/team_member/production/905.jpeg"", ""https://cdn-media.medialabtc.it/tn/agencies/tuma1/images/team_member/production/1389.jpeg""]",[],Tecnocasa,Tecnocasa,1,1,1,1,1,1,[],2026-02-15 21:24:08,2026-02-15 21:24:08,2026-02-15 21:24:08,,4,2026-02-15 21:24:08,N/A,N/A
63359,S+3 en location," Immobilier Professionnel
 
 Evaluer mon bien
 
 Chercher une agence
 
 Se connecter
ACCUEIL
IMMOBILIER PROFESSIONNEL
EVALUER MON BIEN
CHERCHER UNE AGENCE
SE CONNECTER
Accueil
Appartement en location
Appartement Grand Tunis
Ennasr
Jardins D'Ennasr
S+3 en location
Video
visite 360°
Photos
Plan
Map
 +...",1600,155,Appartement,1,Location,Agence,Jardins D'Ennasr : S+3 en location,https://cdn-media.medialabtc.it/tn/agencies/arca3/estates/63359/images/366487/detail.jpeg,"[""https://cdn-media.medialabtc.it/tn/agencies/arca3/estates/63359/images/366487/detail.jpeg"", ""https://cdn-media.medialabtc.it/tn/agencies/arca3/estates/63359/images/366489/gallery_media.jpeg"", ""https://cdn-media.medialabtc.it/tn/agencies/arca3/estates/63359/images/366490/gallery_media.jpeg"", ""https://cdn-media.medialabtc.it/tn/agencies/arca3/estates/63359/images/366492/gallery_media.jpeg"", ""https://cdn-media.medialabtc.it/tn/agencies/arca3/images/team_member/production/1383.jpeg"", ""https://cdn-media.medialabtc.it/tn/agencies/arca3/images/team_member/production/1380.jpeg"", ""https://cdn-media.medialabtc.it/tn/agencies/arca3/images/team_member/production/1382.jpeg"", ""https://cdn-media.medialabtc.it/tn/agencies/arca3/images/team_member/production/1434.jpeg"", ""https://cdn-media.medialabtc.it/tn/agencies/arca3/images/team_member/production/1626.jpeg"", ""https://cdn-media.medialabtc.it/tn/agencies/arca3/images/team_member/production/1744.jpeg""]",[],Tecnocasa,Tecnocasa,1,1,1,1,1,1,[],2026-02-15 21:24:08,2026-02-15 21:24:08,2026-02-15 21:24:08,,4,2026-02-15 21:24:08,N/A,N/A
63696,S+4 en location," Immobilier Professionnel
 
 Evaluer mon bien
 
 Chercher une agence
 
 Se connecter
ACCUEIL
IMMOBILIER PROFESSIONNEL
EVALUER MON BIEN
CHERCHER UNE AGENCE
SE CONNECTER
Accueil
Appartement en location
Appartement Grand Tunis
Jardins de Carthage
Les Jardins De Carthage
S+4 en location
Video
visite 360...",2500,231,Appartement,1,Location,Agence,Les Jardins De Carthage : S+4 en location,https://cdn-media.medialabtc.it/tn/agencies/tuhb5/estates/63696/images/367833/detail.jpeg,"[""https://cdn-media.medialabtc.it/tn/agencies/tuhb5/estates/63696/images/367833/detail.jpeg"", ""https://cdn-media.medialabtc.it/tn/agencies/tuhb5/estates/63696/images/367822/gallery_media.jpeg"", ""https://cdn-media.medialabtc.it/tn/agencies/tuhb5/estates/63696/images/367829/gallery_media.jpeg"", ""https://cdn-media.medialabtc.it/tn/agencies/tuhb5/estates/63696/images/367823/gallery_media.jpeg"", ""https://cdn-media.medialabtc.it/tn/agencies/tuhb5/images/team_member/production/1677.jpeg"", ""https://cdn-media.medialabtc.it/tn/agencies/tuhb5/images/team_member/production/1751.jpeg"", ""https://cdn-media.medialabtc.it/tn/agencies/tuhb5/images/team_member/production/1678.jpeg"", ""https://cdn-media.medialabtc.it/tn/agencies/tuhb5/images/team_member/production/1703.jpeg""]",[],Tecnocasa,Tecnocasa,1,1,1,1,1,1,[],2026-02-15 21:24:08,2026-02-15 21:24:08,2026-02-15 21:24:08,,5,2026-02-15 21:24:08,N/A,N/A
63646,S+1 en location," Immobilier Professionnel
 
 Evaluer mon bien
 
 Chercher une agence
 
 Se connecter
ACCUEIL
IMMOBILIER PROFESSIONNEL
EVALUER MON BIEN
CHERCHER UNE AGENCE
SE CONNECTER
Accueil
Appartement en location
Appartement Grand Tunis
El Mourouj
El Mourouj 6
S+1 en location
Video
visite 360°
Photos
Plan
Map
 +...","
850",70,Appartement,1,Location,Agence,El Mourouj 6 : S+1 en location,https://cdn-media.medialabtc.it/tn/agencies/tumo1/estates/63646/images/367845/detail.jpeg,"[""https://cdn-media.medialabtc.it/tn/agencies/tumo1/estates/63646/images/367845/detail.jpeg"", ""https://cdn-media.medialabtc.it/tn/agencies/tumo1/estates/63646/images/367847/gallery_media.jpeg"", ""https://cdn-media.medialabtc.it/tn/agencies/tumo1/estates/63646/images/367846/gallery_media.jpeg"", ""https://cdn-media.medialabtc.it/tn/agencies/tumo1/estates/63646/images/367844/gallery_media.jpeg"", ""https://cdn-media.medialabtc.it/tn/agencies/tumo1/images/team_member/production/1499.jpeg"", ""https://cdn-media.medialabtc.it/tn/agencies/tumo1/images/team_member/production/1344.jpeg"", ""https://cdn-media.medialabtc.it/tn/agencies/tumo1/images/team_member/production/1607.jpeg"", ""https://cdn-media.medialabtc.it/tn/agencies/tumo1/images/team_member/production/1497.jpeg"", ""https://cdn-media.medialabtc.it/tn/agencies/tumo1/images/team_member/production/1631.jpeg""]",[],Tecnocasa,Tecnocasa,1,1,1,1,1,1,[],2026-02-15 21:24:08,2026-02-15 21:24:08,2026-02-15 21:24:08,,5,2026-02-15 21:24:08,N/A,N/A
63023,S+3 en location," Immobilier Professionnel
 
 Evaluer mon bien
 
 Chercher une agence
 
 Se connecter
ACCUEIL
IMMOBILIER PROFESSIONNEL
EVALUER MON BIEN
CHERCHER UNE AGENCE
SE CONNECTER
Accueil
Appartement en location
Appartement Grand Tunis
La Marsa
La Marsa
S+3 en location
Video
visite 360°
Photos
Plan
Map
 +1
S+3 ...",4500,160,Appartement,1,Location,Agence,La Marsa : S+3 en location,https://cdn-media.medialabtc.it/tn/agencies/tuha1/estates/63023/images/368130/detail.jpeg,"[""https://cdn-media.medialabtc.it/tn/agencies/tuha1/estates/63023/images/368130/detail.jpeg"", ""https://cdn-media.medialabtc.it/tn/agencies/tuha1/estates/63023/images/368129/gallery_media.jpeg"", ""https://cdn-media.medialabtc.it/tn/agencies/tuha1/estates/63023/images/368127/gallery_media.jpeg"", ""https://cdn-media.medialabtc.it/tn/agencies/tuha1/estates/63023/images/368128/gallery_media.jpeg"", ""https://cdn-media.medialabtc.it/tn/agencies/tuha1/images/team_member/production/1359.jpeg"", ""https://cdn-media.medialabtc.it/tn/agencies/tuha1/images/team_member/production/686.jpeg"", ""https://cdn-media.medialabtc.it/tn/agencies/tuha1/images/team_member/production/750.jpeg"", ""https://cdn-media.medialabtc.it/tn/agencies/tuha1/images/team_member/production/1539.jpeg"", ""https://cdn-media.medialabtc.it/tn/agencies/tuha1/images/team_member/production/1273.jpeg""]",[],Tecnocasa,Tecnocasa,1,1,1,1,1,1,[],2026-02-15 21:24:08,2026-02-15 21:24:08,2026-02-15 21:24:08,,5,2026-02-15 21:24:08,N/A,N/A
63721,Duplex en location," Immobilier Professionnel
 
 Evaluer mon bien
 
 Chercher une agence
 
 Se connecter
ACCUEIL
IMMOBILIER PROFESSIONNEL
EVALUER MON BIEN
CHERCHER UNE AGENCE
SE CONNECTER
Accueil
Appartement en location
Appartement Grand Tunis
La Marsa
La Marsa
Duplex en location
Video
visite 360°
Photos
Plan
Map
 +5
D...",1650,70,Appartement,1,Location,Agence,La Marsa : Duplex en location,https://cdn-media.medialabtc.it/tn/agencies/tuha1/estates/63721/images/368152/detail.jpeg,"[""https://cdn-media.medialabtc.it/tn/agencies/tuha1/estates/63721/images/368152/detail.jpeg"", ""https://cdn-media.medialabtc.it/tn/agencies/tuha1/estates/63721/images/368151/gallery_media.jpeg"", ""https://cdn-media.medialabtc.it/tn/agencies/tuha1/estates/63721/images/368149/gallery_media.jpeg"", ""https://cdn-media.medialabtc.it/tn/agencies/tuha1/estates/63721/images/368147/gallery_media.jpeg"", ""https://cdn-media.medialabtc.it/tn/agencies/tuha1/images/team_member/production/1359.jpeg"", ""https://cdn-media.medialabtc.it/tn/agencies/tuha1/images/team_member/production/686.jpeg"", ""https://cdn-media.medialabtc.it/tn/agencies/tuha1/images/team_member/production/750.jpeg"", ""https://cdn-media.medialabtc.it/tn/agencies/tuha1/images/team_member/production/1539.jpeg"", ""https://cdn-media.medialabtc.it/tn/agencies/tuha1/images/team_member/production/1273.jpeg""]",[],Tecnocasa,Tecnocasa,1,1,1,1,1,1,[],2026-02-15 21:24:08,2026-02-15 21:24:08,2026-02-15 21:24:08,,5,2026-02-15 21:24:08,N/A,N/A
63462,S+2 en location," Immobilier Professionnel
 
 Evaluer mon bien
 
 Chercher une agence
 
 Se connecter
ACCUEIL
IMMOBILIER PROFESSIONNEL
EVALUER MON BIEN
CHERCHER UNE AGENCE
SE CONNECTER
Accueil
Appartement en location
Appartement Grand Tunis
El Mourouj
El Mourouj 5
S+2 en location
Video
visite 360°
Photos
Plan
Map
 +...","
800",100,Appartement,1,Location,Agence,El Mourouj 5 : S+2 en location,https://cdn-media.medialabtc.it/tn/agencies/tumo1/estates/63462/images/367882/detail.jpeg,"[""https://cdn-media.medialabtc.it/tn/agencies/tumo1/estates/63462/images/367882/detail.jpeg"", ""https://cdn-media.medialabtc.it/tn/agencies/tumo1/estates/63462/images/364936/gallery_media.jpeg"", ""https://cdn-media.medialabtc.it/tn/agencies/tumo1/estates/63462/images/364937/gallery_media.jpeg"", ""https://cdn-media.medialabtc.it/tn/agencies/tumo1/estates/63462/images/364942/gallery_media.jpeg"", ""https://cdn-media.medialabtc.it/tn/agencies/tumo1/images/team_member/production/1499.jpeg"", ""https://cdn-media.medialabtc.it/tn/agencies/tumo1/images/team_member/production/1344.jpeg"", ""https://cdn-media.medialabtc.it/tn/agencies/tumo1/images/team_member/production/1607.jpeg"", ""https://cdn-media.medialabtc.it/tn/agencies/tumo1/images/team_member/production/1497.jpeg"", ""https://cdn-media.medialabtc.it/tn/agencies/tumo1/images/team_member/production/1631.jpeg""]",[],Tecnocasa,Tecnocasa,1,1,1,1,1,1,[],2026-02-15 21:24:08,2026-02-15 21:24:08,2026-02-15 21:24:08,,5,2026-02-15 21:24:08,N/A,N/A
63771,S+2 en location," Immobilier Professionnel
 
 Evaluer mon bien
 
 Chercher une agence
 
 Se connecter
ACCUEIL
IMMOBILIER PROFESSIONNEL
EVALUER MON BIEN
CHERCHER UNE AGENCE
SE CONNECTER
Accueil
Appartement en location
Appartement Grand Tunis
Borj Cédria
Borj Cédria
S+2 en location
Video
visite 360°
Photos
Plan
Map
 +...","
600",,Appartement,1,Location,Agence,Borj Cédria : S+2 en location,https://cdn-media.medialabtc.it/tn/agencies/tuhd2/estates/63771/images/368022/detail.jpeg,"[""https://cdn-media.medialabtc.it/tn/agencies/tuhd2/estates/63771/images/368022/detail.jpeg"", ""https://cdn-media.medialabtc.it/tn/agencies/tuhd2/estates/63771/images/368017/gallery_media.jpeg"", ""https://cdn-media.medialabtc.it/tn/agencies/tuhd2/estates/63771/images/368018/gallery_media.jpeg"", ""https://cdn-media.medialabtc.it/tn/agencies/tuhd2/estates/63771/images/368021/gallery_media.jpeg""]",[],Tecnocasa,Tecnocasa,1,1,1,1,1,1,[],2026-02-15 21:24:08,2026-02-15 21:24:08,2026-02-15 21:24:08,,5,2026-02-15 21:24:08,N/A,N/A
63625,S+1 en location," Immobilier Professionnel
 
 Evaluer mon bien
 
 Chercher une agence
 
 Se connecter
ACCUEIL
IMMOBILIER PROFESSIONNEL
EVALUER MON BIEN
CHERCHER UNE AGENCE
SE CONNECTER
Accueil
Appartement en location
Appartement Grand Tunis
Jardins de Carthage
Les Jardins De Carthage
S+1 en location
Video
visite 360...",2500,55,Appartement,1,Location,Agence,Les Jardins De Carthage : S+1 en location,https://cdn-media.medialabtc.it/tn/agencies/tuhb5/estates/63625/images/367884/detail.jpeg,"[""https://cdn-media.medialabtc.it/tn/agencies/tuhb5/estates/63625/images/367884/detail.jpeg"", ""https://cdn-media.medialabtc.it/tn/agencies/tuhb5/estates/63625/images/367887/gallery_media.jpeg"", ""https://cdn-media.medialabtc.it/tn/agencies/tuhb5/estates/63625/images/367886/gallery_media.jpeg"", ""https://cdn-media.medialabtc.it/tn/agencies/tuhb5/estates/63625/images/367885/gallery_media.jpeg"", ""https://cdn-media.medialabtc.it/tn/agencies/tuhb5/images/team_member/production/1677.jpeg"", ""https://cdn-media.medialabtc.it/tn/agencies/tuhb5/images/team_member/production/1751.jpeg"", ""https://cdn-media.medialabtc.it/tn/agencies/tuhb5/images/team_member/production/1678.jpeg"", ""https://cdn-media.medialabtc.it/tn/agencies/tuhb5/images/team_member/production/1703.jpeg""]",[],Tecnocasa,Tecnocasa,1,1,1,1,1,1,[],2026-02-15 21:24:08,2026-02-15 21:24:08,2026-02-15 21:24:08,,5,2026-02-15 21:24:08,N/A,N/A
61340,S+2 en location," Immobilier Professionnel
 
 Evaluer mon bien
 
 Chercher une agence
 
 Se connecter
ACCUEIL
IMMOBILIER PROFESSIONNEL
EVALUER MON BIEN
CHERCHER UNE AGENCE
SE CONNECTER
Accueil
Appartement en location
Appartement Grand Tunis
Radés
Rades Maxula
S+2 en location
Video
visite 360°
Photos
Plan
Map
S+2 en ...","
750",100,Appartement,1,Location,Agence,Rades Maxula : S+2 en location,https://cdn-media.medialabtc.it/tn/agencies/turd1/estates/61340/images/368102/detail.jpeg,"[""https://cdn-media.medialabtc.it/tn/agencies/turd1/estates/61340/images/368102/detail.jpeg"", ""https://cdn-media.medialabtc.it/tn/agencies/turd1/estates/61340/images/368101/gallery_media.jpeg"", ""https://cdn-media.medialabtc.it/tn/agencies/turd1/estates/61340/images/368104/gallery_media.jpeg"", ""https://cdn-media.medialabtc.it/tn/agencies/turd1/estates/61340/images/368103/gallery_media.jpeg""]",[],Tecnocasa,Tecnocasa,1,1,1,1,1,1,[],2026-02-15 21:24:08,2026-02-15 21:24:08,2026-02-15 21:24:08,,5,2026-02-15 21:24:08,N/A,N/A
62929,S+3 en location," Immobilier Professionnel
 
 Evaluer mon bien
 
 Chercher une agence
 
 Se connecter
ACCUEIL
IMMOBILIER PROFESSIONNEL
EVALUER MON BIEN
CHERCHER UNE AGENCE
SE CONNECTER
Accueil
Appartement en location
Appartement Grand Tunis
Ennasr
Jardins D'Ennasr
S+3 en location
Video
visite 360°
Photos
Plan
Map
 +...",1350,156,Appartement,1,Location,Agence,Jardins D'Ennasr : S+3 en location,https://cdn-media.medialabtc.it/tn/agencies/arca3/estates/62929/images/360818/detail.jpeg,"[""https://cdn-media.medialabtc.it/tn/agencies/arca3/estates/62929/images/360818/detail.jpeg"", ""https://cdn-media.medialabtc.it/tn/agencies/arca3/estates/62929/images/360807/gallery_media.jpeg"", ""https://cdn-media.medialabtc.it/tn/agencies/arca3/estates/62929/images/360808/gallery_media.jpeg"", ""https://cdn-media.medialabtc.it/tn/agencies/arca3/estates/62929/images/360810/gallery_media.jpeg"", ""https://cdn-media.medialabtc.it/tn/agencies/arca3/images/team_member/production/1383.jpeg"", ""https://cdn-media.medialabtc.it/tn/agencies/arca3/images/team_member/production/1380.jpeg"", ""https://cdn-media.medialabtc.it/tn/agencies/arca3/images/team_member/production/1382.jpeg"", ""https://cdn-media.medialabtc.it/tn/agencies/arca3/images/team_member/production/1434.jpeg"", ""https://cdn-media.medialabtc.it/tn/agencies/arca3/images/team_member/production/1626.jpeg"", ""https://cdn-media.medialabtc.it/tn/agencies/arca3/images/team_member/production/1744.jpeg""]",[],Tecnocasa,Tecnocasa,1,1,1,1,1,1,[],2026-02-15 21:24:08,2026-02-15 21:24:08,2026-02-15 21:24:08,,5,2026-02-15 21:24:08,N/A,N/A
63671,S+4 en location," Immobilier Professionnel
 
 Evaluer mon bien
 
 Chercher une agence
 
 Se connecter
ACCUEIL
IMMOBILIER PROFESSIONNEL
EVALUER MON BIEN
CHERCHER UNE AGENCE
SE CONNECTER
Accueil
Appartement en location
Appartement Grand Tunis
Ennasr
Ennasr 2
S+4 en location
Video
visite 360°
Photos
Plan
Map
 +10
S+4 e...",2250,180,Appartement,1,Location,Agence,Ennasr 2 : S+4 en location,https://cdn-media.medialabtc.it/tn/agencies/arca1/estates/63671/images/367407/detail.jpeg,"[""https://cdn-media.medialabtc.it/tn/agencies/arca1/estates/63671/images/367407/detail.jpeg"", ""https://cdn-media.medialabtc.it/tn/agencies/arca1/estates/63671/images/367433/gallery_media.jpeg"", ""https://cdn-media.medialabtc.it/tn/agencies/arca1/estates/63671/images/367434/gallery_media.jpeg"", ""https://cdn-media.medialabtc.it/tn/agencies/arca1/estates/63671/images/367432/gallery_media.jpeg"", ""https://cdn-media.medialabtc.it/tn/agencies/arca1/images/team_member/production/898.jpeg"", ""https://cdn-media.medialabtc.it/tn/agencies/arca1/images/team_member/production/902.jpeg"", ""https://cdn-media.medialabtc.it/tn/agencies/arca1/images/team_member/production/1668.jpeg""]",[],Tecnocasa,Tecnocasa,1,1,1,1,1,1,[],2026-02-15 21:24:08,2026-02-15 21:24:08,2026-02-15 21:24:08,,5,2026-02-15 21:24:08,N/A,N/A
63691,S+2 en location," Immobilier Professionnel
 
 Evaluer mon bien
 
 Chercher une agence
 
 Se connecter
ACCUEIL
IMMOBILIER PROFESSIONNEL
EVALUER MON BIEN
CHERCHER UNE AGENCE
SE CONNECTER
Accueil
Appartement en location
Appartement Grand Tunis
El Menzah
Menzah 5
S+2 en location
Video
visite 360°
Photos
Plan
Map
 +3
S+2...",1800,100,Appartement,1,Location,Agence,Menzah 5 : S+2 en location,https://cdn-media.medialabtc.it/tn/agencies/arcb1/estates/63691/images/367902/detail.jpeg,"[""https://cdn-media.medialabtc.it/tn/agencies/arcb1/estates/63691/images/367902/detail.jpeg"", ""https://cdn-media.medialabtc.it/tn/agencies/arcb1/estates/63691/images/367878/gallery_media.jpeg"", ""https://cdn-media.medialabtc.it/tn/agencies/arcb1/estates/63691/images/367879/gallery_media.jpeg"", ""https://cdn-media.medialabtc.it/tn/agencies/arcb1/estates/63691/images/367901/gallery_media.jpeg"", ""https://cdn-media.medialabtc.it/tn/agencies/arcb1/images/team_member/production/167.jpeg""]",[],Tecnocasa,Tecnocasa,1,1,1,1,1,1,[],2026-02-15 21:24:08,2026-02-15 21:24:08,2026-02-15 21:24:08,,5,2026-02-15 21:24:08,N/A,N/A
63383,S+2 en location," Immobilier Professionnel
 
 Evaluer mon bien
 
 Chercher une agence
 
 Se connecter
ACCUEIL
IMMOBILIER PROFESSIONNEL
EVALUER MON BIEN
CHERCHER UNE AGENCE
SE CONNECTER
Accueil
Appartement en location
Appartement Grand Tunis
Manar
Manar 1
S+2 en location
Video
visite 360°
Photos
Plan
Map
 +3
S+2 en l...",1100,120,Appartement,1,Location,Agence,Manar 1 : S+2 en location,https://cdn-media.medialabtc.it/tn/agencies/tuch4/estates/63383/images/364326/detail.jpeg,"[""https://cdn-media.medialabtc.it/tn/agencies/tuch4/estates/63383/images/364326/detail.jpeg"", ""https://cdn-media.medialabtc.it/tn/agencies/tuch4/estates/63383/images/364332/gallery_media.jpeg"", ""https://cdn-media.medialabtc.it/tn/agencies/tuch4/estates/63383/images/364328/gallery_media.jpeg"", ""https://cdn-media.medialabtc.it/tn/agencies/tuch4/estates/63383/images/364327/gallery_media.jpeg"", ""https://cdn-media.medialabtc.it/tn/agencies/tuch4/images/team_member/production/120.jpeg""]",[],Tecnocasa,Tecnocasa,1,1,1,1,1,1,[],2026-02-15 21:24:08,2026-02-15 21:24:08,2026-02-15 21:24:08,,5,2026-02-15 21:24:08,N/A,N/A
62773,S+3 en location," Immobilier Professionnel
 
 Evaluer mon bien
 
 Chercher une agence
 
 Se connecter
ACCUEIL
IMMOBILIER PROFESSIONNEL
EVALUER MON BIEN
CHERCHER UNE AGENCE
SE CONNECTER
Accueil
Appartement en location
Appartement Grand Tunis
Les Berges Du Lac
Les Berges Du Lac 1
S+3 en location
Video
visite 360°
Phot...",3000,160,Appartement,1,Location,Agence,Les Berges Du Lac 1 : S+3 en location,https://cdn-media.medialabtc.it/tn/agencies/tuca1/estates/62773/images/360455/detail.jpeg,"[""https://cdn-media.medialabtc.it/tn/agencies/tuca1/estates/62773/images/360455/detail.jpeg"", ""https://cdn-media.medialabtc.it/tn/agencies/tuca1/estates/62773/images/360456/gallery_media.jpeg"", ""https://cdn-media.medialabtc.it/tn/agencies/tuca1/estates/62773/images/360450/gallery_media.jpeg"", ""https://cdn-media.medialabtc.it/tn/agencies/tuca1/estates/62773/images/360447/gallery_media.jpeg""]",[],Tecnocasa,Tecnocasa,1,1,1,1,1,1,[],2026-02-15 21:24:08,2026-02-15 21:24:08,2026-02-15 21:24:08,,5,2026-02-15 21:24:08,N/A,N/A
63680,S+1 en location," Immobilier Professionnel
 
 Evaluer mon bien
 
 Chercher une agence
 
 Se connecter
ACCUEIL
IMMOBILIER PROFESSIONNEL
EVALUER MON BIEN
CHERCHER UNE AGENCE
SE CONNECTER
Accueil
Appartement en location
Appartement Grand Tunis
La Marsa
La Marsa
S+1 en location
Video
visite 360°
Photos
Plan
Map
 +6
S+1 ...",1300,80,Appartement,1,Location,Agence,La Marsa : S+1 en location,https://cdn-media.medialabtc.it/tn/agencies/tuma1/estates/63680/images/367504/detail.jpeg,"[""https://cdn-media.medialabtc.it/tn/agencies/tuma1/estates/63680/images/367504/detail.jpeg"", ""https://cdn-media.medialabtc.it/tn/agencies/tuma1/estates/63680/images/367494/gallery_media.jpeg"", ""https://cdn-media.medialabtc.it/tn/agencies/tuma1/estates/63680/images/367493/gallery_media.jpeg"", ""https://cdn-media.medialabtc.it/tn/agencies/tuma1/estates/63680/images/367497/gallery_media.jpeg"", ""https://cdn-media.medialabtc.it/tn/agencies/tuma1/images/team_member/production/478.jpeg"", ""https://cdn-media.medialabtc.it/tn/agencies/tuma1/images/team_member/production/1390.jpeg"", ""https://cdn-media.medialabtc.it/tn/agencies/tuma1/images/team_member/production/1424.jpeg"", ""https://cdn-media.medialabtc.it/tn/agencies/tuma1/images/team_member/production/905.jpeg"", ""https://cdn-media.medialabtc.it/tn/agencies/tuma1/images/team_member/production/1389.jpeg""]",[],Tecnocasa,Tecnocasa,1,1,1,1,1,1,[],2026-02-15 21:24:08,2026-02-15 21:24:08,2026-02-15 21:24:08,,5,2026-02-15 21:24:08,N/A,N/A
63359,S+3 en location," Immobilier Professionnel
 
 Evaluer mon bien
 
 Chercher une agence
 
 Se connecter
ACCUEIL
IMMOBILIER PROFESSIONNEL
EVALUER MON BIEN
CHERCHER UNE AGENCE
SE CONNECTER
Accueil
Appartement en location
Appartement Grand Tunis
Ennasr
Jardins D'Ennasr
S+3 en location
Video
visite 360°
Photos
Plan
Map
 +...",1600,155,Appartement,1,Location,Agence,Jardins D'Ennasr : S+3 en location,https://cdn-media.medialabtc.it/tn/agencies/arca3/estates/63359/images/366487/detail.jpeg,"[""https://cdn-media.medialabtc.it/tn/agencies/arca3/estates/63359/images/366487/detail.jpeg"", ""https://cdn-media.medialabtc.it/tn/agencies/arca3/estates/63359/images/366489/gallery_media.jpeg"", ""https://cdn-media.medialabtc.it/tn/agencies/arca3/estates/63359/images/366490/gallery_media.jpeg"", ""https://cdn-media.medialabtc.it/tn/agencies/arca3/estates/63359/images/366492/gallery_media.jpeg"", ""https://cdn-media.medialabtc.it/tn/agencies/arca3/images/team_member/production/1383.jpeg"", ""https://cdn-media.medialabtc.it/tn/agencies/arca3/images/team_member/production/1380.jpeg"", ""https://cdn-media.medialabtc.it/tn/agencies/arca3/images/team_member/production/1382.jpeg"", ""https://cdn-media.medialabtc.it/tn/agencies/arca3/images/team_member/production/1434.jpeg"", ""https://cdn-media.medialabtc.it/tn/agencies/arca3/images/team_member/production/1626.jpeg"", ""https://cdn-media.medialabtc.it/tn/agencies/arca3/images/team_member/production/1744.jpeg""]",[],Tecnocasa,Tecnocasa,1,1,1,1,1,1,[],2026-02-15 21:24:08,2026-02-15 21:24:08,2026-02-15 21:24:08,,5,2026-02-15 21:24:08,N/A,N/A
63696,S+4 en location," Immobilier Professionnel
 
 Evaluer mon bien
 
 Chercher une agence
 
 Se connecter
ACCUEIL
IMMOBILIER PROFESSIONNEL
EVALUER MON BIEN
CHERCHER UNE AGENCE
SE CONNECTER
Accueil
Appartement en location
Appartement Grand Tunis
Jardins de Carthage
Les Jardins De Carthage
S+4 en location
Video
visite 360...",2500,231,Appartement,1,Location,Agence,Les Jardins De Carthage : S+4 en location,https://cdn-media.medialabtc.it/tn/agencies/tuhb5/estates/63696/images/367833/detail.jpeg,"[""https://cdn-media.medialabtc.it/tn/agencies/tuhb5/estates/63696/images/367833/detail.jpeg"", ""https://cdn-media.medialabtc.it/tn/agencies/tuhb5/estates/63696/images/367822/gallery_media.jpeg"", ""https://cdn-media.medialabtc.it/tn/agencies/tuhb5/estates/63696/images/367829/gallery_media.jpeg"", ""https://cdn-media.medialabtc.it/tn/agencies/tuhb5/estates/63696/images/367823/gallery_media.jpeg"", ""https://cdn-media.medialabtc.it/tn/agencies/tuhb5/images/team_member/production/1677.jpeg"", ""https://cdn-media.medialabtc.it/tn/agencies/tuhb5/images/team_member/production/1751.jpeg"", ""https://cdn-media.medialabtc.it/tn/agencies/tuhb5/images/team_member/production/1678.jpeg"", ""https://cdn-media.medialabtc.it/tn/agencies/tuhb5/images/team_member/production/1703.jpeg""]",[],Tecnocasa,Tecnocasa,1,1,1,1,1,1,[],2026-02-15 21:24:08,2026-02-15 21:24:08,2026-02-15 21:24:08,,6,2026-02-15 21:24:08,N/A,N/A
63646,S+1 en location," Immobilier Professionnel
 
 Evaluer mon bien
 
 Chercher une agence
 
 Se connecter
ACCUEIL
IMMOBILIER PROFESSIONNEL
EVALUER MON BIEN
CHERCHER UNE AGENCE
SE CONNECTER
Accueil
Appartement en location
Appartement Grand Tunis
El Mourouj
El Mourouj 6
S+1 en location
Video
visite 360°
Photos
Plan
Map
 +...","
850",70,Appartement,1,Location,Agence,El Mourouj 6 : S+1 en location,https://cdn-media.medialabtc.it/tn/agencies/tumo1/estates/63646/images/367845/detail.jpeg,"[""https://cdn-media.medialabtc.it/tn/agencies/tumo1/estates/63646/images/367845/detail.jpeg"", ""https://cdn-media.medialabtc.it/tn/agencies/tumo1/estates/63646/images/367847/gallery_media.jpeg"", ""https://cdn-media.medialabtc.it/tn/agencies/tumo1/estates/63646/images/367846/gallery_media.jpeg"", ""https://cdn-media.medialabtc.it/tn/agencies/tumo1/estates/63646/images/367844/gallery_media.jpeg"", ""https://cdn-media.medialabtc.it/tn/agencies/tumo1/images/team_member/production/1499.jpeg"", ""https://cdn-media.medialabtc.it/tn/agencies/tumo1/images/team_member/production/1344.jpeg"", ""https://cdn-media.medialabtc.it/tn/agencies/tumo1/images/team_member/production/1607.jpeg"", ""https://cdn-media.medialabtc.it/tn/agencies/tumo1/images/team_member/production/1497.jpeg"", ""https://cdn-media.medialabtc.it/tn/agencies/tumo1/images/team_member/production/1631.jpeg""]",[],Tecnocasa,Tecnocasa,1,1,1,1,1,1,[],2026-02-15 21:24:08,2026-02-15 21:24:08,2026-02-15 21:24:08,,6,2026-02-15 21:24:08,N/A,N/A
63023,S+3 en location," Immobilier Professionnel
 
 Evaluer mon bien
 
 Chercher une agence
 
 Se connecter
ACCUEIL
IMMOBILIER PROFESSIONNEL
EVALUER MON BIEN
CHERCHER UNE AGENCE
SE CONNECTER
Accueil
Appartement en location
Appartement Grand Tunis
La Marsa
La Marsa
S+3 en location
Video
visite 360°
Photos
Plan
Map
 +1
S+3 ...",4500,160,Appartement,1,Location,Agence,La Marsa : S+3 en location,https://cdn-media.medialabtc.it/tn/agencies/tuha1/estates/63023/images/368130/detail.jpeg,"[""https://cdn-media.medialabtc.it/tn/agencies/tuha1/estates/63023/images/368130/detail.jpeg"", ""https://cdn-media.medialabtc.it/tn/agencies/tuha1/estates/63023/images/368129/gallery_media.jpeg"", ""https://cdn-media.medialabtc.it/tn/agencies/tuha1/estates/63023/images/368127/gallery_media.jpeg"", ""https://cdn-media.medialabtc.it/tn/agencies/tuha1/estates/63023/images/368128/gallery_media.jpeg"", ""https://cdn-media.medialabtc.it/tn/agencies/tuha1/images/team_member/production/1359.jpeg"", ""https://cdn-media.medialabtc.it/tn/agencies/tuha1/images/team_member/production/686.jpeg"", ""https://cdn-media.medialabtc.it/tn/agencies/tuha1/images/team_member/production/750.jpeg"", ""https://cdn-media.medialabtc.it/tn/agencies/tuha1/images/team_member/production/1539.jpeg"", ""https://cdn-media.medialabtc.it/tn/agencies/tuha1/images/team_member/production/1273.jpeg""]",[],Tecnocasa,Tecnocasa,1,1,1,1,1,1,[],2026-02-15 21:24:08,2026-02-15 21:24:08,2026-02-15 21:24:08,,6,2026-02-15 21:24:08,N/A,N/A
63721,Duplex en location," Immobilier Professionnel
 
 Evaluer mon bien
 
 Chercher une agence
 
 Se connecter
ACCUEIL
IMMOBILIER PROFESSIONNEL
EVALUER MON BIEN
CHERCHER UNE AGENCE
SE CONNECTER
Accueil
Appartement en location
Appartement Grand Tunis
La Marsa
La Marsa
Duplex en location
Video
visite 360°
Photos
Plan
Map
 +5
D...",1650,70,Appartement,1,Location,Agence,La Marsa : Duplex en location,https://cdn-media.medialabtc.it/tn/agencies/tuha1/estates/63721/images/368152/detail.jpeg,"[""https://cdn-media.medialabtc.it/tn/agencies/tuha1/estates/63721/images/368152/detail.jpeg"", ""https://cdn-media.medialabtc.it/tn/agencies/tuha1/estates/63721/images/368151/gallery_media.jpeg"", ""https://cdn-media.medialabtc.it/tn/agencies/tuha1/estates/63721/images/368149/gallery_media.jpeg"", ""https://cdn-media.medialabtc.it/tn/agencies/tuha1/estates/63721/images/368147/gallery_media.jpeg"", ""https://cdn-media.medialabtc.it/tn/agencies/tuha1/images/team_member/production/1359.jpeg"", ""https://cdn-media.medialabtc.it/tn/agencies/tuha1/images/team_member/production/686.jpeg"", ""https://cdn-media.medialabtc.it/tn/agencies/tuha1/images/team_member/production/750.jpeg"", ""https://cdn-media.medialabtc.it/tn/agencies/tuha1/images/team_member/production/1539.jpeg"", ""https://cdn-media.medialabtc.it/tn/agencies/tuha1/images/team_member/production/1273.jpeg""]",[],Tecnocasa,Tecnocasa,1,1,1,1,1,1,[],2026-02-15 21:24:08,2026-02-15 21:24:08,2026-02-15 21:24:08,,6,2026-02-15 21:24:08,N/A,N/A
63462,S+2 en location," Immobilier Professionnel
 
 Evaluer mon bien
 
 Chercher une agence
 
 Se connecter
ACCUEIL
IMMOBILIER PROFESSIONNEL
EVALUER MON BIEN
CHERCHER UNE AGENCE
SE CONNECTER
Accueil
Appartement en location
Appartement Grand Tunis
El Mourouj
El Mourouj 5
S+2 en location
Video
visite 360°
Photos
Plan
Map
 +...","
800",100,Appartement,1,Location,Agence,El Mourouj 5 : S+2 en location,https://cdn-media.medialabtc.it/tn/agencies/tumo1/estates/63462/images/367882/detail.jpeg,"[""https://cdn-media.medialabtc.it/tn/agencies/tumo1/estates/63462/images/367882/detail.jpeg"", ""https://cdn-media.medialabtc.it/tn/agencies/tumo1/estates/63462/images/364936/gallery_media.jpeg"", ""https://cdn-media.medialabtc.it/tn/agencies/tumo1/estates/63462/images/364937/gallery_media.jpeg"", ""https://cdn-media.medialabtc.it/tn/agencies/tumo1/estates/63462/images/364942/gallery_media.jpeg"", ""https://cdn-media.medialabtc.it/tn/agencies/tumo1/images/team_member/production/1499.jpeg"", ""https://cdn-media.medialabtc.it/tn/agencies/tumo1/images/team_member/production/1344.jpeg"", ""https://cdn-media.medialabtc.it/tn/agencies/tumo1/images/team_member/production/1607.jpeg"", ""https://cdn-media.medialabtc.it/tn/agencies/tumo1/images/team_member/production/1497.jpeg"", ""https://cdn-media.medialabtc.it/tn/agencies/tumo1/images/team_member/production/1631.jpeg""]",[],Tecnocasa,Tecnocasa,1,1,1,1,1,1,[],2026-02-15 21:24:08,2026-02-15 21:24:08,2026-02-15 21:24:08,,6,2026-02-15 21:24:08,N/A,N/A
63771,S+2 en location," Immobilier Professionnel
 
 Evaluer mon bien
 
 Chercher une agence
 
 Se connecter
ACCUEIL
IMMOBILIER PROFESSIONNEL
EVALUER MON BIEN
CHERCHER UNE AGENCE
SE CONNECTER
Accueil
Appartement en location
Appartement Grand Tunis
Borj Cédria
Borj Cédria
S+2 en location
Video
visite 360°
Photos
Plan
Map
 +...","
600",,Appartement,1,Location,Agence,Borj Cédria : S+2 en location,https://cdn-media.medialabtc.it/tn/agencies/tuhd2/estates/63771/images/368022/detail.jpeg,"[""https://cdn-media.medialabtc.it/tn/agencies/tuhd2/estates/63771/images/368022/detail.jpeg"", ""https://cdn-media.medialabtc.it/tn/agencies/tuhd2/estates/63771/images/368017/gallery_media.jpeg"", ""https://cdn-media.medialabtc.it/tn/agencies/tuhd2/estates/63771/images/368018/gallery_media.jpeg"", ""https://cdn-media.medialabtc.it/tn/agencies/tuhd2/estates/63771/images/368021/gallery_media.jpeg""]",[],Tecnocasa,Tecnocasa,1,1,1,1,1,1,[],2026-02-15 21:24:08,2026-02-15 21:24:08,2026-02-15 21:24:08,,6,2026-02-15 21:24:08,N/A,N/A
63625,S+1 en location," Immobilier Professionnel
 
 Evaluer mon bien
 
 Chercher une agence
 
 Se connecter
ACCUEIL
IMMOBILIER PROFESSIONNEL
EVALUER MON BIEN
CHERCHER UNE AGENCE
SE CONNECTER
Accueil
Appartement en location
Appartement Grand Tunis
Jardins de Carthage
Les Jardins De Carthage
S+1 en location
Video
visite 360...",2500,55,Appartement,1,Location,Agence,Les Jardins De Carthage : S+1 en location,https://cdn-media.medialabtc.it/tn/agencies/tuhb5/estates/63625/images/367884/detail.jpeg,"[""https://cdn-media.medialabtc.it/tn/agencies/tuhb5/estates/63625/images/367884/detail.jpeg"", ""https://cdn-media.medialabtc.it/tn/agencies/tuhb5/estates/63625/images/367887/gallery_media.jpeg"", ""https://cdn-media.medialabtc.it/tn/agencies/tuhb5/estates/63625/images/367886/gallery_media.jpeg"", ""https://cdn-media.medialabtc.it/tn/agencies/tuhb5/estates/63625/images/367885/gallery_media.jpeg"", ""https://cdn-media.medialabtc.it/tn/agencies/tuhb5/images/team_member/production/1677.jpeg"", ""https://cdn-media.medialabtc.it/tn/agencies/tuhb5/images/team_member/production/1751.jpeg"", ""https://cdn-media.medialabtc.it/tn/agencies/tuhb5/images/team_member/production/1678.jpeg"", ""https://cdn-media.medialabtc.it/tn/agencies/tuhb5/images/team_member/production/1703.jpeg""]",[],Tecnocasa,Tecnocasa,1,1,1,1,1,1,[],2026-02-15 21:24:08,2026-02-15 21:24:08,2026-02-15 21:24:08,,6,2026-02-15 21:24:08,N/A,N/A
61340,S+2 en location," Immobilier Professionnel
 
 Evaluer mon bien
 
 Chercher une agence
 
 Se connecter
ACCUEIL
IMMOBILIER PROFESSIONNEL
EVALUER MON BIEN
CHERCHER UNE AGENCE
SE CONNECTER
Accueil
Appartement en location
Appartement Grand Tunis
Radés
Rades Maxula
S+2 en location
Video
visite 360°
Photos
Plan
Map
S+2 en ...","
750",100,Appartement,1,Location,Agence,Rades Maxula : S+2 en location,https://cdn-media.medialabtc.it/tn/agencies/turd1/estates/61340/images/368102/detail.jpeg,"[""https://cdn-media.medialabtc.it/tn/agencies/turd1/estates/61340/images/368102/detail.jpeg"", ""https://cdn-media.medialabtc.it/tn/agencies/turd1/estates/61340/images/368101/gallery_media.jpeg"", ""https://cdn-media.medialabtc.it/tn/agencies/turd1/estates/61340/images/368104/gallery_media.jpeg"", ""https://cdn-media.medialabtc.it/tn/agencies/turd1/estates/61340/images/368103/gallery_media.jpeg""]",[],Tecnocasa,Tecnocasa,1,1,1,1,1,1,[],2026-02-15 21:24:08,2026-02-15 21:24:08,2026-02-15 21:24:08,,6,2026-02-15 21:24:08,N/A,N/A
62929,S+3 en location," Immobilier Professionnel
 
 Evaluer mon bien
 
 Chercher une agence
 
 Se connecter
ACCUEIL
IMMOBILIER PROFESSIONNEL
EVALUER MON BIEN
CHERCHER UNE AGENCE
SE CONNECTER
Accueil
Appartement en location
Appartement Grand Tunis
Ennasr
Jardins D'Ennasr
S+3 en location
Video
visite 360°
Photos
Plan
Map
 +...",1350,156,Appartement,1,Location,Agence,Jardins D'Ennasr : S+3 en location,https://cdn-media.medialabtc.it/tn/agencies/arca3/estates/62929/images/360818/detail.jpeg,"[""https://cdn-media.medialabtc.it/tn/agencies/arca3/estates/62929/images/360818/detail.jpeg"", ""https://cdn-media.medialabtc.it/tn/agencies/arca3/estates/62929/images/360807/gallery_media.jpeg"", ""https://cdn-media.medialabtc.it/tn/agencies/arca3/estates/62929/images/360808/gallery_media.jpeg"", ""https://cdn-media.medialabtc.it/tn/agencies/arca3/estates/62929/images/360810/gallery_media.jpeg"", ""https://cdn-media.medialabtc.it/tn/agencies/arca3/images/team_member/production/1383.jpeg"", ""https://cdn-media.medialabtc.it/tn/agencies/arca3/images/team_member/production/1380.jpeg"", ""https://cdn-media.medialabtc.it/tn/agencies/arca3/images/team_member/production/1382.jpeg"", ""https://cdn-media.medialabtc.it/tn/agencies/arca3/images/team_member/production/1434.jpeg"", ""https://cdn-media.medialabtc.it/tn/agencies/arca3/images/team_member/production/1626.jpeg"", ""https://cdn-media.medialabtc.it/tn/agencies/arca3/images/team_member/production/1744.jpeg""]",[],Tecnocasa,Tecnocasa,1,1,1,1,1,1,[],2026-02-15 21:24:08,2026-02-15 21:24:08,2026-02-15 21:24:08,,6,2026-02-15 21:24:08,N/A,N/A
63671,S+4 en location," Immobilier Professionnel
 
 Evaluer mon bien
 
 Chercher une agence
 
 Se connecter
ACCUEIL
IMMOBILIER PROFESSIONNEL
EVALUER MON BIEN
CHERCHER UNE AGENCE
SE CONNECTER
Accueil
Appartement en location
Appartement Grand Tunis
Ennasr
Ennasr 2
S+4 en location
Video
visite 360°
Photos
Plan
Map
 +10
S+4 e...",2250,180,Appartement,1,Location,Agence,Ennasr 2 : S+4 en location,https://cdn-media.medialabtc.it/tn/agencies/arca1/estates/63671/images/367407/detail.jpeg,"[""https://cdn-media.medialabtc.it/tn/agencies/arca1/estates/63671/images/367407/detail.jpeg"", ""https://cdn-media.medialabtc.it/tn/agencies/arca1/estates/63671/images/367433/gallery_media.jpeg"", ""https://cdn-media.medialabtc.it/tn/agencies/arca1/estates/63671/images/367434/gallery_media.jpeg"", ""https://cdn-media.medialabtc.it/tn/agencies/arca1/estates/63671/images/367432/gallery_media.jpeg"", ""https://cdn-media.medialabtc.it/tn/agencies/arca1/images/team_member/production/898.jpeg"", ""https://cdn-media.medialabtc.it/tn/agencies/arca1/images/team_member/production/902.jpeg"", ""https://cdn-media.medialabtc.it/tn/agencies/arca1/images/team_member/production/1668.jpeg""]",[],Tecnocasa,Tecnocasa,1,1,1,1,1,1,[],2026-02-15 21:24:08,2026-02-15 21:24:08,2026-02-15 21:24:08,,6,2026-02-15 21:24:08,N/A,N/A
63691,S+2 en location," Immobilier Professionnel
 
 Evaluer mon bien
 
 Chercher une agence
 
 Se connecter
ACCUEIL
IMMOBILIER PROFESSIONNEL
EVALUER MON BIEN
CHERCHER UNE AGENCE
SE CONNECTER
Accueil
Appartement en location
Appartement Grand Tunis
El Menzah
Menzah 5
S+2 en location
Video
visite 360°
Photos
Plan
Map
 +3
S+2...",1800,100,Appartement,1,Location,Agence,Menzah 5 : S+2 en location,https://cdn-media.medialabtc.it/tn/agencies/arcb1/estates/63691/images/367902/detail.jpeg,"[""https://cdn-media.medialabtc.it/tn/agencies/arcb1/estates/63691/images/367902/detail.jpeg"", ""https://cdn-media.medialabtc.it/tn/agencies/arcb1/estates/63691/images/367878/gallery_media.jpeg"", ""https://cdn-media.medialabtc.it/tn/agencies/arcb1/estates/63691/images/367879/gallery_media.jpeg"", ""https://cdn-media.medialabtc.it/tn/agencies/arcb1/estates/63691/images/367901/gallery_media.jpeg"", ""https://cdn-media.medialabtc.it/tn/agencies/arcb1/images/team_member/production/167.jpeg""]",[],Tecnocasa,Tecnocasa,1,1,1,1,1,1,[],2026-02-15 21:24:08,2026-02-15 21:24:08,2026-02-15 21:24:08,,6,2026-02-15 21:24:08,N/A,N/A
63383,S+2 en location," Immobilier Professionnel
 
 Evaluer mon bien
 
 Chercher une agence
 
 Se connecter
ACCUEIL
IMMOBILIER PROFESSIONNEL
EVALUER MON BIEN
CHERCHER UNE AGENCE
SE CONNECTER
Accueil
Appartement en location
Appartement Grand Tunis
Manar
Manar 1
S+2 en location
Video
visite 360°
Photos
Plan
Map
 +3
S+2 en l...",1100,120,Appartement,1,Location,Agence,Manar 1 : S+2 en location,https://cdn-media.medialabtc.it/tn/agencies/tuch4/estates/63383/images/364326/detail.jpeg,"[""https://cdn-media.medialabtc.it/tn/agencies/tuch4/estates/63383/images/364326/detail.jpeg"", ""https://cdn-media.medialabtc.it/tn/agencies/tuch4/estates/63383/images/364332/gallery_media.jpeg"", ""https://cdn-media.medialabtc.it/tn/agencies/tuch4/estates/63383/images/364328/gallery_media.jpeg"", ""https://cdn-media.medialabtc.it/tn/agencies/tuch4/estates/63383/images/364327/gallery_media.jpeg"", ""https://cdn-media.medialabtc.it/tn/agencies/tuch4/images/team_member/production/120.jpeg""]",[],Tecnocasa,Tecnocasa,1,1,1,1,1,1,[],2026-02-15 21:24:08,2026-02-15 21:24:08,2026-02-15 21:24:08,,6,2026-02-15 21:24:08,N/A,N/A
62773,S+3 en location," Immobilier Professionnel
 
 Evaluer mon bien
 
 Chercher une agence
 
 Se connecter
ACCUEIL
IMMOBILIER PROFESSIONNEL
EVALUER MON BIEN
CHERCHER UNE AGENCE
SE CONNECTER
Accueil
Appartement en location
Appartement Grand Tunis
Les Berges Du Lac
Les Berges Du Lac 1
S+3 en location
Video
visite 360°
Phot...",3000,160,Appartement,1,Location,Agence,Les Berges Du Lac 1 : S+3 en location,https://cdn-media.medialabtc.it/tn/agencies/tuca1/estates/62773/images/360455/detail.jpeg,"[""https://cdn-media.medialabtc.it/tn/agencies/tuca1/estates/62773/images/360455/detail.jpeg"", ""https://cdn-media.medialabtc.it/tn/agencies/tuca1/estates/62773/images/360456/gallery_media.jpeg"", ""https://cdn-media.medialabtc.it/tn/agencies/tuca1/estates/62773/images/360450/gallery_media.jpeg"", ""https://cdn-media.medialabtc.it/tn/agencies/tuca1/estates/62773/images/360447/gallery_media.jpeg""]",[],Tecnocasa,Tecnocasa,1,1,1,1,1,1,[],2026-02-15 21:24:08,2026-02-15 21:24:08,2026-02-15 21:24:08,,6,2026-02-15 21:24:08,N/A,N/A
63680,S+1 en location," Immobilier Professionnel
 
 Evaluer mon bien
 
 Chercher une agence
 
 Se connecter
ACCUEIL
IMMOBILIER PROFESSIONNEL
EVALUER MON BIEN
CHERCHER UNE AGENCE
SE CONNECTER
Accueil
Appartement en location
Appartement Grand Tunis
La Marsa
La Marsa
S+1 en location
Video
visite 360°
Photos
Plan
Map
 +6
S+1 ...",1300,80,Appartement,1,Location,Agence,La Marsa : S+1 en location,https://cdn-media.medialabtc.it/tn/agencies/tuma1/estates/63680/images/367504/detail.jpeg,"[""https://cdn-media.medialabtc.it/tn/agencies/tuma1/estates/63680/images/367504/detail.jpeg"", ""https://cdn-media.medialabtc.it/tn/agencies/tuma1/estates/63680/images/367494/gallery_media.jpeg"", ""https://cdn-media.medialabtc.it/tn/agencies/tuma1/estates/63680/images/367493/gallery_media.jpeg"", ""https://cdn-media.medialabtc.it/tn/agencies/tuma1/estates/63680/images/367497/gallery_media.jpeg"", ""https://cdn-media.medialabtc.it/tn/agencies/tuma1/images/team_member/production/478.jpeg"", ""https://cdn-media.medialabtc.it/tn/agencies/tuma1/images/team_member/production/1390.jpeg"", ""https://cdn-media.medialabtc.it/tn/agencies/tuma1/images/team_member/production/1424.jpeg"", ""https://cdn-media.medialabtc.it/tn/agencies/tuma1/images/team_member/production/905.jpeg"", ""https://cdn-media.medialabtc.it/tn/agencies/tuma1/images/team_member/production/1389.jpeg""]",[],Tecnocasa,Tecnocasa,1,1,1,1,1,1,[],2026-02-15 21:24:08,2026-02-15 21:24:08,2026-02-15 21:24:08,,6,2026-02-15 21:24:08,N/A,N/A
63359,S+3 en location," Immobilier Professionnel
 
 Evaluer mon bien
 
 Chercher une agence
 
 Se connecter
ACCUEIL
IMMOBILIER PROFESSIONNEL
EVALUER MON BIEN
CHERCHER UNE AGENCE
SE CONNECTER
Accueil
Appartement en location
Appartement Grand Tunis
Ennasr
Jardins D'Ennasr
S+3 en location
Video
visite 360°
Photos
Plan
Map
 +...",1600,155,Appartement,1,Location,Agence,Jardins D'Ennasr : S+3 en location,https://cdn-media.medialabtc.it/tn/agencies/arca3/estates/63359/images/366487/detail.jpeg,"[""https://cdn-media.medialabtc.it/tn/agencies/arca3/estates/63359/images/366487/detail.jpeg"", ""https://cdn-media.medialabtc.it/tn/agencies/arca3/estates/63359/images/366489/gallery_media.jpeg"", ""https://cdn-media.medialabtc.it/tn/agencies/arca3/estates/63359/images/366490/gallery_media.jpeg"", ""https://cdn-media.medialabtc.it/tn/agencies/arca3/estates/63359/images/366492/gallery_media.jpeg"", ""https://cdn-media.medialabtc.it/tn/agencies/arca3/images/team_member/production/1383.jpeg"", ""https://cdn-media.medialabtc.it/tn/agencies/arca3/images/team_member/production/1380.jpeg"", ""https://cdn-media.medialabtc.it/tn/agencies/arca3/images/team_member/production/1382.jpeg"", ""https://cdn-media.medialabtc.it/tn/agencies/arca3/images/team_member/production/1434.jpeg"", ""https://cdn-media.medialabtc.it/tn/agencies/arca3/images/team_member/production/1626.jpeg"", ""https://cdn-media.medialabtc.it/tn/agencies/arca3/images/team_member/production/1744.jpeg""]",[],Tecnocasa,Tecnocasa,1,1,1,1,1,1,[],2026-02-15 21:24:08,2026-02-15 21:24:08,2026-02-15 21:24:08,,6,2026-02-15 21:24:08,N/A,N/A
63696,S+4 en location," Immobilier Professionnel
 
 Evaluer mon bien
 
 Chercher une agence
 
 Se connecter
ACCUEIL
IMMOBILIER PROFESSIONNEL
EVALUER MON BIEN
CHERCHER UNE AGENCE
SE CONNECTER
Accueil
Appartement en location
Appartement Grand Tunis
Jardins de Carthage
Les Jardins De Carthage
S+4 en location
Video
visite 360...",2500,231,Appartement,1,Location,Agence,Les Jardins De Carthage : S+4 en location,https://cdn-media.medialabtc.it/tn/agencies/tuhb5/estates/63696/images/367833/detail.jpeg,"[""https://cdn-media.medialabtc.it/tn/agencies/tuhb5/estates/63696/images/367833/detail.jpeg"", ""https://cdn-media.medialabtc.it/tn/agencies/tuhb5/estates/63696/images/367822/gallery_media.jpeg"", ""https://cdn-media.medialabtc.it/tn/agencies/tuhb5/estates/63696/images/367829/gallery_media.jpeg"", ""https://cdn-media.medialabtc.it/tn/agencies/tuhb5/estates/63696/images/367823/gallery_media.jpeg"", ""https://cdn-media.medialabtc.it/tn/agencies/tuhb5/images/team_member/production/1677.jpeg"", ""https://cdn-media.medialabtc.it/tn/agencies/tuhb5/images/team_member/production/1751.jpeg"", ""https://cdn-media.medialabtc.it/tn/agencies/tuhb5/images/team_member/production/1678.jpeg"", ""https://cdn-media.medialabtc.it/tn/agencies/tuhb5/images/team_member/production/1703.jpeg""]",[],Tecnocasa,Tecnocasa,1,1,1,1,1,1,[],2026-02-15 21:24:08,2026-02-15 21:24:08,2026-02-15 21:24:08,,7,2026-02-15 21:24:08,N/A,N/A
63646,S+1 en location," Immobilier Professionnel
 
 Evaluer mon bien
 
 Chercher une agence
 
 Se connecter
ACCUEIL
IMMOBILIER PROFESSIONNEL
EVALUER MON BIEN
CHERCHER UNE AGENCE
SE CONNECTER
Accueil
Appartement en location
Appartement Grand Tunis
El Mourouj
El Mourouj 6
S+1 en location
Video
visite 360°
Photos
Plan
Map
 +...","
850",70,Appartement,1,Location,Agence,El Mourouj 6 : S+1 en location,https://cdn-media.medialabtc.it/tn/agencies/tumo1/estates/63646/images/367845/detail.jpeg,"[""https://cdn-media.medialabtc.it/tn/agencies/tumo1/estates/63646/images/367845/detail.jpeg"", ""https://cdn-media.medialabtc.it/tn/agencies/tumo1/estates/63646/images/367847/gallery_media.jpeg"", ""https://cdn-media.medialabtc.it/tn/agencies/tumo1/estates/63646/images/367846/gallery_media.jpeg"", ""https://cdn-media.medialabtc.it/tn/agencies/tumo1/estates/63646/images/367844/gallery_media.jpeg"", ""https://cdn-media.medialabtc.it/tn/agencies/tumo1/images/team_member/production/1499.jpeg"", ""https://cdn-media.medialabtc.it/tn/agencies/tumo1/images/team_member/production/1344.jpeg"", ""https://cdn-media.medialabtc.it/tn/agencies/tumo1/images/team_member/production/1607.jpeg"", ""https://cdn-media.medialabtc.it/tn/agencies/tumo1/images/team_member/production/1497.jpeg"", ""https://cdn-media.medialabtc.it/tn/agencies/tumo1/images/team_member/production/1631.jpeg""]",[],Tecnocasa,Tecnocasa,1,1,1,1,1,1,[],2026-02-15 21:24:08,2026-02-15 21:24:08,2026-02-15 21:24:08,,7,2026-02-15 21:24:08,N/A,N/A
63023,S+3 en location," Immobilier Professionnel
 
 Evaluer mon bien
 
 Chercher une agence
 
 Se connecter
ACCUEIL
IMMOBILIER PROFESSIONNEL
EVALUER MON BIEN
CHERCHER UNE AGENCE
SE CONNECTER
Accueil
Appartement en location
Appartement Grand Tunis
La Marsa
La Marsa
S+3 en location
Video
visite 360°
Photos
Plan
Map
 +1
S+3 ...",4500,160,Appartement,1,Location,Agence,La Marsa : S+3 en location,https://cdn-media.medialabtc.it/tn/agencies/tuha1/estates/63023/images/368130/detail.jpeg,"[""https://cdn-media.medialabtc.it/tn/agencies/tuha1/estates/63023/images/368130/detail.jpeg"", ""https://cdn-media.medialabtc.it/tn/agencies/tuha1/estates/63023/images/368129/gallery_media.jpeg"", ""https://cdn-media.medialabtc.it/tn/agencies/tuha1/estates/63023/images/368127/gallery_media.jpeg"", ""https://cdn-media.medialabtc.it/tn/agencies/tuha1/estates/63023/images/368128/gallery_media.jpeg"", ""https://cdn-media.medialabtc.it/tn/agencies/tuha1/images/team_member/production/1359.jpeg"", ""https://cdn-media.medialabtc.it/tn/agencies/tuha1/images/team_member/production/686.jpeg"", ""https://cdn-media.medialabtc.it/tn/agencies/tuha1/images/team_member/production/750.jpeg"", ""https://cdn-media.medialabtc.it/tn/agencies/tuha1/images/team_member/production/1539.jpeg"", ""https://cdn-media.medialabtc.it/tn/agencies/tuha1/images/team_member/production/1273.jpeg""]",[],Tecnocasa,Tecnocasa,1,1,1,1,1,1,[],2026-02-15 21:24:08,2026-02-15 21:24:08,2026-02-15 21:24:08,,7,2026-02-15 21:24:08,N/A,N/A
63721,Duplex en location," Immobilier Professionnel
 
 Evaluer mon bien
 
 Chercher une agence
 
 Se connecter
ACCUEIL
IMMOBILIER PROFESSIONNEL
EVALUER MON BIEN
CHERCHER UNE AGENCE
SE CONNECTER
Accueil
Appartement en location
Appartement Grand Tunis
La Marsa
La Marsa
Duplex en location
Video
visite 360°
Photos
Plan
Map
 +5
D...",1650,70,Appartement,1,Location,Agence,La Marsa : Duplex en location,https://cdn-media.medialabtc.it/tn/agencies/tuha1/estates/63721/images/368152/detail.jpeg,"[""https://cdn-media.medialabtc.it/tn/agencies/tuha1/estates/63721/images/368152/detail.jpeg"", ""https://cdn-media.medialabtc.it/tn/agencies/tuha1/estates/63721/images/368151/gallery_media.jpeg"", ""https://cdn-media.medialabtc.it/tn/agencies/tuha1/estates/63721/images/368149/gallery_media.jpeg"", ""https://cdn-media.medialabtc.it/tn/agencies/tuha1/estates/63721/images/368147/gallery_media.jpeg"", ""https://cdn-media.medialabtc.it/tn/agencies/tuha1/images/team_member/production/1359.jpeg"", ""https://cdn-media.medialabtc.it/tn/agencies/tuha1/images/team_member/production/686.jpeg"", ""https://cdn-media.medialabtc.it/tn/agencies/tuha1/images/team_member/production/750.jpeg"", ""https://cdn-media.medialabtc.it/tn/agencies/tuha1/images/team_member/production/1539.jpeg"", ""https://cdn-media.medialabtc.it/tn/agencies/tuha1/images/team_member/production/1273.jpeg""]",[],Tecnocasa,Tecnocasa,1,1,1,1,1,1,[],2026-02-15 21:24:08,2026-02-15 21:24:08,2026-02-15 21:24:08,,7,2026-02-15 21:24:08,N/A,N/A
63462,S+2 en location," Immobilier Professionnel
 
 Evaluer mon bien
 
 Chercher une agence
 
 Se connecter
ACCUEIL
IMMOBILIER PROFESSIONNEL
EVALUER MON BIEN
CHERCHER UNE AGENCE
SE CONNECTER
Accueil
Appartement en location
Appartement Grand Tunis
El Mourouj
El Mourouj 5
S+2 en location
Video
visite 360°
Photos
Plan
Map
 +...","
800",100,Appartement,1,Location,Agence,El Mourouj 5 : S+2 en location,https://cdn-media.medialabtc.it/tn/agencies/tumo1/estates/63462/images/367882/detail.jpeg,"[""https://cdn-media.medialabtc.it/tn/agencies/tumo1/estates/63462/images/367882/detail.jpeg"", ""https://cdn-media.medialabtc.it/tn/agencies/tumo1/estates/63462/images/364936/gallery_media.jpeg"", ""https://cdn-media.medialabtc.it/tn/agencies/tumo1/estates/63462/images/364937/gallery_media.jpeg"", ""https://cdn-media.medialabtc.it/tn/agencies/tumo1/estates/63462/images/364942/gallery_media.jpeg"", ""https://cdn-media.medialabtc.it/tn/agencies/tumo1/images/team_member/production/1499.jpeg"", ""https://cdn-media.medialabtc.it/tn/agencies/tumo1/images/team_member/production/1344.jpeg"", ""https://cdn-media.medialabtc.it/tn/agencies/tumo1/images/team_member/production/1607.jpeg"", ""https://cdn-media.medialabtc.it/tn/agencies/tumo1/images/team_member/production/1497.jpeg"", ""https://cdn-media.medialabtc.it/tn/agencies/tumo1/images/team_member/production/1631.jpeg""]",[],Tecnocasa,Tecnocasa,1,1,1,1,1,1,[],2026-02-15 21:24:08,2026-02-15 21:24:08,2026-02-15 21:24:08,,7,2026-02-15 21:24:08,N/A,N/A
63771,S+2 en location," Immobilier Professionnel
 
 Evaluer mon bien
 
 Chercher une agence
 
 Se connecter
ACCUEIL
IMMOBILIER PROFESSIONNEL
EVALUER MON BIEN
CHERCHER UNE AGENCE
SE CONNECTER
Accueil
Appartement en location
Appartement Grand Tunis
Borj Cédria
Borj Cédria
S+2 en location
Video
visite 360°
Photos
Plan
Map
 +...","
600",,Appartement,1,Location,Agence,Borj Cédria : S+2 en location,https://cdn-media.medialabtc.it/tn/agencies/tuhd2/estates/63771/images/368022/detail.jpeg,"[""https://cdn-media.medialabtc.it/tn/agencies/tuhd2/estates/63771/images/368022/detail.jpeg"", ""https://cdn-media.medialabtc.it/tn/agencies/tuhd2/estates/63771/images/368017/gallery_media.jpeg"", ""https://cdn-media.medialabtc.it/tn/agencies/tuhd2/estates/63771/images/368018/gallery_media.jpeg"", ""https://cdn-media.medialabtc.it/tn/agencies/tuhd2/estates/63771/images/368021/gallery_media.jpeg""]",[],Tecnocasa,Tecnocasa,1,1,1,1,1,1,[],2026-02-15 21:24:08,2026-02-15 21:24:08,2026-02-15 21:24:08,,7,2026-02-15 21:24:08,N/A,N/A
63625,S+1 en location," Immobilier Professionnel
 
 Evaluer mon bien
 
 Chercher une agence
 
 Se connecter
ACCUEIL
IMMOBILIER PROFESSIONNEL
EVALUER MON BIEN
CHERCHER UNE AGENCE
SE CONNECTER
Accueil
Appartement en location
Appartement Grand Tunis
Jardins de Carthage
Les Jardins De Carthage
S+1 en location
Video
visite 360...",2500,55,Appartement,1,Location,Agence,Les Jardins De Carthage : S+1 en location,https://cdn-media.medialabtc.it/tn/agencies/tuhb5/estates/63625/images/367884/detail.jpeg,"[""https://cdn-media.medialabtc.it/tn/agencies/tuhb5/estates/63625/images/367884/detail.jpeg"", ""https://cdn-media.medialabtc.it/tn/agencies/tuhb5/estates/63625/images/367887/gallery_media.jpeg"", ""https://cdn-media.medialabtc.it/tn/agencies/tuhb5/estates/63625/images/367886/gallery_media.jpeg"", ""https://cdn-media.medialabtc.it/tn/agencies/tuhb5/estates/63625/images/367885/gallery_media.jpeg"", ""https://cdn-media.medialabtc.it/tn/agencies/tuhb5/images/team_member/production/1677.jpeg"", ""https://cdn-media.medialabtc.it/tn/agencies/tuhb5/images/team_member/production/1751.jpeg"", ""https://cdn-media.medialabtc.it/tn/agencies/tuhb5/images/team_member/production/1678.jpeg"", ""https://cdn-media.medialabtc.it/tn/agencies/tuhb5/images/team_member/production/1703.jpeg""]",[],Tecnocasa,Tecnocasa,1,1,1,1,1,1,[],2026-02-15 21:24:08,2026-02-15 21:24:08,2026-02-15 21:24:08,,7,2026-02-15 21:24:08,N/A,N/A
61340,S+2 en location," Immobilier Professionnel
 
 Evaluer mon bien
 
 Chercher une agence
 
 Se connecter
ACCUEIL
IMMOBILIER PROFESSIONNEL
EVALUER MON BIEN
CHERCHER UNE AGENCE
SE CONNECTER
Accueil
Appartement en location
Appartement Grand Tunis
Radés
Rades Maxula
S+2 en location
Video
visite 360°
Photos
Plan
Map
S+2 en ...","
750",100,Appartement,1,Location,Agence,Rades Maxula : S+2 en location,https://cdn-media.medialabtc.it/tn/agencies/turd1/estates/61340/images/368102/detail.jpeg,"[""https://cdn-media.medialabtc.it/tn/agencies/turd1/estates/61340/images/368102/detail.jpeg"", ""https://cdn-media.medialabtc.it/tn/agencies/turd1/estates/61340/images/368101/gallery_media.jpeg"", ""https://cdn-media.medialabtc.it/tn/agencies/turd1/estates/61340/images/368104/gallery_media.jpeg"", ""https://cdn-media.medialabtc.it/tn/agencies/turd1/estates/61340/images/368103/gallery_media.jpeg""]",[],Tecnocasa,Tecnocasa,1,1,1,1,1,1,[],2026-02-15 21:24:08,2026-02-15 21:24:08,2026-02-15 21:24:08,,7,2026-02-15 21:24:08,N/A,N/A
62929,S+3 en location," Immobilier Professionnel
 
 Evaluer mon bien
 
 Chercher une agence
 
 Se connecter
ACCUEIL
IMMOBILIER PROFESSIONNEL
EVALUER MON BIEN
CHERCHER UNE AGENCE
SE CONNECTER
Accueil
Appartement en location
Appartement Grand Tunis
Ennasr
Jardins D'Ennasr
S+3 en location
Video
visite 360°
Photos
Plan
Map
 +...",1350,156,Appartement,1,Location,Agence,Jardins D'Ennasr : S+3 en location,https://cdn-media.medialabtc.it/tn/agencies/arca3/estates/62929/images/360818/detail.jpeg,"[""https://cdn-media.medialabtc.it/tn/agencies/arca3/estates/62929/images/360818/detail.jpeg"", ""https://cdn-media.medialabtc.it/tn/agencies/arca3/estates/62929/images/360807/gallery_media.jpeg"", ""https://cdn-media.medialabtc.it/tn/agencies/arca3/estates/62929/images/360808/gallery_media.jpeg"", ""https://cdn-media.medialabtc.it/tn/agencies/arca3/estates/62929/images/360810/gallery_media.jpeg"", ""https://cdn-media.medialabtc.it/tn/agencies/arca3/images/team_member/production/1383.jpeg"", ""https://cdn-media.medialabtc.it/tn/agencies/arca3/images/team_member/production/1380.jpeg"", ""https://cdn-media.medialabtc.it/tn/agencies/arca3/images/team_member/production/1382.jpeg"", ""https://cdn-media.medialabtc.it/tn/agencies/arca3/images/team_member/production/1434.jpeg"", ""https://cdn-media.medialabtc.it/tn/agencies/arca3/images/team_member/production/1626.jpeg"", ""https://cdn-media.medialabtc.it/tn/agencies/arca3/images/team_member/production/1744.jpeg""]",[],Tecnocasa,Tecnocasa,1,1,1,1,1,1,[],2026-02-15 21:24:08,2026-02-15 21:24:08,2026-02-15 21:24:08,,7,2026-02-15 21:24:08,N/A,N/A
63671,S+4 en location," Immobilier Professionnel
 
 Evaluer mon bien
 
 Chercher une agence
 
 Se connecter
ACCUEIL
IMMOBILIER PROFESSIONNEL
EVALUER MON BIEN
CHERCHER UNE AGENCE
SE CONNECTER
Accueil
Appartement en location
Appartement Grand Tunis
Ennasr
Ennasr 2
S+4 en location
Video
visite 360°
Photos
Plan
Map
 +10
S+4 e...",2250,180,Appartement,1,Location,Agence,Ennasr 2 : S+4 en location,https://cdn-media.medialabtc.it/tn/agencies/arca1/estates/63671/images/367407/detail.jpeg,"[""https://cdn-media.medialabtc.it/tn/agencies/arca1/estates/63671/images/367407/detail.jpeg"", ""https://cdn-media.medialabtc.it/tn/agencies/arca1/estates/63671/images/367433/gallery_media.jpeg"", ""https://cdn-media.medialabtc.it/tn/agencies/arca1/estates/63671/images/367434/gallery_media.jpeg"", ""https://cdn-media.medialabtc.it/tn/agencies/arca1/estates/63671/images/367432/gallery_media.jpeg"", ""https://cdn-media.medialabtc.it/tn/agencies/arca1/images/team_member/production/898.jpeg"", ""https://cdn-media.medialabtc.it/tn/agencies/arca1/images/team_member/production/902.jpeg"", ""https://cdn-media.medialabtc.it/tn/agencies/arca1/images/team_member/production/1668.jpeg""]",[],Tecnocasa,Tecnocasa,1,1,1,1,1,1,[],2026-02-15 21:24:08,2026-02-15 21:24:08,2026-02-15 21:24:08,,7,2026-02-15 21:24:08,N/A,N/A
63691,S+2 en location," Immobilier Professionnel
 
 Evaluer mon bien
 
 Chercher une agence
 
 Se connecter
ACCUEIL
IMMOBILIER PROFESSIONNEL
EVALUER MON BIEN
CHERCHER UNE AGENCE
SE CONNECTER
Accueil
Appartement en location
Appartement Grand Tunis
El Menzah
Menzah 5
S+2 en location
Video
visite 360°
Photos
Plan
Map
 +3
S+2...",1800,100,Appartement,1,Location,Agence,Menzah 5 : S+2 en location,https://cdn-media.medialabtc.it/tn/agencies/arcb1/estates/63691/images/367902/detail.jpeg,"[""https://cdn-media.medialabtc.it/tn/agencies/arcb1/estates/63691/images/367902/detail.jpeg"", ""https://cdn-media.medialabtc.it/tn/agencies/arcb1/estates/63691/images/367878/gallery_media.jpeg"", ""https://cdn-media.medialabtc.it/tn/agencies/arcb1/estates/63691/images/367879/gallery_media.jpeg"", ""https://cdn-media.medialabtc.it/tn/agencies/arcb1/estates/63691/images/367901/gallery_media.jpeg"", ""https://cdn-media.medialabtc.it/tn/agencies/arcb1/images/team_member/production/167.jpeg""]",[],Tecnocasa,Tecnocasa,1,1,1,1,1,1,[],2026-02-15 21:24:08,2026-02-15 21:24:08,2026-02-15 21:24:08,,7,2026-02-15 21:24:08,N/A,N/A
63383,S+2 en location," Immobilier Professionnel
 
 Evaluer mon bien
 
 Chercher une agence
 
 Se connecter
ACCUEIL
IMMOBILIER PROFESSIONNEL
EVALUER MON BIEN
CHERCHER UNE AGENCE
SE CONNECTER
Accueil
Appartement en location
Appartement Grand Tunis
Manar
Manar 1
S+2 en location
Video
visite 360°
Photos
Plan
Map
 +3
S+2 en l...",1100,120,Appartement,1,Location,Agence,Manar 1 : S+2 en location,https://cdn-media.medialabtc.it/tn/agencies/tuch4/estates/63383/images/364326/detail.jpeg,"[""https://cdn-media.medialabtc.it/tn/agencies/tuch4/estates/63383/images/364326/detail.jpeg"", ""https://cdn-media.medialabtc.it/tn/agencies/tuch4/estates/63383/images/364332/gallery_media.jpeg"", ""https://cdn-media.medialabtc.it/tn/agencies/tuch4/estates/63383/images/364328/gallery_media.jpeg"", ""https://cdn-media.medialabtc.it/tn/agencies/tuch4/estates/63383/images/364327/gallery_media.jpeg"", ""https://cdn-media.medialabtc.it/tn/agencies/tuch4/images/team_member/production/120.jpeg""]",[],Tecnocasa,Tecnocasa,1,1,1,1,1,1,[],2026-02-15 21:24:08,2026-02-15 21:24:08,2026-02-15 21:24:08,,7,2026-02-15 21:24:08,N/A,N/A
62773,S+3 en location," Immobilier Professionnel
 
 Evaluer mon bien
 
 Chercher une agence
 
 Se connecter
ACCUEIL
IMMOBILIER PROFESSIONNEL
EVALUER MON BIEN
CHERCHER UNE AGENCE
SE CONNECTER
Accueil
Appartement en location
Appartement Grand Tunis
Les Berges Du Lac
Les Berges Du Lac 1
S+3 en location
Video
visite 360°
Phot...",3000,160,Appartement,1,Location,Agence,Les Berges Du Lac 1 : S+3 en location,https://cdn-media.medialabtc.it/tn/agencies/tuca1/estates/62773/images/360455/detail.jpeg,"[""https://cdn-media.medialabtc.it/tn/agencies/tuca1/estates/62773/images/360455/detail.jpeg"", ""https://cdn-media.medialabtc.it/tn/agencies/tuca1/estates/62773/images/360456/gallery_media.jpeg"", ""https://cdn-media.medialabtc.it/tn/agencies/tuca1/estates/62773/images/360450/gallery_media.jpeg"", ""https://cdn-media.medialabtc.it/tn/agencies/tuca1/estates/62773/images/360447/gallery_media.jpeg""]",[],Tecnocasa,Tecnocasa,1,1,1,1,1,1,[],2026-02-15 21:24:08,2026-02-15 21:24:08,2026-02-15 21:24:08,,7,2026-02-15 21:24:08,N/A,N/A
63680,S+1 en location," Immobilier Professionnel
 
 Evaluer mon bien
 
 Chercher une agence
 
 Se connecter
ACCUEIL
IMMOBILIER PROFESSIONNEL
EVALUER MON BIEN
CHERCHER UNE AGENCE
SE CONNECTER
Accueil
Appartement en location
Appartement Grand Tunis
La Marsa
La Marsa
S+1 en location
Video
visite 360°
Photos
Plan
Map
 +6
S+1 ...",1300,80,Appartement,1,Location,Agence,La Marsa : S+1 en location,https://cdn-media.medialabtc.it/tn/agencies/tuma1/estates/63680/images/367504/detail.jpeg,"[""https://cdn-media.medialabtc.it/tn/agencies/tuma1/estates/63680/images/367504/detail.jpeg"", ""https://cdn-media.medialabtc.it/tn/agencies/tuma1/estates/63680/images/367494/gallery_media.jpeg"", ""https://cdn-media.medialabtc.it/tn/agencies/tuma1/estates/63680/images/367493/gallery_media.jpeg"", ""https://cdn-media.medialabtc.it/tn/agencies/tuma1/estates/63680/images/367497/gallery_media.jpeg"", ""https://cdn-media.medialabtc.it/tn/agencies/tuma1/images/team_member/production/478.jpeg"", ""https://cdn-media.medialabtc.it/tn/agencies/tuma1/images/team_member/production/1390.jpeg"", ""https://cdn-media.medialabtc.it/tn/agencies/tuma1/images/team_member/production/1424.jpeg"", ""https://cdn-media.medialabtc.it/tn/agencies/tuma1/images/team_member/production/905.jpeg"", ""https://cdn-media.medialabtc.it/tn/agencies/tuma1/images/team_member/production/1389.jpeg""]",[],Tecnocasa,Tecnocasa,1,1,1,1,1,1,[],2026-02-15 21:24:08,2026-02-15 21:24:08,2026-02-15 21:24:08,,7,2026-02-15 21:24:08,N/A,N/A
63359,S+3 en location," Immobilier Professionnel
 
 Evaluer mon bien
 
 Chercher une agence
 
 Se connecter
ACCUEIL
IMMOBILIER PROFESSIONNEL
EVALUER MON BIEN
CHERCHER UNE AGENCE
SE CONNECTER
Accueil
Appartement en location
Appartement Grand Tunis
Ennasr
Jardins D'Ennasr
S+3 en location
Video
visite 360°
Photos
Plan
Map
 +...",1600,155,Appartement,1,Location,Agence,Jardins D'Ennasr : S+3 en location,https://cdn-media.medialabtc.it/tn/agencies/arca3/estates/63359/images/366487/detail.jpeg,"[""https://cdn-media.medialabtc.it/tn/agencies/arca3/estates/63359/images/366487/detail.jpeg"", ""https://cdn-media.medialabtc.it/tn/agencies/arca3/estates/63359/images/366489/gallery_media.jpeg"", ""https://cdn-media.medialabtc.it/tn/agencies/arca3/estates/63359/images/366490/gallery_media.jpeg"", ""https://cdn-media.medialabtc.it/tn/agencies/arca3/estates/63359/images/366492/gallery_media.jpeg"", ""https://cdn-media.medialabtc.it/tn/agencies/arca3/images/team_member/production/1383.jpeg"", ""https://cdn-media.medialabtc.it/tn/agencies/arca3/images/team_member/production/1380.jpeg"", ""https://cdn-media.medialabtc.it/tn/agencies/arca3/images/team_member/production/1382.jpeg"", ""https://cdn-media.medialabtc.it/tn/agencies/arca3/images/team_member/production/1434.jpeg"", ""https://cdn-media.medialabtc.it/tn/agencies/arca3/images/team_member/production/1626.jpeg"", ""https://cdn-media.medialabtc.it/tn/agencies/arca3/images/team_member/production/1744.jpeg""]",[],Tecnocasa,Tecnocasa,1,1,1,1,1,1,[],2026-02-15 21:24:08,2026-02-15 21:24:08,2026-02-15 21:24:08,,7,2026-02-15 21:24:08,N/A,N/A
63696,S+4 en location," Immobilier Professionnel
 
 Evaluer mon bien
 
 Chercher une agence
 
 Se connecter
ACCUEIL
IMMOBILIER PROFESSIONNEL
EVALUER MON BIEN
CHERCHER UNE AGENCE
SE CONNECTER
Accueil
Appartement en location
Appartement Grand Tunis
Jardins de Carthage
Les Jardins De Carthage
S+4 en location
Video
visite 360...",2500,231,Appartement,1,Location,Agence,Les Jardins De Carthage : S+4 en location,https://cdn-media.medialabtc.it/tn/agencies/tuhb5/estates/63696/images/367833/detail.jpeg,"[""https://cdn-media.medialabtc.it/tn/agencies/tuhb5/estates/63696/images/367833/detail.jpeg"", ""https://cdn-media.medialabtc.it/tn/agencies/tuhb5/estates/63696/images/367822/gallery_media.jpeg"", ""https://cdn-media.medialabtc.it/tn/agencies/tuhb5/estates/63696/images/367829/gallery_media.jpeg"", ""https://cdn-media.medialabtc.it/tn/agencies/tuhb5/estates/63696/images/367823/gallery_media.jpeg"", ""https://cdn-media.medialabtc.it/tn/agencies/tuhb5/images/team_member/production/1677.jpeg"", ""https://cdn-media.medialabtc.it/tn/agencies/tuhb5/images/team_member/production/1751.jpeg"", ""https://cdn-media.medialabtc.it/tn/agencies/tuhb5/images/team_member/production/1678.jpeg"", ""https://cdn-media.medialabtc.it/tn/agencies/tuhb5/images/team_member/production/1703.jpeg""]",[],Tecnocasa,Tecnocasa,1,1,1,1,1,1,[],2026-02-15 21:24:08,2026-02-15 21:24:08,2026-02-15 21:24:08,,8,2026-02-15 21:24:08,N/A,N/A
63646,S+1 en location," Immobilier Professionnel
 
 Evaluer mon bien
 
 Chercher une agence
 
 Se connecter
ACCUEIL
IMMOBILIER PROFESSIONNEL
EVALUER MON BIEN
CHERCHER UNE AGENCE
SE CONNECTER
Accueil
Appartement en location
Appartement Grand Tunis
El Mourouj
El Mourouj 6
S+1 en location
Video
visite 360°
Photos
Plan
Map
 +...","
850",70,Appartement,1,Location,Agence,El Mourouj 6 : S+1 en location,https://cdn-media.medialabtc.it/tn/agencies/tumo1/estates/63646/images/367845/detail.jpeg,"[""https://cdn-media.medialabtc.it/tn/agencies/tumo1/estates/63646/images/367845/detail.jpeg"", ""https://cdn-media.medialabtc.it/tn/agencies/tumo1/estates/63646/images/367847/gallery_media.jpeg"", ""https://cdn-media.medialabtc.it/tn/agencies/tumo1/estates/63646/images/367846/gallery_media.jpeg"", ""https://cdn-media.medialabtc.it/tn/agencies/tumo1/estates/63646/images/367844/gallery_media.jpeg"", ""https://cdn-media.medialabtc.it/tn/agencies/tumo1/images/team_member/production/1499.jpeg"", ""https://cdn-media.medialabtc.it/tn/agencies/tumo1/images/team_member/production/1344.jpeg"", ""https://cdn-media.medialabtc.it/tn/agencies/tumo1/images/team_member/production/1607.jpeg"", ""https://cdn-media.medialabtc.it/tn/agencies/tumo1/images/team_member/production/1497.jpeg"", ""https://cdn-media.medialabtc.it/tn/agencies/tumo1/images/team_member/production/1631.jpeg""]",[],Tecnocasa,Tecnocasa,1,1,1,1,1,1,[],2026-02-15 21:24:08,2026-02-15 21:24:08,2026-02-15 21:24:08,,8,2026-02-15 21:24:08,N/A,N/A
63023,S+3 en location," Immobilier Professionnel
 
 Evaluer mon bien
 
 Chercher une agence
 
 Se connecter
ACCUEIL
IMMOBILIER PROFESSIONNEL
EVALUER MON BIEN
CHERCHER UNE AGENCE
SE CONNECTER
Accueil
Appartement en location
Appartement Grand Tunis
La Marsa
La Marsa
S+3 en location
Video
visite 360°
Photos
Plan
Map
 +1
S+3 ...",4500,160,Appartement,1,Location,Agence,La Marsa : S+3 en location,https://cdn-media.medialabtc.it/tn/agencies/tuha1/estates/63023/images/368130/detail.jpeg,"[""https://cdn-media.medialabtc.it/tn/agencies/tuha1/estates/63023/images/368130/detail.jpeg"", ""https://cdn-media.medialabtc.it/tn/agencies/tuha1/estates/63023/images/368129/gallery_media.jpeg"", ""https://cdn-media.medialabtc.it/tn/agencies/tuha1/estates/63023/images/368127/gallery_media.jpeg"", ""https://cdn-media.medialabtc.it/tn/agencies/tuha1/estates/63023/images/368128/gallery_media.jpeg"", ""https://cdn-media.medialabtc.it/tn/agencies/tuha1/images/team_member/production/1359.jpeg"", ""https://cdn-media.medialabtc.it/tn/agencies/tuha1/images/team_member/production/686.jpeg"", ""https://cdn-media.medialabtc.it/tn/agencies/tuha1/images/team_member/production/750.jpeg"", ""https://cdn-media.medialabtc.it/tn/agencies/tuha1/images/team_member/production/1539.jpeg"", ""https://cdn-media.medialabtc.it/tn/agencies/tuha1/images/team_member/production/1273.jpeg""]",[],Tecnocasa,Tecnocasa,1,1,1,1,1,1,[],2026-02-15 21:24:08,2026-02-15 21:24:08,2026-02-15 21:24:08,,8,2026-02-15 21:24:08,N/A,N/A
63721,Duplex en location," Immobilier Professionnel
 
 Evaluer mon bien
 
 Chercher une agence
 
 Se connecter
ACCUEIL
IMMOBILIER PROFESSIONNEL
EVALUER MON BIEN
CHERCHER UNE AGENCE
SE CONNECTER
Accueil
Appartement en location
Appartement Grand Tunis
La Marsa
La Marsa
Duplex en location
Video
visite 360°
Photos
Plan
Map
 +5
D...",1650,70,Appartement,1,Location,Agence,La Marsa : Duplex en location,https://cdn-media.medialabtc.it/tn/agencies/tuha1/estates/63721/images/368152/detail.jpeg,"[""https://cdn-media.medialabtc.it/tn/agencies/tuha1/estates/63721/images/368152/detail.jpeg"", ""https://cdn-media.medialabtc.it/tn/agencies/tuha1/estates/63721/images/368151/gallery_media.jpeg"", ""https://cdn-media.medialabtc.it/tn/agencies/tuha1/estates/63721/images/368149/gallery_media.jpeg"", ""https://cdn-media.medialabtc.it/tn/agencies/tuha1/estates/63721/images/368147/gallery_media.jpeg"", ""https://cdn-media.medialabtc.it/tn/agencies/tuha1/images/team_member/production/1359.jpeg"", ""https://cdn-media.medialabtc.it/tn/agencies/tuha1/images/team_member/production/686.jpeg"", ""https://cdn-media.medialabtc.it/tn/agencies/tuha1/images/team_member/production/750.jpeg"", ""https://cdn-media.medialabtc.it/tn/agencies/tuha1/images/team_member/production/1539.jpeg"", ""https://cdn-media.medialabtc.it/tn/agencies/tuha1/images/team_member/production/1273.jpeg""]",[],Tecnocasa,Tecnocasa,1,1,1,1,1,1,[],2026-02-15 21:24:08,2026-02-15 21:24:08,2026-02-15 21:24:08,,8,2026-02-15 21:24:08,N/A,N/A
63462,S+2 en location," Immobilier Professionnel
 
 Evaluer mon bien
 
 Chercher une agence
 
 Se connecter
ACCUEIL
IMMOBILIER PROFESSIONNEL
EVALUER MON BIEN
CHERCHER UNE AGENCE
SE CONNECTER
Accueil
Appartement en location
Appartement Grand Tunis
El Mourouj
El Mourouj 5
S+2 en location
Video
visite 360°
Photos
Plan
Map
 +...","
800",100,Appartement,1,Location,Agence,El Mourouj 5 : S+2 en location,https://cdn-media.medialabtc.it/tn/agencies/tumo1/estates/63462/images/367882/detail.jpeg,"[""https://cdn-media.medialabtc.it/tn/agencies/tumo1/estates/63462/images/367882/detail.jpeg"", ""https://cdn-media.medialabtc.it/tn/agencies/tumo1/estates/63462/images/364936/gallery_media.jpeg"", ""https://cdn-media.medialabtc.it/tn/agencies/tumo1/estates/63462/images/364937/gallery_media.jpeg"", ""https://cdn-media.medialabtc.it/tn/agencies/tumo1/estates/63462/images/364942/gallery_media.jpeg"", ""https://cdn-media.medialabtc.it/tn/agencies/tumo1/images/team_member/production/1499.jpeg"", ""https://cdn-media.medialabtc.it/tn/agencies/tumo1/images/team_member/production/1344.jpeg"", ""https://cdn-media.medialabtc.it/tn/agencies/tumo1/images/team_member/production/1607.jpeg"", ""https://cdn-media.medialabtc.it/tn/agencies/tumo1/images/team_member/production/1497.jpeg"", ""https://cdn-media.medialabtc.it/tn/agencies/tumo1/images/team_member/production/1631.jpeg""]",[],Tecnocasa,Tecnocasa,1,1,1,1,1,1,[],2026-02-15 21:24:08,2026-02-15 21:24:08,2026-02-15 21:24:08,,8,2026-02-15 21:24:08,N/A,N/A
63771,S+2 en location," Immobilier Professionnel
 
 Evaluer mon bien
 
 Chercher une agence
 
 Se connecter
ACCUEIL
IMMOBILIER PROFESSIONNEL
EVALUER MON BIEN
CHERCHER UNE AGENCE
SE CONNECTER
Accueil
Appartement en location
Appartement Grand Tunis
Borj Cédria
Borj Cédria
S+2 en location
Video
visite 360°
Photos
Plan
Map
 +...","
600",,Appartement,1,Location,Agence,Borj Cédria : S+2 en location,https://cdn-media.medialabtc.it/tn/agencies/tuhd2/estates/63771/images/368022/detail.jpeg,"[""https://cdn-media.medialabtc.it/tn/agencies/tuhd2/estates/63771/images/368022/detail.jpeg"", ""https://cdn-media.medialabtc.it/tn/agencies/tuhd2/estates/63771/images/368017/gallery_media.jpeg"", ""https://cdn-media.medialabtc.it/tn/agencies/tuhd2/estates/63771/images/368018/gallery_media.jpeg"", ""https://cdn-media.medialabtc.it/tn/agencies/tuhd2/estates/63771/images/368021/gallery_media.jpeg""]",[],Tecnocasa,Tecnocasa,1,1,1,1,1,1,[],2026-02-15 21:24:08,2026-02-15 21:24:08,2026-02-15 21:24:08,,8,2026-02-15 21:24:08,N/A,N/A
63625,S+1 en location," Immobilier Professionnel
 
 Evaluer mon bien
 
 Chercher une agence
 
 Se connecter
ACCUEIL
IMMOBILIER PROFESSIONNEL
EVALUER MON BIEN
CHERCHER UNE AGENCE
SE CONNECTER
Accueil
Appartement en location
Appartement Grand Tunis
Jardins de Carthage
Les Jardins De Carthage
S+1 en location
Video
visite 360...",2500,55,Appartement,1,Location,Agence,Les Jardins De Carthage : S+1 en location,https://cdn-media.medialabtc.it/tn/agencies/tuhb5/estates/63625/images/367884/detail.jpeg,"[""https://cdn-media.medialabtc.it/tn/agencies/tuhb5/estates/63625/images/367884/detail.jpeg"", ""https://cdn-media.medialabtc.it/tn/agencies/tuhb5/estates/63625/images/367887/gallery_media.jpeg"", ""https://cdn-media.medialabtc.it/tn/agencies/tuhb5/estates/63625/images/367886/gallery_media.jpeg"", ""https://cdn-media.medialabtc.it/tn/agencies/tuhb5/estates/63625/images/367885/gallery_media.jpeg"", ""https://cdn-media.medialabtc.it/tn/agencies/tuhb5/images/team_member/production/1677.jpeg"", ""https://cdn-media.medialabtc.it/tn/agencies/tuhb5/images/team_member/production/1751.jpeg"", ""https://cdn-media.medialabtc.it/tn/agencies/tuhb5/images/team_member/production/1678.jpeg"", ""https://cdn-media.medialabtc.it/tn/agencies/tuhb5/images/team_member/production/1703.jpeg""]",[],Tecnocasa,Tecnocasa,1,1,1,1,1,1,[],2026-02-15 21:24:08,2026-02-15 21:24:08,2026-02-15 21:24:08,,8,2026-02-15 21:24:08,N/A,N/A
61340,S+2 en location," Immobilier Professionnel
 
 Evaluer mon bien
 
 Chercher une agence
 
 Se connecter
ACCUEIL
IMMOBILIER PROFESSIONNEL
EVALUER MON BIEN
CHERCHER UNE AGENCE
SE CONNECTER
Accueil
Appartement en location
Appartement Grand Tunis
Radés
Rades Maxula
S+2 en location
Video
visite 360°
Photos
Plan
Map
S+2 en ...","
750",100,Appartement,1,Location,Agence,Rades Maxula : S+2 en location,https://cdn-media.medialabtc.it/tn/agencies/turd1/estates/61340/images/368102/detail.jpeg,"[""https://cdn-media.medialabtc.it/tn/agencies/turd1/estates/61340/images/368102/detail.jpeg"", ""https://cdn-media.medialabtc.it/tn/agencies/turd1/estates/61340/images/368101/gallery_media.jpeg"", ""https://cdn-media.medialabtc.it/tn/agencies/turd1/estates/61340/images/368104/gallery_media.jpeg"", ""https://cdn-media.medialabtc.it/tn/agencies/turd1/estates/61340/images/368103/gallery_media.jpeg""]",[],Tecnocasa,Tecnocasa,1,1,1,1,1,1,[],2026-02-15 21:24:08,2026-02-15 21:24:08,2026-02-15 21:24:08,,8,2026-02-15 21:24:08,N/A,N/A
62929,S+3 en location," Immobilier Professionnel
 
 Evaluer mon bien
 
 Chercher une agence
 
 Se connecter
ACCUEIL
IMMOBILIER PROFESSIONNEL
EVALUER MON BIEN
CHERCHER UNE AGENCE
SE CONNECTER
Accueil
Appartement en location
Appartement Grand Tunis
Ennasr
Jardins D'Ennasr
S+3 en location
Video
visite 360°
Photos
Plan
Map
 +...",1350,156,Appartement,1,Location,Agence,Jardins D'Ennasr : S+3 en location,https://cdn-media.medialabtc.it/tn/agencies/arca3/estates/62929/images/360818/detail.jpeg,"[""https://cdn-media.medialabtc.it/tn/agencies/arca3/estates/62929/images/360818/detail.jpeg"", ""https://cdn-media.medialabtc.it/tn/agencies/arca3/estates/62929/images/360807/gallery_media.jpeg"", ""https://cdn-media.medialabtc.it/tn/agencies/arca3/estates/62929/images/360808/gallery_media.jpeg"", ""https://cdn-media.medialabtc.it/tn/agencies/arca3/estates/62929/images/360810/gallery_media.jpeg"", ""https://cdn-media.medialabtc.it/tn/agencies/arca3/images/team_member/production/1383.jpeg"", ""https://cdn-media.medialabtc.it/tn/agencies/arca3/images/team_member/production/1380.jpeg"", ""https://cdn-media.medialabtc.it/tn/agencies/arca3/images/team_member/production/1382.jpeg"", ""https://cdn-media.medialabtc.it/tn/agencies/arca3/images/team_member/production/1434.jpeg"", ""https://cdn-media.medialabtc.it/tn/agencies/arca3/images/team_member/production/1626.jpeg"", ""https://cdn-media.medialabtc.it/tn/agencies/arca3/images/team_member/production/1744.jpeg""]",[],Tecnocasa,Tecnocasa,1,1,1,1,1,1,[],2026-02-15 21:24:08,2026-02-15 21:24:08,2026-02-15 21:24:08,,8,2026-02-15 21:24:08,N/A,N/A
63671,S+4 en location," Immobilier Professionnel
 
 Evaluer mon bien
 
 Chercher une agence
 
 Se connecter
ACCUEIL
IMMOBILIER PROFESSIONNEL
EVALUER MON BIEN
CHERCHER UNE AGENCE
SE CONNECTER
Accueil
Appartement en location
Appartement Grand Tunis
Ennasr
Ennasr 2
S+4 en location
Video
visite 360°
Photos
Plan
Map
 +10
S+4 e...",2250,180,Appartement,1,Location,Agence,Ennasr 2 : S+4 en location,https://cdn-media.medialabtc.it/tn/agencies/arca1/estates/63671/images/367407/detail.jpeg,"[""https://cdn-media.medialabtc.it/tn/agencies/arca1/estates/63671/images/367407/detail.jpeg"", ""https://cdn-media.medialabtc.it/tn/agencies/arca1/estates/63671/images/367433/gallery_media.jpeg"", ""https://cdn-media.medialabtc.it/tn/agencies/arca1/estates/63671/images/367434/gallery_media.jpeg"", ""https://cdn-media.medialabtc.it/tn/agencies/arca1/estates/63671/images/367432/gallery_media.jpeg"", ""https://cdn-media.medialabtc.it/tn/agencies/arca1/images/team_member/production/898.jpeg"", ""https://cdn-media.medialabtc.it/tn/agencies/arca1/images/team_member/production/902.jpeg"", ""https://cdn-media.medialabtc.it/tn/agencies/arca1/images/team_member/production/1668.jpeg""]",[],Tecnocasa,Tecnocasa,1,1,1,1,1,1,[],2026-02-15 21:24:08,2026-02-15 21:24:08,2026-02-15 21:24:08,,8,2026-02-15 21:24:08,N/A,N/A
63691,S+2 en location," Immobilier Professionnel
 
 Evaluer mon bien
 
 Chercher une agence
 
 Se connecter
ACCUEIL
IMMOBILIER PROFESSIONNEL
EVALUER MON BIEN
CHERCHER UNE AGENCE
SE CONNECTER
Accueil
Appartement en location
Appartement Grand Tunis
El Menzah
Menzah 5
S+2 en location
Video
visite 360°
Photos
Plan
Map
 +3
S+2...",1800,100,Appartement,1,Location,Agence,Menzah 5 : S+2 en location,https://cdn-media.medialabtc.it/tn/agencies/arcb1/estates/63691/images/367902/detail.jpeg,"[""https://cdn-media.medialabtc.it/tn/agencies/arcb1/estates/63691/images/367902/detail.jpeg"", ""https://cdn-media.medialabtc.it/tn/agencies/arcb1/estates/63691/images/367878/gallery_media.jpeg"", ""https://cdn-media.medialabtc.it/tn/agencies/arcb1/estates/63691/images/367879/gallery_media.jpeg"", ""https://cdn-media.medialabtc.it/tn/agencies/arcb1/estates/63691/images/367901/gallery_media.jpeg"", ""https://cdn-media.medialabtc.it/tn/agencies/arcb1/images/team_member/production/167.jpeg""]",[],Tecnocasa,Tecnocasa,1,1,1,1,1,1,[],2026-02-15 21:24:08,2026-02-15 21:24:08,2026-02-15 21:24:08,,8,2026-02-15 21:24:08,N/A,N/A
63383,S+2 en location," Immobilier Professionnel
 
 Evaluer mon bien
 
 Chercher une agence
 
 Se connecter
ACCUEIL
IMMOBILIER PROFESSIONNEL
EVALUER MON BIEN
CHERCHER UNE AGENCE
SE CONNECTER
Accueil
Appartement en location
Appartement Grand Tunis
Manar
Manar 1
S+2 en location
Video
visite 360°
Photos
Plan
Map
 +3
S+2 en l...",1100,120,Appartement,1,Location,Agence,Manar 1 : S+2 en location,https://cdn-media.medialabtc.it/tn/agencies/tuch4/estates/63383/images/364326/detail.jpeg,"[""https://cdn-media.medialabtc.it/tn/agencies/tuch4/estates/63383/images/364326/detail.jpeg"", ""https://cdn-media.medialabtc.it/tn/agencies/tuch4/estates/63383/images/364332/gallery_media.jpeg"", ""https://cdn-media.medialabtc.it/tn/agencies/tuch4/estates/63383/images/364328/gallery_media.jpeg"", ""https://cdn-media.medialabtc.it/tn/agencies/tuch4/estates/63383/images/364327/gallery_media.jpeg"", ""https://cdn-media.medialabtc.it/tn/agencies/tuch4/images/team_member/production/120.jpeg""]",[],Tecnocasa,Tecnocasa,1,1,1,1,1,1,[],2026-02-15 21:24:08,2026-02-15 21:24:08,2026-02-15 21:24:08,,8,2026-02-15 21:24:08,N/A,N/A
62773,S+3 en location," Immobilier Professionnel
 
 Evaluer mon bien
 
 Chercher une agence
 
 Se connecter
ACCUEIL
IMMOBILIER PROFESSIONNEL
EVALUER MON BIEN
CHERCHER UNE AGENCE
SE CONNECTER
Accueil
Appartement en location
Appartement Grand Tunis
Les Berges Du Lac
Les Berges Du Lac 1
S+3 en location
Video
visite 360°
Phot...",3000,160,Appartement,1,Location,Agence,Les Berges Du Lac 1 : S+3 en location,https://cdn-media.medialabtc.it/tn/agencies/tuca1/estates/62773/images/360455/detail.jpeg,"[""https://cdn-media.medialabtc.it/tn/agencies/tuca1/estates/62773/images/360455/detail.jpeg"", ""https://cdn-media.medialabtc.it/tn/agencies/tuca1/estates/62773/images/360456/gallery_media.jpeg"", ""https://cdn-media.medialabtc.it/tn/agencies/tuca1/estates/62773/images/360450/gallery_media.jpeg"", ""https://cdn-media.medialabtc.it/tn/agencies/tuca1/estates/62773/images/360447/gallery_media.jpeg""]",[],Tecnocasa,Tecnocasa,1,1,1,1,1,1,[],2026-02-15 21:24:08,2026-02-15 21:24:08,2026-02-15 21:24:08,,8,2026-02-15 21:24:08,N/A,N/A
63680,S+1 en location," Immobilier Professionnel
 
 Evaluer mon bien
 
 Chercher une agence
 
 Se connecter
ACCUEIL
IMMOBILIER PROFESSIONNEL
EVALUER MON BIEN
CHERCHER UNE AGENCE
SE CONNECTER
Accueil
Appartement en location
Appartement Grand Tunis
La Marsa
La Marsa
S+1 en location
Video
visite 360°
Photos
Plan
Map
 +6
S+1 ...",1300,80,Appartement,1,Location,Agence,La Marsa : S+1 en location,https://cdn-media.medialabtc.it/tn/agencies/tuma1/estates/63680/images/367504/detail.jpeg,"[""https://cdn-media.medialabtc.it/tn/agencies/tuma1/estates/63680/images/367504/detail.jpeg"", ""https://cdn-media.medialabtc.it/tn/agencies/tuma1/estates/63680/images/367494/gallery_media.jpeg"", ""https://cdn-media.medialabtc.it/tn/agencies/tuma1/estates/63680/images/367493/gallery_media.jpeg"", ""https://cdn-media.medialabtc.it/tn/agencies/tuma1/estates/63680/images/367497/gallery_media.jpeg"", ""https://cdn-media.medialabtc.it/tn/agencies/tuma1/images/team_member/production/478.jpeg"", ""https://cdn-media.medialabtc.it/tn/agencies/tuma1/images/team_member/production/1390.jpeg"", ""https://cdn-media.medialabtc.it/tn/agencies/tuma1/images/team_member/production/1424.jpeg"", ""https://cdn-media.medialabtc.it/tn/agencies/tuma1/images/team_member/production/905.jpeg"", ""https://cdn-media.medialabtc.it/tn/agencies/tuma1/images/team_member/production/1389.jpeg""]",[],Tecnocasa,Tecnocasa,1,1,1,1,1,1,[],2026-02-15 21:24:08,2026-02-15 21:24:08,2026-02-15 21:24:08,,8,2026-02-15 21:24:08,N/A,N/A
63359,S+3 en location," Immobilier Professionnel
 
 Evaluer mon bien
 
 Chercher une agence
 
 Se connecter
ACCUEIL
IMMOBILIER PROFESSIONNEL
EVALUER MON BIEN
CHERCHER UNE AGENCE
SE CONNECTER
Accueil
Appartement en location
Appartement Grand Tunis
Ennasr
Jardins D'Ennasr
S+3 en location
Video
visite 360°
Photos
Plan
Map
 +...",1600,155,Appartement,1,Location,Agence,Jardins D'Ennasr : S+3 en location,https://cdn-media.medialabtc.it/tn/agencies/arca3/estates/63359/images/366487/detail.jpeg,"[""https://cdn-media.medialabtc.it/tn/agencies/arca3/estates/63359/images/366487/detail.jpeg"", ""https://cdn-media.medialabtc.it/tn/agencies/arca3/estates/63359/images/366489/gallery_media.jpeg"", ""https://cdn-media.medialabtc.it/tn/agencies/arca3/estates/63359/images/366490/gallery_media.jpeg"", ""https://cdn-media.medialabtc.it/tn/agencies/arca3/estates/63359/images/366492/gallery_media.jpeg"", ""https://cdn-media.medialabtc.it/tn/agencies/arca3/images/team_member/production/1383.jpeg"", ""https://cdn-media.medialabtc.it/tn/agencies/arca3/images/team_member/production/1380.jpeg"", ""https://cdn-media.medialabtc.it/tn/agencies/arca3/images/team_member/production/1382.jpeg"", ""https://cdn-media.medialabtc.it/tn/agencies/arca3/images/team_member/production/1434.jpeg"", ""https://cdn-media.medialabtc.it/tn/agencies/arca3/images/team_member/production/1626.jpeg"", ""https://cdn-media.medialabtc.it/tn/agencies/arca3/images/team_member/production/1744.jpeg""]",[],Tecnocasa,Tecnocasa,1,1,1,1,1,1,[],2026-02-15 21:24:08,2026-02-15 21:24:08,2026-02-15 21:24:08,,8,2026-02-15 21:24:08,N/A,N/A
63696,S+4 en location," Immobilier Professionnel
 
 Evaluer mon bien
 
 Chercher une agence
 
 Se connecter
ACCUEIL
IMMOBILIER PROFESSIONNEL
EVALUER MON BIEN
CHERCHER UNE AGENCE
SE CONNECTER
Accueil
Appartement en location
Appartement Grand Tunis
Jardins de Carthage
Les Jardins De Carthage
S+4 en location
Video
visite 360...",2500,231,Appartement,1,Location,Agence,Les Jardins De Carthage : S+4 en location,https://cdn-media.medialabtc.it/tn/agencies/tuhb5/estates/63696/images/367833/detail.jpeg,"[""https://cdn-media.medialabtc.it/tn/agencies/tuhb5/estates/63696/images/367833/detail.jpeg"", ""https://cdn-media.medialabtc.it/tn/agencies/tuhb5/estates/63696/images/367822/gallery_media.jpeg"", ""https://cdn-media.medialabtc.it/tn/agencies/tuhb5/estates/63696/images/367829/gallery_media.jpeg"", ""https://cdn-media.medialabtc.it/tn/agencies/tuhb5/estates/63696/images/367823/gallery_media.jpeg"", ""https://cdn-media.medialabtc.it/tn/agencies/tuhb5/images/team_member/production/1677.jpeg"", ""https://cdn-media.medialabtc.it/tn/agencies/tuhb5/images/team_member/production/1751.jpeg"", ""https://cdn-media.medialabtc.it/tn/agencies/tuhb5/images/team_member/production/1678.jpeg"", ""https://cdn-media.medialabtc.it/tn/agencies/tuhb5/images/team_member/production/1703.jpeg""]",[],Tecnocasa,Tecnocasa,1,1,1,1,1,1,[],2026-02-15 21:24:08,2026-02-15 21:24:08,2026-02-15 21:24:08,,9,2026-02-15 21:24:08,N/A,N/A
63646,S+1 en location," Immobilier Professionnel
 
 Evaluer mon bien
 
 Chercher une agence
 
 Se connecter
ACCUEIL
IMMOBILIER PROFESSIONNEL
EVALUER MON BIEN
CHERCHER UNE AGENCE
SE CONNECTER
Accueil
Appartement en location
Appartement Grand Tunis
El Mourouj
El Mourouj 6
S+1 en location
Video
visite 360°
Photos
Plan
Map
 +...","
850",70,Appartement,1,Location,Agence,El Mourouj 6 : S+1 en location,https://cdn-media.medialabtc.it/tn/agencies/tumo1/estates/63646/images/367845/detail.jpeg,"[""https://cdn-media.medialabtc.it/tn/agencies/tumo1/estates/63646/images/367845/detail.jpeg"", ""https://cdn-media.medialabtc.it/tn/agencies/tumo1/estates/63646/images/367847/gallery_media.jpeg"", ""https://cdn-media.medialabtc.it/tn/agencies/tumo1/estates/63646/images/367846/gallery_media.jpeg"", ""https://cdn-media.medialabtc.it/tn/agencies/tumo1/estates/63646/images/367844/gallery_media.jpeg"", ""https://cdn-media.medialabtc.it/tn/agencies/tumo1/images/team_member/production/1499.jpeg"", ""https://cdn-media.medialabtc.it/tn/agencies/tumo1/images/team_member/production/1344.jpeg"", ""https://cdn-media.medialabtc.it/tn/agencies/tumo1/images/team_member/production/1607.jpeg"", ""https://cdn-media.medialabtc.it/tn/agencies/tumo1/images/team_member/production/1497.jpeg"", ""https://cdn-media.medialabtc.it/tn/agencies/tumo1/images/team_member/production/1631.jpeg""]",[],Tecnocasa,Tecnocasa,1,1,1,1,1,1,[],2026-02-15 21:24:08,2026-02-15 21:24:08,2026-02-15 21:24:08,,9,2026-02-15 21:24:08,N/A,N/A
63023,S+3 en location," Immobilier Professionnel
 
 Evaluer mon bien
 
 Chercher une agence
 
 Se connecter
ACCUEIL
IMMOBILIER PROFESSIONNEL
EVALUER MON BIEN
CHERCHER UNE AGENCE
SE CONNECTER
Accueil
Appartement en location
Appartement Grand Tunis
La Marsa
La Marsa
S+3 en location
Video
visite 360°
Photos
Plan
Map
 +1
S+3 ...",4500,160,Appartement,1,Location,Agence,La Marsa : S+3 en location,https://cdn-media.medialabtc.it/tn/agencies/tuha1/estates/63023/images/368130/detail.jpeg,"[""https://cdn-media.medialabtc.it/tn/agencies/tuha1/estates/63023/images/368130/detail.jpeg"", ""https://cdn-media.medialabtc.it/tn/agencies/tuha1/estates/63023/images/368129/gallery_media.jpeg"", ""https://cdn-media.medialabtc.it/tn/agencies/tuha1/estates/63023/images/368127/gallery_media.jpeg"", ""https://cdn-media.medialabtc.it/tn/agencies/tuha1/estates/63023/images/368128/gallery_media.jpeg"", ""https://cdn-media.medialabtc.it/tn/agencies/tuha1/images/team_member/production/1359.jpeg"", ""https://cdn-media.medialabtc.it/tn/agencies/tuha1/images/team_member/production/686.jpeg"", ""https://cdn-media.medialabtc.it/tn/agencies/tuha1/images/team_member/production/750.jpeg"", ""https://cdn-media.medialabtc.it/tn/agencies/tuha1/images/team_member/production/1539.jpeg"", ""https://cdn-media.medialabtc.it/tn/agencies/tuha1/images/team_member/production/1273.jpeg""]",[],Tecnocasa,Tecnocasa,1,1,1,1,1,1,[],2026-02-15 21:24:08,2026-02-15 21:24:08,2026-02-15 21:24:08,,9,2026-02-15 21:24:08,N/A,N/A
63721,Duplex en location," Immobilier Professionnel
 
 Evaluer mon bien
 
 Chercher une agence
 
 Se connecter
ACCUEIL
IMMOBILIER PROFESSIONNEL
EVALUER MON BIEN
CHERCHER UNE AGENCE
SE CONNECTER
Accueil
Appartement en location
Appartement Grand Tunis
La Marsa
La Marsa
Duplex en location
Video
visite 360°
Photos
Plan
Map
 +5
D...",1650,70,Appartement,1,Location,Agence,La Marsa : Duplex en location,https://cdn-media.medialabtc.it/tn/agencies/tuha1/estates/63721/images/368152/detail.jpeg,"[""https://cdn-media.medialabtc.it/tn/agencies/tuha1/estates/63721/images/368152/detail.jpeg"", ""https://cdn-media.medialabtc.it/tn/agencies/tuha1/estates/63721/images/368151/gallery_media.jpeg"", ""https://cdn-media.medialabtc.it/tn/agencies/tuha1/estates/63721/images/368149/gallery_media.jpeg"", ""https://cdn-media.medialabtc.it/tn/agencies/tuha1/estates/63721/images/368147/gallery_media.jpeg"", ""https://cdn-media.medialabtc.it/tn/agencies/tuha1/images/team_member/production/1359.jpeg"", ""https://cdn-media.medialabtc.it/tn/agencies/tuha1/images/team_member/production/686.jpeg"", ""https://cdn-media.medialabtc.it/tn/agencies/tuha1/images/team_member/production/750.jpeg"", ""https://cdn-media.medialabtc.it/tn/agencies/tuha1/images/team_member/production/1539.jpeg"", ""https://cdn-media.medialabtc.it/tn/agencies/tuha1/images/team_member/production/1273.jpeg""]",[],Tecnocasa,Tecnocasa,1,1,1,1,1,1,[],2026-02-15 21:24:08,2026-02-15 21:24:08,2026-02-15 21:24:08,,9,2026-02-15 21:24:08,N/A,N/A
63462,S+2 en location," Immobilier Professionnel
 
 Evaluer mon bien
 
 Chercher une agence
 
 Se connecter
ACCUEIL
IMMOBILIER PROFESSIONNEL
EVALUER MON BIEN
CHERCHER UNE AGENCE
SE CONNECTER
Accueil
Appartement en location
Appartement Grand Tunis
El Mourouj
El Mourouj 5
S+2 en location
Video
visite 360°
Photos
Plan
Map
 +...","
800",100,Appartement,1,Location,Agence,El Mourouj 5 : S+2 en location,https://cdn-media.medialabtc.it/tn/agencies/tumo1/estates/63462/images/367882/detail.jpeg,"[""https://cdn-media.medialabtc.it/tn/agencies/tumo1/estates/63462/images/367882/detail.jpeg"", ""https://cdn-media.medialabtc.it/tn/agencies/tumo1/estates/63462/images/364936/gallery_media.jpeg"", ""https://cdn-media.medialabtc.it/tn/agencies/tumo1/estates/63462/images/364937/gallery_media.jpeg"", ""https://cdn-media.medialabtc.it/tn/agencies/tumo1/estates/63462/images/364942/gallery_media.jpeg"", ""https://cdn-media.medialabtc.it/tn/agencies/tumo1/images/team_member/production/1499.jpeg"", ""https://cdn-media.medialabtc.it/tn/agencies/tumo1/images/team_member/production/1344.jpeg"", ""https://cdn-media.medialabtc.it/tn/agencies/tumo1/images/team_member/production/1607.jpeg"", ""https://cdn-media.medialabtc.it/tn/agencies/tumo1/images/team_member/production/1497.jpeg"", ""https://cdn-media.medialabtc.it/tn/agencies/tumo1/images/team_member/production/1631.jpeg""]",[],Tecnocasa,Tecnocasa,1,1,1,1,1,1,[],2026-02-15 21:24:08,2026-02-15 21:24:08,2026-02-15 21:24:08,,9,2026-02-15 21:24:08,N/A,N/A
63771,S+2 en location," Immobilier Professionnel
 
 Evaluer mon bien
 
 Chercher une agence
 
 Se connecter
ACCUEIL
IMMOBILIER PROFESSIONNEL
EVALUER MON BIEN
CHERCHER UNE AGENCE
SE CONNECTER
Accueil
Appartement en location
Appartement Grand Tunis
Borj Cédria
Borj Cédria
S+2 en location
Video
visite 360°
Photos
Plan
Map
 +...","
600",,Appartement,1,Location,Agence,Borj Cédria : S+2 en location,https://cdn-media.medialabtc.it/tn/agencies/tuhd2/estates/63771/images/368022/detail.jpeg,"[""https://cdn-media.medialabtc.it/tn/agencies/tuhd2/estates/63771/images/368022/detail.jpeg"", ""https://cdn-media.medialabtc.it/tn/agencies/tuhd2/estates/63771/images/368017/gallery_media.jpeg"", ""https://cdn-media.medialabtc.it/tn/agencies/tuhd2/estates/63771/images/368018/gallery_media.jpeg"", ""https://cdn-media.medialabtc.it/tn/agencies/tuhd2/estates/63771/images/368021/gallery_media.jpeg""]",[],Tecnocasa,Tecnocasa,1,1,1,1,1,1,[],2026-02-15 21:24:08,2026-02-15 21:24:08,2026-02-15 21:24:08,,9,2026-02-15 21:24:08,N/A,N/A
63625,S+1 en location," Immobilier Professionnel
 
 Evaluer mon bien
 
 Chercher une agence
 
 Se connecter
ACCUEIL
IMMOBILIER PROFESSIONNEL
EVALUER MON BIEN
CHERCHER UNE AGENCE
SE CONNECTER
Accueil
Appartement en location
Appartement Grand Tunis
Jardins de Carthage
Les Jardins De Carthage
S+1 en location
Video
visite 360...",2500,55,Appartement,1,Location,Agence,Les Jardins De Carthage : S+1 en location,https://cdn-media.medialabtc.it/tn/agencies/tuhb5/estates/63625/images/367884/detail.jpeg,"[""https://cdn-media.medialabtc.it/tn/agencies/tuhb5/estates/63625/images/367884/detail.jpeg"", ""https://cdn-media.medialabtc.it/tn/agencies/tuhb5/estates/63625/images/367887/gallery_media.jpeg"", ""https://cdn-media.medialabtc.it/tn/agencies/tuhb5/estates/63625/images/367886/gallery_media.jpeg"", ""https://cdn-media.medialabtc.it/tn/agencies/tuhb5/estates/63625/images/367885/gallery_media.jpeg"", ""https://cdn-media.medialabtc.it/tn/agencies/tuhb5/images/team_member/production/1677.jpeg"", ""https://cdn-media.medialabtc.it/tn/agencies/tuhb5/images/team_member/production/1751.jpeg"", ""https://cdn-media.medialabtc.it/tn/agencies/tuhb5/images/team_member/production/1678.jpeg"", ""https://cdn-media.medialabtc.it/tn/agencies/tuhb5/images/team_member/production/1703.jpeg""]",[],Tecnocasa,Tecnocasa,1,1,1,1,1,1,[],2026-02-15 21:24:08,2026-02-15 21:24:08,2026-02-15 21:24:08,,9,2026-02-15 21:24:08,N/A,N/A
61340,S+2 en location," Immobilier Professionnel
 
 Evaluer mon bien
 
 Chercher une agence
 
 Se connecter
ACCUEIL
IMMOBILIER PROFESSIONNEL
EVALUER MON BIEN
CHERCHER UNE AGENCE
SE CONNECTER
Accueil
Appartement en location
Appartement Grand Tunis
Radés
Rades Maxula
S+2 en location
Video
visite 360°
Photos
Plan
Map
S+2 en ...","
750",100,Appartement,1,Location,Agence,Rades Maxula : S+2 en location,https://cdn-media.medialabtc.it/tn/agencies/turd1/estates/61340/images/368102/detail.jpeg,"[""https://cdn-media.medialabtc.it/tn/agencies/turd1/estates/61340/images/368102/detail.jpeg"", ""https://cdn-media.medialabtc.it/tn/agencies/turd1/estates/61340/images/368101/gallery_media.jpeg"", ""https://cdn-media.medialabtc.it/tn/agencies/turd1/estates/61340/images/368104/gallery_media.jpeg"", ""https://cdn-media.medialabtc.it/tn/agencies/turd1/estates/61340/images/368103/gallery_media.jpeg""]",[],Tecnocasa,Tecnocasa,1,1,1,1,1,1,[],2026-02-15 21:24:08,2026-02-15 21:24:08,2026-02-15 21:24:08,,9,2026-02-15 21:24:08,N/A,N/A
62929,S+3 en location," Immobilier Professionnel
 
 Evaluer mon bien
 
 Chercher une agence
 
 Se connecter
ACCUEIL
IMMOBILIER PROFESSIONNEL
EVALUER MON BIEN
CHERCHER UNE AGENCE
SE CONNECTER
Accueil
Appartement en location
Appartement Grand Tunis
Ennasr
Jardins D'Ennasr
S+3 en location
Video
visite 360°
Photos
Plan
Map
 +...",1350,156,Appartement,1,Location,Agence,Jardins D'Ennasr : S+3 en location,https://cdn-media.medialabtc.it/tn/agencies/arca3/estates/62929/images/360818/detail.jpeg,"[""https://cdn-media.medialabtc.it/tn/agencies/arca3/estates/62929/images/360818/detail.jpeg"", ""https://cdn-media.medialabtc.it/tn/agencies/arca3/estates/62929/images/360807/gallery_media.jpeg"", ""https://cdn-media.medialabtc.it/tn/agencies/arca3/estates/62929/images/360808/gallery_media.jpeg"", ""https://cdn-media.medialabtc.it/tn/agencies/arca3/estates/62929/images/360810/gallery_media.jpeg"", ""https://cdn-media.medialabtc.it/tn/agencies/arca3/images/team_member/production/1383.jpeg"", ""https://cdn-media.medialabtc.it/tn/agencies/arca3/images/team_member/production/1380.jpeg"", ""https://cdn-media.medialabtc.it/tn/agencies/arca3/images/team_member/production/1382.jpeg"", ""https://cdn-media.medialabtc.it/tn/agencies/arca3/images/team_member/production/1434.jpeg"", ""https://cdn-media.medialabtc.it/tn/agencies/arca3/images/team_member/production/1626.jpeg"", ""https://cdn-media.medialabtc.it/tn/agencies/arca3/images/team_member/production/1744.jpeg""]",[],Tecnocasa,Tecnocasa,1,1,1,1,1,1,[],2026-02-15 21:24:08,2026-02-15 21:24:08,2026-02-15 21:24:08,,9,2026-02-15 21:24:08,N/A,N/A
63671,S+4 en location," Immobilier Professionnel
 
 Evaluer mon bien
 
 Chercher une agence
 
 Se connecter
ACCUEIL
IMMOBILIER PROFESSIONNEL
EVALUER MON BIEN
CHERCHER UNE AGENCE
SE CONNECTER
Accueil
Appartement en location
Appartement Grand Tunis
Ennasr
Ennasr 2
S+4 en location
Video
visite 360°
Photos
Plan
Map
 +10
S+4 e...",2250,180,Appartement,1,Location,Agence,Ennasr 2 : S+4 en location,https://cdn-media.medialabtc.it/tn/agencies/arca1/estates/63671/images/367407/detail.jpeg,"[""https://cdn-media.medialabtc.it/tn/agencies/arca1/estates/63671/images/367407/detail.jpeg"", ""https://cdn-media.medialabtc.it/tn/agencies/arca1/estates/63671/images/367433/gallery_media.jpeg"", ""https://cdn-media.medialabtc.it/tn/agencies/arca1/estates/63671/images/367434/gallery_media.jpeg"", ""https://cdn-media.medialabtc.it/tn/agencies/arca1/estates/63671/images/367432/gallery_media.jpeg"", ""https://cdn-media.medialabtc.it/tn/agencies/arca1/images/team_member/production/898.jpeg"", ""https://cdn-media.medialabtc.it/tn/agencies/arca1/images/team_member/production/902.jpeg"", ""https://cdn-media.medialabtc.it/tn/agencies/arca1/images/team_member/production/1668.jpeg""]",[],Tecnocasa,Tecnocasa,1,1,1,1,1,1,[],2026-02-15 21:24:08,2026-02-15 21:24:08,2026-02-15 21:24:08,,9,2026-02-15 21:24:08,N/A,N/A
63691,S+2 en location," Immobilier Professionnel
 
 Evaluer mon bien
 
 Chercher une agence
 
 Se connecter
ACCUEIL
IMMOBILIER PROFESSIONNEL
EVALUER MON BIEN
CHERCHER UNE AGENCE
SE CONNECTER
Accueil
Appartement en location
Appartement Grand Tunis
El Menzah
Menzah 5
S+2 en location
Video
visite 360°
Photos
Plan
Map
 +3
S+2...",1800,100,Appartement,1,Location,Agence,Menzah 5 : S+2 en location,https://cdn-media.medialabtc.it/tn/agencies/arcb1/estates/63691/images/367902/detail.jpeg,"[""https://cdn-media.medialabtc.it/tn/agencies/arcb1/estates/63691/images/367902/detail.jpeg"", ""https://cdn-media.medialabtc.it/tn/agencies/arcb1/estates/63691/images/367878/gallery_media.jpeg"", ""https://cdn-media.medialabtc.it/tn/agencies/arcb1/estates/63691/images/367879/gallery_media.jpeg"", ""https://cdn-media.medialabtc.it/tn/agencies/arcb1/estates/63691/images/367901/gallery_media.jpeg"", ""https://cdn-media.medialabtc.it/tn/agencies/arcb1/images/team_member/production/167.jpeg""]",[],Tecnocasa,Tecnocasa,1,1,1,1,1,1,[],2026-02-15 21:24:08,2026-02-15 21:24:08,2026-02-15 21:24:08,,9,2026-02-15 21:24:08,N/A,N/A
63383,S+2 en location," Immobilier Professionnel
 
 Evaluer mon bien
 
 Chercher une agence
 
 Se connecter
ACCUEIL
IMMOBILIER PROFESSIONNEL
EVALUER MON BIEN
CHERCHER UNE AGENCE
SE CONNECTER
Accueil
Appartement en location
Appartement Grand Tunis
Manar
Manar 1
S+2 en location
Video
visite 360°
Photos
Plan
Map
 +3
S+2 en l...",1100,120,Appartement,1,Location,Agence,Manar 1 : S+2 en location,https://cdn-media.medialabtc.it/tn/agencies/tuch4/estates/63383/images/364326/detail.jpeg,"[""https://cdn-media.medialabtc.it/tn/agencies/tuch4/estates/63383/images/364326/detail.jpeg"", ""https://cdn-media.medialabtc.it/tn/agencies/tuch4/estates/63383/images/364332/gallery_media.jpeg"", ""https://cdn-media.medialabtc.it/tn/agencies/tuch4/estates/63383/images/364328/gallery_media.jpeg"", ""https://cdn-media.medialabtc.it/tn/agencies/tuch4/estates/63383/images/364327/gallery_media.jpeg"", ""https://cdn-media.medialabtc.it/tn/agencies/tuch4/images/team_member/production/120.jpeg""]",[],Tecnocasa,Tecnocasa,1,1,1,1,1,1,[],2026-02-15 21:24:08,2026-02-15 21:24:08,2026-02-15 21:24:08,,9,2026-02-15 21:24:08,N/A,N/A
62773,S+3 en location," Immobilier Professionnel
 
 Evaluer mon bien
 
 Chercher une agence
 
 Se connecter
ACCUEIL
IMMOBILIER PROFESSIONNEL
EVALUER MON BIEN
CHERCHER UNE AGENCE
SE CONNECTER
Accueil
Appartement en location
Appartement Grand Tunis
Les Berges Du Lac
Les Berges Du Lac 1
S+3 en location
Video
visite 360°
Phot...",3000,160,Appartement,1,Location,Agence,Les Berges Du Lac 1 : S+3 en location,https://cdn-media.medialabtc.it/tn/agencies/tuca1/estates/62773/images/360455/detail.jpeg,"[""https://cdn-media.medialabtc.it/tn/agencies/tuca1/estates/62773/images/360455/detail.jpeg"", ""https://cdn-media.medialabtc.it/tn/agencies/tuca1/estates/62773/images/360456/gallery_media.jpeg"", ""https://cdn-media.medialabtc.it/tn/agencies/tuca1/estates/62773/images/360450/gallery_media.jpeg"", ""https://cdn-media.medialabtc.it/tn/agencies/tuca1/estates/62773/images/360447/gallery_media.jpeg""]",[],Tecnocasa,Tecnocasa,1,1,1,1,1,1,[],2026-02-15 21:24:08,2026-02-15 21:24:08,2026-02-15 21:24:08,,9,2026-02-15 21:24:08,N/A,N/A
63680,S+1 en location," Immobilier Professionnel
 
 Evaluer mon bien
 
 Chercher une agence
 
 Se connecter
ACCUEIL
IMMOBILIER PROFESSIONNEL
EVALUER MON BIEN
CHERCHER UNE AGENCE
SE CONNECTER
Accueil
Appartement en location
Appartement Grand Tunis
La Marsa
La Marsa
S+1 en location
Video
visite 360°
Photos
Plan
Map
 +6
S+1 ...",1300,80,Appartement,1,Location,Agence,La Marsa : S+1 en location,https://cdn-media.medialabtc.it/tn/agencies/tuma1/estates/63680/images/367504/detail.jpeg,"[""https://cdn-media.medialabtc.it/tn/agencies/tuma1/estates/63680/images/367504/detail.jpeg"", ""https://cdn-media.medialabtc.it/tn/agencies/tuma1/estates/63680/images/367494/gallery_media.jpeg"", ""https://cdn-media.medialabtc.it/tn/agencies/tuma1/estates/63680/images/367493/gallery_media.jpeg"", ""https://cdn-media.medialabtc.it/tn/agencies/tuma1/estates/63680/images/367497/gallery_media.jpeg"", ""https://cdn-media.medialabtc.it/tn/agencies/tuma1/images/team_member/production/478.jpeg"", ""https://cdn-media.medialabtc.it/tn/agencies/tuma1/images/team_member/production/1390.jpeg"", ""https://cdn-media.medialabtc.it/tn/agencies/tuma1/images/team_member/production/1424.jpeg"", ""https://cdn-media.medialabtc.it/tn/agencies/tuma1/images/team_member/production/905.jpeg"", ""https://cdn-media.medialabtc.it/tn/agencies/tuma1/images/team_member/production/1389.jpeg""]",[],Tecnocasa,Tecnocasa,1,1,1,1,1,1,[],2026-02-15 21:24:08,2026-02-15 21:24:08,2026-02-15 21:24:08,,9,2026-02-15 21:24:08,N/A,N/A
63359,S+3 en location," Immobilier Professionnel
 
 Evaluer mon bien
 
 Chercher une agence
 
 Se connecter
ACCUEIL
IMMOBILIER PROFESSIONNEL
EVALUER MON BIEN
CHERCHER UNE AGENCE
SE CONNECTER
Accueil
Appartement en location
Appartement Grand Tunis
Ennasr
Jardins D'Ennasr
S+3 en location
Video
visite 360°
Photos
Plan
Map
 +...",1600,155,Appartement,1,Location,Agence,Jardins D'Ennasr : S+3 en location,https://cdn-media.medialabtc.it/tn/agencies/arca3/estates/63359/images/366487/detail.jpeg,"[""https://cdn-media.medialabtc.it/tn/agencies/arca3/estates/63359/images/366487/detail.jpeg"", ""https://cdn-media.medialabtc.it/tn/agencies/arca3/estates/63359/images/366489/gallery_media.jpeg"", ""https://cdn-media.medialabtc.it/tn/agencies/arca3/estates/63359/images/366490/gallery_media.jpeg"", ""https://cdn-media.medialabtc.it/tn/agencies/arca3/estates/63359/images/366492/gallery_media.jpeg"", ""https://cdn-media.medialabtc.it/tn/agencies/arca3/images/team_member/production/1383.jpeg"", ""https://cdn-media.medialabtc.it/tn/agencies/arca3/images/team_member/production/1380.jpeg"", ""https://cdn-media.medialabtc.it/tn/agencies/arca3/images/team_member/production/1382.jpeg"", ""https://cdn-media.medialabtc.it/tn/agencies/arca3/images/team_member/production/1434.jpeg"", ""https://cdn-media.medialabtc.it/tn/agencies/arca3/images/team_member/production/1626.jpeg"", ""https://cdn-media.medialabtc.it/tn/agencies/arca3/images/team_member/production/1744.jpeg""]",[],Tecnocasa,Tecnocasa,1,1,1,1,1,1,[],2026-02-15 21:24:08,2026-02-15 21:24:08,2026-02-15 21:24:08,,9,2026-02-15 21:24:08,N/A,N/A
63696,S+4 en location," Immobilier Professionnel
 
 Evaluer mon bien
 
 Chercher une agence
 
 Se connecter
ACCUEIL
IMMOBILIER PROFESSIONNEL
EVALUER MON BIEN
CHERCHER UNE AGENCE
SE CONNECTER
Accueil
Appartement en location
Appartement Grand Tunis
Jardins de Carthage
Les Jardins De Carthage
S+4 en location
Video
visite 360...",2500,231,Appartement,1,Location,Agence,Les Jardins De Carthage : S+4 en location,https://cdn-media.medialabtc.it/tn/agencies/tuhb5/estates/63696/images/367833/detail.jpeg,"[""https://cdn-media.medialabtc.it/tn/agencies/tuhb5/estates/63696/images/367833/detail.jpeg"", ""https://cdn-media.medialabtc.it/tn/agencies/tuhb5/estates/63696/images/367822/gallery_media.jpeg"", ""https://cdn-media.medialabtc.it/tn/agencies/tuhb5/estates/63696/images/367829/gallery_media.jpeg"", ""https://cdn-media.medialabtc.it/tn/agencies/tuhb5/estates/63696/images/367823/gallery_media.jpeg"", ""https://cdn-media.medialabtc.it/tn/agencies/tuhb5/images/team_member/production/1677.jpeg"", ""https://cdn-media.medialabtc.it/tn/agencies/tuhb5/images/team_member/production/1751.jpeg"", ""https://cdn-media.medialabtc.it/tn/agencies/tuhb5/images/team_member/production/1678.jpeg"", ""https://cdn-media.medialabtc.it/tn/agencies/tuhb5/images/team_member/production/1703.jpeg""]",[],Tecnocasa,Tecnocasa,1,1,1,1,1,1,[],2026-02-15 21:24:08,2026-02-15 21:24:08,2026-02-15 21:24:08,,10,2026-02-15 21:24:08,N/A,N/A
63646,S+1 en location," Immobilier Professionnel
 
 Evaluer mon bien
 
 Chercher une agence
 
 Se connecter
ACCUEIL
IMMOBILIER PROFESSIONNEL
EVALUER MON BIEN
CHERCHER UNE AGENCE
SE CONNECTER
Accueil
Appartement en location
Appartement Grand Tunis
El Mourouj
El Mourouj 6
S+1 en location
Video
visite 360°
Photos
Plan
Map
 +...","
850",70,Appartement,1,Location,Agence,El Mourouj 6 : S+1 en location,https://cdn-media.medialabtc.it/tn/agencies/tumo1/estates/63646/images/367845/detail.jpeg,"[""https://cdn-media.medialabtc.it/tn/agencies/tumo1/estates/63646/images/367845/detail.jpeg"", ""https://cdn-media.medialabtc.it/tn/agencies/tumo1/estates/63646/images/367847/gallery_media.jpeg"", ""https://cdn-media.medialabtc.it/tn/agencies/tumo1/estates/63646/images/367846/gallery_media.jpeg"", ""https://cdn-media.medialabtc.it/tn/agencies/tumo1/estates/63646/images/367844/gallery_media.jpeg"", ""https://cdn-media.medialabtc.it/tn/agencies/tumo1/images/team_member/production/1499.jpeg"", ""https://cdn-media.medialabtc.it/tn/agencies/tumo1/images/team_member/production/1344.jpeg"", ""https://cdn-media.medialabtc.it/tn/agencies/tumo1/images/team_member/production/1607.jpeg"", ""https://cdn-media.medialabtc.it/tn/agencies/tumo1/images/team_member/production/1497.jpeg"", ""https://cdn-media.medialabtc.it/tn/agencies/tumo1/images/team_member/production/1631.jpeg""]",[],Tecnocasa,Tecnocasa,1,1,1,1,1,1,[],2026-02-15 21:24:08,2026-02-15 21:24:08,2026-02-15 21:24:08,,10,2026-02-15 21:24:08,N/A,N/A
63023,S+3 en location," Immobilier Professionnel
 
 Evaluer mon bien
 
 Chercher une agence
 
 Se connecter
ACCUEIL
IMMOBILIER PROFESSIONNEL
EVALUER MON BIEN
CHERCHER UNE AGENCE
SE CONNECTER
Accueil
Appartement en location
Appartement Grand Tunis
La Marsa
La Marsa
S+3 en location
Video
visite 360°
Photos
Plan
Map
 +1
S+3 ...",4500,160,Appartement,1,Location,Agence,La Marsa : S+3 en location,https://cdn-media.medialabtc.it/tn/agencies/tuha1/estates/63023/images/368130/detail.jpeg,"[""https://cdn-media.medialabtc.it/tn/agencies/tuha1/estates/63023/images/368130/detail.jpeg"", ""https://cdn-media.medialabtc.it/tn/agencies/tuha1/estates/63023/images/368129/gallery_media.jpeg"", ""https://cdn-media.medialabtc.it/tn/agencies/tuha1/estates/63023/images/368127/gallery_media.jpeg"", ""https://cdn-media.medialabtc.it/tn/agencies/tuha1/estates/63023/images/368128/gallery_media.jpeg"", ""https://cdn-media.medialabtc.it/tn/agencies/tuha1/images/team_member/production/1359.jpeg"", ""https://cdn-media.medialabtc.it/tn/agencies/tuha1/images/team_member/production/686.jpeg"", ""https://cdn-media.medialabtc.it/tn/agencies/tuha1/images/team_member/production/750.jpeg"", ""https://cdn-media.medialabtc.it/tn/agencies/tuha1/images/team_member/production/1539.jpeg"", ""https://cdn-media.medialabtc.it/tn/agencies/tuha1/images/team_member/production/1273.jpeg""]",[],Tecnocasa,Tecnocasa,1,1,1,1,1,1,[],2026-02-15 21:24:08,2026-02-15 21:24:08,2026-02-15 21:24:08,,10,2026-02-15 21:24:08,N/A,N/A
63721,Duplex en location," Immobilier Professionnel
 
 Evaluer mon bien
 
 Chercher une agence
 
 Se connecter
ACCUEIL
IMMOBILIER PROFESSIONNEL
EVALUER MON BIEN
CHERCHER UNE AGENCE
SE CONNECTER
Accueil
Appartement en location
Appartement Grand Tunis
La Marsa
La Marsa
Duplex en location
Video
visite 360°
Photos
Plan
Map
 +5
D...",1650,70,Appartement,1,Location,Agence,La Marsa : Duplex en location,https://cdn-media.medialabtc.it/tn/agencies/tuha1/estates/63721/images/368152/detail.jpeg,"[""https://cdn-media.medialabtc.it/tn/agencies/tuha1/estates/63721/images/368152/detail.jpeg"", ""https://cdn-media.medialabtc.it/tn/agencies/tuha1/estates/63721/images/368151/gallery_media.jpeg"", ""https://cdn-media.medialabtc.it/tn/agencies/tuha1/estates/63721/images/368149/gallery_media.jpeg"", ""https://cdn-media.medialabtc.it/tn/agencies/tuha1/estates/63721/images/368147/gallery_media.jpeg"", ""https://cdn-media.medialabtc.it/tn/agencies/tuha1/images/team_member/production/1359.jpeg"", ""https://cdn-media.medialabtc.it/tn/agencies/tuha1/images/team_member/production/686.jpeg"", ""https://cdn-media.medialabtc.it/tn/agencies/tuha1/images/team_member/production/750.jpeg"", ""https://cdn-media.medialabtc.it/tn/agencies/tuha1/images/team_member/production/1539.jpeg"", ""https://cdn-media.medialabtc.it/tn/agencies/tuha1/images/team_member/production/1273.jpeg""]",[],Tecnocasa,Tecnocasa,1,1,1,1,1,1,[],2026-02-15 21:24:08,2026-02-15 21:24:08,2026-02-15 21:24:08,,10,2026-02-15 21:24:08,N/A,N/A
63462,S+2 en location," Immobilier Professionnel
 
 Evaluer mon bien
 
 Chercher une agence
 
 Se connecter
ACCUEIL
IMMOBILIER PROFESSIONNEL
EVALUER MON BIEN
CHERCHER UNE AGENCE
SE CONNECTER
Accueil
Appartement en location
Appartement Grand Tunis
El Mourouj
El Mourouj 5
S+2 en location
Video
visite 360°
Photos
Plan
Map
 +...","
800",100,Appartement,1,Location,Agence,El Mourouj 5 : S+2 en location,https://cdn-media.medialabtc.it/tn/agencies/tumo1/estates/63462/images/367882/detail.jpeg,"[""https://cdn-media.medialabtc.it/tn/agencies/tumo1/estates/63462/images/367882/detail.jpeg"", ""https://cdn-media.medialabtc.it/tn/agencies/tumo1/estates/63462/images/364936/gallery_media.jpeg"", ""https://cdn-media.medialabtc.it/tn/agencies/tumo1/estates/63462/images/364937/gallery_media.jpeg"", ""https://cdn-media.medialabtc.it/tn/agencies/tumo1/estates/63462/images/364942/gallery_media.jpeg"", ""https://cdn-media.medialabtc.it/tn/agencies/tumo1/images/team_member/production/1499.jpeg"", ""https://cdn-media.medialabtc.it/tn/agencies/tumo1/images/team_member/production/1344.jpeg"", ""https://cdn-media.medialabtc.it/tn/agencies/tumo1/images/team_member/production/1607.jpeg"", ""https://cdn-media.medialabtc.it/tn/agencies/tumo1/images/team_member/production/1497.jpeg"", ""https://cdn-media.medialabtc.it/tn/agencies/tumo1/images/team_member/production/1631.jpeg""]",[],Tecnocasa,Tecnocasa,1,1,1,1,1,1,[],2026-02-15 21:24:08,2026-02-15 21:24:08,2026-02-15 21:24:08,,10,2026-02-15 21:24:08,N/A,N/A
63771,S+2 en location," Immobilier Professionnel
 
 Evaluer mon bien
 
 Chercher une agence
 
 Se connecter
ACCUEIL
IMMOBILIER PROFESSIONNEL
EVALUER MON BIEN
CHERCHER UNE AGENCE
SE CONNECTER
Accueil
Appartement en location
Appartement Grand Tunis
Borj Cédria
Borj Cédria
S+2 en location
Video
visite 360°
Photos
Plan
Map
 +...","
600",,Appartement,1,Location,Agence,Borj Cédria : S+2 en location,https://cdn-media.medialabtc.it/tn/agencies/tuhd2/estates/63771/images/368022/detail.jpeg,"[""https://cdn-media.medialabtc.it/tn/agencies/tuhd2/estates/63771/images/368022/detail.jpeg"", ""https://cdn-media.medialabtc.it/tn/agencies/tuhd2/estates/63771/images/368017/gallery_media.jpeg"", ""https://cdn-media.medialabtc.it/tn/agencies/tuhd2/estates/63771/images/368018/gallery_media.jpeg"", ""https://cdn-media.medialabtc.it/tn/agencies/tuhd2/estates/63771/images/368021/gallery_media.jpeg""]",[],Tecnocasa,Tecnocasa,1,1,1,1,1,1,[],2026-02-15 21:24:08,2026-02-15 21:24:08,2026-02-15 21:24:08,,10,2026-02-15 21:24:08,N/A,N/A
63625,S+1 en location," Immobilier Professionnel
 
 Evaluer mon bien
 
 Chercher une agence
 
 Se connecter
ACCUEIL
IMMOBILIER PROFESSIONNEL
EVALUER MON BIEN
CHERCHER UNE AGENCE
SE CONNECTER
Accueil
Appartement en location
Appartement Grand Tunis
Jardins de Carthage
Les Jardins De Carthage
S+1 en location
Video
visite 360...",2500,55,Appartement,1,Location,Agence,Les Jardins De Carthage : S+1 en location,https://cdn-media.medialabtc.it/tn/agencies/tuhb5/estates/63625/images/367884/detail.jpeg,"[""https://cdn-media.medialabtc.it/tn/agencies/tuhb5/estates/63625/images/367884/detail.jpeg"", ""https://cdn-media.medialabtc.it/tn/agencies/tuhb5/estates/63625/images/367887/gallery_media.jpeg"", ""https://cdn-media.medialabtc.it/tn/agencies/tuhb5/estates/63625/images/367886/gallery_media.jpeg"", ""https://cdn-media.medialabtc.it/tn/agencies/tuhb5/estates/63625/images/367885/gallery_media.jpeg"", ""https://cdn-media.medialabtc.it/tn/agencies/tuhb5/images/team_member/production/1677.jpeg"", ""https://cdn-media.medialabtc.it/tn/agencies/tuhb5/images/team_member/production/1751.jpeg"", ""https://cdn-media.medialabtc.it/tn/agencies/tuhb5/images/team_member/production/1678.jpeg"", ""https://cdn-media.medialabtc.it/tn/agencies/tuhb5/images/team_member/production/1703.jpeg""]",[],Tecnocasa,Tecnocasa,1,1,1,1,1,1,[],2026-02-15 21:24:08,2026-02-15 21:24:08,2026-02-15 21:24:08,,10,2026-02-15 21:24:08,N/A,N/A
61340,S+2 en location," Immobilier Professionnel
 
 Evaluer mon bien
 
 Chercher une agence
 
 Se connecter
ACCUEIL
IMMOBILIER PROFESSIONNEL
EVALUER MON BIEN
CHERCHER UNE AGENCE
SE CONNECTER
Accueil
Appartement en location
Appartement Grand Tunis
Radés
Rades Maxula
S+2 en location
Video
visite 360°
Photos
Plan
Map
S+2 en ...","
750",100,Appartement,1,Location,Agence,Rades Maxula : S+2 en location,https://cdn-media.medialabtc.it/tn/agencies/turd1/estates/61340/images/368102/detail.jpeg,"[""https://cdn-media.medialabtc.it/tn/agencies/turd1/estates/61340/images/368102/detail.jpeg"", ""https://cdn-media.medialabtc.it/tn/agencies/turd1/estates/61340/images/368101/gallery_media.jpeg"", ""https://cdn-media.medialabtc.it/tn/agencies/turd1/estates/61340/images/368104/gallery_media.jpeg"", ""https://cdn-media.medialabtc.it/tn/agencies/turd1/estates/61340/images/368103/gallery_media.jpeg""]",[],Tecnocasa,Tecnocasa,1,1,1,1,1,1,[],2026-02-15 21:24:08,2026-02-15 21:24:08,2026-02-15 21:24:08,,10,2026-02-15 21:24:08,N/A,N/A
62929,S+3 en location," Immobilier Professionnel
 
 Evaluer mon bien
 
 Chercher une agence
 
 Se connecter
ACCUEIL
IMMOBILIER PROFESSIONNEL
EVALUER MON BIEN
CHERCHER UNE AGENCE
SE CONNECTER
Accueil
Appartement en location
Appartement Grand Tunis
Ennasr
Jardins D'Ennasr
S+3 en location
Video
visite 360°
Photos
Plan
Map
 +...",1350,156,Appartement,1,Location,Agence,Jardins D'Ennasr : S+3 en location,https://cdn-media.medialabtc.it/tn/agencies/arca3/estates/62929/images/360818/detail.jpeg,"[""https://cdn-media.medialabtc.it/tn/agencies/arca3/estates/62929/images/360818/detail.jpeg"", ""https://cdn-media.medialabtc.it/tn/agencies/arca3/estates/62929/images/360807/gallery_media.jpeg"", ""https://cdn-media.medialabtc.it/tn/agencies/arca3/estates/62929/images/360808/gallery_media.jpeg"", ""https://cdn-media.medialabtc.it/tn/agencies/arca3/estates/62929/images/360810/gallery_media.jpeg"", ""https://cdn-media.medialabtc.it/tn/agencies/arca3/images/team_member/production/1383.jpeg"", ""https://cdn-media.medialabtc.it/tn/agencies/arca3/images/team_member/production/1380.jpeg"", ""https://cdn-media.medialabtc.it/tn/agencies/arca3/images/team_member/production/1382.jpeg"", ""https://cdn-media.medialabtc.it/tn/agencies/arca3/images/team_member/production/1434.jpeg"", ""https://cdn-media.medialabtc.it/tn/agencies/arca3/images/team_member/production/1626.jpeg"", ""https://cdn-media.medialabtc.it/tn/agencies/arca3/images/team_member/production/1744.jpeg""]",[],Tecnocasa,Tecnocasa,1,1,1,1,1,1,[],2026-02-15 21:24:08,2026-02-15 21:24:08,2026-02-15 21:24:08,,10,2026-02-15 21:24:08,N/A,N/A
63671,S+4 en location," Immobilier Professionnel
 
 Evaluer mon bien
 
 Chercher une agence
 
 Se connecter
ACCUEIL
IMMOBILIER PROFESSIONNEL
EVALUER MON BIEN
CHERCHER UNE AGENCE
SE CONNECTER
Accueil
Appartement en location
Appartement Grand Tunis
Ennasr
Ennasr 2
S+4 en location
Video
visite 360°
Photos
Plan
Map
 +10
S+4 e...",2250,180,Appartement,1,Location,Agence,Ennasr 2 : S+4 en location,https://cdn-media.medialabtc.it/tn/agencies/arca1/estates/63671/images/367407/detail.jpeg,"[""https://cdn-media.medialabtc.it/tn/agencies/arca1/estates/63671/images/367407/detail.jpeg"", ""https://cdn-media.medialabtc.it/tn/agencies/arca1/estates/63671/images/367433/gallery_media.jpeg"", ""https://cdn-media.medialabtc.it/tn/agencies/arca1/estates/63671/images/367434/gallery_media.jpeg"", ""https://cdn-media.medialabtc.it/tn/agencies/arca1/estates/63671/images/367432/gallery_media.jpeg"", ""https://cdn-media.medialabtc.it/tn/agencies/arca1/images/team_member/production/898.jpeg"", ""https://cdn-media.medialabtc.it/tn/agencies/arca1/images/team_member/production/902.jpeg"", ""https://cdn-media.medialabtc.it/tn/agencies/arca1/images/team_member/production/1668.jpeg""]",[],Tecnocasa,Tecnocasa,1,1,1,1,1,1,[],2026-02-15 21:24:08,2026-02-15 21:24:08,2026-02-15 21:24:08,,10,2026-02-15 21:24:08,N/A,N/A
63691,S+2 en location," Immobilier Professionnel
 
 Evaluer mon bien
 
 Chercher une agence
 
 Se connecter
ACCUEIL
IMMOBILIER PROFESSIONNEL
EVALUER MON BIEN
CHERCHER UNE AGENCE
SE CONNECTER
Accueil
Appartement en location
Appartement Grand Tunis
El Menzah
Menzah 5
S+2 en location
Video
visite 360°
Photos
Plan
Map
 +3
S+2...",1800,100,Appartement,1,Location,Agence,Menzah 5 : S+2 en location,https://cdn-media.medialabtc.it/tn/agencies/arcb1/estates/63691/images/367902/detail.jpeg,"[""https://cdn-media.medialabtc.it/tn/agencies/arcb1/estates/63691/images/367902/detail.jpeg"", ""https://cdn-media.medialabtc.it/tn/agencies/arcb1/estates/63691/images/367878/gallery_media.jpeg"", ""https://cdn-media.medialabtc.it/tn/agencies/arcb1/estates/63691/images/367879/gallery_media.jpeg"", ""https://cdn-media.medialabtc.it/tn/agencies/arcb1/estates/63691/images/367901/gallery_media.jpeg"", ""https://cdn-media.medialabtc.it/tn/agencies/arcb1/images/team_member/production/167.jpeg""]",[],Tecnocasa,Tecnocasa,1,1,1,1,1,1,[],2026-02-15 21:24:08,2026-02-15 21:24:08,2026-02-15 21:24:08,,10,2026-02-15 21:24:08,N/A,N/A
63383,S+2 en location," Immobilier Professionnel
 
 Evaluer mon bien
 
 Chercher une agence
 
 Se connecter
ACCUEIL
IMMOBILIER PROFESSIONNEL
EVALUER MON BIEN
CHERCHER UNE AGENCE
SE CONNECTER
Accueil
Appartement en location
Appartement Grand Tunis
Manar
Manar 1
S+2 en location
Video
visite 360°
Photos
Plan
Map
 +3
S+2 en l...",1100,120,Appartement,1,Location,Agence,Manar 1 : S+2 en location,https://cdn-media.medialabtc.it/tn/agencies/tuch4/estates/63383/images/364326/detail.jpeg,"[""https://cdn-media.medialabtc.it/tn/agencies/tuch4/estates/63383/images/364326/detail.jpeg"", ""https://cdn-media.medialabtc.it/tn/agencies/tuch4/estates/63383/images/364332/gallery_media.jpeg"", ""https://cdn-media.medialabtc.it/tn/agencies/tuch4/estates/63383/images/364328/gallery_media.jpeg"", ""https://cdn-media.medialabtc.it/tn/agencies/tuch4/estates/63383/images/364327/gallery_media.jpeg"", ""https://cdn-media.medialabtc.it/tn/agencies/tuch4/images/team_member/production/120.jpeg""]",[],Tecnocasa,Tecnocasa,1,1,1,1,1,1,[],2026-02-15 21:24:08,2026-02-15 21:24:08,2026-02-15 21:24:08,,10,2026-02-15 21:24:08,N/A,N/A
62773,S+3 en location," Immobilier Professionnel
 
 Evaluer mon bien
 
 Chercher une agence
 
 Se connecter
ACCUEIL
IMMOBILIER PROFESSIONNEL
EVALUER MON BIEN
CHERCHER UNE AGENCE
SE CONNECTER
Accueil
Appartement en location
Appartement Grand Tunis
Les Berges Du Lac
Les Berges Du Lac 1
S+3 en location
Video
visite 360°
Phot...",3000,160,Appartement,1,Location,Agence,Les Berges Du Lac 1 : S+3 en location,https://cdn-media.medialabtc.it/tn/agencies/tuca1/estates/62773/images/360455/detail.jpeg,"[""https://cdn-media.medialabtc.it/tn/agencies/tuca1/estates/62773/images/360455/detail.jpeg"", ""https://cdn-media.medialabtc.it/tn/agencies/tuca1/estates/62773/images/360456/gallery_media.jpeg"", ""https://cdn-media.medialabtc.it/tn/agencies/tuca1/estates/62773/images/360450/gallery_media.jpeg"", ""https://cdn-media.medialabtc.it/tn/agencies/tuca1/estates/62773/images/360447/gallery_media.jpeg""]",[],Tecnocasa,Tecnocasa,1,1,1,1,1,1,[],2026-02-15 21:24:08,2026-02-15 21:24:08,2026-02-15 21:24:08,,10,2026-02-15 21:24:08,N/A,N/A
63680,S+1 en location," Immobilier Professionnel
 
 Evaluer mon bien
 
 Chercher une agence
 
 Se connecter
ACCUEIL
IMMOBILIER PROFESSIONNEL
EVALUER MON BIEN
CHERCHER UNE AGENCE
SE CONNECTER
Accueil
Appartement en location
Appartement Grand Tunis
La Marsa
La Marsa
S+1 en location
Video
visite 360°
Photos
Plan
Map
 +6
S+1 ...",1300,80,Appartement,1,Location,Agence,La Marsa : S+1 en location,https://cdn-media.medialabtc.it/tn/agencies/tuma1/estates/63680/images/367504/detail.jpeg,"[""https://cdn-media.medialabtc.it/tn/agencies/tuma1/estates/63680/images/367504/detail.jpeg"", ""https://cdn-media.medialabtc.it/tn/agencies/tuma1/estates/63680/images/367494/gallery_media.jpeg"", ""https://cdn-media.medialabtc.it/tn/agencies/tuma1/estates/63680/images/367493/gallery_media.jpeg"", ""https://cdn-media.medialabtc.it/tn/agencies/tuma1/estates/63680/images/367497/gallery_media.jpeg"", ""https://cdn-media.medialabtc.it/tn/agencies/tuma1/images/team_member/production/478.jpeg"", ""https://cdn-media.medialabtc.it/tn/agencies/tuma1/images/team_member/production/1390.jpeg"", ""https://cdn-media.medialabtc.it/tn/agencies/tuma1/images/team_member/production/1424.jpeg"", ""https://cdn-media.medialabtc.it/tn/agencies/tuma1/images/team_member/production/905.jpeg"", ""https://cdn-media.medialabtc.it/tn/agencies/tuma1/images/team_member/production/1389.jpeg""]",[],Tecnocasa,Tecnocasa,1,1,1,1,1,1,[],2026-02-15 21:24:08,2026-02-15 21:24:08,2026-02-15 21:24:08,,10,2026-02-15 21:24:08,N/A,N/A
63359,S+3 en location," Immobilier Professionnel
 
 Evaluer mon bien
 
 Chercher une agence
 
 Se connecter
ACCUEIL
IMMOBILIER PROFESSIONNEL
EVALUER MON BIEN
CHERCHER UNE AGENCE
SE CONNECTER
Accueil
Appartement en location
Appartement Grand Tunis
Ennasr
Jardins D'Ennasr
S+3 en location
Video
visite 360°
Photos
Plan
Map
 +...",1600,155,Appartement,1,Location,Agence,Jardins D'Ennasr : S+3 en location,https://cdn-media.medialabtc.it/tn/agencies/arca3/estates/63359/images/366487/detail.jpeg,"[""https://cdn-media.medialabtc.it/tn/agencies/arca3/estates/63359/images/366487/detail.jpeg"", ""https://cdn-media.medialabtc.it/tn/agencies/arca3/estates/63359/images/366489/gallery_media.jpeg"", ""https://cdn-media.medialabtc.it/tn/agencies/arca3/estates/63359/images/366490/gallery_media.jpeg"", ""https://cdn-media.medialabtc.it/tn/agencies/arca3/estates/63359/images/366492/gallery_media.jpeg"", ""https://cdn-media.medialabtc.it/tn/agencies/arca3/images/team_member/production/1383.jpeg"", ""https://cdn-media.medialabtc.it/tn/agencies/arca3/images/team_member/production/1380.jpeg"", ""https://cdn-media.medialabtc.it/tn/agencies/arca3/images/team_member/production/1382.jpeg"", ""https://cdn-media.medialabtc.it/tn/agencies/arca3/images/team_member/production/1434.jpeg"", ""https://cdn-media.medialabtc.it/tn/agencies/arca3/images/team_member/production/1626.jpeg"", ""https://cdn-media.medialabtc.it/tn/agencies/arca3/images/team_member/production/1744.jpeg""]",[],Tecnocasa,Tecnocasa,1,1,1,1,1,1,[],2026-02-15 21:24:08,2026-02-15 21:24:08,2026-02-15 21:24:08,,10,2026-02-15 21:24:08,N/A,N/A
63427,S+2 en location," Immobilier Professionnel
 
 Evaluer mon bien
 
 Chercher une agence
 
 Se connecter
ACCUEIL
IMMOBILIER PROFESSIONNEL
EVALUER MON BIEN
CHERCHER UNE AGENCE
SE CONNECTER
Accueil
Appartement en location
Appartement Bizerte
Bizerte
Bizerte
S+2 en location
Video
visite 360°
Photos
Plan
Map
 +4
S+2 en loc...","
950",80,Appartement,1,Location,Agence,Bizerte : S+2 en location,https://cdn-media.medialabtc.it/tn/agencies/bzco1/estates/63427/images/365960/detail.jpeg,"[""https://cdn-media.medialabtc.it/tn/agencies/bzco1/estates/63427/images/365960/detail.jpeg"", ""https://cdn-media.medialabtc.it/tn/agencies/bzco1/estates/63427/images/365957/gallery_media.jpeg"", ""https://cdn-media.medialabtc.it/tn/agencies/bzco1/estates/63427/images/365954/gallery_media.jpeg"", ""https://cdn-media.medialabtc.it/tn/agencies/bzco1/estates/63427/images/365953/gallery_media.jpeg""]",[],Tecnocasa,Tecnocasa,1,1,1,1,1,1,[],2026-02-15 21:24:08,2026-02-15 21:24:08,2026-02-15 21:24:08,,1,2026-02-15 21:24:08,N/A,N/A
63426,S+1 en location," Immobilier Professionnel
 
 Evaluer mon bien
 
 Chercher une agence
 
 Se connecter
ACCUEIL
IMMOBILIER PROFESSIONNEL
EVALUER MON BIEN
CHERCHER UNE AGENCE
SE CONNECTER
Accueil
Appartement en location
Appartement Bizerte
Bizerte
Bizerte
S+1 en location
Video
visite 360°
Photos
Plan
Map
 +6
S+1 en loc...","
900",40,Appartement,1,Location,Agence,Bizerte : S+1 en location,https://cdn-media.medialabtc.it/tn/agencies/bzco1/estates/63426/images/366005/detail.jpeg,"[""https://cdn-media.medialabtc.it/tn/agencies/bzco1/estates/63426/images/366005/detail.jpeg"", ""https://cdn-media.medialabtc.it/tn/agencies/bzco1/estates/63426/images/366004/gallery_media.jpeg"", ""https://cdn-media.medialabtc.it/tn/agencies/bzco1/estates/63426/images/366001/gallery_media.jpeg"", ""https://cdn-media.medialabtc.it/tn/agencies/bzco1/estates/63426/images/366008/gallery_media.jpeg""]",[],Tecnocasa,Tecnocasa,1,1,1,1,1,1,[],2026-02-15 21:24:08,2026-02-15 21:24:08,2026-02-15 21:24:08,,1,2026-02-15 21:24:08,N/A,N/A
63425,S+2 en location," Immobilier Professionnel
 
 Evaluer mon bien
 
 Chercher une agence
 
 Se connecter
ACCUEIL
IMMOBILIER PROFESSIONNEL
EVALUER MON BIEN
CHERCHER UNE AGENCE
SE CONNECTER
Accueil
Appartement en location
Appartement Bizerte
Bizerte
Bizerte
S+2 en location
Video
visite 360°
Photos
Plan
Map
 +2
S+2 en loc...",1000,80,Appartement,1,Location,Agence,Bizerte : S+2 en location,https://cdn-media.medialabtc.it/tn/agencies/bzco1/estates/63425/images/365971/detail.jpeg,"[""https://cdn-media.medialabtc.it/tn/agencies/bzco1/estates/63425/images/365971/detail.jpeg"", ""https://cdn-media.medialabtc.it/tn/agencies/bzco1/estates/63425/images/365972/gallery_media.jpeg"", ""https://cdn-media.medialabtc.it/tn/agencies/bzco1/estates/63425/images/365973/gallery_media.jpeg"", ""https://cdn-media.medialabtc.it/tn/agencies/bzco1/estates/63425/images/365969/gallery_media.jpeg""]",[],Tecnocasa,Tecnocasa,1,1,1,1,1,1,[],2026-02-15 21:24:08,2026-02-15 21:24:08,2026-02-15 21:24:08,,1,2026-02-15 21:24:08,N/A,N/A
63391,S+2 en location," Immobilier Professionnel
 
 Evaluer mon bien
 
 Chercher une agence
 
 Se connecter
ACCUEIL
IMMOBILIER PROFESSIONNEL
EVALUER MON BIEN
CHERCHER UNE AGENCE
SE CONNECTER
Accueil
Appartement en location
Appartement Sousse
Sahloul
Sahloul 1-2
S+2 en location
Video
visite 360°
Photos
Plan
Map
 +4
S+2 en ...","
780",100,Appartement,1,Location,Agence,Sahloul 1-2 : S+2 en location,https://cdn-media.medialabtc.it/tn/agencies/sscb1/estates/63391/images/364071/detail.jpeg,"[""https://cdn-media.medialabtc.it/tn/agencies/sscb1/estates/63391/images/364071/detail.jpeg"", ""https://cdn-media.medialabtc.it/tn/agencies/sscb1/estates/63391/images/364076/gallery_media.jpeg"", ""https://cdn-media.medialabtc.it/tn/agencies/sscb1/estates/63391/images/364074/gallery_media.jpeg"", ""https://cdn-media.medialabtc.it/tn/agencies/sscb1/estates/63391/images/364073/gallery_media.jpeg"", ""https://cdn-media.medialabtc.it/tn/agencies/sscb1/images/team_member/production/73.jpeg"", ""https://cdn-media.medialabtc.it/tn/agencies/sscb1/images/team_member/production/828.jpeg"", ""https://cdn-media.medialabtc.it/tn/agencies/sscb1/images/team_member/production/540.jpeg""]",[],Tecnocasa,Tecnocasa,1,1,1,1,1,1,[],2026-02-15 21:24:08,2026-02-15 21:24:08,2026-02-15 21:24:08,,1,2026-02-15 21:24:08,N/A,N/A
63638,S+2 en location," Immobilier Professionnel
 
 Evaluer mon bien
 
 Chercher une agence
 
 Se connecter
ACCUEIL
IMMOBILIER PROFESSIONNEL
EVALUER MON BIEN
CHERCHER UNE AGENCE
SE CONNECTER
Accueil
Appartement en location
Appartement Sousse
Sahloul
Sahloul 3
S+2 en location
Video
visite 360°
Photos
Plan
Map
 +1
S+2 en lo...","
900",90,Appartement,1,Location,Agence,Sahloul 3 : S+2 en location,https://cdn-media.medialabtc.it/tn/agencies/sscb1/estates/63638/images/366837/detail.jpeg,"[""https://cdn-media.medialabtc.it/tn/agencies/sscb1/estates/63638/images/366837/detail.jpeg"", ""https://cdn-media.medialabtc.it/tn/agencies/sscb1/estates/63638/images/366839/gallery_media.jpeg"", ""https://cdn-media.medialabtc.it/tn/agencies/sscb1/estates/63638/images/366922/gallery_media.jpeg"", ""https://cdn-media.medialabtc.it/tn/agencies/sscb1/estates/63638/images/366923/gallery_media.jpeg"", ""https://cdn-media.medialabtc.it/tn/agencies/sscb1/images/team_member/production/73.jpeg"", ""https://cdn-media.medialabtc.it/tn/agencies/sscb1/images/team_member/production/828.jpeg"", ""https://cdn-media.medialabtc.it/tn/agencies/sscb1/images/team_member/production/540.jpeg""]",[],Tecnocasa,Tecnocasa,1,1,1,1,1,1,[],2026-02-15 21:24:08,2026-02-15 21:24:08,2026-02-15 21:24:08,,1,2026-02-15 21:24:08,N/A,N/A
63686,S+1 en location," Immobilier Professionnel
 
 Evaluer mon bien
 
 Chercher une agence
 
 Se connecter
ACCUEIL
IMMOBILIER PROFESSIONNEL
EVALUER MON BIEN
CHERCHER UNE AGENCE
SE CONNECTER
Accueil
Appartement en location
Appartement Sousse
Sahloul
Sahloul 1-2
S+1 en location
Video
visite 360°
Photos
Plan
Map
S+1 en loca...","
750",52,Appartement,1,Location,Agence,Sahloul 1-2 : S+1 en location,https://cdn-media.medialabtc.it/tn/agencies/sscb1/estates/63686/images/367184/detail.jpeg,"[""https://cdn-media.medialabtc.it/tn/agencies/sscb1/estates/63686/images/367184/detail.jpeg"", ""https://cdn-media.medialabtc.it/tn/agencies/sscb1/estates/63686/images/367183/gallery_media.jpeg"", ""https://cdn-media.medialabtc.it/tn/agencies/sscb1/estates/63686/images/367186/gallery_media.jpeg"", ""https://cdn-media.medialabtc.it/tn/agencies/sscb1/estates/63686/images/367185/gallery_media.jpeg"", ""https://cdn-media.medialabtc.it/tn/agencies/sscb1/images/team_member/production/73.jpeg"", ""https://cdn-media.medialabtc.it/tn/agencies/sscb1/images/team_member/production/828.jpeg"", ""https://cdn-media.medialabtc.it/tn/agencies/sscb1/images/team_member/production/540.jpeg""]",[],Tecnocasa,Tecnocasa,1,1,1,1,1,1,[],2026-02-15 21:24:08,2026-02-15 21:24:08,2026-02-15 21:24:08,,1,2026-02-15 21:24:08,N/A,N/A
62814,S+3 en location," Immobilier Professionnel
 
 Evaluer mon bien
 
 Chercher une agence
 
 Se connecter
ACCUEIL
IMMOBILIER PROFESSIONNEL
EVALUER MON BIEN
CHERCHER UNE AGENCE
SE CONNECTER
Accueil
Appartement en location
Appartement Sousse
El Kantaoui
El Kantaoui
S+3 en location
Video
visite 360°
Photos
Plan
Map
 +12
S+...",2500,200,Appartement,1,Location,Agence,El Kantaoui : S+3 en location,https://cdn-media.medialabtc.it/tn/agencies/ssca2/estates/62814/images/358996/detail.jpeg,"[""https://cdn-media.medialabtc.it/tn/agencies/ssca2/estates/62814/images/358996/detail.jpeg"", ""https://cdn-media.medialabtc.it/tn/agencies/ssca2/estates/62814/images/358989/gallery_media.jpeg"", ""https://cdn-media.medialabtc.it/tn/agencies/ssca2/estates/62814/images/358994/gallery_media.jpeg"", ""https://cdn-media.medialabtc.it/tn/agencies/ssca2/estates/62814/images/358992/gallery_media.jpeg"", ""https://cdn-media.medialabtc.it/tn/agencies/ssca2/images/team_member/production/43.jpeg""]",[],Tecnocasa,Tecnocasa,1,1,1,1,1,1,[],2026-02-15 21:24:08,2026-02-15 21:24:08,2026-02-15 21:24:08,,1,2026-02-15 21:24:08,N/A,N/A
63664,S+1 en location," Immobilier Professionnel
 
 Evaluer mon bien
 
 Chercher une agence
 
 Se connecter
ACCUEIL
IMMOBILIER PROFESSIONNEL
EVALUER MON BIEN
CHERCHER UNE AGENCE
SE CONNECTER
Accueil
Appartement en location
Appartement Sousse
El Kantaoui
El Kantaoui
S+1 en location
Video
visite 360°
Photos
Plan
Map
 +4
S+1...",N/A,40,Appartement,1,Location,Agence,El Kantaoui : S+1 en location,https://cdn-media.medialabtc.it/tn/agencies/ssca2/estates/63664/images/366953/detail.jpeg,"[""https://cdn-media.medialabtc.it/tn/agencies/ssca2/estates/63664/images/366953/detail.jpeg"", ""https://cdn-media.medialabtc.it/tn/agencies/ssca2/estates/63664/images/366957/gallery_media.jpeg"", ""https://cdn-media.medialabtc.it/tn/agencies/ssca2/estates/63664/images/366958/gallery_media.jpeg"", ""https://cdn-media.medialabtc.it/tn/agencies/ssca2/estates/63664/images/366954/gallery_media.jpeg"", ""https://cdn-media.medialabtc.it/tn/agencies/ssca2/images/team_member/production/43.jpeg""]",[],Tecnocasa,Tecnocasa,1,1,1,1,1,1,[],2026-02-15 21:24:08,2026-02-15 21:24:08,2026-02-15 21:24:08,,1,2026-02-15 21:24:08,N/A,N/A
62143,S+2 en location," Immobilier Professionnel
 
 Evaluer mon bien
 
 Chercher une agence
 
 Se connecter
ACCUEIL
IMMOBILIER PROFESSIONNEL
EVALUER MON BIEN
CHERCHER UNE AGENCE
SE CONNECTER
Accueil
Appartement en location
Appartement Sousse
Sahloul
Sahloul 4
S+2 en location
Video
visite 360°
Photos
Plan
Map
 +7
S+2 en lo...",1500,164,Appartement,1,Location,Agence,Sahloul 4 : S+2 en location,https://cdn-media.medialabtc.it/tn/agencies/sscb2/estates/62143/images/366591/detail.jpeg,"[""https://cdn-media.medialabtc.it/tn/agencies/sscb2/estates/62143/images/366591/detail.jpeg"", ""https://cdn-media.medialabtc.it/tn/agencies/sscb2/estates/62143/images/366588/gallery_media.jpeg"", ""https://cdn-media.medialabtc.it/tn/agencies/sscb2/estates/62143/images/366586/gallery_media.jpeg"", ""https://cdn-media.medialabtc.it/tn/agencies/sscb2/estates/62143/images/366587/gallery_media.jpeg"", ""https://cdn-media.medialabtc.it/tn/agencies/sscb2/images/team_member/production/1411.jpeg"", ""https://cdn-media.medialabtc.it/tn/agencies/sscb2/images/team_member/production/1388.jpeg"", ""https://cdn-media.medialabtc.it/tn/agencies/sscb2/images/team_member/production/1365.jpeg"", ""https://cdn-media.medialabtc.it/tn/agencies/sscb2/images/team_member/production/935.jpeg""]",[],Tecnocasa,Tecnocasa,1,1,1,1,1,1,[],2026-02-15 21:24:08,2026-02-15 21:24:08,2026-02-15 21:24:08,,1,2026-02-15 21:24:08,N/A,N/A
63626,S+2 en location," Immobilier Professionnel
 
 Evaluer mon bien
 
 Chercher une agence
 
 Se connecter
ACCUEIL
IMMOBILIER PROFESSIONNEL
EVALUER MON BIEN
CHERCHER UNE AGENCE
SE CONNECTER
Accueil
Appartement en location
Appartement Sousse
El Kantaoui
El Kantaoui
S+2 en location
Video
visite 360°
Photos
Plan
Map
 +9
S+2...",1600,107,Appartement,1,Location,Agence,El Kantaoui : S+2 en location,https://cdn-media.medialabtc.it/tn/agencies/ssca2/estates/63626/images/366612/detail.jpeg,"[""https://cdn-media.medialabtc.it/tn/agencies/ssca2/estates/63626/images/366612/detail.jpeg"", ""https://cdn-media.medialabtc.it/tn/agencies/ssca2/estates/63626/images/366613/gallery_media.jpeg"", ""https://cdn-media.medialabtc.it/tn/agencies/ssca2/estates/63626/images/366615/gallery_media.jpeg"", ""https://cdn-media.medialabtc.it/tn/agencies/ssca2/estates/63626/images/366614/gallery_media.jpeg"", ""https://cdn-media.medialabtc.it/tn/agencies/ssca2/images/team_member/production/43.jpeg""]",[],Tecnocasa,Tecnocasa,1,1,1,1,1,1,[],2026-02-15 21:24:08,2026-02-15 21:24:08,2026-02-15 21:24:08,,1,2026-02-15 21:24:08,N/A,N/A
63748,S+4 en location," Immobilier Professionnel
 
 Evaluer mon bien
 
 Chercher une agence
 
 Se connecter
ACCUEIL
IMMOBILIER PROFESSIONNEL
EVALUER MON BIEN
CHERCHER UNE AGENCE
SE CONNECTER
Accueil
Appartement en location
Appartement Sousse
Sousse Centre Ville
Cité Hached - Jawhara
S+4 en location
Video
visite 360°
Photo...",1200,180,Appartement,1,Location,Agence,Cité Hached - Jawhara : S+4 en location,https://cdn-media.medialabtc.it/tn/agencies/ssca5/estates/63748/images/367936/detail.jpeg,"[""https://cdn-media.medialabtc.it/tn/agencies/ssca5/estates/63748/images/367936/detail.jpeg"", ""https://cdn-media.medialabtc.it/tn/agencies/ssca5/estates/63748/images/367933/gallery_media.jpeg"", ""https://cdn-media.medialabtc.it/tn/agencies/ssca5/estates/63748/images/367931/gallery_media.jpeg"", ""https://cdn-media.medialabtc.it/tn/agencies/ssca5/estates/63748/images/367926/gallery_media.jpeg"", ""https://cdn-media.medialabtc.it/tn/agencies/ssca5/images/team_member/production/953.jpeg"", ""https://cdn-media.medialabtc.it/tn/agencies/ssca5/images/team_member/production/1338.jpeg"", ""https://cdn-media.medialabtc.it/tn/agencies/ssca5/images/team_member/production/1636.jpeg"", ""https://cdn-media.medialabtc.it/tn/agencies/ssca5/images/team_member/production/1140.jpeg"", ""https://cdn-media.medialabtc.it/tn/agencies/ssca5/images/team_member/production/1637.jpeg"", ""https://cdn-media.medialabtc.it/tn/agencies/ssca5/images/team_member/production/1394.jpeg""]",[],Tecnocasa,Tecnocasa,1,1,1,1,1,1,[],2026-02-15 21:24:08,2026-02-15 21:24:08,2026-02-15 21:24:08,,1,2026-02-15 21:24:08,N/A,N/A
63697,S+2 en location," Immobilier Professionnel
 
 Evaluer mon bien
 
 Chercher une agence
 
 Se connecter
ACCUEIL
IMMOBILIER PROFESSIONNEL
EVALUER MON BIEN
CHERCHER UNE AGENCE
SE CONNECTER
Accueil
Appartement en location
Appartement Sousse
Sousse Centre Ville
Cité Hached - Jawhara
S+2 en location
Video
visite 360°
Photo...",1800,100,Appartement,1,Location,Agence,Cité Hached - Jawhara : S+2 en location,https://cdn-media.medialabtc.it/tn/agencies/ssca5/estates/63697/images/367292/detail.jpeg,"[""https://cdn-media.medialabtc.it/tn/agencies/ssca5/estates/63697/images/367292/detail.jpeg"", ""https://cdn-media.medialabtc.it/tn/agencies/ssca5/estates/63697/images/367300/gallery_media.jpeg"", ""https://cdn-media.medialabtc.it/tn/agencies/ssca5/estates/63697/images/367296/gallery_media.jpeg"", ""https://cdn-media.medialabtc.it/tn/agencies/ssca5/estates/63697/images/367301/gallery_media.jpeg"", ""https://cdn-media.medialabtc.it/tn/agencies/ssca5/images/team_member/production/953.jpeg"", ""https://cdn-media.medialabtc.it/tn/agencies/ssca5/images/team_member/production/1338.jpeg"", ""https://cdn-media.medialabtc.it/tn/agencies/ssca5/images/team_member/production/1636.jpeg"", ""https://cdn-media.medialabtc.it/tn/agencies/ssca5/images/team_member/production/1140.jpeg"", ""https://cdn-media.medialabtc.it/tn/agencies/ssca5/images/team_member/production/1637.jpeg"", ""https://cdn-media.medialabtc.it/tn/agencies/ssca5/images/team_member/production/1394.jpeg""]",[],Tecnocasa,Tecnocasa,1,1,1,1,1,1,[],2026-02-15 21:24:08,2026-02-15 21:24:08,2026-02-15 21:24:08,,1,2026-02-15 21:24:08,N/A,N/A
63637,S+2 en location," Immobilier Professionnel
 
 Evaluer mon bien
 
 Chercher une agence
 
 Se connecter
ACCUEIL
IMMOBILIER PROFESSIONNEL
EVALUER MON BIEN
CHERCHER UNE AGENCE
SE CONNECTER
Accueil
Appartement en location
Appartement Sousse
Sahloul
Sahloul 3
S+2 en location
Video
visite 360°
Photos
Plan
Map
 +4
S+2 en lo...","
850",90,Appartement,1,Location,Agence,Sahloul 3 : S+2 en location,https://cdn-media.medialabtc.it/tn/agencies/sscb1/estates/63637/images/367191/detail.jpeg,"[""https://cdn-media.medialabtc.it/tn/agencies/sscb1/estates/63637/images/367191/detail.jpeg"", ""https://cdn-media.medialabtc.it/tn/agencies/sscb1/estates/63637/images/367188/gallery_media.jpeg"", ""https://cdn-media.medialabtc.it/tn/agencies/sscb1/estates/63637/images/367195/gallery_media.jpeg"", ""https://cdn-media.medialabtc.it/tn/agencies/sscb1/estates/63637/images/367193/gallery_media.jpeg"", ""https://cdn-media.medialabtc.it/tn/agencies/sscb1/images/team_member/production/73.jpeg"", ""https://cdn-media.medialabtc.it/tn/agencies/sscb1/images/team_member/production/828.jpeg"", ""https://cdn-media.medialabtc.it/tn/agencies/sscb1/images/team_member/production/540.jpeg""]",[],Tecnocasa,Tecnocasa,1,1,1,1,1,1,[],2026-02-15 21:24:08,2026-02-15 21:24:08,2026-02-15 21:24:08,,1,2026-02-15 21:24:08,N/A,N/A
63653,S+3 en location," Immobilier Professionnel
 
 Evaluer mon bien
 
 Chercher une agence
 
 Se connecter
ACCUEIL
IMMOBILIER PROFESSIONNEL
EVALUER MON BIEN
CHERCHER UNE AGENCE
SE CONNECTER
Accueil
Appartement en location
Appartement Sousse
Sousse Centre Ville
La Corniche
S+3 en location
Video
visite 360°
Photos
Plan
Map...",1700,130,Appartement,1,Location,Agence,La Corniche : S+3 en location,https://cdn-media.medialabtc.it/tn/agencies/ssca6/estates/63653/images/366736/detail.jpeg,"[""https://cdn-media.medialabtc.it/tn/agencies/ssca6/estates/63653/images/366736/detail.jpeg"", ""https://cdn-media.medialabtc.it/tn/agencies/ssca6/estates/63653/images/366803/gallery_media.jpeg"", ""https://cdn-media.medialabtc.it/tn/agencies/ssca6/estates/63653/images/366802/gallery_media.jpeg"", ""https://cdn-media.medialabtc.it/tn/agencies/ssca6/estates/63653/images/366801/gallery_media.jpeg""]",[],Tecnocasa,Tecnocasa,1,1,1,1,1,1,[],2026-02-15 21:24:08,2026-02-15 21:24:08,2026-02-15 21:24:08,,1,2026-02-15 21:24:08,N/A,N/A
63628,S+2 en location," Immobilier Professionnel
 
 Evaluer mon bien
 
 Chercher une agence
 
 Se connecter
ACCUEIL
IMMOBILIER PROFESSIONNEL
EVALUER MON BIEN
CHERCHER UNE AGENCE
SE CONNECTER
Accueil
Appartement en location
Appartement Sousse
El Kantaoui
El Kantaoui
S+2 en location
Video
visite 360°
Photos
Plan
Map
 +5
S+2...",1300,100,Appartement,1,Location,Agence,El Kantaoui : S+2 en location,https://cdn-media.medialabtc.it/tn/agencies/ssca2/estates/63628/images/366516/detail.jpeg,"[""https://cdn-media.medialabtc.it/tn/agencies/ssca2/estates/63628/images/366516/detail.jpeg"", ""https://cdn-media.medialabtc.it/tn/agencies/ssca2/estates/63628/images/366507/gallery_media.jpeg"", ""https://cdn-media.medialabtc.it/tn/agencies/ssca2/estates/63628/images/366508/gallery_media.jpeg"", ""https://cdn-media.medialabtc.it/tn/agencies/ssca2/estates/63628/images/366511/gallery_media.jpeg"", ""https://cdn-media.medialabtc.it/tn/agencies/ssca2/images/team_member/production/43.jpeg""]",[],Tecnocasa,Tecnocasa,1,1,1,1,1,1,[],2026-02-15 21:24:08,2026-02-15 21:24:08,2026-02-15 21:24:08,,1,2026-02-15 21:24:08,N/A,N/A
63239,S+2 en location," Immobilier Professionnel
 
 Evaluer mon bien
 
 Chercher une agence
 
 Se connecter
ACCUEIL
IMMOBILIER PROFESSIONNEL
EVALUER MON BIEN
CHERCHER UNE AGENCE
SE CONNECTER
Accueil
Appartement en location
Appartement Sousse
El Kantaoui
El Kantaoui
S+2 en location
Video
visite 360°
Photos
Plan
Map
 +5
S+2...","
900",97,Appartement,1,Location,Agence,El Kantaoui : S+2 en location,https://cdn-media.medialabtc.it/tn/agencies/ssca2/estates/63239/images/363403/detail.jpeg,"[""https://cdn-media.medialabtc.it/tn/agencies/ssca2/estates/63239/images/363403/detail.jpeg"", ""https://cdn-media.medialabtc.it/tn/agencies/ssca2/estates/63239/images/363402/gallery_media.jpeg"", ""https://cdn-media.medialabtc.it/tn/agencies/ssca2/estates/63239/images/363408/gallery_media.jpeg"", ""https://cdn-media.medialabtc.it/tn/agencies/ssca2/estates/63239/images/363401/gallery_media.jpeg"", ""https://cdn-media.medialabtc.it/tn/agencies/ssca2/images/team_member/production/43.jpeg""]",[],Tecnocasa,Tecnocasa,1,1,1,1,1,1,[],2026-02-15 21:24:08,2026-02-15 21:24:08,2026-02-15 21:24:08,,1,2026-02-15 21:24:08,N/A,N/A
63662,S+1 en location," Immobilier Professionnel
 
 Evaluer mon bien
 
 Chercher une agence
 
 Se connecter
ACCUEIL
IMMOBILIER PROFESSIONNEL
EVALUER MON BIEN
CHERCHER UNE AGENCE
SE CONNECTER
Accueil
Appartement en location
Appartement Sousse
El Kantaoui
El Kantaoui
S+1 en location
Video
visite 360°
Photos
Plan
Map
 +4
S+1...",1300,45,Appartement,1,Location,Agence,El Kantaoui : S+1 en location,https://cdn-media.medialabtc.it/tn/agencies/ssca2/estates/63662/images/366982/detail.jpeg,"[""https://cdn-media.medialabtc.it/tn/agencies/ssca2/estates/63662/images/366982/detail.jpeg"", ""https://cdn-media.medialabtc.it/tn/agencies/ssca2/estates/63662/images/366960/gallery_media.jpeg"", ""https://cdn-media.medialabtc.it/tn/agencies/ssca2/estates/63662/images/366987/gallery_media.jpeg"", ""https://cdn-media.medialabtc.it/tn/agencies/ssca2/estates/63662/images/366959/gallery_media.jpeg"", ""https://cdn-media.medialabtc.it/tn/agencies/ssca2/images/team_member/production/43.jpeg""]",[],Tecnocasa,Tecnocasa,1,1,1,1,1,1,[],2026-02-15 21:24:08,2026-02-15 21:24:08,2026-02-15 21:24:08,,1,2026-02-15 21:24:08,N/A,N/A
61347,S+2 en location," Immobilier Professionnel
 
 Evaluer mon bien
 
 Chercher une agence
 
 Se connecter
ACCUEIL
IMMOBILIER PROFESSIONNEL
EVALUER MON BIEN
CHERCHER UNE AGENCE
SE CONNECTER
Accueil
Appartement en location
Appartement Sousse
Sousse Centre Ville
Cité Hached - Jawhara
S+2 en location
Video
visite 360°
Photo...",1500,120,Appartement,1,Location,Agence,Cité Hached - Jawhara : S+2 en location,https://cdn-media.medialabtc.it/tn/agencies/ssca5/estates/61347/images/367780/detail.jpeg,"[""https://cdn-media.medialabtc.it/tn/agencies/ssca5/estates/61347/images/367780/detail.jpeg"", ""https://cdn-media.medialabtc.it/tn/agencies/ssca5/estates/61347/images/367776/gallery_media.jpeg"", ""https://cdn-media.medialabtc.it/tn/agencies/ssca5/estates/61347/images/367771/gallery_media.jpeg"", ""https://cdn-media.medialabtc.it/tn/agencies/ssca5/estates/61347/images/367774/gallery_media.jpeg"", ""https://cdn-media.medialabtc.it/tn/agencies/ssca5/images/team_member/production/953.jpeg"", ""https://cdn-media.medialabtc.it/tn/agencies/ssca5/images/team_member/production/1338.jpeg"", ""https://cdn-media.medialabtc.it/tn/agencies/ssca5/images/team_member/production/1636.jpeg"", ""https://cdn-media.medialabtc.it/tn/agencies/ssca5/images/team_member/production/1140.jpeg"", ""https://cdn-media.medialabtc.it/tn/agencies/ssca5/images/team_member/production/1637.jpeg"", ""https://cdn-media.medialabtc.it/tn/agencies/ssca5/images/team_member/production/1394.jpeg""]",[],Tecnocasa,Tecnocasa,1,1,1,1,1,1,[],2026-02-15 21:24:08,2026-02-15 21:24:08,2026-02-15 21:24:08,,1,2026-02-15 21:24:08,N/A,N/A
63067,S+1 en location," Immobilier Professionnel
 
 Evaluer mon bien
 
 Chercher une agence
 
 Se connecter
ACCUEIL
IMMOBILIER PROFESSIONNEL
EVALUER MON BIEN
CHERCHER UNE AGENCE
SE CONNECTER
Accueil
Appartement en location
Appartement Sousse
Hammam Sousse
Hammam Sousse
S+1 en location
Video
visite 360°
Photos
Plan
Map
S+1...",1100,74,Appartement,1,Location,Agence,Hammam Sousse : S+1 en location,https://cdn-media.medialabtc.it/tn/agencies/sscb6/estates/63067/images/361067/detail.jpeg,"[""https://cdn-media.medialabtc.it/tn/agencies/sscb6/estates/63067/images/361067/detail.jpeg"", ""https://cdn-media.medialabtc.it/tn/agencies/sscb6/estates/63067/images/361069/gallery_media.jpeg"", ""https://cdn-media.medialabtc.it/tn/agencies/sscb6/estates/63067/images/361068/gallery_media.jpeg"", ""https://cdn-media.medialabtc.it/tn/agencies/sscb6/estates/63067/images/361070/gallery_media.jpeg"", ""https://cdn-media.medialabtc.it/tn/agencies/sscb6/images/team_member/production/986.jpeg"", ""https://cdn-media.medialabtc.it/tn/agencies/sscb6/images/team_member/production/987.jpeg"", ""https://cdn-media.medialabtc.it/tn/agencies/sscb6/images/team_member/production/1298.jpeg"", ""https://cdn-media.medialabtc.it/tn/agencies/sscb6/images/team_member/production/1387.jpeg""]",[],Tecnocasa,Tecnocasa,1,1,1,1,1,1,[],2026-02-15 21:24:08,2026-02-15 21:24:08,2026-02-15 21:24:08,,2,2026-02-15 21:24:08,N/A,N/A
61886,S+2 en location," Immobilier Professionnel
 
 Evaluer mon bien
 
 Chercher une agence
 
 Se connecter
ACCUEIL
IMMOBILIER PROFESSIONNEL
EVALUER MON BIEN
CHERCHER UNE AGENCE
SE CONNECTER
Accueil
Appartement en location
Appartement Sousse
Sousse Centre Ville
La Corniche
S+2 en location
Video
visite 360°
Photos
Plan
Map...",1500,70,Appartement,1,Location,Agence,La Corniche : S+2 en location,https://cdn-media.medialabtc.it/tn/agencies/ssca6/estates/61886/images/361137/detail.jpeg,"[""https://cdn-media.medialabtc.it/tn/agencies/ssca6/estates/61886/images/361137/detail.jpeg"", ""https://cdn-media.medialabtc.it/tn/agencies/ssca6/estates/61886/images/361136/gallery_media.jpeg"", ""https://cdn-media.medialabtc.it/tn/agencies/ssca6/estates/61886/images/361133/gallery_media.jpeg"", ""https://cdn-media.medialabtc.it/tn/agencies/ssca6/estates/61886/images/361131/gallery_media.jpeg""]",[],Tecnocasa,Tecnocasa,1,1,1,1,1,1,[],2026-02-15 21:24:08,2026-02-15 21:24:08,2026-02-15 21:24:08,,2,2026-02-15 21:24:08,N/A,N/A
62967,S+3 en location," Immobilier Professionnel
 
 Evaluer mon bien
 
 Chercher une agence
 
 Se connecter
ACCUEIL
IMMOBILIER PROFESSIONNEL
EVALUER MON BIEN
CHERCHER UNE AGENCE
SE CONNECTER
Accueil
Appartement en location
Appartement Sousse
Khezama
Khezema Ouest
S+3 en location
Video
visite 360°
Photos
Plan
Map
 +5
S+3 e...",1300,100,Appartement,1,Location,Agence,Khezema Ouest : S+3 en location,https://cdn-media.medialabtc.it/tn/agencies/sscb6/estates/62967/images/361944/detail.jpeg,"[""https://cdn-media.medialabtc.it/tn/agencies/sscb6/estates/62967/images/361944/detail.jpeg"", ""https://cdn-media.medialabtc.it/tn/agencies/sscb6/estates/62967/images/361925/gallery_media.jpeg"", ""https://cdn-media.medialabtc.it/tn/agencies/sscb6/estates/62967/images/361942/gallery_media.jpeg"", ""https://cdn-media.medialabtc.it/tn/agencies/sscb6/estates/62967/images/361938/gallery_media.jpeg"", ""https://cdn-media.medialabtc.it/tn/agencies/sscb6/images/team_member/production/986.jpeg"", ""https://cdn-media.medialabtc.it/tn/agencies/sscb6/images/team_member/production/987.jpeg"", ""https://cdn-media.medialabtc.it/tn/agencies/sscb6/images/team_member/production/1298.jpeg"", ""https://cdn-media.medialabtc.it/tn/agencies/sscb6/images/team_member/production/1387.jpeg""]",[],Tecnocasa,Tecnocasa,1,1,1,1,1,1,[],2026-02-15 21:24:08,2026-02-15 21:24:08,2026-02-15 21:24:08,,2,2026-02-15 21:24:08,N/A,N/A
62882,S+1 en location," Immobilier Professionnel
 
 Evaluer mon bien
 
 Chercher une agence
 
 Se connecter
ACCUEIL
IMMOBILIER PROFESSIONNEL
EVALUER MON BIEN
CHERCHER UNE AGENCE
SE CONNECTER
Accueil
Appartement en location
Appartement Sousse
Sousse Centre Ville
La Corniche
S+1 en location
Video
visite 360°
Photos
Plan
Map...",1250,100,Appartement,1,Location,Agence,La Corniche : S+1 en location,https://cdn-media.medialabtc.it/tn/agencies/ssca6/estates/62882/images/359692/detail.jpeg,"[""https://cdn-media.medialabtc.it/tn/agencies/ssca6/estates/62882/images/359692/detail.jpeg"", ""https://cdn-media.medialabtc.it/tn/agencies/ssca6/estates/62882/images/359696/gallery_media.jpeg"", ""https://cdn-media.medialabtc.it/tn/agencies/ssca6/estates/62882/images/359694/gallery_media.jpeg"", ""https://cdn-media.medialabtc.it/tn/agencies/ssca6/estates/62882/images/359695/gallery_media.jpeg""]",[],Tecnocasa,Tecnocasa,1,1,1,1,1,1,[],2026-02-15 21:24:08,2026-02-15 21:24:08,2026-02-15 21:24:08,,2,2026-02-15 21:24:08,N/A,N/A
63070,S+2 en location," Immobilier Professionnel
 
 Evaluer mon bien
 
 Chercher une agence
 
 Se connecter
ACCUEIL
IMMOBILIER PROFESSIONNEL
EVALUER MON BIEN
CHERCHER UNE AGENCE
SE CONNECTER
Accueil
Appartement en location
Appartement Sousse
Sahloul
Sahloul 4
S+2 en location
Video
visite 360°
Photos
Plan
Map
 +6
S+2 en lo...",1400,100,Appartement,1,Location,Agence,Sahloul 4 : S+2 en location,https://cdn-media.medialabtc.it/tn/agencies/sscb2/estates/63070/images/360964/detail.jpeg,"[""https://cdn-media.medialabtc.it/tn/agencies/sscb2/estates/63070/images/360964/detail.jpeg"", ""https://cdn-media.medialabtc.it/tn/agencies/sscb2/estates/63070/images/360962/gallery_media.jpeg"", ""https://cdn-media.medialabtc.it/tn/agencies/sscb2/estates/63070/images/360963/gallery_media.jpeg"", ""https://cdn-media.medialabtc.it/tn/agencies/sscb2/estates/63070/images/360939/gallery_media.jpeg"", ""https://cdn-media.medialabtc.it/tn/agencies/sscb2/images/team_member/production/1411.jpeg"", ""https://cdn-media.medialabtc.it/tn/agencies/sscb2/images/team_member/production/1388.jpeg"", ""https://cdn-media.medialabtc.it/tn/agencies/sscb2/images/team_member/production/1365.jpeg"", ""https://cdn-media.medialabtc.it/tn/agencies/sscb2/images/team_member/production/935.jpeg""]",[],Tecnocasa,Tecnocasa,1,1,1,1,1,1,[],2026-02-15 21:24:08,2026-02-15 21:24:08,2026-02-15 21:24:08,,2,2026-02-15 21:24:08,N/A,N/A
62897,S+2 en location," Immobilier Professionnel
 
 Evaluer mon bien
 
 Chercher une agence
 
 Se connecter
ACCUEIL
IMMOBILIER PROFESSIONNEL
EVALUER MON BIEN
CHERCHER UNE AGENCE
SE CONNECTER
Accueil
Appartement en location
Appartement Sousse
Hammam Sousse
Hammam Sousse
S+2 en location
Video
visite 360°
Photos
Plan
Map
 +2...","
850",120,Appartement,1,Location,Agence,Hammam Sousse : S+2 en location,https://cdn-media.medialabtc.it/tn/agencies/sscb3/estates/62897/images/359628/detail.jpeg,"[""https://cdn-media.medialabtc.it/tn/agencies/sscb3/estates/62897/images/359628/detail.jpeg"", ""https://cdn-media.medialabtc.it/tn/agencies/sscb3/estates/62897/images/359632/gallery_media.jpeg"", ""https://cdn-media.medialabtc.it/tn/agencies/sscb3/estates/62897/images/359629/gallery_media.jpeg"", ""https://cdn-media.medialabtc.it/tn/agencies/sscb3/estates/62897/images/359633/gallery_media.jpeg"", ""https://cdn-media.medialabtc.it/tn/agencies/sscb3/images/team_member/production/1420.jpeg"", ""https://cdn-media.medialabtc.it/tn/agencies/sscb3/images/team_member/production/1423.jpeg""]",[],Tecnocasa,Tecnocasa,1,1,1,1,1,1,[],2026-02-15 21:24:08,2026-02-15 21:24:08,2026-02-15 21:24:08,,2,2026-02-15 21:24:08,N/A,N/A
63540,S+1 en location," Immobilier Professionnel
 
 Evaluer mon bien
 
 Chercher une agence
 
 Se connecter
ACCUEIL
IMMOBILIER PROFESSIONNEL
EVALUER MON BIEN
CHERCHER UNE AGENCE
SE CONNECTER
Accueil
Appartement en location
Appartement Sousse
Sousse Centre Ville
La Corniche
S+1 en location
Video
visite 360°
Photos
Plan
Map...","
950",90,Appartement,1,Location,Agence,La Corniche : S+1 en location,https://cdn-media.medialabtc.it/tn/agencies/ssca6/estates/63540/images/366432/detail.jpeg,"[""https://cdn-media.medialabtc.it/tn/agencies/ssca6/estates/63540/images/366432/detail.jpeg"", ""https://cdn-media.medialabtc.it/tn/agencies/ssca6/estates/63540/images/366431/gallery_media.jpeg"", ""https://cdn-media.medialabtc.it/tn/agencies/ssca6/estates/63540/images/366433/gallery_media.jpeg"", ""https://cdn-media.medialabtc.it/tn/agencies/ssca6/estates/63540/images/366434/gallery_media.jpeg""]",[],Tecnocasa,Tecnocasa,1,1,1,1,1,1,[],2026-02-15 21:24:08,2026-02-15 21:24:08,2026-02-15 21:24:08,,2,2026-02-15 21:24:08,N/A,N/A
63306,S+1 en location," Immobilier Professionnel
 
 Evaluer mon bien
 
 Chercher une agence
 
 Se connecter
ACCUEIL
IMMOBILIER PROFESSIONNEL
EVALUER MON BIEN
CHERCHER UNE AGENCE
SE CONNECTER
Accueil
Appartement en location
Appartement Sousse
Sousse Centre Ville
La Corniche
S+1 en location
Video
visite 360°
Photos
Plan
Map...","
450",60,Appartement,1,Location,Agence,La Corniche : S+1 en location,https://cdn-media.medialabtc.it/tn/agencies/ssca6/estates/63306/images/364017/detail.jpeg,"[""https://cdn-media.medialabtc.it/tn/agencies/ssca6/estates/63306/images/364017/detail.jpeg"", ""https://cdn-media.medialabtc.it/tn/agencies/ssca6/estates/63306/images/363985/gallery_media.jpeg"", ""https://cdn-media.medialabtc.it/tn/agencies/ssca6/estates/63306/images/364016/gallery_media.jpeg"", ""https://cdn-media.medialabtc.it/tn/agencies/ssca6/estates/63306/images/363984/gallery_media.jpeg""]",[],Tecnocasa,Tecnocasa,1,1,1,1,1,1,[],2026-02-15 21:24:08,2026-02-15 21:24:08,2026-02-15 21:24:08,,2,2026-02-15 21:24:08,N/A,N/A
63068,S+3 en location," Immobilier Professionnel
 
 Evaluer mon bien
 
 Chercher une agence
 
 Se connecter
ACCUEIL
IMMOBILIER PROFESSIONNEL
EVALUER MON BIEN
CHERCHER UNE AGENCE
SE CONNECTER
Accueil
Appartement en location
Appartement Sousse
Sahloul
Sahloul 4
S+3 en location
Video
visite 360°
Photos
Plan
Map
 +12
S+3 en l...",1550,120,Appartement,1,Location,Agence,Sahloul 4 : S+3 en location,https://cdn-media.medialabtc.it/tn/agencies/sscb2/estates/63068/images/361085/detail.jpeg,"[""https://cdn-media.medialabtc.it/tn/agencies/sscb2/estates/63068/images/361085/detail.jpeg"", ""https://cdn-media.medialabtc.it/tn/agencies/sscb2/estates/63068/images/361084/gallery_media.jpeg"", ""https://cdn-media.medialabtc.it/tn/agencies/sscb2/estates/63068/images/361082/gallery_media.jpeg"", ""https://cdn-media.medialabtc.it/tn/agencies/sscb2/estates/63068/images/361039/gallery_media.jpeg"", ""https://cdn-media.medialabtc.it/tn/agencies/sscb2/images/team_member/production/1411.jpeg"", ""https://cdn-media.medialabtc.it/tn/agencies/sscb2/images/team_member/production/1388.jpeg"", ""https://cdn-media.medialabtc.it/tn/agencies/sscb2/images/team_member/production/1365.jpeg"", ""https://cdn-media.medialabtc.it/tn/agencies/sscb2/images/team_member/production/935.jpeg""]",[],Tecnocasa,Tecnocasa,1,1,1,1,1,1,[],2026-02-15 21:24:08,2026-02-15 21:24:08,2026-02-15 21:24:08,,2,2026-02-15 21:24:08,N/A,N/A
63544,S+2 en location," Immobilier Professionnel
 
 Evaluer mon bien
 
 Chercher une agence
 
 Se connecter
ACCUEIL
IMMOBILIER PROFESSIONNEL
EVALUER MON BIEN
CHERCHER UNE AGENCE
SE CONNECTER
Accueil
Appartement en location
Appartement Sousse
Sousse Centre Ville
La Corniche
S+2 en location
Video
visite 360°
Photos
Plan
Map...",1000,100,Appartement,1,Location,Agence,La Corniche : S+2 en location,https://cdn-media.medialabtc.it/tn/agencies/ssca6/estates/63544/images/366439/detail.jpeg,"[""https://cdn-media.medialabtc.it/tn/agencies/ssca6/estates/63544/images/366439/detail.jpeg"", ""https://cdn-media.medialabtc.it/tn/agencies/ssca6/estates/63544/images/366461/gallery_media.jpeg"", ""https://cdn-media.medialabtc.it/tn/agencies/ssca6/estates/63544/images/366438/gallery_media.jpeg"", ""https://cdn-media.medialabtc.it/tn/agencies/ssca6/estates/63544/images/366437/gallery_media.jpeg""]",[],Tecnocasa,Tecnocasa,1,1,1,1,1,1,[],2026-02-15 21:24:08,2026-02-15 21:24:08,2026-02-15 21:24:08,,2,2026-02-15 21:24:08,N/A,N/A
63287,S+1 en location," Immobilier Professionnel
 
 Evaluer mon bien
 
 Chercher une agence
 
 Se connecter
ACCUEIL
IMMOBILIER PROFESSIONNEL
EVALUER MON BIEN
CHERCHER UNE AGENCE
SE CONNECTER
Accueil
Appartement en location
Appartement Sousse
Sahloul
Sahloul 4
S+1 en location
Video
visite 360°
Photos
Plan
Map
 +3
S+1 en lo...","
800",55,Appartement,1,Location,Agence,Sahloul 4 : S+1 en location,https://cdn-media.medialabtc.it/tn/agencies/sscb2/estates/63287/images/366570/detail.jpeg,"[""https://cdn-media.medialabtc.it/tn/agencies/sscb2/estates/63287/images/366570/detail.jpeg"", ""https://cdn-media.medialabtc.it/tn/agencies/sscb2/estates/63287/images/366569/gallery_media.jpeg"", ""https://cdn-media.medialabtc.it/tn/agencies/sscb2/estates/63287/images/366574/gallery_media.jpeg"", ""https://cdn-media.medialabtc.it/tn/agencies/sscb2/estates/63287/images/366573/gallery_media.jpeg"", ""https://cdn-media.medialabtc.it/tn/agencies/sscb2/images/team_member/production/1411.jpeg"", ""https://cdn-media.medialabtc.it/tn/agencies/sscb2/images/team_member/production/1388.jpeg"", ""https://cdn-media.medialabtc.it/tn/agencies/sscb2/images/team_member/production/1365.jpeg"", ""https://cdn-media.medialabtc.it/tn/agencies/sscb2/images/team_member/production/935.jpeg""]",[],Tecnocasa,Tecnocasa,1,1,1,1,1,1,[],2026-02-15 21:24:08,2026-02-15 21:24:08,2026-02-15 21:24:08,,2,2026-02-15 21:24:08,N/A,N/A
63528,S+2 en location," Immobilier Professionnel
 
 Evaluer mon bien
 
 Chercher une agence
 
 Se connecter
ACCUEIL
IMMOBILIER PROFESSIONNEL
EVALUER MON BIEN
CHERCHER UNE AGENCE
SE CONNECTER
Accueil
Appartement en location
Appartement Sousse
Sahloul
Sahloul 4
S+2 en location
Video
visite 360°
Photos
Plan
Map
 +6
S+2 en lo...",1100,68,Appartement,1,Location,Agence,Sahloul 4 : S+2 en location,https://cdn-media.medialabtc.it/tn/agencies/sscb2/estates/63528/images/366532/detail.jpeg,"[""https://cdn-media.medialabtc.it/tn/agencies/sscb2/estates/63528/images/366532/detail.jpeg"", ""https://cdn-media.medialabtc.it/tn/agencies/sscb2/estates/63528/images/366497/gallery_media.jpeg"", ""https://cdn-media.medialabtc.it/tn/agencies/sscb2/estates/63528/images/366498/gallery_media.jpeg"", ""https://cdn-media.medialabtc.it/tn/agencies/sscb2/estates/63528/images/366500/gallery_media.jpeg"", ""https://cdn-media.medialabtc.it/tn/agencies/sscb2/images/team_member/production/1411.jpeg"", ""https://cdn-media.medialabtc.it/tn/agencies/sscb2/images/team_member/production/1388.jpeg"", ""https://cdn-media.medialabtc.it/tn/agencies/sscb2/images/team_member/production/1365.jpeg"", ""https://cdn-media.medialabtc.it/tn/agencies/sscb2/images/team_member/production/935.jpeg""]",[],Tecnocasa,Tecnocasa,1,1,1,1,1,1,[],2026-02-15 21:24:08,2026-02-15 21:24:08,2026-02-15 21:24:08,,2,2026-02-15 21:24:08,N/A,N/A
63058,Studio en location," Immobilier Professionnel
 
 Evaluer mon bien
 
 Chercher une agence
 
 Se connecter
ACCUEIL
IMMOBILIER PROFESSIONNEL
EVALUER MON BIEN
CHERCHER UNE AGENCE
SE CONNECTER
Accueil
Appartement en location
Appartement Sousse
Hergla
Hergla
Studio en location
Video
visite 360°
Photos
Plan
Map
 +4
Studio en ...","
750",40,Appartement,1,Location,Agence,Hergla : Studio en location,https://cdn-media.medialabtc.it/tn/agencies/ssgh1/estates/63058/images/361230/detail.jpeg,"[""https://cdn-media.medialabtc.it/tn/agencies/ssgh1/estates/63058/images/361230/detail.jpeg"", ""https://cdn-media.medialabtc.it/tn/agencies/ssgh1/estates/63058/images/361231/gallery_media.jpeg"", ""https://cdn-media.medialabtc.it/tn/agencies/ssgh1/estates/63058/images/361236/gallery_media.jpeg"", ""https://cdn-media.medialabtc.it/tn/agencies/ssgh1/estates/63058/images/361228/gallery_media.jpeg"", ""https://cdn-media.medialabtc.it/tn/agencies/ssgh1/images/team_member/production/840.jpeg"", ""https://cdn-media.medialabtc.it/tn/agencies/ssgh1/images/team_member/production/842.jpeg"", ""https://cdn-media.medialabtc.it/tn/agencies/ssgh1/images/team_member/production/853.jpeg"", ""https://cdn-media.medialabtc.it/tn/agencies/ssgh1/images/team_member/production/843.jpeg""]",[],Tecnocasa,Tecnocasa,1,1,1,1,1,1,[],2026-02-15 21:24:08,2026-02-15 21:24:08,2026-02-15 21:24:08,,2,2026-02-15 21:24:08,N/A,N/A
62921,S+3 en location," Immobilier Professionnel
 
 Evaluer mon bien
 
 Chercher une agence
 
 Se connecter
ACCUEIL
IMMOBILIER PROFESSIONNEL
EVALUER MON BIEN
CHERCHER UNE AGENCE
SE CONNECTER
Accueil
Appartement en location
Appartement Sousse
Sahloul
Sahloul 4
S+3 en location
Video
visite 360°
Photos
Plan
Map
 +5
S+3 en lo...",1500,120,Appartement,1,Location,Agence,Sahloul 4 : S+3 en location,https://cdn-media.medialabtc.it/tn/agencies/sscb2/estates/62921/images/366577/detail.jpeg,"[""https://cdn-media.medialabtc.it/tn/agencies/sscb2/estates/62921/images/366577/detail.jpeg"", ""https://cdn-media.medialabtc.it/tn/agencies/sscb2/estates/62921/images/366576/gallery_media.jpeg"", ""https://cdn-media.medialabtc.it/tn/agencies/sscb2/estates/62921/images/366579/gallery_media.jpeg"", ""https://cdn-media.medialabtc.it/tn/agencies/sscb2/estates/62921/images/366581/gallery_media.jpeg"", ""https://cdn-media.medialabtc.it/tn/agencies/sscb2/images/team_member/production/1411.jpeg"", ""https://cdn-media.medialabtc.it/tn/agencies/sscb2/images/team_member/production/1388.jpeg"", ""https://cdn-media.medialabtc.it/tn/agencies/sscb2/images/team_member/production/1365.jpeg"", ""https://cdn-media.medialabtc.it/tn/agencies/sscb2/images/team_member/production/935.jpeg""]",[],Tecnocasa,Tecnocasa,1,1,1,1,1,1,[],2026-02-15 21:24:08,2026-02-15 21:24:08,2026-02-15 21:24:08,,2,2026-02-15 21:24:08,N/A,N/A
63437,S+2 en location," Immobilier Professionnel
 
 Evaluer mon bien
 
 Chercher une agence
 
 Se connecter
ACCUEIL
IMMOBILIER PROFESSIONNEL
EVALUER MON BIEN
CHERCHER UNE AGENCE
SE CONNECTER
Accueil
Appartement en location
Appartement Sousse
Sahloul
Sahloul 4
S+2 en location
Video
visite 360°
Photos
Plan
Map
 +9
S+2 en lo...","
850",100,Appartement,1,Location,Agence,Sahloul 4 : S+2 en location,https://cdn-media.medialabtc.it/tn/agencies/sscb2/estates/63437/images/366568/detail.jpeg,"[""https://cdn-media.medialabtc.it/tn/agencies/sscb2/estates/63437/images/366568/detail.jpeg"", ""https://cdn-media.medialabtc.it/tn/agencies/sscb2/estates/63437/images/366557/gallery_media.jpeg"", ""https://cdn-media.medialabtc.it/tn/agencies/sscb2/estates/63437/images/366560/gallery_media.jpeg"", ""https://cdn-media.medialabtc.it/tn/agencies/sscb2/estates/63437/images/366561/gallery_media.jpeg"", ""https://cdn-media.medialabtc.it/tn/agencies/sscb2/images/team_member/production/1411.jpeg"", ""https://cdn-media.medialabtc.it/tn/agencies/sscb2/images/team_member/production/1388.jpeg"", ""https://cdn-media.medialabtc.it/tn/agencies/sscb2/images/team_member/production/1365.jpeg"", ""https://cdn-media.medialabtc.it/tn/agencies/sscb2/images/team_member/production/935.jpeg""]",[],Tecnocasa,Tecnocasa,1,1,1,1,1,1,[],2026-02-15 21:24:08,2026-02-15 21:24:08,2026-02-15 21:24:08,,2,2026-02-15 21:24:08,N/A,N/A
63067,S+1 en location," Immobilier Professionnel
 
 Evaluer mon bien
 
 Chercher une agence
 
 Se connecter
ACCUEIL
IMMOBILIER PROFESSIONNEL
EVALUER MON BIEN
CHERCHER UNE AGENCE
SE CONNECTER
Accueil
Appartement en location
Appartement Sousse
Hammam Sousse
Hammam Sousse
S+1 en location
Video
visite 360°
Photos
Plan
Map
S+1...",1100,74,Appartement,1,Location,Agence,Hammam Sousse : S+1 en location,https://cdn-media.medialabtc.it/tn/agencies/sscb6/estates/63067/images/361067/detail.jpeg,"[""https://cdn-media.medialabtc.it/tn/agencies/sscb6/estates/63067/images/361067/detail.jpeg"", ""https://cdn-media.medialabtc.it/tn/agencies/sscb6/estates/63067/images/361069/gallery_media.jpeg"", ""https://cdn-media.medialabtc.it/tn/agencies/sscb6/estates/63067/images/361068/gallery_media.jpeg"", ""https://cdn-media.medialabtc.it/tn/agencies/sscb6/estates/63067/images/361070/gallery_media.jpeg"", ""https://cdn-media.medialabtc.it/tn/agencies/sscb6/images/team_member/production/986.jpeg"", ""https://cdn-media.medialabtc.it/tn/agencies/sscb6/images/team_member/production/987.jpeg"", ""https://cdn-media.medialabtc.it/tn/agencies/sscb6/images/team_member/production/1298.jpeg"", ""https://cdn-media.medialabtc.it/tn/agencies/sscb6/images/team_member/production/1387.jpeg""]",[],Tecnocasa,Tecnocasa,1,1,1,1,1,1,[],2026-02-15 21:24:08,2026-02-15 21:24:08,2026-02-15 21:24:08,,3,2026-02-15 21:24:08,N/A,N/A
61886,S+2 en location," Immobilier Professionnel
 
 Evaluer mon bien
 
 Chercher une agence
 
 Se connecter
ACCUEIL
IMMOBILIER PROFESSIONNEL
EVALUER MON BIEN
CHERCHER UNE AGENCE
SE CONNECTER
Accueil
Appartement en location
Appartement Sousse
Sousse Centre Ville
La Corniche
S+2 en location
Video
visite 360°
Photos
Plan
Map...",1500,70,Appartement,1,Location,Agence,La Corniche : S+2 en location,https://cdn-media.medialabtc.it/tn/agencies/ssca6/estates/61886/images/361137/detail.jpeg,"[""https://cdn-media.medialabtc.it/tn/agencies/ssca6/estates/61886/images/361137/detail.jpeg"", ""https://cdn-media.medialabtc.it/tn/agencies/ssca6/estates/61886/images/361136/gallery_media.jpeg"", ""https://cdn-media.medialabtc.it/tn/agencies/ssca6/estates/61886/images/361133/gallery_media.jpeg"", ""https://cdn-media.medialabtc.it/tn/agencies/ssca6/estates/61886/images/361131/gallery_media.jpeg""]",[],Tecnocasa,Tecnocasa,1,1,1,1,1,1,[],2026-02-15 21:24:08,2026-02-15 21:24:08,2026-02-15 21:24:08,,3,2026-02-15 21:24:08,N/A,N/A
62967,S+3 en location," Immobilier Professionnel
 
 Evaluer mon bien
 
 Chercher une agence
 
 Se connecter
ACCUEIL
IMMOBILIER PROFESSIONNEL
EVALUER MON BIEN
CHERCHER UNE AGENCE
SE CONNECTER
Accueil
Appartement en location
Appartement Sousse
Khezama
Khezema Ouest
S+3 en location
Video
visite 360°
Photos
Plan
Map
 +5
S+3 e...",1300,100,Appartement,1,Location,Agence,Khezema Ouest : S+3 en location,https://cdn-media.medialabtc.it/tn/agencies/sscb6/estates/62967/images/361944/detail.jpeg,"[""https://cdn-media.medialabtc.it/tn/agencies/sscb6/estates/62967/images/361944/detail.jpeg"", ""https://cdn-media.medialabtc.it/tn/agencies/sscb6/estates/62967/images/361925/gallery_media.jpeg"", ""https://cdn-media.medialabtc.it/tn/agencies/sscb6/estates/62967/images/361942/gallery_media.jpeg"", ""https://cdn-media.medialabtc.it/tn/agencies/sscb6/estates/62967/images/361938/gallery_media.jpeg"", ""https://cdn-media.medialabtc.it/tn/agencies/sscb6/images/team_member/production/986.jpeg"", ""https://cdn-media.medialabtc.it/tn/agencies/sscb6/images/team_member/production/987.jpeg"", ""https://cdn-media.medialabtc.it/tn/agencies/sscb6/images/team_member/production/1298.jpeg"", ""https://cdn-media.medialabtc.it/tn/agencies/sscb6/images/team_member/production/1387.jpeg""]",[],Tecnocasa,Tecnocasa,1,1,1,1,1,1,[],2026-02-15 21:24:08,2026-02-15 21:24:08,2026-02-15 21:24:08,,3,2026-02-15 21:24:08,N/A,N/A
62882,S+1 en location," Immobilier Professionnel
 
 Evaluer mon bien
 
 Chercher une agence
 
 Se connecter
ACCUEIL
IMMOBILIER PROFESSIONNEL
EVALUER MON BIEN
CHERCHER UNE AGENCE
SE CONNECTER
Accueil
Appartement en location
Appartement Sousse
Sousse Centre Ville
La Corniche
S+1 en location
Video
visite 360°
Photos
Plan
Map...",1250,100,Appartement,1,Location,Agence,La Corniche : S+1 en location,https://cdn-media.medialabtc.it/tn/agencies/ssca6/estates/62882/images/359692/detail.jpeg,"[""https://cdn-media.medialabtc.it/tn/agencies/ssca6/estates/62882/images/359692/detail.jpeg"", ""https://cdn-media.medialabtc.it/tn/agencies/ssca6/estates/62882/images/359696/gallery_media.jpeg"", ""https://cdn-media.medialabtc.it/tn/agencies/ssca6/estates/62882/images/359694/gallery_media.jpeg"", ""https://cdn-media.medialabtc.it/tn/agencies/ssca6/estates/62882/images/359695/gallery_media.jpeg""]",[],Tecnocasa,Tecnocasa,1,1,1,1,1,1,[],2026-02-15 21:24:08,2026-02-15 21:24:08,2026-02-15 21:24:08,,3,2026-02-15 21:24:08,N/A,N/A
63070,S+2 en location," Immobilier Professionnel
 
 Evaluer mon bien
 
 Chercher une agence
 
 Se connecter
ACCUEIL
IMMOBILIER PROFESSIONNEL
EVALUER MON BIEN
CHERCHER UNE AGENCE
SE CONNECTER
Accueil
Appartement en location
Appartement Sousse
Sahloul
Sahloul 4
S+2 en location
Video
visite 360°
Photos
Plan
Map
 +6
S+2 en lo...",1400,100,Appartement,1,Location,Agence,Sahloul 4 : S+2 en location,https://cdn-media.medialabtc.it/tn/agencies/sscb2/estates/63070/images/360964/detail.jpeg,"[""https://cdn-media.medialabtc.it/tn/agencies/sscb2/estates/63070/images/360964/detail.jpeg"", ""https://cdn-media.medialabtc.it/tn/agencies/sscb2/estates/63070/images/360962/gallery_media.jpeg"", ""https://cdn-media.medialabtc.it/tn/agencies/sscb2/estates/63070/images/360963/gallery_media.jpeg"", ""https://cdn-media.medialabtc.it/tn/agencies/sscb2/estates/63070/images/360939/gallery_media.jpeg"", ""https://cdn-media.medialabtc.it/tn/agencies/sscb2/images/team_member/production/1411.jpeg"", ""https://cdn-media.medialabtc.it/tn/agencies/sscb2/images/team_member/production/1388.jpeg"", ""https://cdn-media.medialabtc.it/tn/agencies/sscb2/images/team_member/production/1365.jpeg"", ""https://cdn-media.medialabtc.it/tn/agencies/sscb2/images/team_member/production/935.jpeg""]",[],Tecnocasa,Tecnocasa,1,1,1,1,1,1,[],2026-02-15 21:24:08,2026-02-15 21:24:08,2026-02-15 21:24:08,,3,2026-02-15 21:24:08,N/A,N/A
62897,S+2 en location," Immobilier Professionnel
 
 Evaluer mon bien
 
 Chercher une agence
 
 Se connecter
ACCUEIL
IMMOBILIER PROFESSIONNEL
EVALUER MON BIEN
CHERCHER UNE AGENCE
SE CONNECTER
Accueil
Appartement en location
Appartement Sousse
Hammam Sousse
Hammam Sousse
S+2 en location
Video
visite 360°
Photos
Plan
Map
 +2...","
850",120,Appartement,1,Location,Agence,Hammam Sousse : S+2 en location,https://cdn-media.medialabtc.it/tn/agencies/sscb3/estates/62897/images/359628/detail.jpeg,"[""https://cdn-media.medialabtc.it/tn/agencies/sscb3/estates/62897/images/359628/detail.jpeg"", ""https://cdn-media.medialabtc.it/tn/agencies/sscb3/estates/62897/images/359632/gallery_media.jpeg"", ""https://cdn-media.medialabtc.it/tn/agencies/sscb3/estates/62897/images/359629/gallery_media.jpeg"", ""https://cdn-media.medialabtc.it/tn/agencies/sscb3/estates/62897/images/359633/gallery_media.jpeg"", ""https://cdn-media.medialabtc.it/tn/agencies/sscb3/images/team_member/production/1420.jpeg"", ""https://cdn-media.medialabtc.it/tn/agencies/sscb3/images/team_member/production/1423.jpeg""]",[],Tecnocasa,Tecnocasa,1,1,1,1,1,1,[],2026-02-15 21:24:08,2026-02-15 21:24:08,2026-02-15 21:24:08,,3,2026-02-15 21:24:08,N/A,N/A
63540,S+1 en location," Immobilier Professionnel
 
 Evaluer mon bien
 
 Chercher une agence
 
 Se connecter
ACCUEIL
IMMOBILIER PROFESSIONNEL
EVALUER MON BIEN
CHERCHER UNE AGENCE
SE CONNECTER
Accueil
Appartement en location
Appartement Sousse
Sousse Centre Ville
La Corniche
S+1 en location
Video
visite 360°
Photos
Plan
Map...","
950",90,Appartement,1,Location,Agence,La Corniche : S+1 en location,https://cdn-media.medialabtc.it/tn/agencies/ssca6/estates/63540/images/366432/detail.jpeg,"[""https://cdn-media.medialabtc.it/tn/agencies/ssca6/estates/63540/images/366432/detail.jpeg"", ""https://cdn-media.medialabtc.it/tn/agencies/ssca6/estates/63540/images/366431/gallery_media.jpeg"", ""https://cdn-media.medialabtc.it/tn/agencies/ssca6/estates/63540/images/366433/gallery_media.jpeg"", ""https://cdn-media.medialabtc.it/tn/agencies/ssca6/estates/63540/images/366434/gallery_media.jpeg""]",[],Tecnocasa,Tecnocasa,1,1,1,1,1,1,[],2026-02-15 21:24:08,2026-02-15 21:24:08,2026-02-15 21:24:08,,3,2026-02-15 21:24:08,N/A,N/A
63306,S+1 en location," Immobilier Professionnel
 
 Evaluer mon bien
 
 Chercher une agence
 
 Se connecter
ACCUEIL
IMMOBILIER PROFESSIONNEL
EVALUER MON BIEN
CHERCHER UNE AGENCE
SE CONNECTER
Accueil
Appartement en location
Appartement Sousse
Sousse Centre Ville
La Corniche
S+1 en location
Video
visite 360°
Photos
Plan
Map...","
450",60,Appartement,1,Location,Agence,La Corniche : S+1 en location,https://cdn-media.medialabtc.it/tn/agencies/ssca6/estates/63306/images/364017/detail.jpeg,"[""https://cdn-media.medialabtc.it/tn/agencies/ssca6/estates/63306/images/364017/detail.jpeg"", ""https://cdn-media.medialabtc.it/tn/agencies/ssca6/estates/63306/images/363985/gallery_media.jpeg"", ""https://cdn-media.medialabtc.it/tn/agencies/ssca6/estates/63306/images/364016/gallery_media.jpeg"", ""https://cdn-media.medialabtc.it/tn/agencies/ssca6/estates/63306/images/363984/gallery_media.jpeg""]",[],Tecnocasa,Tecnocasa,1,1,1,1,1,1,[],2026-02-15 21:24:08,2026-02-15 21:24:08,2026-02-15 21:24:08,,3,2026-02-15 21:24:08,N/A,N/A
63068,S+3 en location," Immobilier Professionnel
 
 Evaluer mon bien
 
 Chercher une agence
 
 Se connecter
ACCUEIL
IMMOBILIER PROFESSIONNEL
EVALUER MON BIEN
CHERCHER UNE AGENCE
SE CONNECTER
Accueil
Appartement en location
Appartement Sousse
Sahloul
Sahloul 4
S+3 en location
Video
visite 360°
Photos
Plan
Map
 +12
S+3 en l...",1550,120,Appartement,1,Location,Agence,Sahloul 4 : S+3 en location,https://cdn-media.medialabtc.it/tn/agencies/sscb2/estates/63068/images/361085/detail.jpeg,"[""https://cdn-media.medialabtc.it/tn/agencies/sscb2/estates/63068/images/361085/detail.jpeg"", ""https://cdn-media.medialabtc.it/tn/agencies/sscb2/estates/63068/images/361084/gallery_media.jpeg"", ""https://cdn-media.medialabtc.it/tn/agencies/sscb2/estates/63068/images/361082/gallery_media.jpeg"", ""https://cdn-media.medialabtc.it/tn/agencies/sscb2/estates/63068/images/361039/gallery_media.jpeg"", ""https://cdn-media.medialabtc.it/tn/agencies/sscb2/images/team_member/production/1411.jpeg"", ""https://cdn-media.medialabtc.it/tn/agencies/sscb2/images/team_member/production/1388.jpeg"", ""https://cdn-media.medialabtc.it/tn/agencies/sscb2/images/team_member/production/1365.jpeg"", ""https://cdn-media.medialabtc.it/tn/agencies/sscb2/images/team_member/production/935.jpeg""]",[],Tecnocasa,Tecnocasa,1,1,1,1,1,1,[],2026-02-15 21:24:08,2026-02-15 21:24:08,2026-02-15 21:24:08,,3,2026-02-15 21:24:08,N/A,N/A
63544,S+2 en location," Immobilier Professionnel
 
 Evaluer mon bien
 
 Chercher une agence
 
 Se connecter
ACCUEIL
IMMOBILIER PROFESSIONNEL
EVALUER MON BIEN
CHERCHER UNE AGENCE
SE CONNECTER
Accueil
Appartement en location
Appartement Sousse
Sousse Centre Ville
La Corniche
S+2 en location
Video
visite 360°
Photos
Plan
Map...",1000,100,Appartement,1,Location,Agence,La Corniche : S+2 en location,https://cdn-media.medialabtc.it/tn/agencies/ssca6/estates/63544/images/366439/detail.jpeg,"[""https://cdn-media.medialabtc.it/tn/agencies/ssca6/estates/63544/images/366439/detail.jpeg"", ""https://cdn-media.medialabtc.it/tn/agencies/ssca6/estates/63544/images/366461/gallery_media.jpeg"", ""https://cdn-media.medialabtc.it/tn/agencies/ssca6/estates/63544/images/366438/gallery_media.jpeg"", ""https://cdn-media.medialabtc.it/tn/agencies/ssca6/estates/63544/images/366437/gallery_media.jpeg""]",[],Tecnocasa,Tecnocasa,1,1,1,1,1,1,[],2026-02-15 21:24:08,2026-02-15 21:24:08,2026-02-15 21:24:08,,3,2026-02-15 21:24:08,N/A,N/A
63287,S+1 en location," Immobilier Professionnel
 
 Evaluer mon bien
 
 Chercher une agence
 
 Se connecter
ACCUEIL
IMMOBILIER PROFESSIONNEL
EVALUER MON BIEN
CHERCHER UNE AGENCE
SE CONNECTER
Accueil
Appartement en location
Appartement Sousse
Sahloul
Sahloul 4
S+1 en location
Video
visite 360°
Photos
Plan
Map
 +3
S+1 en lo...","
800",55,Appartement,1,Location,Agence,Sahloul 4 : S+1 en location,https://cdn-media.medialabtc.it/tn/agencies/sscb2/estates/63287/images/366570/detail.jpeg,"[""https://cdn-media.medialabtc.it/tn/agencies/sscb2/estates/63287/images/366570/detail.jpeg"", ""https://cdn-media.medialabtc.it/tn/agencies/sscb2/estates/63287/images/366569/gallery_media.jpeg"", ""https://cdn-media.medialabtc.it/tn/agencies/sscb2/estates/63287/images/366574/gallery_media.jpeg"", ""https://cdn-media.medialabtc.it/tn/agencies/sscb2/estates/63287/images/366573/gallery_media.jpeg"", ""https://cdn-media.medialabtc.it/tn/agencies/sscb2/images/team_member/production/1411.jpeg"", ""https://cdn-media.medialabtc.it/tn/agencies/sscb2/images/team_member/production/1388.jpeg"", ""https://cdn-media.medialabtc.it/tn/agencies/sscb2/images/team_member/production/1365.jpeg"", ""https://cdn-media.medialabtc.it/tn/agencies/sscb2/images/team_member/production/935.jpeg""]",[],Tecnocasa,Tecnocasa,1,1,1,1,1,1,[],2026-02-15 21:24:08,2026-02-15 21:24:08,2026-02-15 21:24:08,,3,2026-02-15 21:24:08,N/A,N/A
63528,S+2 en location," Immobilier Professionnel
 
 Evaluer mon bien
 
 Chercher une agence
 
 Se connecter
ACCUEIL
IMMOBILIER PROFESSIONNEL
EVALUER MON BIEN
CHERCHER UNE AGENCE
SE CONNECTER
Accueil
Appartement en location
Appartement Sousse
Sahloul
Sahloul 4
S+2 en location
Video
visite 360°
Photos
Plan
Map
 +6
S+2 en lo...",1100,68,Appartement,1,Location,Agence,Sahloul 4 : S+2 en location,https://cdn-media.medialabtc.it/tn/agencies/sscb2/estates/63528/images/366532/detail.jpeg,"[""https://cdn-media.medialabtc.it/tn/agencies/sscb2/estates/63528/images/366532/detail.jpeg"", ""https://cdn-media.medialabtc.it/tn/agencies/sscb2/estates/63528/images/366497/gallery_media.jpeg"", ""https://cdn-media.medialabtc.it/tn/agencies/sscb2/estates/63528/images/366498/gallery_media.jpeg"", ""https://cdn-media.medialabtc.it/tn/agencies/sscb2/estates/63528/images/366500/gallery_media.jpeg"", ""https://cdn-media.medialabtc.it/tn/agencies/sscb2/images/team_member/production/1411.jpeg"", ""https://cdn-media.medialabtc.it/tn/agencies/sscb2/images/team_member/production/1388.jpeg"", ""https://cdn-media.medialabtc.it/tn/agencies/sscb2/images/team_member/production/1365.jpeg"", ""https://cdn-media.medialabtc.it/tn/agencies/sscb2/images/team_member/production/935.jpeg""]",[],Tecnocasa,Tecnocasa,1,1,1,1,1,1,[],2026-02-15 21:24:08,2026-02-15 21:24:08,2026-02-15 21:24:08,,3,2026-02-15 21:24:08,N/A,N/A
63058,Studio en location," Immobilier Professionnel
 
 Evaluer mon bien
 
 Chercher une agence
 
 Se connecter
ACCUEIL
IMMOBILIER PROFESSIONNEL
EVALUER MON BIEN
CHERCHER UNE AGENCE
SE CONNECTER
Accueil
Appartement en location
Appartement Sousse
Hergla
Hergla
Studio en location
Video
visite 360°
Photos
Plan
Map
 +4
Studio en ...","
750",40,Appartement,1,Location,Agence,Hergla : Studio en location,https://cdn-media.medialabtc.it/tn/agencies/ssgh1/estates/63058/images/361230/detail.jpeg,"[""https://cdn-media.medialabtc.it/tn/agencies/ssgh1/estates/63058/images/361230/detail.jpeg"", ""https://cdn-media.medialabtc.it/tn/agencies/ssgh1/estates/63058/images/361231/gallery_media.jpeg"", ""https://cdn-media.medialabtc.it/tn/agencies/ssgh1/estates/63058/images/361236/gallery_media.jpeg"", ""https://cdn-media.medialabtc.it/tn/agencies/ssgh1/estates/63058/images/361228/gallery_media.jpeg"", ""https://cdn-media.medialabtc.it/tn/agencies/ssgh1/images/team_member/production/840.jpeg"", ""https://cdn-media.medialabtc.it/tn/agencies/ssgh1/images/team_member/production/842.jpeg"", ""https://cdn-media.medialabtc.it/tn/agencies/ssgh1/images/team_member/production/853.jpeg"", ""https://cdn-media.medialabtc.it/tn/agencies/ssgh1/images/team_member/production/843.jpeg""]",[],Tecnocasa,Tecnocasa,1,1,1,1,1,1,[],2026-02-15 21:24:08,2026-02-15 21:24:08,2026-02-15 21:24:08,,3,2026-02-15 21:24:08,N/A,N/A
62921,S+3 en location," Immobilier Professionnel
 
 Evaluer mon bien
 
 Chercher une agence
 
 Se connecter
ACCUEIL
IMMOBILIER PROFESSIONNEL
EVALUER MON BIEN
CHERCHER UNE AGENCE
SE CONNECTER
Accueil
Appartement en location
Appartement Sousse
Sahloul
Sahloul 4
S+3 en location
Video
visite 360°
Photos
Plan
Map
 +5
S+3 en lo...",1500,120,Appartement,1,Location,Agence,Sahloul 4 : S+3 en location,https://cdn-media.medialabtc.it/tn/agencies/sscb2/estates/62921/images/366577/detail.jpeg,"[""https://cdn-media.medialabtc.it/tn/agencies/sscb2/estates/62921/images/366577/detail.jpeg"", ""https://cdn-media.medialabtc.it/tn/agencies/sscb2/estates/62921/images/366576/gallery_media.jpeg"", ""https://cdn-media.medialabtc.it/tn/agencies/sscb2/estates/62921/images/366579/gallery_media.jpeg"", ""https://cdn-media.medialabtc.it/tn/agencies/sscb2/estates/62921/images/366581/gallery_media.jpeg"", ""https://cdn-media.medialabtc.it/tn/agencies/sscb2/images/team_member/production/1411.jpeg"", ""https://cdn-media.medialabtc.it/tn/agencies/sscb2/images/team_member/production/1388.jpeg"", ""https://cdn-media.medialabtc.it/tn/agencies/sscb2/images/team_member/production/1365.jpeg"", ""https://cdn-media.medialabtc.it/tn/agencies/sscb2/images/team_member/production/935.jpeg""]",[],Tecnocasa,Tecnocasa,1,1,1,1,1,1,[],2026-02-15 21:24:08,2026-02-15 21:24:08,2026-02-15 21:24:08,,3,2026-02-15 21:24:08,N/A,N/A
63437,S+2 en location," Immobilier Professionnel
 
 Evaluer mon bien
 
 Chercher une agence
 
 Se connecter
ACCUEIL
IMMOBILIER PROFESSIONNEL
EVALUER MON BIEN
CHERCHER UNE AGENCE
SE CONNECTER
Accueil
Appartement en location
Appartement Sousse
Sahloul
Sahloul 4
S+2 en location
Video
visite 360°
Photos
Plan
Map
 +9
S+2 en lo...","
850",100,Appartement,1,Location,Agence,Sahloul 4 : S+2 en location,https://cdn-media.medialabtc.it/tn/agencies/sscb2/estates/63437/images/366568/detail.jpeg,"[""https://cdn-media.medialabtc.it/tn/agencies/sscb2/estates/63437/images/366568/detail.jpeg"", ""https://cdn-media.medialabtc.it/tn/agencies/sscb2/estates/63437/images/366557/gallery_media.jpeg"", ""https://cdn-media.medialabtc.it/tn/agencies/sscb2/estates/63437/images/366560/gallery_media.jpeg"", ""https://cdn-media.medialabtc.it/tn/agencies/sscb2/estates/63437/images/366561/gallery_media.jpeg"", ""https://cdn-media.medialabtc.it/tn/agencies/sscb2/images/team_member/production/1411.jpeg"", ""https://cdn-media.medialabtc.it/tn/agencies/sscb2/images/team_member/production/1388.jpeg"", ""https://cdn-media.medialabtc.it/tn/agencies/sscb2/images/team_member/production/1365.jpeg"", ""https://cdn-media.medialabtc.it/tn/agencies/sscb2/images/team_member/production/935.jpeg""]",[],Tecnocasa,Tecnocasa,1,1,1,1,1,1,[],2026-02-15 21:24:08,2026-02-15 21:24:08,2026-02-15 21:24:08,,3,2026-02-15 21:24:08,N/A,N/A
63067,S+1 en location," Immobilier Professionnel
 
 Evaluer mon bien
 
 Chercher une agence
 
 Se connecter
ACCUEIL
IMMOBILIER PROFESSIONNEL
EVALUER MON BIEN
CHERCHER UNE AGENCE
SE CONNECTER
Accueil
Appartement en location
Appartement Sousse
Hammam Sousse
Hammam Sousse
S+1 en location
Video
visite 360°
Photos
Plan
Map
S+1...",1100,74,Appartement,1,Location,Agence,Hammam Sousse : S+1 en location,https://cdn-media.medialabtc.it/tn/agencies/sscb6/estates/63067/images/361067/detail.jpeg,"[""https://cdn-media.medialabtc.it/tn/agencies/sscb6/estates/63067/images/361067/detail.jpeg"", ""https://cdn-media.medialabtc.it/tn/agencies/sscb6/estates/63067/images/361069/gallery_media.jpeg"", ""https://cdn-media.medialabtc.it/tn/agencies/sscb6/estates/63067/images/361068/gallery_media.jpeg"", ""https://cdn-media.medialabtc.it/tn/agencies/sscb6/estates/63067/images/361070/gallery_media.jpeg"", ""https://cdn-media.medialabtc.it/tn/agencies/sscb6/images/team_member/production/986.jpeg"", ""https://cdn-media.medialabtc.it/tn/agencies/sscb6/images/team_member/production/987.jpeg"", ""https://cdn-media.medialabtc.it/tn/agencies/sscb6/images/team_member/production/1298.jpeg"", ""https://cdn-media.medialabtc.it/tn/agencies/sscb6/images/team_member/production/1387.jpeg""]",[],Tecnocasa,Tecnocasa,1,1,1,1,1,1,[],2026-02-15 21:24:08,2026-02-15 21:24:08,2026-02-15 21:24:08,,4,2026-02-15 21:24:08,N/A,N/A
61886,S+2 en location," Immobilier Professionnel
 
 Evaluer mon bien
 
 Chercher une agence
 
 Se connecter
ACCUEIL
IMMOBILIER PROFESSIONNEL
EVALUER MON BIEN
CHERCHER UNE AGENCE
SE CONNECTER
Accueil
Appartement en location
Appartement Sousse
Sousse Centre Ville
La Corniche
S+2 en location
Video
visite 360°
Photos
Plan
Map...",1500,70,Appartement,1,Location,Agence,La Corniche : S+2 en location,https://cdn-media.medialabtc.it/tn/agencies/ssca6/estates/61886/images/361137/detail.jpeg,"[""https://cdn-media.medialabtc.it/tn/agencies/ssca6/estates/61886/images/361137/detail.jpeg"", ""https://cdn-media.medialabtc.it/tn/agencies/ssca6/estates/61886/images/361136/gallery_media.jpeg"", ""https://cdn-media.medialabtc.it/tn/agencies/ssca6/estates/61886/images/361133/gallery_media.jpeg"", ""https://cdn-media.medialabtc.it/tn/agencies/ssca6/estates/61886/images/361131/gallery_media.jpeg""]",[],Tecnocasa,Tecnocasa,1,1,1,1,1,1,[],2026-02-15 21:24:08,2026-02-15 21:24:08,2026-02-15 21:24:08,,4,2026-02-15 21:24:08,N/A,N/A
62967,S+3 en location," Immobilier Professionnel
 
 Evaluer mon bien
 
 Chercher une agence
 
 Se connecter
ACCUEIL
IMMOBILIER PROFESSIONNEL
EVALUER MON BIEN
CHERCHER UNE AGENCE
SE CONNECTER
Accueil
Appartement en location
Appartement Sousse
Khezama
Khezema Ouest
S+3 en location
Video
visite 360°
Photos
Plan
Map
 +5
S+3 e...",1300,100,Appartement,1,Location,Agence,Khezema Ouest : S+3 en location,https://cdn-media.medialabtc.it/tn/agencies/sscb6/estates/62967/images/361944/detail.jpeg,"[""https://cdn-media.medialabtc.it/tn/agencies/sscb6/estates/62967/images/361944/detail.jpeg"", ""https://cdn-media.medialabtc.it/tn/agencies/sscb6/estates/62967/images/361925/gallery_media.jpeg"", ""https://cdn-media.medialabtc.it/tn/agencies/sscb6/estates/62967/images/361942/gallery_media.jpeg"", ""https://cdn-media.medialabtc.it/tn/agencies/sscb6/estates/62967/images/361938/gallery_media.jpeg"", ""https://cdn-media.medialabtc.it/tn/agencies/sscb6/images/team_member/production/986.jpeg"", ""https://cdn-media.medialabtc.it/tn/agencies/sscb6/images/team_member/production/987.jpeg"", ""https://cdn-media.medialabtc.it/tn/agencies/sscb6/images/team_member/production/1298.jpeg"", ""https://cdn-media.medialabtc.it/tn/agencies/sscb6/images/team_member/production/1387.jpeg""]",[],Tecnocasa,Tecnocasa,1,1,1,1,1,1,[],2026-02-15 21:24:08,2026-02-15 21:24:08,2026-02-15 21:24:08,,4,2026-02-15 21:24:08,N/A,N/A
62882,S+1 en location," Immobilier Professionnel
 
 Evaluer mon bien
 
 Chercher une agence
 
 Se connecter
ACCUEIL
IMMOBILIER PROFESSIONNEL
EVALUER MON BIEN
CHERCHER UNE AGENCE
SE CONNECTER
Accueil
Appartement en location
Appartement Sousse
Sousse Centre Ville
La Corniche
S+1 en location
Video
visite 360°
Photos
Plan
Map...",1250,100,Appartement,1,Location,Agence,La Corniche : S+1 en location,https://cdn-media.medialabtc.it/tn/agencies/ssca6/estates/62882/images/359692/detail.jpeg,"[""https://cdn-media.medialabtc.it/tn/agencies/ssca6/estates/62882/images/359692/detail.jpeg"", ""https://cdn-media.medialabtc.it/tn/agencies/ssca6/estates/62882/images/359696/gallery_media.jpeg"", ""https://cdn-media.medialabtc.it/tn/agencies/ssca6/estates/62882/images/359694/gallery_media.jpeg"", ""https://cdn-media.medialabtc.it/tn/agencies/ssca6/estates/62882/images/359695/gallery_media.jpeg""]",[],Tecnocasa,Tecnocasa,1,1,1,1,1,1,[],2026-02-15 21:24:08,2026-02-15 21:24:08,2026-02-15 21:24:08,,4,2026-02-15 21:24:08,N/A,N/A
63070,S+2 en location," Immobilier Professionnel
 
 Evaluer mon bien
 
 Chercher une agence
 
 Se connecter
ACCUEIL
IMMOBILIER PROFESSIONNEL
EVALUER MON BIEN
CHERCHER UNE AGENCE
SE CONNECTER
Accueil
Appartement en location
Appartement Sousse
Sahloul
Sahloul 4
S+2 en location
Video
visite 360°
Photos
Plan
Map
 +6
S+2 en lo...",1400,100,Appartement,1,Location,Agence,Sahloul 4 : S+2 en location,https://cdn-media.medialabtc.it/tn/agencies/sscb2/estates/63070/images/360964/detail.jpeg,"[""https://cdn-media.medialabtc.it/tn/agencies/sscb2/estates/63070/images/360964/detail.jpeg"", ""https://cdn-media.medialabtc.it/tn/agencies/sscb2/estates/63070/images/360962/gallery_media.jpeg"", ""https://cdn-media.medialabtc.it/tn/agencies/sscb2/estates/63070/images/360963/gallery_media.jpeg"", ""https://cdn-media.medialabtc.it/tn/agencies/sscb2/estates/63070/images/360939/gallery_media.jpeg"", ""https://cdn-media.medialabtc.it/tn/agencies/sscb2/images/team_member/production/1411.jpeg"", ""https://cdn-media.medialabtc.it/tn/agencies/sscb2/images/team_member/production/1388.jpeg"", ""https://cdn-media.medialabtc.it/tn/agencies/sscb2/images/team_member/production/1365.jpeg"", ""https://cdn-media.medialabtc.it/tn/agencies/sscb2/images/team_member/production/935.jpeg""]",[],Tecnocasa,Tecnocasa,1,1,1,1,1,1,[],2026-02-15 21:24:08,2026-02-15 21:24:08,2026-02-15 21:24:08,,4,2026-02-15 21:24:08,N/A,N/A
62897,S+2 en location," Immobilier Professionnel
 
 Evaluer mon bien
 
 Chercher une agence
 
 Se connecter
ACCUEIL
IMMOBILIER PROFESSIONNEL
EVALUER MON BIEN
CHERCHER UNE AGENCE
SE CONNECTER
Accueil
Appartement en location
Appartement Sousse
Hammam Sousse
Hammam Sousse
S+2 en location
Video
visite 360°
Photos
Plan
Map
 +2...","
850",120,Appartement,1,Location,Agence,Hammam Sousse : S+2 en location,https://cdn-media.medialabtc.it/tn/agencies/sscb3/estates/62897/images/359628/detail.jpeg,"[""https://cdn-media.medialabtc.it/tn/agencies/sscb3/estates/62897/images/359628/detail.jpeg"", ""https://cdn-media.medialabtc.it/tn/agencies/sscb3/estates/62897/images/359632/gallery_media.jpeg"", ""https://cdn-media.medialabtc.it/tn/agencies/sscb3/estates/62897/images/359629/gallery_media.jpeg"", ""https://cdn-media.medialabtc.it/tn/agencies/sscb3/estates/62897/images/359633/gallery_media.jpeg"", ""https://cdn-media.medialabtc.it/tn/agencies/sscb3/images/team_member/production/1420.jpeg"", ""https://cdn-media.medialabtc.it/tn/agencies/sscb3/images/team_member/production/1423.jpeg""]",[],Tecnocasa,Tecnocasa,1,1,1,1,1,1,[],2026-02-15 21:24:08,2026-02-15 21:24:08,2026-02-15 21:24:08,,4,2026-02-15 21:24:08,N/A,N/A
63540,S+1 en location," Immobilier Professionnel
 
 Evaluer mon bien
 
 Chercher une agence
 
 Se connecter
ACCUEIL
IMMOBILIER PROFESSIONNEL
EVALUER MON BIEN
CHERCHER UNE AGENCE
SE CONNECTER
Accueil
Appartement en location
Appartement Sousse
Sousse Centre Ville
La Corniche
S+1 en location
Video
visite 360°
Photos
Plan
Map...","
950",90,Appartement,1,Location,Agence,La Corniche : S+1 en location,https://cdn-media.medialabtc.it/tn/agencies/ssca6/estates/63540/images/366432/detail.jpeg,"[""https://cdn-media.medialabtc.it/tn/agencies/ssca6/estates/63540/images/366432/detail.jpeg"", ""https://cdn-media.medialabtc.it/tn/agencies/ssca6/estates/63540/images/366431/gallery_media.jpeg"", ""https://cdn-media.medialabtc.it/tn/agencies/ssca6/estates/63540/images/366433/gallery_media.jpeg"", ""https://cdn-media.medialabtc.it/tn/agencies/ssca6/estates/63540/images/366434/gallery_media.jpeg""]",[],Tecnocasa,Tecnocasa,1,1,1,1,1,1,[],2026-02-15 21:24:08,2026-02-15 21:24:08,2026-02-15 21:24:08,,4,2026-02-15 21:24:08,N/A,N/A
63306,S+1 en location," Immobilier Professionnel
 
 Evaluer mon bien
 
 Chercher une agence
 
 Se connecter
ACCUEIL
IMMOBILIER PROFESSIONNEL
EVALUER MON BIEN
CHERCHER UNE AGENCE
SE CONNECTER
Accueil
Appartement en location
Appartement Sousse
Sousse Centre Ville
La Corniche
S+1 en location
Video
visite 360°
Photos
Plan
Map...","
450",60,Appartement,1,Location,Agence,La Corniche : S+1 en location,https://cdn-media.medialabtc.it/tn/agencies/ssca6/estates/63306/images/364017/detail.jpeg,"[""https://cdn-media.medialabtc.it/tn/agencies/ssca6/estates/63306/images/364017/detail.jpeg"", ""https://cdn-media.medialabtc.it/tn/agencies/ssca6/estates/63306/images/363985/gallery_media.jpeg"", ""https://cdn-media.medialabtc.it/tn/agencies/ssca6/estates/63306/images/364016/gallery_media.jpeg"", ""https://cdn-media.medialabtc.it/tn/agencies/ssca6/estates/63306/images/363984/gallery_media.jpeg""]",[],Tecnocasa,Tecnocasa,1,1,1,1,1,1,[],2026-02-15 21:24:08,2026-02-15 21:24:08,2026-02-15 21:24:08,,4,2026-02-15 21:24:08,N/A,N/A
63068,S+3 en location," Immobilier Professionnel
 
 Evaluer mon bien
 
 Chercher une agence
 
 Se connecter
ACCUEIL
IMMOBILIER PROFESSIONNEL
EVALUER MON BIEN
CHERCHER UNE AGENCE
SE CONNECTER
Accueil
Appartement en location
Appartement Sousse
Sahloul
Sahloul 4
S+3 en location
Video
visite 360°
Photos
Plan
Map
 +12
S+3 en l...",1550,120,Appartement,1,Location,Agence,Sahloul 4 : S+3 en location,https://cdn-media.medialabtc.it/tn/agencies/sscb2/estates/63068/images/361085/detail.jpeg,"[""https://cdn-media.medialabtc.it/tn/agencies/sscb2/estates/63068/images/361085/detail.jpeg"", ""https://cdn-media.medialabtc.it/tn/agencies/sscb2/estates/63068/images/361084/gallery_media.jpeg"", ""https://cdn-media.medialabtc.it/tn/agencies/sscb2/estates/63068/images/361082/gallery_media.jpeg"", ""https://cdn-media.medialabtc.it/tn/agencies/sscb2/estates/63068/images/361039/gallery_media.jpeg"", ""https://cdn-media.medialabtc.it/tn/agencies/sscb2/images/team_member/production/1411.jpeg"", ""https://cdn-media.medialabtc.it/tn/agencies/sscb2/images/team_member/production/1388.jpeg"", ""https://cdn-media.medialabtc.it/tn/agencies/sscb2/images/team_member/production/1365.jpeg"", ""https://cdn-media.medialabtc.it/tn/agencies/sscb2/images/team_member/production/935.jpeg""]",[],Tecnocasa,Tecnocasa,1,1,1,1,1,1,[],2026-02-15 21:24:08,2026-02-15 21:24:08,2026-02-15 21:24:08,,4,2026-02-15 21:24:08,N/A,N/A
63544,S+2 en location," Immobilier Professionnel
 
 Evaluer mon bien
 
 Chercher une agence
 
 Se connecter
ACCUEIL
IMMOBILIER PROFESSIONNEL
EVALUER MON BIEN
CHERCHER UNE AGENCE
SE CONNECTER
Accueil
Appartement en location
Appartement Sousse
Sousse Centre Ville
La Corniche
S+2 en location
Video
visite 360°
Photos
Plan
Map...",1000,100,Appartement,1,Location,Agence,La Corniche : S+2 en location,https://cdn-media.medialabtc.it/tn/agencies/ssca6/estates/63544/images/366439/detail.jpeg,"[""https://cdn-media.medialabtc.it/tn/agencies/ssca6/estates/63544/images/366439/detail.jpeg"", ""https://cdn-media.medialabtc.it/tn/agencies/ssca6/estates/63544/images/366461/gallery_media.jpeg"", ""https://cdn-media.medialabtc.it/tn/agencies/ssca6/estates/63544/images/366438/gallery_media.jpeg"", ""https://cdn-media.medialabtc.it/tn/agencies/ssca6/estates/63544/images/366437/gallery_media.jpeg""]",[],Tecnocasa,Tecnocasa,1,1,1,1,1,1,[],2026-02-15 21:24:08,2026-02-15 21:24:08,2026-02-15 21:24:08,,4,2026-02-15 21:24:08,N/A,N/A
63287,S+1 en location," Immobilier Professionnel
 
 Evaluer mon bien
 
 Chercher une agence
 
 Se connecter
ACCUEIL
IMMOBILIER PROFESSIONNEL
EVALUER MON BIEN
CHERCHER UNE AGENCE
SE CONNECTER
Accueil
Appartement en location
Appartement Sousse
Sahloul
Sahloul 4
S+1 en location
Video
visite 360°
Photos
Plan
Map
 +3
S+1 en lo...","
800",55,Appartement,1,Location,Agence,Sahloul 4 : S+1 en location,https://cdn-media.medialabtc.it/tn/agencies/sscb2/estates/63287/images/366570/detail.jpeg,"[""https://cdn-media.medialabtc.it/tn/agencies/sscb2/estates/63287/images/366570/detail.jpeg"", ""https://cdn-media.medialabtc.it/tn/agencies/sscb2/estates/63287/images/366569/gallery_media.jpeg"", ""https://cdn-media.medialabtc.it/tn/agencies/sscb2/estates/63287/images/366574/gallery_media.jpeg"", ""https://cdn-media.medialabtc.it/tn/agencies/sscb2/estates/63287/images/366573/gallery_media.jpeg"", ""https://cdn-media.medialabtc.it/tn/agencies/sscb2/images/team_member/production/1411.jpeg"", ""https://cdn-media.medialabtc.it/tn/agencies/sscb2/images/team_member/production/1388.jpeg"", ""https://cdn-media.medialabtc.it/tn/agencies/sscb2/images/team_member/production/1365.jpeg"", ""https://cdn-media.medialabtc.it/tn/agencies/sscb2/images/team_member/production/935.jpeg""]",[],Tecnocasa,Tecnocasa,1,1,1,1,1,1,[],2026-02-15 21:24:08,2026-02-15 21:24:08,2026-02-15 21:24:08,,4,2026-02-15 21:24:08,N/A,N/A
63528,S+2 en location," Immobilier Professionnel
 
 Evaluer mon bien
 
 Chercher une agence
 
 Se connecter
ACCUEIL
IMMOBILIER PROFESSIONNEL
EVALUER MON BIEN
CHERCHER UNE AGENCE
SE CONNECTER
Accueil
Appartement en location
Appartement Sousse
Sahloul
Sahloul 4
S+2 en location
Video
visite 360°
Photos
Plan
Map
 +6
S+2 en lo...",1100,68,Appartement,1,Location,Agence,Sahloul 4 : S+2 en location,https://cdn-media.medialabtc.it/tn/agencies/sscb2/estates/63528/images/366532/detail.jpeg,"[""https://cdn-media.medialabtc.it/tn/agencies/sscb2/estates/63528/images/366532/detail.jpeg"", ""https://cdn-media.medialabtc.it/tn/agencies/sscb2/estates/63528/images/366497/gallery_media.jpeg"", ""https://cdn-media.medialabtc.it/tn/agencies/sscb2/estates/63528/images/366498/gallery_media.jpeg"", ""https://cdn-media.medialabtc.it/tn/agencies/sscb2/estates/63528/images/366500/gallery_media.jpeg"", ""https://cdn-media.medialabtc.it/tn/agencies/sscb2/images/team_member/production/1411.jpeg"", ""https://cdn-media.medialabtc.it/tn/agencies/sscb2/images/team_member/production/1388.jpeg"", ""https://cdn-media.medialabtc.it/tn/agencies/sscb2/images/team_member/production/1365.jpeg"", ""https://cdn-media.medialabtc.it/tn/agencies/sscb2/images/team_member/production/935.jpeg""]",[],Tecnocasa,Tecnocasa,1,1,1,1,1,1,[],2026-02-15 21:24:08,2026-02-15 21:24:08,2026-02-15 21:24:08,,4,2026-02-15 21:24:08,N/A,N/A
63058,Studio en location," Immobilier Professionnel
 
 Evaluer mon bien
 
 Chercher une agence
 
 Se connecter
ACCUEIL
IMMOBILIER PROFESSIONNEL
EVALUER MON BIEN
CHERCHER UNE AGENCE
SE CONNECTER
Accueil
Appartement en location
Appartement Sousse
Hergla
Hergla
Studio en location
Video
visite 360°
Photos
Plan
Map
 +4
Studio en ...","
750",40,Appartement,1,Location,Agence,Hergla : Studio en location,https://cdn-media.medialabtc.it/tn/agencies/ssgh1/estates/63058/images/361230/detail.jpeg,"[""https://cdn-media.medialabtc.it/tn/agencies/ssgh1/estates/63058/images/361230/detail.jpeg"", ""https://cdn-media.medialabtc.it/tn/agencies/ssgh1/estates/63058/images/361231/gallery_media.jpeg"", ""https://cdn-media.medialabtc.it/tn/agencies/ssgh1/estates/63058/images/361236/gallery_media.jpeg"", ""https://cdn-media.medialabtc.it/tn/agencies/ssgh1/estates/63058/images/361228/gallery_media.jpeg"", ""https://cdn-media.medialabtc.it/tn/agencies/ssgh1/images/team_member/production/840.jpeg"", ""https://cdn-media.medialabtc.it/tn/agencies/ssgh1/images/team_member/production/842.jpeg"", ""https://cdn-media.medialabtc.it/tn/agencies/ssgh1/images/team_member/production/853.jpeg"", ""https://cdn-media.medialabtc.it/tn/agencies/ssgh1/images/team_member/production/843.jpeg""]",[],Tecnocasa,Tecnocasa,1,1,1,1,1,1,[],2026-02-15 21:24:08,2026-02-15 21:24:08,2026-02-15 21:24:08,,4,2026-02-15 21:24:08,N/A,N/A
62921,S+3 en location," Immobilier Professionnel
 
 Evaluer mon bien
 
 Chercher une agence
 
 Se connecter
ACCUEIL
IMMOBILIER PROFESSIONNEL
EVALUER MON BIEN
CHERCHER UNE AGENCE
SE CONNECTER
Accueil
Appartement en location
Appartement Sousse
Sahloul
Sahloul 4
S+3 en location
Video
visite 360°
Photos
Plan
Map
 +5
S+3 en lo...",1500,120,Appartement,1,Location,Agence,Sahloul 4 : S+3 en location,https://cdn-media.medialabtc.it/tn/agencies/sscb2/estates/62921/images/366577/detail.jpeg,"[""https://cdn-media.medialabtc.it/tn/agencies/sscb2/estates/62921/images/366577/detail.jpeg"", ""https://cdn-media.medialabtc.it/tn/agencies/sscb2/estates/62921/images/366576/gallery_media.jpeg"", ""https://cdn-media.medialabtc.it/tn/agencies/sscb2/estates/62921/images/366579/gallery_media.jpeg"", ""https://cdn-media.medialabtc.it/tn/agencies/sscb2/estates/62921/images/366581/gallery_media.jpeg"", ""https://cdn-media.medialabtc.it/tn/agencies/sscb2/images/team_member/production/1411.jpeg"", ""https://cdn-media.medialabtc.it/tn/agencies/sscb2/images/team_member/production/1388.jpeg"", ""https://cdn-media.medialabtc.it/tn/agencies/sscb2/images/team_member/production/1365.jpeg"", ""https://cdn-media.medialabtc.it/tn/agencies/sscb2/images/team_member/production/935.jpeg""]",[],Tecnocasa,Tecnocasa,1,1,1,1,1,1,[],2026-02-15 21:24:08,2026-02-15 21:24:08,2026-02-15 21:24:08,,4,2026-02-15 21:24:08,N/A,N/A
63437,S+2 en location," Immobilier Professionnel
 
 Evaluer mon bien
 
 Chercher une agence
 
 Se connecter
ACCUEIL
IMMOBILIER PROFESSIONNEL
EVALUER MON BIEN
CHERCHER UNE AGENCE
SE CONNECTER
Accueil
Appartement en location
Appartement Sousse
Sahloul
Sahloul 4
S+2 en location
Video
visite 360°
Photos
Plan
Map
 +9
S+2 en lo...","
850",100,Appartement,1,Location,Agence,Sahloul 4 : S+2 en location,https://cdn-media.medialabtc.it/tn/agencies/sscb2/estates/63437/images/366568/detail.jpeg,"[""https://cdn-media.medialabtc.it/tn/agencies/sscb2/estates/63437/images/366568/detail.jpeg"", ""https://cdn-media.medialabtc.it/tn/agencies/sscb2/estates/63437/images/366557/gallery_media.jpeg"", ""https://cdn-media.medialabtc.it/tn/agencies/sscb2/estates/63437/images/366560/gallery_media.jpeg"", ""https://cdn-media.medialabtc.it/tn/agencies/sscb2/estates/63437/images/366561/gallery_media.jpeg"", ""https://cdn-media.medialabtc.it/tn/agencies/sscb2/images/team_member/production/1411.jpeg"", ""https://cdn-media.medialabtc.it/tn/agencies/sscb2/images/team_member/production/1388.jpeg"", ""https://cdn-media.medialabtc.it/tn/agencies/sscb2/images/team_member/production/1365.jpeg"", ""https://cdn-media.medialabtc.it/tn/agencies/sscb2/images/team_member/production/935.jpeg""]",[],Tecnocasa,Tecnocasa,1,1,1,1,1,1,[],2026-02-15 21:24:08,2026-02-15 21:24:08,2026-02-15 21:24:08,,4,2026-02-15 21:24:08,N/A,N/A
63067,S+1 en location," Immobilier Professionnel
 
 Evaluer mon bien
 
 Chercher une agence
 
 Se connecter
ACCUEIL
IMMOBILIER PROFESSIONNEL
EVALUER MON BIEN
CHERCHER UNE AGENCE
SE CONNECTER
Accueil
Appartement en location
Appartement Sousse
Hammam Sousse
Hammam Sousse
S+1 en location
Video
visite 360°
Photos
Plan
Map
S+1...",1100,74,Appartement,1,Location,Agence,Hammam Sousse : S+1 en location,https://cdn-media.medialabtc.it/tn/agencies/sscb6/estates/63067/images/361067/detail.jpeg,"[""https://cdn-media.medialabtc.it/tn/agencies/sscb6/estates/63067/images/361067/detail.jpeg"", ""https://cdn-media.medialabtc.it/tn/agencies/sscb6/estates/63067/images/361069/gallery_media.jpeg"", ""https://cdn-media.medialabtc.it/tn/agencies/sscb6/estates/63067/images/361068/gallery_media.jpeg"", ""https://cdn-media.medialabtc.it/tn/agencies/sscb6/estates/63067/images/361070/gallery_media.jpeg"", ""https://cdn-media.medialabtc.it/tn/agencies/sscb6/images/team_member/production/986.jpeg"", ""https://cdn-media.medialabtc.it/tn/agencies/sscb6/images/team_member/production/987.jpeg"", ""https://cdn-media.medialabtc.it/tn/agencies/sscb6/images/team_member/production/1298.jpeg"", ""https://cdn-media.medialabtc.it/tn/agencies/sscb6/images/team_member/production/1387.jpeg""]",[],Tecnocasa,Tecnocasa,1,1,1,1,1,1,[],2026-02-15 21:24:08,2026-02-15 21:24:08,2026-02-15 21:24:08,,5,2026-02-15 21:24:08,N/A,N/A
61886,S+2 en location," Immobilier Professionnel
 
 Evaluer mon bien
 
 Chercher une agence
 
 Se connecter
ACCUEIL
IMMOBILIER PROFESSIONNEL
EVALUER MON BIEN
CHERCHER UNE AGENCE
SE CONNECTER
Accueil
Appartement en location
Appartement Sousse
Sousse Centre Ville
La Corniche
S+2 en location
Video
visite 360°
Photos
Plan
Map...",1500,70,Appartement,1,Location,Agence,La Corniche : S+2 en location,https://cdn-media.medialabtc.it/tn/agencies/ssca6/estates/61886/images/361137/detail.jpeg,"[""https://cdn-media.medialabtc.it/tn/agencies/ssca6/estates/61886/images/361137/detail.jpeg"", ""https://cdn-media.medialabtc.it/tn/agencies/ssca6/estates/61886/images/361136/gallery_media.jpeg"", ""https://cdn-media.medialabtc.it/tn/agencies/ssca6/estates/61886/images/361133/gallery_media.jpeg"", ""https://cdn-media.medialabtc.it/tn/agencies/ssca6/estates/61886/images/361131/gallery_media.jpeg""]",[],Tecnocasa,Tecnocasa,1,1,1,1,1,1,[],2026-02-15 21:24:08,2026-02-15 21:24:08,2026-02-15 21:24:08,,5,2026-02-15 21:24:08,N/A,N/A
62967,S+3 en location," Immobilier Professionnel
 
 Evaluer mon bien
 
 Chercher une agence
 
 Se connecter
ACCUEIL
IMMOBILIER PROFESSIONNEL
EVALUER MON BIEN
CHERCHER UNE AGENCE
SE CONNECTER
Accueil
Appartement en location
Appartement Sousse
Khezama
Khezema Ouest
S+3 en location
Video
visite 360°
Photos
Plan
Map
 +5
S+3 e...",1300,100,Appartement,1,Location,Agence,Khezema Ouest : S+3 en location,https://cdn-media.medialabtc.it/tn/agencies/sscb6/estates/62967/images/361944/detail.jpeg,"[""https://cdn-media.medialabtc.it/tn/agencies/sscb6/estates/62967/images/361944/detail.jpeg"", ""https://cdn-media.medialabtc.it/tn/agencies/sscb6/estates/62967/images/361925/gallery_media.jpeg"", ""https://cdn-media.medialabtc.it/tn/agencies/sscb6/estates/62967/images/361942/gallery_media.jpeg"", ""https://cdn-media.medialabtc.it/tn/agencies/sscb6/estates/62967/images/361938/gallery_media.jpeg"", ""https://cdn-media.medialabtc.it/tn/agencies/sscb6/images/team_member/production/986.jpeg"", ""https://cdn-media.medialabtc.it/tn/agencies/sscb6/images/team_member/production/987.jpeg"", ""https://cdn-media.medialabtc.it/tn/agencies/sscb6/images/team_member/production/1298.jpeg"", ""https://cdn-media.medialabtc.it/tn/agencies/sscb6/images/team_member/production/1387.jpeg""]",[],Tecnocasa,Tecnocasa,1,1,1,1,1,1,[],2026-02-15 21:24:08,2026-02-15 21:24:08,2026-02-15 21:24:08,,5,2026-02-15 21:24:08,N/A,N/A
62882,S+1 en location," Immobilier Professionnel
 
 Evaluer mon bien
 
 Chercher une agence
 
 Se connecter
ACCUEIL
IMMOBILIER PROFESSIONNEL
EVALUER MON BIEN
CHERCHER UNE AGENCE
SE CONNECTER
Accueil
Appartement en location
Appartement Sousse
Sousse Centre Ville
La Corniche
S+1 en location
Video
visite 360°
Photos
Plan
Map...",1250,100,Appartement,1,Location,Agence,La Corniche : S+1 en location,https://cdn-media.medialabtc.it/tn/agencies/ssca6/estates/62882/images/359692/detail.jpeg,"[""https://cdn-media.medialabtc.it/tn/agencies/ssca6/estates/62882/images/359692/detail.jpeg"", ""https://cdn-media.medialabtc.it/tn/agencies/ssca6/estates/62882/images/359696/gallery_media.jpeg"", ""https://cdn-media.medialabtc.it/tn/agencies/ssca6/estates/62882/images/359694/gallery_media.jpeg"", ""https://cdn-media.medialabtc.it/tn/agencies/ssca6/estates/62882/images/359695/gallery_media.jpeg""]",[],Tecnocasa,Tecnocasa,1,1,1,1,1,1,[],2026-02-15 21:24:08,2026-02-15 21:24:08,2026-02-15 21:24:08,,5,2026-02-15 21:24:08,N/A,N/A
63070,S+2 en location," Immobilier Professionnel
 
 Evaluer mon bien
 
 Chercher une agence
 
 Se connecter
ACCUEIL
IMMOBILIER PROFESSIONNEL
EVALUER MON BIEN
CHERCHER UNE AGENCE
SE CONNECTER
Accueil
Appartement en location
Appartement Sousse
Sahloul
Sahloul 4
S+2 en location
Video
visite 360°
Photos
Plan
Map
 +6
S+2 en lo...",1400,100,Appartement,1,Location,Agence,Sahloul 4 : S+2 en location,https://cdn-media.medialabtc.it/tn/agencies/sscb2/estates/63070/images/360964/detail.jpeg,"[""https://cdn-media.medialabtc.it/tn/agencies/sscb2/estates/63070/images/360964/detail.jpeg"", ""https://cdn-media.medialabtc.it/tn/agencies/sscb2/estates/63070/images/360962/gallery_media.jpeg"", ""https://cdn-media.medialabtc.it/tn/agencies/sscb2/estates/63070/images/360963/gallery_media.jpeg"", ""https://cdn-media.medialabtc.it/tn/agencies/sscb2/estates/63070/images/360939/gallery_media.jpeg"", ""https://cdn-media.medialabtc.it/tn/agencies/sscb2/images/team_member/production/1411.jpeg"", ""https://cdn-media.medialabtc.it/tn/agencies/sscb2/images/team_member/production/1388.jpeg"", ""https://cdn-media.medialabtc.it/tn/agencies/sscb2/images/team_member/production/1365.jpeg"", ""https://cdn-media.medialabtc.it/tn/agencies/sscb2/images/team_member/production/935.jpeg""]",[],Tecnocasa,Tecnocasa,1,1,1,1,1,1,[],2026-02-15 21:24:08,2026-02-15 21:24:08,2026-02-15 21:24:08,,5,2026-02-15 21:24:08,N/A,N/A
62897,S+2 en location," Immobilier Professionnel
 
 Evaluer mon bien
 
 Chercher une agence
 
 Se connecter
ACCUEIL
IMMOBILIER PROFESSIONNEL
EVALUER MON BIEN
CHERCHER UNE AGENCE
SE CONNECTER
Accueil
Appartement en location
Appartement Sousse
Hammam Sousse
Hammam Sousse
S+2 en location
Video
visite 360°
Photos
Plan
Map
 +2...","
850",120,Appartement,1,Location,Agence,Hammam Sousse : S+2 en location,https://cdn-media.medialabtc.it/tn/agencies/sscb3/estates/62897/images/359628/detail.jpeg,"[""https://cdn-media.medialabtc.it/tn/agencies/sscb3/estates/62897/images/359628/detail.jpeg"", ""https://cdn-media.medialabtc.it/tn/agencies/sscb3/estates/62897/images/359632/gallery_media.jpeg"", ""https://cdn-media.medialabtc.it/tn/agencies/sscb3/estates/62897/images/359629/gallery_media.jpeg"", ""https://cdn-media.medialabtc.it/tn/agencies/sscb3/estates/62897/images/359633/gallery_media.jpeg"", ""https://cdn-media.medialabtc.it/tn/agencies/sscb3/images/team_member/production/1420.jpeg"", ""https://cdn-media.medialabtc.it/tn/agencies/sscb3/images/team_member/production/1423.jpeg""]",[],Tecnocasa,Tecnocasa,1,1,1,1,1,1,[],2026-02-15 21:24:08,2026-02-15 21:24:08,2026-02-15 21:24:08,,5,2026-02-15 21:24:08,N/A,N/A
63540,S+1 en location," Immobilier Professionnel
 
 Evaluer mon bien
 
 Chercher une agence
 
 Se connecter
ACCUEIL
IMMOBILIER PROFESSIONNEL
EVALUER MON BIEN
CHERCHER UNE AGENCE
SE CONNECTER
Accueil
Appartement en location
Appartement Sousse
Sousse Centre Ville
La Corniche
S+1 en location
Video
visite 360°
Photos
Plan
Map...","
950",90,Appartement,1,Location,Agence,La Corniche : S+1 en location,https://cdn-media.medialabtc.it/tn/agencies/ssca6/estates/63540/images/366432/detail.jpeg,"[""https://cdn-media.medialabtc.it/tn/agencies/ssca6/estates/63540/images/366432/detail.jpeg"", ""https://cdn-media.medialabtc.it/tn/agencies/ssca6/estates/63540/images/366431/gallery_media.jpeg"", ""https://cdn-media.medialabtc.it/tn/agencies/ssca6/estates/63540/images/366433/gallery_media.jpeg"", ""https://cdn-media.medialabtc.it/tn/agencies/ssca6/estates/63540/images/366434/gallery_media.jpeg""]",[],Tecnocasa,Tecnocasa,1,1,1,1,1,1,[],2026-02-15 21:24:08,2026-02-15 21:24:08,2026-02-15 21:24:08,,5,2026-02-15 21:24:08,N/A,N/A
63306,S+1 en location," Immobilier Professionnel
 
 Evaluer mon bien
 
 Chercher une agence
 
 Se connecter
ACCUEIL
IMMOBILIER PROFESSIONNEL
EVALUER MON BIEN
CHERCHER UNE AGENCE
SE CONNECTER
Accueil
Appartement en location
Appartement Sousse
Sousse Centre Ville
La Corniche
S+1 en location
Video
visite 360°
Photos
Plan
Map...","
450",60,Appartement,1,Location,Agence,La Corniche : S+1 en location,https://cdn-media.medialabtc.it/tn/agencies/ssca6/estates/63306/images/364017/detail.jpeg,"[""https://cdn-media.medialabtc.it/tn/agencies/ssca6/estates/63306/images/364017/detail.jpeg"", ""https://cdn-media.medialabtc.it/tn/agencies/ssca6/estates/63306/images/363985/gallery_media.jpeg"", ""https://cdn-media.medialabtc.it/tn/agencies/ssca6/estates/63306/images/364016/gallery_media.jpeg"", ""https://cdn-media.medialabtc.it/tn/agencies/ssca6/estates/63306/images/363984/gallery_media.jpeg""]",[],Tecnocasa,Tecnocasa,1,1,1,1,1,1,[],2026-02-15 21:24:08,2026-02-15 21:24:08,2026-02-15 21:24:08,,5,2026-02-15 21:24:08,N/A,N/A
63068,S+3 en location," Immobilier Professionnel
 
 Evaluer mon bien
 
 Chercher une agence
 
 Se connecter
ACCUEIL
IMMOBILIER PROFESSIONNEL
EVALUER MON BIEN
CHERCHER UNE AGENCE
SE CONNECTER
Accueil
Appartement en location
Appartement Sousse
Sahloul
Sahloul 4
S+3 en location
Video
visite 360°
Photos
Plan
Map
 +12
S+3 en l...",1550,120,Appartement,1,Location,Agence,Sahloul 4 : S+3 en location,https://cdn-media.medialabtc.it/tn/agencies/sscb2/estates/63068/images/361085/detail.jpeg,"[""https://cdn-media.medialabtc.it/tn/agencies/sscb2/estates/63068/images/361085/detail.jpeg"", ""https://cdn-media.medialabtc.it/tn/agencies/sscb2/estates/63068/images/361084/gallery_media.jpeg"", ""https://cdn-media.medialabtc.it/tn/agencies/sscb2/estates/63068/images/361082/gallery_media.jpeg"", ""https://cdn-media.medialabtc.it/tn/agencies/sscb2/estates/63068/images/361039/gallery_media.jpeg"", ""https://cdn-media.medialabtc.it/tn/agencies/sscb2/images/team_member/production/1411.jpeg"", ""https://cdn-media.medialabtc.it/tn/agencies/sscb2/images/team_member/production/1388.jpeg"", ""https://cdn-media.medialabtc.it/tn/agencies/sscb2/images/team_member/production/1365.jpeg"", ""https://cdn-media.medialabtc.it/tn/agencies/sscb2/images/team_member/production/935.jpeg""]",[],Tecnocasa,Tecnocasa,1,1,1,1,1,1,[],2026-02-15 21:24:08,2026-02-15 21:24:08,2026-02-15 21:24:08,,5,2026-02-15 21:24:08,N/A,N/A
63544,S+2 en location," Immobilier Professionnel
 
 Evaluer mon bien
 
 Chercher une agence
 
 Se connecter
ACCUEIL
IMMOBILIER PROFESSIONNEL
EVALUER MON BIEN
CHERCHER UNE AGENCE
SE CONNECTER
Accueil
Appartement en location
Appartement Sousse
Sousse Centre Ville
La Corniche
S+2 en location
Video
visite 360°
Photos
Plan
Map...",1000,100,Appartement,1,Location,Agence,La Corniche : S+2 en location,https://cdn-media.medialabtc.it/tn/agencies/ssca6/estates/63544/images/366439/detail.jpeg,"[""https://cdn-media.medialabtc.it/tn/agencies/ssca6/estates/63544/images/366439/detail.jpeg"", ""https://cdn-media.medialabtc.it/tn/agencies/ssca6/estates/63544/images/366461/gallery_media.jpeg"", ""https://cdn-media.medialabtc.it/tn/agencies/ssca6/estates/63544/images/366438/gallery_media.jpeg"", ""https://cdn-media.medialabtc.it/tn/agencies/ssca6/estates/63544/images/366437/gallery_media.jpeg""]",[],Tecnocasa,Tecnocasa,1,1,1,1,1,1,[],2026-02-15 21:24:08,2026-02-15 21:24:08,2026-02-15 21:24:08,,5,2026-02-15 21:24:08,N/A,N/A
63287,S+1 en location," Immobilier Professionnel
 
 Evaluer mon bien
 
 Chercher une agence
 
 Se connecter
ACCUEIL
IMMOBILIER PROFESSIONNEL
EVALUER MON BIEN
CHERCHER UNE AGENCE
SE CONNECTER
Accueil
Appartement en location
Appartement Sousse
Sahloul
Sahloul 4
S+1 en location
Video
visite 360°
Photos
Plan
Map
 +3
S+1 en lo...","
800",55,Appartement,1,Location,Agence,Sahloul 4 : S+1 en location,https://cdn-media.medialabtc.it/tn/agencies/sscb2/estates/63287/images/366570/detail.jpeg,"[""https://cdn-media.medialabtc.it/tn/agencies/sscb2/estates/63287/images/366570/detail.jpeg"", ""https://cdn-media.medialabtc.it/tn/agencies/sscb2/estates/63287/images/366569/gallery_media.jpeg"", ""https://cdn-media.medialabtc.it/tn/agencies/sscb2/estates/63287/images/366574/gallery_media.jpeg"", ""https://cdn-media.medialabtc.it/tn/agencies/sscb2/estates/63287/images/366573/gallery_media.jpeg"", ""https://cdn-media.medialabtc.it/tn/agencies/sscb2/images/team_member/production/1411.jpeg"", ""https://cdn-media.medialabtc.it/tn/agencies/sscb2/images/team_member/production/1388.jpeg"", ""https://cdn-media.medialabtc.it/tn/agencies/sscb2/images/team_member/production/1365.jpeg"", ""https://cdn-media.medialabtc.it/tn/agencies/sscb2/images/team_member/production/935.jpeg""]",[],Tecnocasa,Tecnocasa,1,1,1,1,1,1,[],2026-02-15 21:24:08,2026-02-15 21:24:08,2026-02-15 21:24:08,,5,2026-02-15 21:24:08,N/A,N/A
63528,S+2 en location," Immobilier Professionnel
 
 Evaluer mon bien
 
 Chercher une agence
 
 Se connecter
ACCUEIL
IMMOBILIER PROFESSIONNEL
EVALUER MON BIEN
CHERCHER UNE AGENCE
SE CONNECTER
Accueil
Appartement en location
Appartement Sousse
Sahloul
Sahloul 4
S+2 en location
Video
visite 360°
Photos
Plan
Map
 +6
S+2 en lo...",1100,68,Appartement,1,Location,Agence,Sahloul 4 : S+2 en location,https://cdn-media.medialabtc.it/tn/agencies/sscb2/estates/63528/images/366532/detail.jpeg,"[""https://cdn-media.medialabtc.it/tn/agencies/sscb2/estates/63528/images/366532/detail.jpeg"", ""https://cdn-media.medialabtc.it/tn/agencies/sscb2/estates/63528/images/366497/gallery_media.jpeg"", ""https://cdn-media.medialabtc.it/tn/agencies/sscb2/estates/63528/images/366498/gallery_media.jpeg"", ""https://cdn-media.medialabtc.it/tn/agencies/sscb2/estates/63528/images/366500/gallery_media.jpeg"", ""https://cdn-media.medialabtc.it/tn/agencies/sscb2/images/team_member/production/1411.jpeg"", ""https://cdn-media.medialabtc.it/tn/agencies/sscb2/images/team_member/production/1388.jpeg"", ""https://cdn-media.medialabtc.it/tn/agencies/sscb2/images/team_member/production/1365.jpeg"", ""https://cdn-media.medialabtc.it/tn/agencies/sscb2/images/team_member/production/935.jpeg""]",[],Tecnocasa,Tecnocasa,1,1,1,1,1,1,[],2026-02-15 21:24:08,2026-02-15 21:24:08,2026-02-15 21:24:08,,5,2026-02-15 21:24:08,N/A,N/A
63058,Studio en location," Immobilier Professionnel
 
 Evaluer mon bien
 
 Chercher une agence
 
 Se connecter
ACCUEIL
IMMOBILIER PROFESSIONNEL
EVALUER MON BIEN
CHERCHER UNE AGENCE
SE CONNECTER
Accueil
Appartement en location
Appartement Sousse
Hergla
Hergla
Studio en location
Video
visite 360°
Photos
Plan
Map
 +4
Studio en ...","
750",40,Appartement,1,Location,Agence,Hergla : Studio en location,https://cdn-media.medialabtc.it/tn/agencies/ssgh1/estates/63058/images/361230/detail.jpeg,"[""https://cdn-media.medialabtc.it/tn/agencies/ssgh1/estates/63058/images/361230/detail.jpeg"", ""https://cdn-media.medialabtc.it/tn/agencies/ssgh1/estates/63058/images/361231/gallery_media.jpeg"", ""https://cdn-media.medialabtc.it/tn/agencies/ssgh1/estates/63058/images/361236/gallery_media.jpeg"", ""https://cdn-media.medialabtc.it/tn/agencies/ssgh1/estates/63058/images/361228/gallery_media.jpeg"", ""https://cdn-media.medialabtc.it/tn/agencies/ssgh1/images/team_member/production/840.jpeg"", ""https://cdn-media.medialabtc.it/tn/agencies/ssgh1/images/team_member/production/842.jpeg"", ""https://cdn-media.medialabtc.it/tn/agencies/ssgh1/images/team_member/production/853.jpeg"", ""https://cdn-media.medialabtc.it/tn/agencies/ssgh1/images/team_member/production/843.jpeg""]",[],Tecnocasa,Tecnocasa,1,1,1,1,1,1,[],2026-02-15 21:24:08,2026-02-15 21:24:08,2026-02-15 21:24:08,,5,2026-02-15 21:24:08,N/A,N/A
62921,S+3 en location," Immobilier Professionnel
 
 Evaluer mon bien
 
 Chercher une agence
 
 Se connecter
ACCUEIL
IMMOBILIER PROFESSIONNEL
EVALUER MON BIEN
CHERCHER UNE AGENCE
SE CONNECTER
Accueil
Appartement en location
Appartement Sousse
Sahloul
Sahloul 4
S+3 en location
Video
visite 360°
Photos
Plan
Map
 +5
S+3 en lo...",1500,120,Appartement,1,Location,Agence,Sahloul 4 : S+3 en location,https://cdn-media.medialabtc.it/tn/agencies/sscb2/estates/62921/images/366577/detail.jpeg,"[""https://cdn-media.medialabtc.it/tn/agencies/sscb2/estates/62921/images/366577/detail.jpeg"", ""https://cdn-media.medialabtc.it/tn/agencies/sscb2/estates/62921/images/366576/gallery_media.jpeg"", ""https://cdn-media.medialabtc.it/tn/agencies/sscb2/estates/62921/images/366579/gallery_media.jpeg"", ""https://cdn-media.medialabtc.it/tn/agencies/sscb2/estates/62921/images/366581/gallery_media.jpeg"", ""https://cdn-media.medialabtc.it/tn/agencies/sscb2/images/team_member/production/1411.jpeg"", ""https://cdn-media.medialabtc.it/tn/agencies/sscb2/images/team_member/production/1388.jpeg"", ""https://cdn-media.medialabtc.it/tn/agencies/sscb2/images/team_member/production/1365.jpeg"", ""https://cdn-media.medialabtc.it/tn/agencies/sscb2/images/team_member/production/935.jpeg""]",[],Tecnocasa,Tecnocasa,1,1,1,1,1,1,[],2026-02-15 21:24:08,2026-02-15 21:24:08,2026-02-15 21:24:08,,5,2026-02-15 21:24:08,N/A,N/A
63437,S+2 en location," Immobilier Professionnel
 
 Evaluer mon bien
 
 Chercher une agence
 
 Se connecter
ACCUEIL
IMMOBILIER PROFESSIONNEL
EVALUER MON BIEN
CHERCHER UNE AGENCE
SE CONNECTER
Accueil
Appartement en location
Appartement Sousse
Sahloul
Sahloul 4
S+2 en location
Video
visite 360°
Photos
Plan
Map
 +9
S+2 en lo...","
850",100,Appartement,1,Location,Agence,Sahloul 4 : S+2 en location,https://cdn-media.medialabtc.it/tn/agencies/sscb2/estates/63437/images/366568/detail.jpeg,"[""https://cdn-media.medialabtc.it/tn/agencies/sscb2/estates/63437/images/366568/detail.jpeg"", ""https://cdn-media.medialabtc.it/tn/agencies/sscb2/estates/63437/images/366557/gallery_media.jpeg"", ""https://cdn-media.medialabtc.it/tn/agencies/sscb2/estates/63437/images/366560/gallery_media.jpeg"", ""https://cdn-media.medialabtc.it/tn/agencies/sscb2/estates/63437/images/366561/gallery_media.jpeg"", ""https://cdn-media.medialabtc.it/tn/agencies/sscb2/images/team_member/production/1411.jpeg"", ""https://cdn-media.medialabtc.it/tn/agencies/sscb2/images/team_member/production/1388.jpeg"", ""https://cdn-media.medialabtc.it/tn/agencies/sscb2/images/team_member/production/1365.jpeg"", ""https://cdn-media.medialabtc.it/tn/agencies/sscb2/images/team_member/production/935.jpeg""]",[],Tecnocasa,Tecnocasa,1,1,1,1,1,1,[],2026-02-15 21:24:08,2026-02-15 21:24:08,2026-02-15 21:24:08,,5,2026-02-15 21:24:08,N/A,N/A
63067,S+1 en location," Immobilier Professionnel
 
 Evaluer mon bien
 
 Chercher une agence
 
 Se connecter
ACCUEIL
IMMOBILIER PROFESSIONNEL
EVALUER MON BIEN
CHERCHER UNE AGENCE
SE CONNECTER
Accueil
Appartement en location
Appartement Sousse
Hammam Sousse
Hammam Sousse
S+1 en location
Video
visite 360°
Photos
Plan
Map
S+1...",1100,74,Appartement,1,Location,Agence,Hammam Sousse : S+1 en location,https://cdn-media.medialabtc.it/tn/agencies/sscb6/estates/63067/images/361067/detail.jpeg,"[""https://cdn-media.medialabtc.it/tn/agencies/sscb6/estates/63067/images/361067/detail.jpeg"", ""https://cdn-media.medialabtc.it/tn/agencies/sscb6/estates/63067/images/361069/gallery_media.jpeg"", ""https://cdn-media.medialabtc.it/tn/agencies/sscb6/estates/63067/images/361068/gallery_media.jpeg"", ""https://cdn-media.medialabtc.it/tn/agencies/sscb6/estates/63067/images/361070/gallery_media.jpeg"", ""https://cdn-media.medialabtc.it/tn/agencies/sscb6/images/team_member/production/986.jpeg"", ""https://cdn-media.medialabtc.it/tn/agencies/sscb6/images/team_member/production/987.jpeg"", ""https://cdn-media.medialabtc.it/tn/agencies/sscb6/images/team_member/production/1298.jpeg"", ""https://cdn-media.medialabtc.it/tn/agencies/sscb6/images/team_member/production/1387.jpeg""]",[],Tecnocasa,Tecnocasa,1,1,1,1,1,1,[],2026-02-15 21:24:08,2026-02-15 21:24:08,2026-02-15 21:24:08,,6,2026-02-15 21:24:08,N/A,N/A
61886,S+2 en location," Immobilier Professionnel
 
 Evaluer mon bien
 
 Chercher une agence
 
 Se connecter
ACCUEIL
IMMOBILIER PROFESSIONNEL
EVALUER MON BIEN
CHERCHER UNE AGENCE
SE CONNECTER
Accueil
Appartement en location
Appartement Sousse
Sousse Centre Ville
La Corniche
S+2 en location
Video
visite 360°
Photos
Plan
Map...",1500,70,Appartement,1,Location,Agence,La Corniche : S+2 en location,https://cdn-media.medialabtc.it/tn/agencies/ssca6/estates/61886/images/361137/detail.jpeg,"[""https://cdn-media.medialabtc.it/tn/agencies/ssca6/estates/61886/images/361137/detail.jpeg"", ""https://cdn-media.medialabtc.it/tn/agencies/ssca6/estates/61886/images/361136/gallery_media.jpeg"", ""https://cdn-media.medialabtc.it/tn/agencies/ssca6/estates/61886/images/361133/gallery_media.jpeg"", ""https://cdn-media.medialabtc.it/tn/agencies/ssca6/estates/61886/images/361131/gallery_media.jpeg""]",[],Tecnocasa,Tecnocasa,1,1,1,1,1,1,[],2026-02-15 21:24:08,2026-02-15 21:24:08,2026-02-15 21:24:08,,6,2026-02-15 21:24:08,N/A,N/A
62967,S+3 en location," Immobilier Professionnel
 
 Evaluer mon bien
 
 Chercher une agence
 
 Se connecter
ACCUEIL
IMMOBILIER PROFESSIONNEL
EVALUER MON BIEN
CHERCHER UNE AGENCE
SE CONNECTER
Accueil
Appartement en location
Appartement Sousse
Khezama
Khezema Ouest
S+3 en location
Video
visite 360°
Photos
Plan
Map
 +5
S+3 e...",1300,100,Appartement,1,Location,Agence,Khezema Ouest : S+3 en location,https://cdn-media.medialabtc.it/tn/agencies/sscb6/estates/62967/images/361944/detail.jpeg,"[""https://cdn-media.medialabtc.it/tn/agencies/sscb6/estates/62967/images/361944/detail.jpeg"", ""https://cdn-media.medialabtc.it/tn/agencies/sscb6/estates/62967/images/361925/gallery_media.jpeg"", ""https://cdn-media.medialabtc.it/tn/agencies/sscb6/estates/62967/images/361942/gallery_media.jpeg"", ""https://cdn-media.medialabtc.it/tn/agencies/sscb6/estates/62967/images/361938/gallery_media.jpeg"", ""https://cdn-media.medialabtc.it/tn/agencies/sscb6/images/team_member/production/986.jpeg"", ""https://cdn-media.medialabtc.it/tn/agencies/sscb6/images/team_member/production/987.jpeg"", ""https://cdn-media.medialabtc.it/tn/agencies/sscb6/images/team_member/production/1298.jpeg"", ""https://cdn-media.medialabtc.it/tn/agencies/sscb6/images/team_member/production/1387.jpeg""]",[],Tecnocasa,Tecnocasa,1,1,1,1,1,1,[],2026-02-15 21:24:08,2026-02-15 21:24:08,2026-02-15 21:24:08,,6,2026-02-15 21:24:08,N/A,N/A
62882,S+1 en location," Immobilier Professionnel
 
 Evaluer mon bien
 
 Chercher une agence
 
 Se connecter
ACCUEIL
IMMOBILIER PROFESSIONNEL
EVALUER MON BIEN
CHERCHER UNE AGENCE
SE CONNECTER
Accueil
Appartement en location
Appartement Sousse
Sousse Centre Ville
La Corniche
S+1 en location
Video
visite 360°
Photos
Plan
Map...",1250,100,Appartement,1,Location,Agence,La Corniche : S+1 en location,https://cdn-media.medialabtc.it/tn/agencies/ssca6/estates/62882/images/359692/detail.jpeg,"[""https://cdn-media.medialabtc.it/tn/agencies/ssca6/estates/62882/images/359692/detail.jpeg"", ""https://cdn-media.medialabtc.it/tn/agencies/ssca6/estates/62882/images/359696/gallery_media.jpeg"", ""https://cdn-media.medialabtc.it/tn/agencies/ssca6/estates/62882/images/359694/gallery_media.jpeg"", ""https://cdn-media.medialabtc.it/tn/agencies/ssca6/estates/62882/images/359695/gallery_media.jpeg""]",[],Tecnocasa,Tecnocasa,1,1,1,1,1,1,[],2026-02-15 21:24:08,2026-02-15 21:24:08,2026-02-15 21:24:08,,6,2026-02-15 21:24:08,N/A,N/A
63070,S+2 en location," Immobilier Professionnel
 
 Evaluer mon bien
 
 Chercher une agence
 
 Se connecter
ACCUEIL
IMMOBILIER PROFESSIONNEL
EVALUER MON BIEN
CHERCHER UNE AGENCE
SE CONNECTER
Accueil
Appartement en location
Appartement Sousse
Sahloul
Sahloul 4
S+2 en location
Video
visite 360°
Photos
Plan
Map
 +6
S+2 en lo...",1400,100,Appartement,1,Location,Agence,Sahloul 4 : S+2 en location,https://cdn-media.medialabtc.it/tn/agencies/sscb2/estates/63070/images/360964/detail.jpeg,"[""https://cdn-media.medialabtc.it/tn/agencies/sscb2/estates/63070/images/360964/detail.jpeg"", ""https://cdn-media.medialabtc.it/tn/agencies/sscb2/estates/63070/images/360962/gallery_media.jpeg"", ""https://cdn-media.medialabtc.it/tn/agencies/sscb2/estates/63070/images/360963/gallery_media.jpeg"", ""https://cdn-media.medialabtc.it/tn/agencies/sscb2/estates/63070/images/360939/gallery_media.jpeg"", ""https://cdn-media.medialabtc.it/tn/agencies/sscb2/images/team_member/production/1411.jpeg"", ""https://cdn-media.medialabtc.it/tn/agencies/sscb2/images/team_member/production/1388.jpeg"", ""https://cdn-media.medialabtc.it/tn/agencies/sscb2/images/team_member/production/1365.jpeg"", ""https://cdn-media.medialabtc.it/tn/agencies/sscb2/images/team_member/production/935.jpeg""]",[],Tecnocasa,Tecnocasa,1,1,1,1,1,1,[],2026-02-15 21:24:08,2026-02-15 21:24:08,2026-02-15 21:24:08,,6,2026-02-15 21:24:08,N/A,N/A
62897,S+2 en location," Immobilier Professionnel
 
 Evaluer mon bien
 
 Chercher une agence
 
 Se connecter
ACCUEIL
IMMOBILIER PROFESSIONNEL
EVALUER MON BIEN
CHERCHER UNE AGENCE
SE CONNECTER
Accueil
Appartement en location
Appartement Sousse
Hammam Sousse
Hammam Sousse
S+2 en location
Video
visite 360°
Photos
Plan
Map
 +2...","
850",120,Appartement,1,Location,Agence,Hammam Sousse : S+2 en location,https://cdn-media.medialabtc.it/tn/agencies/sscb3/estates/62897/images/359628/detail.jpeg,"[""https://cdn-media.medialabtc.it/tn/agencies/sscb3/estates/62897/images/359628/detail.jpeg"", ""https://cdn-media.medialabtc.it/tn/agencies/sscb3/estates/62897/images/359632/gallery_media.jpeg"", ""https://cdn-media.medialabtc.it/tn/agencies/sscb3/estates/62897/images/359629/gallery_media.jpeg"", ""https://cdn-media.medialabtc.it/tn/agencies/sscb3/estates/62897/images/359633/gallery_media.jpeg"", ""https://cdn-media.medialabtc.it/tn/agencies/sscb3/images/team_member/production/1420.jpeg"", ""https://cdn-media.medialabtc.it/tn/agencies/sscb3/images/team_member/production/1423.jpeg""]",[],Tecnocasa,Tecnocasa,1,1,1,1,1,1,[],2026-02-15 21:24:08,2026-02-15 21:24:08,2026-02-15 21:24:08,,6,2026-02-15 21:24:08,N/A,N/A
63540,S+1 en location," Immobilier Professionnel
 
 Evaluer mon bien
 
 Chercher une agence
 
 Se connecter
ACCUEIL
IMMOBILIER PROFESSIONNEL
EVALUER MON BIEN
CHERCHER UNE AGENCE
SE CONNECTER
Accueil
Appartement en location
Appartement Sousse
Sousse Centre Ville
La Corniche
S+1 en location
Video
visite 360°
Photos
Plan
Map...","
950",90,Appartement,1,Location,Agence,La Corniche : S+1 en location,https://cdn-media.medialabtc.it/tn/agencies/ssca6/estates/63540/images/366432/detail.jpeg,"[""https://cdn-media.medialabtc.it/tn/agencies/ssca6/estates/63540/images/366432/detail.jpeg"", ""https://cdn-media.medialabtc.it/tn/agencies/ssca6/estates/63540/images/366431/gallery_media.jpeg"", ""https://cdn-media.medialabtc.it/tn/agencies/ssca6/estates/63540/images/366433/gallery_media.jpeg"", ""https://cdn-media.medialabtc.it/tn/agencies/ssca6/estates/63540/images/366434/gallery_media.jpeg""]",[],Tecnocasa,Tecnocasa,1,1,1,1,1,1,[],2026-02-15 21:24:08,2026-02-15 21:24:08,2026-02-15 21:24:08,,6,2026-02-15 21:24:08,N/A,N/A
63306,S+1 en location," Immobilier Professionnel
 
 Evaluer mon bien
 
 Chercher une agence
 
 Se connecter
ACCUEIL
IMMOBILIER PROFESSIONNEL
EVALUER MON BIEN
CHERCHER UNE AGENCE
SE CONNECTER
Accueil
Appartement en location
Appartement Sousse
Sousse Centre Ville
La Corniche
S+1 en location
Video
visite 360°
Photos
Plan
Map...","
450",60,Appartement,1,Location,Agence,La Corniche : S+1 en location,https://cdn-media.medialabtc.it/tn/agencies/ssca6/estates/63306/images/364017/detail.jpeg,"[""https://cdn-media.medialabtc.it/tn/agencies/ssca6/estates/63306/images/364017/detail.jpeg"", ""https://cdn-media.medialabtc.it/tn/agencies/ssca6/estates/63306/images/363985/gallery_media.jpeg"", ""https://cdn-media.medialabtc.it/tn/agencies/ssca6/estates/63306/images/364016/gallery_media.jpeg"", ""https://cdn-media.medialabtc.it/tn/agencies/ssca6/estates/63306/images/363984/gallery_media.jpeg""]",[],Tecnocasa,Tecnocasa,1,1,1,1,1,1,[],2026-02-15 21:24:08,2026-02-15 21:24:08,2026-02-15 21:24:08,,6,2026-02-15 21:24:08,N/A,N/A
63068,S+3 en location," Immobilier Professionnel
 
 Evaluer mon bien
 
 Chercher une agence
 
 Se connecter
ACCUEIL
IMMOBILIER PROFESSIONNEL
EVALUER MON BIEN
CHERCHER UNE AGENCE
SE CONNECTER
Accueil
Appartement en location
Appartement Sousse
Sahloul
Sahloul 4
S+3 en location
Video
visite 360°
Photos
Plan
Map
 +12
S+3 en l...",1550,120,Appartement,1,Location,Agence,Sahloul 4 : S+3 en location,https://cdn-media.medialabtc.it/tn/agencies/sscb2/estates/63068/images/361085/detail.jpeg,"[""https://cdn-media.medialabtc.it/tn/agencies/sscb2/estates/63068/images/361085/detail.jpeg"", ""https://cdn-media.medialabtc.it/tn/agencies/sscb2/estates/63068/images/361084/gallery_media.jpeg"", ""https://cdn-media.medialabtc.it/tn/agencies/sscb2/estates/63068/images/361082/gallery_media.jpeg"", ""https://cdn-media.medialabtc.it/tn/agencies/sscb2/estates/63068/images/361039/gallery_media.jpeg"", ""https://cdn-media.medialabtc.it/tn/agencies/sscb2/images/team_member/production/1411.jpeg"", ""https://cdn-media.medialabtc.it/tn/agencies/sscb2/images/team_member/production/1388.jpeg"", ""https://cdn-media.medialabtc.it/tn/agencies/sscb2/images/team_member/production/1365.jpeg"", ""https://cdn-media.medialabtc.it/tn/agencies/sscb2/images/team_member/production/935.jpeg""]",[],Tecnocasa,Tecnocasa,1,1,1,1,1,1,[],2026-02-15 21:24:08,2026-02-15 21:24:08,2026-02-15 21:24:08,,6,2026-02-15 21:24:08,N/A,N/A
63544,S+2 en location," Immobilier Professionnel
 
 Evaluer mon bien
 
 Chercher une agence
 
 Se connecter
ACCUEIL
IMMOBILIER PROFESSIONNEL
EVALUER MON BIEN
CHERCHER UNE AGENCE
SE CONNECTER
Accueil
Appartement en location
Appartement Sousse
Sousse Centre Ville
La Corniche
S+2 en location
Video
visite 360°
Photos
Plan
Map...",1000,100,Appartement,1,Location,Agence,La Corniche : S+2 en location,https://cdn-media.medialabtc.it/tn/agencies/ssca6/estates/63544/images/366439/detail.jpeg,"[""https://cdn-media.medialabtc.it/tn/agencies/ssca6/estates/63544/images/366439/detail.jpeg"", ""https://cdn-media.medialabtc.it/tn/agencies/ssca6/estates/63544/images/366461/gallery_media.jpeg"", ""https://cdn-media.medialabtc.it/tn/agencies/ssca6/estates/63544/images/366438/gallery_media.jpeg"", ""https://cdn-media.medialabtc.it/tn/agencies/ssca6/estates/63544/images/366437/gallery_media.jpeg""]",[],Tecnocasa,Tecnocasa,1,1,1,1,1,1,[],2026-02-15 21:24:08,2026-02-15 21:24:08,2026-02-15 21:24:08,,6,2026-02-15 21:24:08,N/A,N/A
63287,S+1 en location," Immobilier Professionnel
 
 Evaluer mon bien
 
 Chercher une agence
 
 Se connecter
ACCUEIL
IMMOBILIER PROFESSIONNEL
EVALUER MON BIEN
CHERCHER UNE AGENCE
SE CONNECTER
Accueil
Appartement en location
Appartement Sousse
Sahloul
Sahloul 4
S+1 en location
Video
visite 360°
Photos
Plan
Map
 +3
S+1 en lo...","
800",55,Appartement,1,Location,Agence,Sahloul 4 : S+1 en location,https://cdn-media.medialabtc.it/tn/agencies/sscb2/estates/63287/images/366570/detail.jpeg,"[""https://cdn-media.medialabtc.it/tn/agencies/sscb2/estates/63287/images/366570/detail.jpeg"", ""https://cdn-media.medialabtc.it/tn/agencies/sscb2/estates/63287/images/366569/gallery_media.jpeg"", ""https://cdn-media.medialabtc.it/tn/agencies/sscb2/estates/63287/images/366574/gallery_media.jpeg"", ""https://cdn-media.medialabtc.it/tn/agencies/sscb2/estates/63287/images/366573/gallery_media.jpeg"", ""https://cdn-media.medialabtc.it/tn/agencies/sscb2/images/team_member/production/1411.jpeg"", ""https://cdn-media.medialabtc.it/tn/agencies/sscb2/images/team_member/production/1388.jpeg"", ""https://cdn-media.medialabtc.it/tn/agencies/sscb2/images/team_member/production/1365.jpeg"", ""https://cdn-media.medialabtc.it/tn/agencies/sscb2/images/team_member/production/935.jpeg""]",[],Tecnocasa,Tecnocasa,1,1,1,1,1,1,[],2026-02-15 21:24:08,2026-02-15 21:24:08,2026-02-15 21:24:08,,6,2026-02-15 21:24:08,N/A,N/A
63528,S+2 en location," Immobilier Professionnel
 
 Evaluer mon bien
 
 Chercher une agence
 
 Se connecter
ACCUEIL
IMMOBILIER PROFESSIONNEL
EVALUER MON BIEN
CHERCHER UNE AGENCE
SE CONNECTER
Accueil
Appartement en location
Appartement Sousse
Sahloul
Sahloul 4
S+2 en location
Video
visite 360°
Photos
Plan
Map
 +6
S+2 en lo...",1100,68,Appartement,1,Location,Agence,Sahloul 4 : S+2 en location,https://cdn-media.medialabtc.it/tn/agencies/sscb2/estates/63528/images/366532/detail.jpeg,"[""https://cdn-media.medialabtc.it/tn/agencies/sscb2/estates/63528/images/366532/detail.jpeg"", ""https://cdn-media.medialabtc.it/tn/agencies/sscb2/estates/63528/images/366497/gallery_media.jpeg"", ""https://cdn-media.medialabtc.it/tn/agencies/sscb2/estates/63528/images/366498/gallery_media.jpeg"", ""https://cdn-media.medialabtc.it/tn/agencies/sscb2/estates/63528/images/366500/gallery_media.jpeg"", ""https://cdn-media.medialabtc.it/tn/agencies/sscb2/images/team_member/production/1411.jpeg"", ""https://cdn-media.medialabtc.it/tn/agencies/sscb2/images/team_member/production/1388.jpeg"", ""https://cdn-media.medialabtc.it/tn/agencies/sscb2/images/team_member/production/1365.jpeg"", ""https://cdn-media.medialabtc.it/tn/agencies/sscb2/images/team_member/production/935.jpeg""]",[],Tecnocasa,Tecnocasa,1,1,1,1,1,1,[],2026-02-15 21:24:08,2026-02-15 21:24:08,2026-02-15 21:24:08,,6,2026-02-15 21:24:08,N/A,N/A
63058,Studio en location," Immobilier Professionnel
 
 Evaluer mon bien
 
 Chercher une agence
 
 Se connecter
ACCUEIL
IMMOBILIER PROFESSIONNEL
EVALUER MON BIEN
CHERCHER UNE AGENCE
SE CONNECTER
Accueil
Appartement en location
Appartement Sousse
Hergla
Hergla
Studio en location
Video
visite 360°
Photos
Plan
Map
 +4
Studio en ...","
750",40,Appartement,1,Location,Agence,Hergla : Studio en location,https://cdn-media.medialabtc.it/tn/agencies/ssgh1/estates/63058/images/361230/detail.jpeg,"[""https://cdn-media.medialabtc.it/tn/agencies/ssgh1/estates/63058/images/361230/detail.jpeg"", ""https://cdn-media.medialabtc.it/tn/agencies/ssgh1/estates/63058/images/361231/gallery_media.jpeg"", ""https://cdn-media.medialabtc.it/tn/agencies/ssgh1/estates/63058/images/361236/gallery_media.jpeg"", ""https://cdn-media.medialabtc.it/tn/agencies/ssgh1/estates/63058/images/361228/gallery_media.jpeg"", ""https://cdn-media.medialabtc.it/tn/agencies/ssgh1/images/team_member/production/840.jpeg"", ""https://cdn-media.medialabtc.it/tn/agencies/ssgh1/images/team_member/production/842.jpeg"", ""https://cdn-media.medialabtc.it/tn/agencies/ssgh1/images/team_member/production/853.jpeg"", ""https://cdn-media.medialabtc.it/tn/agencies/ssgh1/images/team_member/production/843.jpeg""]",[],Tecnocasa,Tecnocasa,1,1,1,1,1,1,[],2026-02-15 21:24:08,2026-02-15 21:24:08,2026-02-15 21:24:08,,6,2026-02-15 21:24:08,N/A,N/A
62921,S+3 en location," Immobilier Professionnel
 
 Evaluer mon bien
 
 Chercher une agence
 
 Se connecter
ACCUEIL
IMMOBILIER PROFESSIONNEL
EVALUER MON BIEN
CHERCHER UNE AGENCE
SE CONNECTER
Accueil
Appartement en location
Appartement Sousse
Sahloul
Sahloul 4
S+3 en location
Video
visite 360°
Photos
Plan
Map
 +5
S+3 en lo...",1500,120,Appartement,1,Location,Agence,Sahloul 4 : S+3 en location,https://cdn-media.medialabtc.it/tn/agencies/sscb2/estates/62921/images/366577/detail.jpeg,"[""https://cdn-media.medialabtc.it/tn/agencies/sscb2/estates/62921/images/366577/detail.jpeg"", ""https://cdn-media.medialabtc.it/tn/agencies/sscb2/estates/62921/images/366576/gallery_media.jpeg"", ""https://cdn-media.medialabtc.it/tn/agencies/sscb2/estates/62921/images/366579/gallery_media.jpeg"", ""https://cdn-media.medialabtc.it/tn/agencies/sscb2/estates/62921/images/366581/gallery_media.jpeg"", ""https://cdn-media.medialabtc.it/tn/agencies/sscb2/images/team_member/production/1411.jpeg"", ""https://cdn-media.medialabtc.it/tn/agencies/sscb2/images/team_member/production/1388.jpeg"", ""https://cdn-media.medialabtc.it/tn/agencies/sscb2/images/team_member/production/1365.jpeg"", ""https://cdn-media.medialabtc.it/tn/agencies/sscb2/images/team_member/production/935.jpeg""]",[],Tecnocasa,Tecnocasa,1,1,1,1,1,1,[],2026-02-15 21:24:08,2026-02-15 21:24:08,2026-02-15 21:24:08,,6,2026-02-15 21:24:08,N/A,N/A
63437,S+2 en location," Immobilier Professionnel
 
 Evaluer mon bien
 
 Chercher une agence
 
 Se connecter
ACCUEIL
IMMOBILIER PROFESSIONNEL
EVALUER MON BIEN
CHERCHER UNE AGENCE
SE CONNECTER
Accueil
Appartement en location
Appartement Sousse
Sahloul
Sahloul 4
S+2 en location
Video
visite 360°
Photos
Plan
Map
 +9
S+2 en lo...","
850",100,Appartement,1,Location,Agence,Sahloul 4 : S+2 en location,https://cdn-media.medialabtc.it/tn/agencies/sscb2/estates/63437/images/366568/detail.jpeg,"[""https://cdn-media.medialabtc.it/tn/agencies/sscb2/estates/63437/images/366568/detail.jpeg"", ""https://cdn-media.medialabtc.it/tn/agencies/sscb2/estates/63437/images/366557/gallery_media.jpeg"", ""https://cdn-media.medialabtc.it/tn/agencies/sscb2/estates/63437/images/366560/gallery_media.jpeg"", ""https://cdn-media.medialabtc.it/tn/agencies/sscb2/estates/63437/images/366561/gallery_media.jpeg"", ""https://cdn-media.medialabtc.it/tn/agencies/sscb2/images/team_member/production/1411.jpeg"", ""https://cdn-media.medialabtc.it/tn/agencies/sscb2/images/team_member/production/1388.jpeg"", ""https://cdn-media.medialabtc.it/tn/agencies/sscb2/images/team_member/production/1365.jpeg"", ""https://cdn-media.medialabtc.it/tn/agencies/sscb2/images/team_member/production/935.jpeg""]",[],Tecnocasa,Tecnocasa,1,1,1,1,1,1,[],2026-02-15 21:24:08,2026-02-15 21:24:08,2026-02-15 21:24:08,,6,2026-02-15 21:24:08,N/A,N/A
63067,S+1 en location," Immobilier Professionnel
 
 Evaluer mon bien
 
 Chercher une agence
 
 Se connecter
ACCUEIL
IMMOBILIER PROFESSIONNEL
EVALUER MON BIEN
CHERCHER UNE AGENCE
SE CONNECTER
Accueil
Appartement en location
Appartement Sousse
Hammam Sousse
Hammam Sousse
S+1 en location
Video
visite 360°
Photos
Plan
Map
S+1...",1100,74,Appartement,1,Location,Agence,Hammam Sousse : S+1 en location,https://cdn-media.medialabtc.it/tn/agencies/sscb6/estates/63067/images/361067/detail.jpeg,"[""https://cdn-media.medialabtc.it/tn/agencies/sscb6/estates/63067/images/361067/detail.jpeg"", ""https://cdn-media.medialabtc.it/tn/agencies/sscb6/estates/63067/images/361069/gallery_media.jpeg"", ""https://cdn-media.medialabtc.it/tn/agencies/sscb6/estates/63067/images/361068/gallery_media.jpeg"", ""https://cdn-media.medialabtc.it/tn/agencies/sscb6/estates/63067/images/361070/gallery_media.jpeg"", ""https://cdn-media.medialabtc.it/tn/agencies/sscb6/images/team_member/production/986.jpeg"", ""https://cdn-media.medialabtc.it/tn/agencies/sscb6/images/team_member/production/987.jpeg"", ""https://cdn-media.medialabtc.it/tn/agencies/sscb6/images/team_member/production/1298.jpeg"", ""https://cdn-media.medialabtc.it/tn/agencies/sscb6/images/team_member/production/1387.jpeg""]",[],Tecnocasa,Tecnocasa,1,1,1,1,1,1,[],2026-02-15 21:24:08,2026-02-15 21:24:08,2026-02-15 21:24:08,,7,2026-02-15 21:24:08,N/A,N/A
61886,S+2 en location," Immobilier Professionnel
 
 Evaluer mon bien
 
 Chercher une agence
 
 Se connecter
ACCUEIL
IMMOBILIER PROFESSIONNEL
EVALUER MON BIEN
CHERCHER UNE AGENCE
SE CONNECTER
Accueil
Appartement en location
Appartement Sousse
Sousse Centre Ville
La Corniche
S+2 en location
Video
visite 360°
Photos
Plan
Map...",1500,70,Appartement,1,Location,Agence,La Corniche : S+2 en location,https://cdn-media.medialabtc.it/tn/agencies/ssca6/estates/61886/images/361137/detail.jpeg,"[""https://cdn-media.medialabtc.it/tn/agencies/ssca6/estates/61886/images/361137/detail.jpeg"", ""https://cdn-media.medialabtc.it/tn/agencies/ssca6/estates/61886/images/361136/gallery_media.jpeg"", ""https://cdn-media.medialabtc.it/tn/agencies/ssca6/estates/61886/images/361133/gallery_media.jpeg"", ""https://cdn-media.medialabtc.it/tn/agencies/ssca6/estates/61886/images/361131/gallery_media.jpeg""]",[],Tecnocasa,Tecnocasa,1,1,1,1,1,1,[],2026-02-15 21:24:08,2026-02-15 21:24:08,2026-02-15 21:24:08,,7,2026-02-15 21:24:08,N/A,N/A
62967,S+3 en location," Immobilier Professionnel
 
 Evaluer mon bien
 
 Chercher une agence
 
 Se connecter
ACCUEIL
IMMOBILIER PROFESSIONNEL
EVALUER MON BIEN
CHERCHER UNE AGENCE
SE CONNECTER
Accueil
Appartement en location
Appartement Sousse
Khezama
Khezema Ouest
S+3 en location
Video
visite 360°
Photos
Plan
Map
 +5
S+3 e...",1300,100,Appartement,1,Location,Agence,Khezema Ouest : S+3 en location,https://cdn-media.medialabtc.it/tn/agencies/sscb6/estates/62967/images/361944/detail.jpeg,"[""https://cdn-media.medialabtc.it/tn/agencies/sscb6/estates/62967/images/361944/detail.jpeg"", ""https://cdn-media.medialabtc.it/tn/agencies/sscb6/estates/62967/images/361925/gallery_media.jpeg"", ""https://cdn-media.medialabtc.it/tn/agencies/sscb6/estates/62967/images/361942/gallery_media.jpeg"", ""https://cdn-media.medialabtc.it/tn/agencies/sscb6/estates/62967/images/361938/gallery_media.jpeg"", ""https://cdn-media.medialabtc.it/tn/agencies/sscb6/images/team_member/production/986.jpeg"", ""https://cdn-media.medialabtc.it/tn/agencies/sscb6/images/team_member/production/987.jpeg"", ""https://cdn-media.medialabtc.it/tn/agencies/sscb6/images/team_member/production/1298.jpeg"", ""https://cdn-media.medialabtc.it/tn/agencies/sscb6/images/team_member/production/1387.jpeg""]",[],Tecnocasa,Tecnocasa,1,1,1,1,1,1,[],2026-02-15 21:24:08,2026-02-15 21:24:08,2026-02-15 21:24:08,,7,2026-02-15 21:24:08,N/A,N/A
62882,S+1 en location," Immobilier Professionnel
 
 Evaluer mon bien
 
 Chercher une agence
 
 Se connecter
ACCUEIL
IMMOBILIER PROFESSIONNEL
EVALUER MON BIEN
CHERCHER UNE AGENCE
SE CONNECTER
Accueil
Appartement en location
Appartement Sousse
Sousse Centre Ville
La Corniche
S+1 en location
Video
visite 360°
Photos
Plan
Map...",1250,100,Appartement,1,Location,Agence,La Corniche : S+1 en location,https://cdn-media.medialabtc.it/tn/agencies/ssca6/estates/62882/images/359692/detail.jpeg,"[""https://cdn-media.medialabtc.it/tn/agencies/ssca6/estates/62882/images/359692/detail.jpeg"", ""https://cdn-media.medialabtc.it/tn/agencies/ssca6/estates/62882/images/359696/gallery_media.jpeg"", ""https://cdn-media.medialabtc.it/tn/agencies/ssca6/estates/62882/images/359694/gallery_media.jpeg"", ""https://cdn-media.medialabtc.it/tn/agencies/ssca6/estates/62882/images/359695/gallery_media.jpeg""]",[],Tecnocasa,Tecnocasa,1,1,1,1,1,1,[],2026-02-15 21:24:08,2026-02-15 21:24:08,2026-02-15 21:24:08,,7,2026-02-15 21:24:08,N/A,N/A
63070,S+2 en location," Immobilier Professionnel
 
 Evaluer mon bien
 
 Chercher une agence
 
 Se connecter
ACCUEIL
IMMOBILIER PROFESSIONNEL
EVALUER MON BIEN
CHERCHER UNE AGENCE
SE CONNECTER
Accueil
Appartement en location
Appartement Sousse
Sahloul
Sahloul 4
S+2 en location
Video
visite 360°
Photos
Plan
Map
 +6
S+2 en lo...",1400,100,Appartement,1,Location,Agence,Sahloul 4 : S+2 en location,https://cdn-media.medialabtc.it/tn/agencies/sscb2/estates/63070/images/360964/detail.jpeg,"[""https://cdn-media.medialabtc.it/tn/agencies/sscb2/estates/63070/images/360964/detail.jpeg"", ""https://cdn-media.medialabtc.it/tn/agencies/sscb2/estates/63070/images/360962/gallery_media.jpeg"", ""https://cdn-media.medialabtc.it/tn/agencies/sscb2/estates/63070/images/360963/gallery_media.jpeg"", ""https://cdn-media.medialabtc.it/tn/agencies/sscb2/estates/63070/images/360939/gallery_media.jpeg"", ""https://cdn-media.medialabtc.it/tn/agencies/sscb2/images/team_member/production/1411.jpeg"", ""https://cdn-media.medialabtc.it/tn/agencies/sscb2/images/team_member/production/1388.jpeg"", ""https://cdn-media.medialabtc.it/tn/agencies/sscb2/images/team_member/production/1365.jpeg"", ""https://cdn-media.medialabtc.it/tn/agencies/sscb2/images/team_member/production/935.jpeg""]",[],Tecnocasa,Tecnocasa,1,1,1,1,1,1,[],2026-02-15 21:24:08,2026-02-15 21:24:08,2026-02-15 21:24:08,,7,2026-02-15 21:24:08,N/A,N/A
62897,S+2 en location," Immobilier Professionnel
 
 Evaluer mon bien
 
 Chercher une agence
 
 Se connecter
ACCUEIL
IMMOBILIER PROFESSIONNEL
EVALUER MON BIEN
CHERCHER UNE AGENCE
SE CONNECTER
Accueil
Appartement en location
Appartement Sousse
Hammam Sousse
Hammam Sousse
S+2 en location
Video
visite 360°
Photos
Plan
Map
 +2...","
850",120,Appartement,1,Location,Agence,Hammam Sousse : S+2 en location,https://cdn-media.medialabtc.it/tn/agencies/sscb3/estates/62897/images/359628/detail.jpeg,"[""https://cdn-media.medialabtc.it/tn/agencies/sscb3/estates/62897/images/359628/detail.jpeg"", ""https://cdn-media.medialabtc.it/tn/agencies/sscb3/estates/62897/images/359632/gallery_media.jpeg"", ""https://cdn-media.medialabtc.it/tn/agencies/sscb3/estates/62897/images/359629/gallery_media.jpeg"", ""https://cdn-media.medialabtc.it/tn/agencies/sscb3/estates/62897/images/359633/gallery_media.jpeg"", ""https://cdn-media.medialabtc.it/tn/agencies/sscb3/images/team_member/production/1420.jpeg"", ""https://cdn-media.medialabtc.it/tn/agencies/sscb3/images/team_member/production/1423.jpeg""]",[],Tecnocasa,Tecnocasa,1,1,1,1,1,1,[],2026-02-15 21:24:08,2026-02-15 21:24:08,2026-02-15 21:24:08,,7,2026-02-15 21:24:08,N/A,N/A
63540,S+1 en location," Immobilier Professionnel
 
 Evaluer mon bien
 
 Chercher une agence
 
 Se connecter
ACCUEIL
IMMOBILIER PROFESSIONNEL
EVALUER MON BIEN
CHERCHER UNE AGENCE
SE CONNECTER
Accueil
Appartement en location
Appartement Sousse
Sousse Centre Ville
La Corniche
S+1 en location
Video
visite 360°
Photos
Plan
Map...","
950",90,Appartement,1,Location,Agence,La Corniche : S+1 en location,https://cdn-media.medialabtc.it/tn/agencies/ssca6/estates/63540/images/366432/detail.jpeg,"[""https://cdn-media.medialabtc.it/tn/agencies/ssca6/estates/63540/images/366432/detail.jpeg"", ""https://cdn-media.medialabtc.it/tn/agencies/ssca6/estates/63540/images/366431/gallery_media.jpeg"", ""https://cdn-media.medialabtc.it/tn/agencies/ssca6/estates/63540/images/366433/gallery_media.jpeg"", ""https://cdn-media.medialabtc.it/tn/agencies/ssca6/estates/63540/images/366434/gallery_media.jpeg""]",[],Tecnocasa,Tecnocasa,1,1,1,1,1,1,[],2026-02-15 21:24:08,2026-02-15 21:24:08,2026-02-15 21:24:08,,7,2026-02-15 21:24:08,N/A,N/A
63306,S+1 en location," Immobilier Professionnel
 
 Evaluer mon bien
 
 Chercher une agence
 
 Se connecter
ACCUEIL
IMMOBILIER PROFESSIONNEL
EVALUER MON BIEN
CHERCHER UNE AGENCE
SE CONNECTER
Accueil
Appartement en location
Appartement Sousse
Sousse Centre Ville
La Corniche
S+1 en location
Video
visite 360°
Photos
Plan
Map...","
450",60,Appartement,1,Location,Agence,La Corniche : S+1 en location,https://cdn-media.medialabtc.it/tn/agencies/ssca6/estates/63306/images/364017/detail.jpeg,"[""https://cdn-media.medialabtc.it/tn/agencies/ssca6/estates/63306/images/364017/detail.jpeg"", ""https://cdn-media.medialabtc.it/tn/agencies/ssca6/estates/63306/images/363985/gallery_media.jpeg"", ""https://cdn-media.medialabtc.it/tn/agencies/ssca6/estates/63306/images/364016/gallery_media.jpeg"", ""https://cdn-media.medialabtc.it/tn/agencies/ssca6/estates/63306/images/363984/gallery_media.jpeg""]",[],Tecnocasa,Tecnocasa,1,1,1,1,1,1,[],2026-02-15 21:24:08,2026-02-15 21:24:08,2026-02-15 21:24:08,,7,2026-02-15 21:24:08,N/A,N/A
63068,S+3 en location," Immobilier Professionnel
 
 Evaluer mon bien
 
 Chercher une agence
 
 Se connecter
ACCUEIL
IMMOBILIER PROFESSIONNEL
EVALUER MON BIEN
CHERCHER UNE AGENCE
SE CONNECTER
Accueil
Appartement en location
Appartement Sousse
Sahloul
Sahloul 4
S+3 en location
Video
visite 360°
Photos
Plan
Map
 +12
S+3 en l...",1550,120,Appartement,1,Location,Agence,Sahloul 4 : S+3 en location,https://cdn-media.medialabtc.it/tn/agencies/sscb2/estates/63068/images/361085/detail.jpeg,"[""https://cdn-media.medialabtc.it/tn/agencies/sscb2/estates/63068/images/361085/detail.jpeg"", ""https://cdn-media.medialabtc.it/tn/agencies/sscb2/estates/63068/images/361084/gallery_media.jpeg"", ""https://cdn-media.medialabtc.it/tn/agencies/sscb2/estates/63068/images/361082/gallery_media.jpeg"", ""https://cdn-media.medialabtc.it/tn/agencies/sscb2/estates/63068/images/361039/gallery_media.jpeg"", ""https://cdn-media.medialabtc.it/tn/agencies/sscb2/images/team_member/production/1411.jpeg"", ""https://cdn-media.medialabtc.it/tn/agencies/sscb2/images/team_member/production/1388.jpeg"", ""https://cdn-media.medialabtc.it/tn/agencies/sscb2/images/team_member/production/1365.jpeg"", ""https://cdn-media.medialabtc.it/tn/agencies/sscb2/images/team_member/production/935.jpeg""]",[],Tecnocasa,Tecnocasa,1,1,1,1,1,1,[],2026-02-15 21:24:08,2026-02-15 21:24:08,2026-02-15 21:24:08,,7,2026-02-15 21:24:08,N/A,N/A
63544,S+2 en location," Immobilier Professionnel
 
 Evaluer mon bien
 
 Chercher une agence
 
 Se connecter
ACCUEIL
IMMOBILIER PROFESSIONNEL
EVALUER MON BIEN
CHERCHER UNE AGENCE
SE CONNECTER
Accueil
Appartement en location
Appartement Sousse
Sousse Centre Ville
La Corniche
S+2 en location
Video
visite 360°
Photos
Plan
Map...",1000,100,Appartement,1,Location,Agence,La Corniche : S+2 en location,https://cdn-media.medialabtc.it/tn/agencies/ssca6/estates/63544/images/366439/detail.jpeg,"[""https://cdn-media.medialabtc.it/tn/agencies/ssca6/estates/63544/images/366439/detail.jpeg"", ""https://cdn-media.medialabtc.it/tn/agencies/ssca6/estates/63544/images/366461/gallery_media.jpeg"", ""https://cdn-media.medialabtc.it/tn/agencies/ssca6/estates/63544/images/366438/gallery_media.jpeg"", ""https://cdn-media.medialabtc.it/tn/agencies/ssca6/estates/63544/images/366437/gallery_media.jpeg""]",[],Tecnocasa,Tecnocasa,1,1,1,1,1,1,[],2026-02-15 21:24:08,2026-02-15 21:24:08,2026-02-15 21:24:08,,7,2026-02-15 21:24:08,N/A,N/A
63287,S+1 en location," Immobilier Professionnel
 
 Evaluer mon bien
 
 Chercher une agence
 
 Se connecter
ACCUEIL
IMMOBILIER PROFESSIONNEL
EVALUER MON BIEN
CHERCHER UNE AGENCE
SE CONNECTER
Accueil
Appartement en location
Appartement Sousse
Sahloul
Sahloul 4
S+1 en location
Video
visite 360°
Photos
Plan
Map
 +3
S+1 en lo...","
800",55,Appartement,1,Location,Agence,Sahloul 4 : S+1 en location,https://cdn-media.medialabtc.it/tn/agencies/sscb2/estates/63287/images/366570/detail.jpeg,"[""https://cdn-media.medialabtc.it/tn/agencies/sscb2/estates/63287/images/366570/detail.jpeg"", ""https://cdn-media.medialabtc.it/tn/agencies/sscb2/estates/63287/images/366569/gallery_media.jpeg"", ""https://cdn-media.medialabtc.it/tn/agencies/sscb2/estates/63287/images/366574/gallery_media.jpeg"", ""https://cdn-media.medialabtc.it/tn/agencies/sscb2/estates/63287/images/366573/gallery_media.jpeg"", ""https://cdn-media.medialabtc.it/tn/agencies/sscb2/images/team_member/production/1411.jpeg"", ""https://cdn-media.medialabtc.it/tn/agencies/sscb2/images/team_member/production/1388.jpeg"", ""https://cdn-media.medialabtc.it/tn/agencies/sscb2/images/team_member/production/1365.jpeg"", ""https://cdn-media.medialabtc.it/tn/agencies/sscb2/images/team_member/production/935.jpeg""]",[],Tecnocasa,Tecnocasa,1,1,1,1,1,1,[],2026-02-15 21:24:08,2026-02-15 21:24:08,2026-02-15 21:24:08,,7,2026-02-15 21:24:08,N/A,N/A
63528,S+2 en location," Immobilier Professionnel
 
 Evaluer mon bien
 
 Chercher une agence
 
 Se connecter
ACCUEIL
IMMOBILIER PROFESSIONNEL
EVALUER MON BIEN
CHERCHER UNE AGENCE
SE CONNECTER
Accueil
Appartement en location
Appartement Sousse
Sahloul
Sahloul 4
S+2 en location
Video
visite 360°
Photos
Plan
Map
 +6
S+2 en lo...",1100,68,Appartement,1,Location,Agence,Sahloul 4 : S+2 en location,https://cdn-media.medialabtc.it/tn/agencies/sscb2/estates/63528/images/366532/detail.jpeg,"[""https://cdn-media.medialabtc.it/tn/agencies/sscb2/estates/63528/images/366532/detail.jpeg"", ""https://cdn-media.medialabtc.it/tn/agencies/sscb2/estates/63528/images/366497/gallery_media.jpeg"", ""https://cdn-media.medialabtc.it/tn/agencies/sscb2/estates/63528/images/366498/gallery_media.jpeg"", ""https://cdn-media.medialabtc.it/tn/agencies/sscb2/estates/63528/images/366500/gallery_media.jpeg"", ""https://cdn-media.medialabtc.it/tn/agencies/sscb2/images/team_member/production/1411.jpeg"", ""https://cdn-media.medialabtc.it/tn/agencies/sscb2/images/team_member/production/1388.jpeg"", ""https://cdn-media.medialabtc.it/tn/agencies/sscb2/images/team_member/production/1365.jpeg"", ""https://cdn-media.medialabtc.it/tn/agencies/sscb2/images/team_member/production/935.jpeg""]",[],Tecnocasa,Tecnocasa,1,1,1,1,1,1,[],2026-02-15 21:24:08,2026-02-15 21:24:08,2026-02-15 21:24:08,,7,2026-02-15 21:24:08,N/A,N/A
63058,Studio en location," Immobilier Professionnel
 
 Evaluer mon bien
 
 Chercher une agence
 
 Se connecter
ACCUEIL
IMMOBILIER PROFESSIONNEL
EVALUER MON BIEN
CHERCHER UNE AGENCE
SE CONNECTER
Accueil
Appartement en location
Appartement Sousse
Hergla
Hergla
Studio en location
Video
visite 360°
Photos
Plan
Map
 +4
Studio en ...","
750",40,Appartement,1,Location,Agence,Hergla : Studio en location,https://cdn-media.medialabtc.it/tn/agencies/ssgh1/estates/63058/images/361230/detail.jpeg,"[""https://cdn-media.medialabtc.it/tn/agencies/ssgh1/estates/63058/images/361230/detail.jpeg"", ""https://cdn-media.medialabtc.it/tn/agencies/ssgh1/estates/63058/images/361231/gallery_media.jpeg"", ""https://cdn-media.medialabtc.it/tn/agencies/ssgh1/estates/63058/images/361236/gallery_media.jpeg"", ""https://cdn-media.medialabtc.it/tn/agencies/ssgh1/estates/63058/images/361228/gallery_media.jpeg"", ""https://cdn-media.medialabtc.it/tn/agencies/ssgh1/images/team_member/production/840.jpeg"", ""https://cdn-media.medialabtc.it/tn/agencies/ssgh1/images/team_member/production/842.jpeg"", ""https://cdn-media.medialabtc.it/tn/agencies/ssgh1/images/team_member/production/853.jpeg"", ""https://cdn-media.medialabtc.it/tn/agencies/ssgh1/images/team_member/production/843.jpeg""]",[],Tecnocasa,Tecnocasa,1,1,1,1,1,1,[],2026-02-15 21:24:08,2026-02-15 21:24:08,2026-02-15 21:24:08,,7,2026-02-15 21:24:08,N/A,N/A
62921,S+3 en location," Immobilier Professionnel
 
 Evaluer mon bien
 
 Chercher une agence
 
 Se connecter
ACCUEIL
IMMOBILIER PROFESSIONNEL
EVALUER MON BIEN
CHERCHER UNE AGENCE
SE CONNECTER
Accueil
Appartement en location
Appartement Sousse
Sahloul
Sahloul 4
S+3 en location
Video
visite 360°
Photos
Plan
Map
 +5
S+3 en lo...",1500,120,Appartement,1,Location,Agence,Sahloul 4 : S+3 en location,https://cdn-media.medialabtc.it/tn/agencies/sscb2/estates/62921/images/366577/detail.jpeg,"[""https://cdn-media.medialabtc.it/tn/agencies/sscb2/estates/62921/images/366577/detail.jpeg"", ""https://cdn-media.medialabtc.it/tn/agencies/sscb2/estates/62921/images/366576/gallery_media.jpeg"", ""https://cdn-media.medialabtc.it/tn/agencies/sscb2/estates/62921/images/366579/gallery_media.jpeg"", ""https://cdn-media.medialabtc.it/tn/agencies/sscb2/estates/62921/images/366581/gallery_media.jpeg"", ""https://cdn-media.medialabtc.it/tn/agencies/sscb2/images/team_member/production/1411.jpeg"", ""https://cdn-media.medialabtc.it/tn/agencies/sscb2/images/team_member/production/1388.jpeg"", ""https://cdn-media.medialabtc.it/tn/agencies/sscb2/images/team_member/production/1365.jpeg"", ""https://cdn-media.medialabtc.it/tn/agencies/sscb2/images/team_member/production/935.jpeg""]",[],Tecnocasa,Tecnocasa,1,1,1,1,1,1,[],2026-02-15 21:24:08,2026-02-15 21:24:08,2026-02-15 21:24:08,,7,2026-02-15 21:24:08,N/A,N/A
63437,S+2 en location," Immobilier Professionnel
 
 Evaluer mon bien
 
 Chercher une agence
 
 Se connecter
ACCUEIL
IMMOBILIER PROFESSIONNEL
EVALUER MON BIEN
CHERCHER UNE AGENCE
SE CONNECTER
Accueil
Appartement en location
Appartement Sousse
Sahloul
Sahloul 4
S+2 en location
Video
visite 360°
Photos
Plan
Map
 +9
S+2 en lo...","
850",100,Appartement,1,Location,Agence,Sahloul 4 : S+2 en location,https://cdn-media.medialabtc.it/tn/agencies/sscb2/estates/63437/images/366568/detail.jpeg,"[""https://cdn-media.medialabtc.it/tn/agencies/sscb2/estates/63437/images/366568/detail.jpeg"", ""https://cdn-media.medialabtc.it/tn/agencies/sscb2/estates/63437/images/366557/gallery_media.jpeg"", ""https://cdn-media.medialabtc.it/tn/agencies/sscb2/estates/63437/images/366560/gallery_media.jpeg"", ""https://cdn-media.medialabtc.it/tn/agencies/sscb2/estates/63437/images/366561/gallery_media.jpeg"", ""https://cdn-media.medialabtc.it/tn/agencies/sscb2/images/team_member/production/1411.jpeg"", ""https://cdn-media.medialabtc.it/tn/agencies/sscb2/images/team_member/production/1388.jpeg"", ""https://cdn-media.medialabtc.it/tn/agencies/sscb2/images/team_member/production/1365.jpeg"", ""https://cdn-media.medialabtc.it/tn/agencies/sscb2/images/team_member/production/935.jpeg""]",[],Tecnocasa,Tecnocasa,1,1,1,1,1,1,[],2026-02-15 21:24:08,2026-02-15 21:24:08,2026-02-15 21:24:08,,7,2026-02-15 21:24:08,N/A,N/A
63067,S+1 en location," Immobilier Professionnel
 
 Evaluer mon bien
 
 Chercher une agence
 
 Se connecter
ACCUEIL
IMMOBILIER PROFESSIONNEL
EVALUER MON BIEN
CHERCHER UNE AGENCE
SE CONNECTER
Accueil
Appartement en location
Appartement Sousse
Hammam Sousse
Hammam Sousse
S+1 en location
Video
visite 360°
Photos
Plan
Map
S+1...",1100,74,Appartement,1,Location,Agence,Hammam Sousse : S+1 en location,https://cdn-media.medialabtc.it/tn/agencies/sscb6/estates/63067/images/361067/detail.jpeg,"[""https://cdn-media.medialabtc.it/tn/agencies/sscb6/estates/63067/images/361067/detail.jpeg"", ""https://cdn-media.medialabtc.it/tn/agencies/sscb6/estates/63067/images/361069/gallery_media.jpeg"", ""https://cdn-media.medialabtc.it/tn/agencies/sscb6/estates/63067/images/361068/gallery_media.jpeg"", ""https://cdn-media.medialabtc.it/tn/agencies/sscb6/estates/63067/images/361070/gallery_media.jpeg"", ""https://cdn-media.medialabtc.it/tn/agencies/sscb6/images/team_member/production/986.jpeg"", ""https://cdn-media.medialabtc.it/tn/agencies/sscb6/images/team_member/production/987.jpeg"", ""https://cdn-media.medialabtc.it/tn/agencies/sscb6/images/team_member/production/1298.jpeg"", ""https://cdn-media.medialabtc.it/tn/agencies/sscb6/images/team_member/production/1387.jpeg""]",[],Tecnocasa,Tecnocasa,1,1,1,1,1,1,[],2026-02-15 21:24:08,2026-02-15 21:24:08,2026-02-15 21:24:08,,8,2026-02-15 21:24:08,N/A,N/A
61886,S+2 en location," Immobilier Professionnel
 
 Evaluer mon bien
 
 Chercher une agence
 
 Se connecter
ACCUEIL
IMMOBILIER PROFESSIONNEL
EVALUER MON BIEN
CHERCHER UNE AGENCE
SE CONNECTER
Accueil
Appartement en location
Appartement Sousse
Sousse Centre Ville
La Corniche
S+2 en location
Video
visite 360°
Photos
Plan
Map...",1500,70,Appartement,1,Location,Agence,La Corniche : S+2 en location,https://cdn-media.medialabtc.it/tn/agencies/ssca6/estates/61886/images/361137/detail.jpeg,"[""https://cdn-media.medialabtc.it/tn/agencies/ssca6/estates/61886/images/361137/detail.jpeg"", ""https://cdn-media.medialabtc.it/tn/agencies/ssca6/estates/61886/images/361136/gallery_media.jpeg"", ""https://cdn-media.medialabtc.it/tn/agencies/ssca6/estates/61886/images/361133/gallery_media.jpeg"", ""https://cdn-media.medialabtc.it/tn/agencies/ssca6/estates/61886/images/361131/gallery_media.jpeg""]",[],Tecnocasa,Tecnocasa,1,1,1,1,1,1,[],2026-02-15 21:24:08,2026-02-15 21:24:08,2026-02-15 21:24:08,,8,2026-02-15 21:24:08,N/A,N/A
62967,S+3 en location," Immobilier Professionnel
 
 Evaluer mon bien
 
 Chercher une agence
 
 Se connecter
ACCUEIL
IMMOBILIER PROFESSIONNEL
EVALUER MON BIEN
CHERCHER UNE AGENCE
SE CONNECTER
Accueil
Appartement en location
Appartement Sousse
Khezama
Khezema Ouest
S+3 en location
Video
visite 360°
Photos
Plan
Map
 +5
S+3 e...",1300,100,Appartement,1,Location,Agence,Khezema Ouest : S+3 en location,https://cdn-media.medialabtc.it/tn/agencies/sscb6/estates/62967/images/361944/detail.jpeg,"[""https://cdn-media.medialabtc.it/tn/agencies/sscb6/estates/62967/images/361944/detail.jpeg"", ""https://cdn-media.medialabtc.it/tn/agencies/sscb6/estates/62967/images/361925/gallery_media.jpeg"", ""https://cdn-media.medialabtc.it/tn/agencies/sscb6/estates/62967/images/361942/gallery_media.jpeg"", ""https://cdn-media.medialabtc.it/tn/agencies/sscb6/estates/62967/images/361938/gallery_media.jpeg"", ""https://cdn-media.medialabtc.it/tn/agencies/sscb6/images/team_member/production/986.jpeg"", ""https://cdn-media.medialabtc.it/tn/agencies/sscb6/images/team_member/production/987.jpeg"", ""https://cdn-media.medialabtc.it/tn/agencies/sscb6/images/team_member/production/1298.jpeg"", ""https://cdn-media.medialabtc.it/tn/agencies/sscb6/images/team_member/production/1387.jpeg""]",[],Tecnocasa,Tecnocasa,1,1,1,1,1,1,[],2026-02-15 21:24:08,2026-02-15 21:24:08,2026-02-15 21:24:08,,8,2026-02-15 21:24:08,N/A,N/A
62882,S+1 en location," Immobilier Professionnel
 
 Evaluer mon bien
 
 Chercher une agence
 
 Se connecter
ACCUEIL
IMMOBILIER PROFESSIONNEL
EVALUER MON BIEN
CHERCHER UNE AGENCE
SE CONNECTER
Accueil
Appartement en location
Appartement Sousse
Sousse Centre Ville
La Corniche
S+1 en location
Video
visite 360°
Photos
Plan
Map...",1250,100,Appartement,1,Location,Agence,La Corniche : S+1 en location,https://cdn-media.medialabtc.it/tn/agencies/ssca6/estates/62882/images/359692/detail.jpeg,"[""https://cdn-media.medialabtc.it/tn/agencies/ssca6/estates/62882/images/359692/detail.jpeg"", ""https://cdn-media.medialabtc.it/tn/agencies/ssca6/estates/62882/images/359696/gallery_media.jpeg"", ""https://cdn-media.medialabtc.it/tn/agencies/ssca6/estates/62882/images/359694/gallery_media.jpeg"", ""https://cdn-media.medialabtc.it/tn/agencies/ssca6/estates/62882/images/359695/gallery_media.jpeg""]",[],Tecnocasa,Tecnocasa,1,1,1,1,1,1,[],2026-02-15 21:24:08,2026-02-15 21:24:08,2026-02-15 21:24:08,,8,2026-02-15 21:24:08,N/A,N/A
63070,S+2 en location," Immobilier Professionnel
 
 Evaluer mon bien
 
 Chercher une agence
 
 Se connecter
ACCUEIL
IMMOBILIER PROFESSIONNEL
EVALUER MON BIEN
CHERCHER UNE AGENCE
SE CONNECTER
Accueil
Appartement en location
Appartement Sousse
Sahloul
Sahloul 4
S+2 en location
Video
visite 360°
Photos
Plan
Map
 +6
S+2 en lo...",1400,100,Appartement,1,Location,Agence,Sahloul 4 : S+2 en location,https://cdn-media.medialabtc.it/tn/agencies/sscb2/estates/63070/images/360964/detail.jpeg,"[""https://cdn-media.medialabtc.it/tn/agencies/sscb2/estates/63070/images/360964/detail.jpeg"", ""https://cdn-media.medialabtc.it/tn/agencies/sscb2/estates/63070/images/360962/gallery_media.jpeg"", ""https://cdn-media.medialabtc.it/tn/agencies/sscb2/estates/63070/images/360963/gallery_media.jpeg"", ""https://cdn-media.medialabtc.it/tn/agencies/sscb2/estates/63070/images/360939/gallery_media.jpeg"", ""https://cdn-media.medialabtc.it/tn/agencies/sscb2/images/team_member/production/1411.jpeg"", ""https://cdn-media.medialabtc.it/tn/agencies/sscb2/images/team_member/production/1388.jpeg"", ""https://cdn-media.medialabtc.it/tn/agencies/sscb2/images/team_member/production/1365.jpeg"", ""https://cdn-media.medialabtc.it/tn/agencies/sscb2/images/team_member/production/935.jpeg""]",[],Tecnocasa,Tecnocasa,1,1,1,1,1,1,[],2026-02-15 21:24:08,2026-02-15 21:24:08,2026-02-15 21:24:08,,8,2026-02-15 21:24:08,N/A,N/A
62897,S+2 en location," Immobilier Professionnel
 
 Evaluer mon bien
 
 Chercher une agence
 
 Se connecter
ACCUEIL
IMMOBILIER PROFESSIONNEL
EVALUER MON BIEN
CHERCHER UNE AGENCE
SE CONNECTER
Accueil
Appartement en location
Appartement Sousse
Hammam Sousse
Hammam Sousse
S+2 en location
Video
visite 360°
Photos
Plan
Map
 +2...","
850",120,Appartement,1,Location,Agence,Hammam Sousse : S+2 en location,https://cdn-media.medialabtc.it/tn/agencies/sscb3/estates/62897/images/359628/detail.jpeg,"[""https://cdn-media.medialabtc.it/tn/agencies/sscb3/estates/62897/images/359628/detail.jpeg"", ""https://cdn-media.medialabtc.it/tn/agencies/sscb3/estates/62897/images/359632/gallery_media.jpeg"", ""https://cdn-media.medialabtc.it/tn/agencies/sscb3/estates/62897/images/359629/gallery_media.jpeg"", ""https://cdn-media.medialabtc.it/tn/agencies/sscb3/estates/62897/images/359633/gallery_media.jpeg"", ""https://cdn-media.medialabtc.it/tn/agencies/sscb3/images/team_member/production/1420.jpeg"", ""https://cdn-media.medialabtc.it/tn/agencies/sscb3/images/team_member/production/1423.jpeg""]",[],Tecnocasa,Tecnocasa,1,1,1,1,1,1,[],2026-02-15 21:24:08,2026-02-15 21:24:08,2026-02-15 21:24:08,,8,2026-02-15 21:24:08,N/A,N/A
63540,S+1 en location," Immobilier Professionnel
 
 Evaluer mon bien
 
 Chercher une agence
 
 Se connecter
ACCUEIL
IMMOBILIER PROFESSIONNEL
EVALUER MON BIEN
CHERCHER UNE AGENCE
SE CONNECTER
Accueil
Appartement en location
Appartement Sousse
Sousse Centre Ville
La Corniche
S+1 en location
Video
visite 360°
Photos
Plan
Map...","
950",90,Appartement,1,Location,Agence,La Corniche : S+1 en location,https://cdn-media.medialabtc.it/tn/agencies/ssca6/estates/63540/images/366432/detail.jpeg,"[""https://cdn-media.medialabtc.it/tn/agencies/ssca6/estates/63540/images/366432/detail.jpeg"", ""https://cdn-media.medialabtc.it/tn/agencies/ssca6/estates/63540/images/366431/gallery_media.jpeg"", ""https://cdn-media.medialabtc.it/tn/agencies/ssca6/estates/63540/images/366433/gallery_media.jpeg"", ""https://cdn-media.medialabtc.it/tn/agencies/ssca6/estates/63540/images/366434/gallery_media.jpeg""]",[],Tecnocasa,Tecnocasa,1,1,1,1,1,1,[],2026-02-15 21:24:08,2026-02-15 21:24:08,2026-02-15 21:24:08,,8,2026-02-15 21:24:08,N/A,N/A
63306,S+1 en location," Immobilier Professionnel
 
 Evaluer mon bien
 
 Chercher une agence
 
 Se connecter
ACCUEIL
IMMOBILIER PROFESSIONNEL
EVALUER MON BIEN
CHERCHER UNE AGENCE
SE CONNECTER
Accueil
Appartement en location
Appartement Sousse
Sousse Centre Ville
La Corniche
S+1 en location
Video
visite 360°
Photos
Plan
Map...","
450",60,Appartement,1,Location,Agence,La Corniche : S+1 en location,https://cdn-media.medialabtc.it/tn/agencies/ssca6/estates/63306/images/364017/detail.jpeg,"[""https://cdn-media.medialabtc.it/tn/agencies/ssca6/estates/63306/images/364017/detail.jpeg"", ""https://cdn-media.medialabtc.it/tn/agencies/ssca6/estates/63306/images/363985/gallery_media.jpeg"", ""https://cdn-media.medialabtc.it/tn/agencies/ssca6/estates/63306/images/364016/gallery_media.jpeg"", ""https://cdn-media.medialabtc.it/tn/agencies/ssca6/estates/63306/images/363984/gallery_media.jpeg""]",[],Tecnocasa,Tecnocasa,1,1,1,1,1,1,[],2026-02-15 21:24:08,2026-02-15 21:24:08,2026-02-15 21:24:08,,8,2026-02-15 21:24:08,N/A,N/A
63068,S+3 en location," Immobilier Professionnel
 
 Evaluer mon bien
 
 Chercher une agence
 
 Se connecter
ACCUEIL
IMMOBILIER PROFESSIONNEL
EVALUER MON BIEN
CHERCHER UNE AGENCE
SE CONNECTER
Accueil
Appartement en location
Appartement Sousse
Sahloul
Sahloul 4
S+3 en location
Video
visite 360°
Photos
Plan
Map
 +12
S+3 en l...",1550,120,Appartement,1,Location,Agence,Sahloul 4 : S+3 en location,https://cdn-media.medialabtc.it/tn/agencies/sscb2/estates/63068/images/361085/detail.jpeg,"[""https://cdn-media.medialabtc.it/tn/agencies/sscb2/estates/63068/images/361085/detail.jpeg"", ""https://cdn-media.medialabtc.it/tn/agencies/sscb2/estates/63068/images/361084/gallery_media.jpeg"", ""https://cdn-media.medialabtc.it/tn/agencies/sscb2/estates/63068/images/361082/gallery_media.jpeg"", ""https://cdn-media.medialabtc.it/tn/agencies/sscb2/estates/63068/images/361039/gallery_media.jpeg"", ""https://cdn-media.medialabtc.it/tn/agencies/sscb2/images/team_member/production/1411.jpeg"", ""https://cdn-media.medialabtc.it/tn/agencies/sscb2/images/team_member/production/1388.jpeg"", ""https://cdn-media.medialabtc.it/tn/agencies/sscb2/images/team_member/production/1365.jpeg"", ""https://cdn-media.medialabtc.it/tn/agencies/sscb2/images/team_member/production/935.jpeg""]",[],Tecnocasa,Tecnocasa,1,1,1,1,1,1,[],2026-02-15 21:24:08,2026-02-15 21:24:08,2026-02-15 21:24:08,,8,2026-02-15 21:24:08,N/A,N/A
63544,S+2 en location," Immobilier Professionnel
 
 Evaluer mon bien
 
 Chercher une agence
 
 Se connecter
ACCUEIL
IMMOBILIER PROFESSIONNEL
EVALUER MON BIEN
CHERCHER UNE AGENCE
SE CONNECTER
Accueil
Appartement en location
Appartement Sousse
Sousse Centre Ville
La Corniche
S+2 en location
Video
visite 360°
Photos
Plan
Map...",1000,100,Appartement,1,Location,Agence,La Corniche : S+2 en location,https://cdn-media.medialabtc.it/tn/agencies/ssca6/estates/63544/images/366439/detail.jpeg,"[""https://cdn-media.medialabtc.it/tn/agencies/ssca6/estates/63544/images/366439/detail.jpeg"", ""https://cdn-media.medialabtc.it/tn/agencies/ssca6/estates/63544/images/366461/gallery_media.jpeg"", ""https://cdn-media.medialabtc.it/tn/agencies/ssca6/estates/63544/images/366438/gallery_media.jpeg"", ""https://cdn-media.medialabtc.it/tn/agencies/ssca6/estates/63544/images/366437/gallery_media.jpeg""]",[],Tecnocasa,Tecnocasa,1,1,1,1,1,1,[],2026-02-15 21:24:08,2026-02-15 21:24:08,2026-02-15 21:24:08,,8,2026-02-15 21:24:08,N/A,N/A
63287,S+1 en location," Immobilier Professionnel
 
 Evaluer mon bien
 
 Chercher une agence
 
 Se connecter
ACCUEIL
IMMOBILIER PROFESSIONNEL
EVALUER MON BIEN
CHERCHER UNE AGENCE
SE CONNECTER
Accueil
Appartement en location
Appartement Sousse
Sahloul
Sahloul 4
S+1 en location
Video
visite 360°
Photos
Plan
Map
 +3
S+1 en lo...","
800",55,Appartement,1,Location,Agence,Sahloul 4 : S+1 en location,https://cdn-media.medialabtc.it/tn/agencies/sscb2/estates/63287/images/366570/detail.jpeg,"[""https://cdn-media.medialabtc.it/tn/agencies/sscb2/estates/63287/images/366570/detail.jpeg"", ""https://cdn-media.medialabtc.it/tn/agencies/sscb2/estates/63287/images/366569/gallery_media.jpeg"", ""https://cdn-media.medialabtc.it/tn/agencies/sscb2/estates/63287/images/366574/gallery_media.jpeg"", ""https://cdn-media.medialabtc.it/tn/agencies/sscb2/estates/63287/images/366573/gallery_media.jpeg"", ""https://cdn-media.medialabtc.it/tn/agencies/sscb2/images/team_member/production/1411.jpeg"", ""https://cdn-media.medialabtc.it/tn/agencies/sscb2/images/team_member/production/1388.jpeg"", ""https://cdn-media.medialabtc.it/tn/agencies/sscb2/images/team_member/production/1365.jpeg"", ""https://cdn-media.medialabtc.it/tn/agencies/sscb2/images/team_member/production/935.jpeg""]",[],Tecnocasa,Tecnocasa,1,1,1,1,1,1,[],2026-02-15 21:24:08,2026-02-15 21:24:08,2026-02-15 21:24:08,,8,2026-02-15 21:24:08,N/A,N/A
63528,S+2 en location," Immobilier Professionnel
 
 Evaluer mon bien
 
 Chercher une agence
 
 Se connecter
ACCUEIL
IMMOBILIER PROFESSIONNEL
EVALUER MON BIEN
CHERCHER UNE AGENCE
SE CONNECTER
Accueil
Appartement en location
Appartement Sousse
Sahloul
Sahloul 4
S+2 en location
Video
visite 360°
Photos
Plan
Map
 +6
S+2 en lo...",1100,68,Appartement,1,Location,Agence,Sahloul 4 : S+2 en location,https://cdn-media.medialabtc.it/tn/agencies/sscb2/estates/63528/images/366532/detail.jpeg,"[""https://cdn-media.medialabtc.it/tn/agencies/sscb2/estates/63528/images/366532/detail.jpeg"", ""https://cdn-media.medialabtc.it/tn/agencies/sscb2/estates/63528/images/366497/gallery_media.jpeg"", ""https://cdn-media.medialabtc.it/tn/agencies/sscb2/estates/63528/images/366498/gallery_media.jpeg"", ""https://cdn-media.medialabtc.it/tn/agencies/sscb2/estates/63528/images/366500/gallery_media.jpeg"", ""https://cdn-media.medialabtc.it/tn/agencies/sscb2/images/team_member/production/1411.jpeg"", ""https://cdn-media.medialabtc.it/tn/agencies/sscb2/images/team_member/production/1388.jpeg"", ""https://cdn-media.medialabtc.it/tn/agencies/sscb2/images/team_member/production/1365.jpeg"", ""https://cdn-media.medialabtc.it/tn/agencies/sscb2/images/team_member/production/935.jpeg""]",[],Tecnocasa,Tecnocasa,1,1,1,1,1,1,[],2026-02-15 21:24:08,2026-02-15 21:24:08,2026-02-15 21:24:08,,8,2026-02-15 21:24:08,N/A,N/A
63058,Studio en location," Immobilier Professionnel
 
 Evaluer mon bien
 
 Chercher une agence
 
 Se connecter
ACCUEIL
IMMOBILIER PROFESSIONNEL
EVALUER MON BIEN
CHERCHER UNE AGENCE
SE CONNECTER
Accueil
Appartement en location
Appartement Sousse
Hergla
Hergla
Studio en location
Video
visite 360°
Photos
Plan
Map
 +4
Studio en ...","
750",40,Appartement,1,Location,Agence,Hergla : Studio en location,https://cdn-media.medialabtc.it/tn/agencies/ssgh1/estates/63058/images/361230/detail.jpeg,"[""https://cdn-media.medialabtc.it/tn/agencies/ssgh1/estates/63058/images/361230/detail.jpeg"", ""https://cdn-media.medialabtc.it/tn/agencies/ssgh1/estates/63058/images/361231/gallery_media.jpeg"", ""https://cdn-media.medialabtc.it/tn/agencies/ssgh1/estates/63058/images/361236/gallery_media.jpeg"", ""https://cdn-media.medialabtc.it/tn/agencies/ssgh1/estates/63058/images/361228/gallery_media.jpeg"", ""https://cdn-media.medialabtc.it/tn/agencies/ssgh1/images/team_member/production/840.jpeg"", ""https://cdn-media.medialabtc.it/tn/agencies/ssgh1/images/team_member/production/842.jpeg"", ""https://cdn-media.medialabtc.it/tn/agencies/ssgh1/images/team_member/production/853.jpeg"", ""https://cdn-media.medialabtc.it/tn/agencies/ssgh1/images/team_member/production/843.jpeg""]",[],Tecnocasa,Tecnocasa,1,1,1,1,1,1,[],2026-02-15 21:24:08,2026-02-15 21:24:08,2026-02-15 21:24:08,,8,2026-02-15 21:24:08,N/A,N/A
62921,S+3 en location," Immobilier Professionnel
 
 Evaluer mon bien
 
 Chercher une agence
 
 Se connecter
ACCUEIL
IMMOBILIER PROFESSIONNEL
EVALUER MON BIEN
CHERCHER UNE AGENCE
SE CONNECTER
Accueil
Appartement en location
Appartement Sousse
Sahloul
Sahloul 4
S+3 en location
Video
visite 360°
Photos
Plan
Map
 +5
S+3 en lo...",1500,120,Appartement,1,Location,Agence,Sahloul 4 : S+3 en location,https://cdn-media.medialabtc.it/tn/agencies/sscb2/estates/62921/images/366577/detail.jpeg,"[""https://cdn-media.medialabtc.it/tn/agencies/sscb2/estates/62921/images/366577/detail.jpeg"", ""https://cdn-media.medialabtc.it/tn/agencies/sscb2/estates/62921/images/366576/gallery_media.jpeg"", ""https://cdn-media.medialabtc.it/tn/agencies/sscb2/estates/62921/images/366579/gallery_media.jpeg"", ""https://cdn-media.medialabtc.it/tn/agencies/sscb2/estates/62921/images/366581/gallery_media.jpeg"", ""https://cdn-media.medialabtc.it/tn/agencies/sscb2/images/team_member/production/1411.jpeg"", ""https://cdn-media.medialabtc.it/tn/agencies/sscb2/images/team_member/production/1388.jpeg"", ""https://cdn-media.medialabtc.it/tn/agencies/sscb2/images/team_member/production/1365.jpeg"", ""https://cdn-media.medialabtc.it/tn/agencies/sscb2/images/team_member/production/935.jpeg""]",[],Tecnocasa,Tecnocasa,1,1,1,1,1,1,[],2026-02-15 21:24:08,2026-02-15 21:24:08,2026-02-15 21:24:08,,8,2026-02-15 21:24:08,N/A,N/A
63437,S+2 en location," Immobilier Professionnel
 
 Evaluer mon bien
 
 Chercher une agence
 
 Se connecter
ACCUEIL
IMMOBILIER PROFESSIONNEL
EVALUER MON BIEN
CHERCHER UNE AGENCE
SE CONNECTER
Accueil
Appartement en location
Appartement Sousse
Sahloul
Sahloul 4
S+2 en location
Video
visite 360°
Photos
Plan
Map
 +9
S+2 en lo...","
850",100,Appartement,1,Location,Agence,Sahloul 4 : S+2 en location,https://cdn-media.medialabtc.it/tn/agencies/sscb2/estates/63437/images/366568/detail.jpeg,"[""https://cdn-media.medialabtc.it/tn/agencies/sscb2/estates/63437/images/366568/detail.jpeg"", ""https://cdn-media.medialabtc.it/tn/agencies/sscb2/estates/63437/images/366557/gallery_media.jpeg"", ""https://cdn-media.medialabtc.it/tn/agencies/sscb2/estates/63437/images/366560/gallery_media.jpeg"", ""https://cdn-media.medialabtc.it/tn/agencies/sscb2/estates/63437/images/366561/gallery_media.jpeg"", ""https://cdn-media.medialabtc.it/tn/agencies/sscb2/images/team_member/production/1411.jpeg"", ""https://cdn-media.medialabtc.it/tn/agencies/sscb2/images/team_member/production/1388.jpeg"", ""https://cdn-media.medialabtc.it/tn/agencies/sscb2/images/team_member/production/1365.jpeg"", ""https://cdn-media.medialabtc.it/tn/agencies/sscb2/images/team_member/production/935.jpeg""]",[],Tecnocasa,Tecnocasa,1,1,1,1,1,1,[],2026-02-15 21:24:08,2026-02-15 21:24:08,2026-02-15 21:24:08,,8,2026-02-15 21:24:08,N/A,N/A
63067,S+1 en location," Immobilier Professionnel
 
 Evaluer mon bien
 
 Chercher une agence
 
 Se connecter
ACCUEIL
IMMOBILIER PROFESSIONNEL
EVALUER MON BIEN
CHERCHER UNE AGENCE
SE CONNECTER
Accueil
Appartement en location
Appartement Sousse
Hammam Sousse
Hammam Sousse
S+1 en location
Video
visite 360°
Photos
Plan
Map
S+1...",1100,74,Appartement,1,Location,Agence,Hammam Sousse : S+1 en location,https://cdn-media.medialabtc.it/tn/agencies/sscb6/estates/63067/images/361067/detail.jpeg,"[""https://cdn-media.medialabtc.it/tn/agencies/sscb6/estates/63067/images/361067/detail.jpeg"", ""https://cdn-media.medialabtc.it/tn/agencies/sscb6/estates/63067/images/361069/gallery_media.jpeg"", ""https://cdn-media.medialabtc.it/tn/agencies/sscb6/estates/63067/images/361068/gallery_media.jpeg"", ""https://cdn-media.medialabtc.it/tn/agencies/sscb6/estates/63067/images/361070/gallery_media.jpeg"", ""https://cdn-media.medialabtc.it/tn/agencies/sscb6/images/team_member/production/986.jpeg"", ""https://cdn-media.medialabtc.it/tn/agencies/sscb6/images/team_member/production/987.jpeg"", ""https://cdn-media.medialabtc.it/tn/agencies/sscb6/images/team_member/production/1298.jpeg"", ""https://cdn-media.medialabtc.it/tn/agencies/sscb6/images/team_member/production/1387.jpeg""]",[],Tecnocasa,Tecnocasa,1,1,1,1,1,1,[],2026-02-15 21:24:08,2026-02-15 21:24:08,2026-02-15 21:24:08,,9,2026-02-15 21:24:08,N/A,N/A
61886,S+2 en location," Immobilier Professionnel
 
 Evaluer mon bien
 
 Chercher une agence
 
 Se connecter
ACCUEIL
IMMOBILIER PROFESSIONNEL
EVALUER MON BIEN
CHERCHER UNE AGENCE
SE CONNECTER
Accueil
Appartement en location
Appartement Sousse
Sousse Centre Ville
La Corniche
S+2 en location
Video
visite 360°
Photos
Plan
Map...",1500,70,Appartement,1,Location,Agence,La Corniche : S+2 en location,https://cdn-media.medialabtc.it/tn/agencies/ssca6/estates/61886/images/361137/detail.jpeg,"[""https://cdn-media.medialabtc.it/tn/agencies/ssca6/estates/61886/images/361137/detail.jpeg"", ""https://cdn-media.medialabtc.it/tn/agencies/ssca6/estates/61886/images/361136/gallery_media.jpeg"", ""https://cdn-media.medialabtc.it/tn/agencies/ssca6/estates/61886/images/361133/gallery_media.jpeg"", ""https://cdn-media.medialabtc.it/tn/agencies/ssca6/estates/61886/images/361131/gallery_media.jpeg""]",[],Tecnocasa,Tecnocasa,1,1,1,1,1,1,[],2026-02-15 21:24:08,2026-02-15 21:24:08,2026-02-15 21:24:08,,9,2026-02-15 21:24:08,N/A,N/A
62967,S+3 en location," Immobilier Professionnel
 
 Evaluer mon bien
 
 Chercher une agence
 
 Se connecter
ACCUEIL
IMMOBILIER PROFESSIONNEL
EVALUER MON BIEN
CHERCHER UNE AGENCE
SE CONNECTER
Accueil
Appartement en location
Appartement Sousse
Khezama
Khezema Ouest
S+3 en location
Video
visite 360°
Photos
Plan
Map
 +5
S+3 e...",1300,100,Appartement,1,Location,Agence,Khezema Ouest : S+3 en location,https://cdn-media.medialabtc.it/tn/agencies/sscb6/estates/62967/images/361944/detail.jpeg,"[""https://cdn-media.medialabtc.it/tn/agencies/sscb6/estates/62967/images/361944/detail.jpeg"", ""https://cdn-media.medialabtc.it/tn/agencies/sscb6/estates/62967/images/361925/gallery_media.jpeg"", ""https://cdn-media.medialabtc.it/tn/agencies/sscb6/estates/62967/images/361942/gallery_media.jpeg"", ""https://cdn-media.medialabtc.it/tn/agencies/sscb6/estates/62967/images/361938/gallery_media.jpeg"", ""https://cdn-media.medialabtc.it/tn/agencies/sscb6/images/team_member/production/986.jpeg"", ""https://cdn-media.medialabtc.it/tn/agencies/sscb6/images/team_member/production/987.jpeg"", ""https://cdn-media.medialabtc.it/tn/agencies/sscb6/images/team_member/production/1298.jpeg"", ""https://cdn-media.medialabtc.it/tn/agencies/sscb6/images/team_member/production/1387.jpeg""]",[],Tecnocasa,Tecnocasa,1,1,1,1,1,1,[],2026-02-15 21:24:08,2026-02-15 21:24:08,2026-02-15 21:24:08,,9,2026-02-15 21:24:08,N/A,N/A
62882,S+1 en location," Immobilier Professionnel
 
 Evaluer mon bien
 
 Chercher une agence
 
 Se connecter
ACCUEIL
IMMOBILIER PROFESSIONNEL
EVALUER MON BIEN
CHERCHER UNE AGENCE
SE CONNECTER
Accueil
Appartement en location
Appartement Sousse
Sousse Centre Ville
La Corniche
S+1 en location
Video
visite 360°
Photos
Plan
Map...",1250,100,Appartement,1,Location,Agence,La Corniche : S+1 en location,https://cdn-media.medialabtc.it/tn/agencies/ssca6/estates/62882/images/359692/detail.jpeg,"[""https://cdn-media.medialabtc.it/tn/agencies/ssca6/estates/62882/images/359692/detail.jpeg"", ""https://cdn-media.medialabtc.it/tn/agencies/ssca6/estates/62882/images/359696/gallery_media.jpeg"", ""https://cdn-media.medialabtc.it/tn/agencies/ssca6/estates/62882/images/359694/gallery_media.jpeg"", ""https://cdn-media.medialabtc.it/tn/agencies/ssca6/estates/62882/images/359695/gallery_media.jpeg""]",[],Tecnocasa,Tecnocasa,1,1,1,1,1,1,[],2026-02-15 21:24:08,2026-02-15 21:24:08,2026-02-15 21:24:08,,9,2026-02-15 21:24:08,N/A,N/A
63070,S+2 en location," Immobilier Professionnel
 
 Evaluer mon bien
 
 Chercher une agence
 
 Se connecter
ACCUEIL
IMMOBILIER PROFESSIONNEL
EVALUER MON BIEN
CHERCHER UNE AGENCE
SE CONNECTER
Accueil
Appartement en location
Appartement Sousse
Sahloul
Sahloul 4
S+2 en location
Video
visite 360°
Photos
Plan
Map
 +6
S+2 en lo...",1400,100,Appartement,1,Location,Agence,Sahloul 4 : S+2 en location,https://cdn-media.medialabtc.it/tn/agencies/sscb2/estates/63070/images/360964/detail.jpeg,"[""https://cdn-media.medialabtc.it/tn/agencies/sscb2/estates/63070/images/360964/detail.jpeg"", ""https://cdn-media.medialabtc.it/tn/agencies/sscb2/estates/63070/images/360962/gallery_media.jpeg"", ""https://cdn-media.medialabtc.it/tn/agencies/sscb2/estates/63070/images/360963/gallery_media.jpeg"", ""https://cdn-media.medialabtc.it/tn/agencies/sscb2/estates/63070/images/360939/gallery_media.jpeg"", ""https://cdn-media.medialabtc.it/tn/agencies/sscb2/images/team_member/production/1411.jpeg"", ""https://cdn-media.medialabtc.it/tn/agencies/sscb2/images/team_member/production/1388.jpeg"", ""https://cdn-media.medialabtc.it/tn/agencies/sscb2/images/team_member/production/1365.jpeg"", ""https://cdn-media.medialabtc.it/tn/agencies/sscb2/images/team_member/production/935.jpeg""]",[],Tecnocasa,Tecnocasa,1,1,1,1,1,1,[],2026-02-15 21:24:08,2026-02-15 21:24:08,2026-02-15 21:24:08,,9,2026-02-15 21:24:08,N/A,N/A
62897,S+2 en location," Immobilier Professionnel
 
 Evaluer mon bien
 
 Chercher une agence
 
 Se connecter
ACCUEIL
IMMOBILIER PROFESSIONNEL
EVALUER MON BIEN
CHERCHER UNE AGENCE
SE CONNECTER
Accueil
Appartement en location
Appartement Sousse
Hammam Sousse
Hammam Sousse
S+2 en location
Video
visite 360°
Photos
Plan
Map
 +2...","
850",120,Appartement,1,Location,Agence,Hammam Sousse : S+2 en location,https://cdn-media.medialabtc.it/tn/agencies/sscb3/estates/62897/images/359628/detail.jpeg,"[""https://cdn-media.medialabtc.it/tn/agencies/sscb3/estates/62897/images/359628/detail.jpeg"", ""https://cdn-media.medialabtc.it/tn/agencies/sscb3/estates/62897/images/359632/gallery_media.jpeg"", ""https://cdn-media.medialabtc.it/tn/agencies/sscb3/estates/62897/images/359629/gallery_media.jpeg"", ""https://cdn-media.medialabtc.it/tn/agencies/sscb3/estates/62897/images/359633/gallery_media.jpeg"", ""https://cdn-media.medialabtc.it/tn/agencies/sscb3/images/team_member/production/1420.jpeg"", ""https://cdn-media.medialabtc.it/tn/agencies/sscb3/images/team_member/production/1423.jpeg""]",[],Tecnocasa,Tecnocasa,1,1,1,1,1,1,[],2026-02-15 21:24:08,2026-02-15 21:24:08,2026-02-15 21:24:08,,9,2026-02-15 21:24:08,N/A,N/A
63540,S+1 en location," Immobilier Professionnel
 
 Evaluer mon bien
 
 Chercher une agence
 
 Se connecter
ACCUEIL
IMMOBILIER PROFESSIONNEL
EVALUER MON BIEN
CHERCHER UNE AGENCE
SE CONNECTER
Accueil
Appartement en location
Appartement Sousse
Sousse Centre Ville
La Corniche
S+1 en location
Video
visite 360°
Photos
Plan
Map...","
950",90,Appartement,1,Location,Agence,La Corniche : S+1 en location,https://cdn-media.medialabtc.it/tn/agencies/ssca6/estates/63540/images/366432/detail.jpeg,"[""https://cdn-media.medialabtc.it/tn/agencies/ssca6/estates/63540/images/366432/detail.jpeg"", ""https://cdn-media.medialabtc.it/tn/agencies/ssca6/estates/63540/images/366431/gallery_media.jpeg"", ""https://cdn-media.medialabtc.it/tn/agencies/ssca6/estates/63540/images/366433/gallery_media.jpeg"", ""https://cdn-media.medialabtc.it/tn/agencies/ssca6/estates/63540/images/366434/gallery_media.jpeg""]",[],Tecnocasa,Tecnocasa,1,1,1,1,1,1,[],2026-02-15 21:24:08,2026-02-15 21:24:08,2026-02-15 21:24:08,,9,2026-02-15 21:24:08,N/A,N/A
63306,S+1 en location," Immobilier Professionnel
 
 Evaluer mon bien
 
 Chercher une agence
 
 Se connecter
ACCUEIL
IMMOBILIER PROFESSIONNEL
EVALUER MON BIEN
CHERCHER UNE AGENCE
SE CONNECTER
Accueil
Appartement en location
Appartement Sousse
Sousse Centre Ville
La Corniche
S+1 en location
Video
visite 360°
Photos
Plan
Map...","
450",60,Appartement,1,Location,Agence,La Corniche : S+1 en location,https://cdn-media.medialabtc.it/tn/agencies/ssca6/estates/63306/images/364017/detail.jpeg,"[""https://cdn-media.medialabtc.it/tn/agencies/ssca6/estates/63306/images/364017/detail.jpeg"", ""https://cdn-media.medialabtc.it/tn/agencies/ssca6/estates/63306/images/363985/gallery_media.jpeg"", ""https://cdn-media.medialabtc.it/tn/agencies/ssca6/estates/63306/images/364016/gallery_media.jpeg"", ""https://cdn-media.medialabtc.it/tn/agencies/ssca6/estates/63306/images/363984/gallery_media.jpeg""]",[],Tecnocasa,Tecnocasa,1,1,1,1,1,1,[],2026-02-15 21:24:08,2026-02-15 21:24:08,2026-02-15 21:24:08,,9,2026-02-15 21:24:08,N/A,N/A
63068,S+3 en location," Immobilier Professionnel
 
 Evaluer mon bien
 
 Chercher une agence
 
 Se connecter
ACCUEIL
IMMOBILIER PROFESSIONNEL
EVALUER MON BIEN
CHERCHER UNE AGENCE
SE CONNECTER
Accueil
Appartement en location
Appartement Sousse
Sahloul
Sahloul 4
S+3 en location
Video
visite 360°
Photos
Plan
Map
 +12
S+3 en l...",1550,120,Appartement,1,Location,Agence,Sahloul 4 : S+3 en location,https://cdn-media.medialabtc.it/tn/agencies/sscb2/estates/63068/images/361085/detail.jpeg,"[""https://cdn-media.medialabtc.it/tn/agencies/sscb2/estates/63068/images/361085/detail.jpeg"", ""https://cdn-media.medialabtc.it/tn/agencies/sscb2/estates/63068/images/361084/gallery_media.jpeg"", ""https://cdn-media.medialabtc.it/tn/agencies/sscb2/estates/63068/images/361082/gallery_media.jpeg"", ""https://cdn-media.medialabtc.it/tn/agencies/sscb2/estates/63068/images/361039/gallery_media.jpeg"", ""https://cdn-media.medialabtc.it/tn/agencies/sscb2/images/team_member/production/1411.jpeg"", ""https://cdn-media.medialabtc.it/tn/agencies/sscb2/images/team_member/production/1388.jpeg"", ""https://cdn-media.medialabtc.it/tn/agencies/sscb2/images/team_member/production/1365.jpeg"", ""https://cdn-media.medialabtc.it/tn/agencies/sscb2/images/team_member/production/935.jpeg""]",[],Tecnocasa,Tecnocasa,1,1,1,1,1,1,[],2026-02-15 21:24:08,2026-02-15 21:24:08,2026-02-15 21:24:08,,9,2026-02-15 21:24:08,N/A,N/A
63544,S+2 en location," Immobilier Professionnel
 
 Evaluer mon bien
 
 Chercher une agence
 
 Se connecter
ACCUEIL
IMMOBILIER PROFESSIONNEL
EVALUER MON BIEN
CHERCHER UNE AGENCE
SE CONNECTER
Accueil
Appartement en location
Appartement Sousse
Sousse Centre Ville
La Corniche
S+2 en location
Video
visite 360°
Photos
Plan
Map...",1000,100,Appartement,1,Location,Agence,La Corniche : S+2 en location,https://cdn-media.medialabtc.it/tn/agencies/ssca6/estates/63544/images/366439/detail.jpeg,"[""https://cdn-media.medialabtc.it/tn/agencies/ssca6/estates/63544/images/366439/detail.jpeg"", ""https://cdn-media.medialabtc.it/tn/agencies/ssca6/estates/63544/images/366461/gallery_media.jpeg"", ""https://cdn-media.medialabtc.it/tn/agencies/ssca6/estates/63544/images/366438/gallery_media.jpeg"", ""https://cdn-media.medialabtc.it/tn/agencies/ssca6/estates/63544/images/366437/gallery_media.jpeg""]",[],Tecnocasa,Tecnocasa,1,1,1,1,1,1,[],2026-02-15 21:24:08,2026-02-15 21:24:08,2026-02-15 21:24:08,,9,2026-02-15 21:24:08,N/A,N/A
63287,S+1 en location," Immobilier Professionnel
 
 Evaluer mon bien
 
 Chercher une agence
 
 Se connecter
ACCUEIL
IMMOBILIER PROFESSIONNEL
EVALUER MON BIEN
CHERCHER UNE AGENCE
SE CONNECTER
Accueil
Appartement en location
Appartement Sousse
Sahloul
Sahloul 4
S+1 en location
Video
visite 360°
Photos
Plan
Map
 +3
S+1 en lo...","
800",55,Appartement,1,Location,Agence,Sahloul 4 : S+1 en location,https://cdn-media.medialabtc.it/tn/agencies/sscb2/estates/63287/images/366570/detail.jpeg,"[""https://cdn-media.medialabtc.it/tn/agencies/sscb2/estates/63287/images/366570/detail.jpeg"", ""https://cdn-media.medialabtc.it/tn/agencies/sscb2/estates/63287/images/366569/gallery_media.jpeg"", ""https://cdn-media.medialabtc.it/tn/agencies/sscb2/estates/63287/images/366574/gallery_media.jpeg"", ""https://cdn-media.medialabtc.it/tn/agencies/sscb2/estates/63287/images/366573/gallery_media.jpeg"", ""https://cdn-media.medialabtc.it/tn/agencies/sscb2/images/team_member/production/1411.jpeg"", ""https://cdn-media.medialabtc.it/tn/agencies/sscb2/images/team_member/production/1388.jpeg"", ""https://cdn-media.medialabtc.it/tn/agencies/sscb2/images/team_member/production/1365.jpeg"", ""https://cdn-media.medialabtc.it/tn/agencies/sscb2/images/team_member/production/935.jpeg""]",[],Tecnocasa,Tecnocasa,1,1,1,1,1,1,[],2026-02-15 21:24:08,2026-02-15 21:24:08,2026-02-15 21:24:08,,9,2026-02-15 21:24:08,N/A,N/A
63528,S+2 en location," Immobilier Professionnel
 
 Evaluer mon bien
 
 Chercher une agence
 
 Se connecter
ACCUEIL
IMMOBILIER PROFESSIONNEL
EVALUER MON BIEN
CHERCHER UNE AGENCE
SE CONNECTER
Accueil
Appartement en location
Appartement Sousse
Sahloul
Sahloul 4
S+2 en location
Video
visite 360°
Photos
Plan
Map
 +6
S+2 en lo...",1100,68,Appartement,1,Location,Agence,Sahloul 4 : S+2 en location,https://cdn-media.medialabtc.it/tn/agencies/sscb2/estates/63528/images/366532/detail.jpeg,"[""https://cdn-media.medialabtc.it/tn/agencies/sscb2/estates/63528/images/366532/detail.jpeg"", ""https://cdn-media.medialabtc.it/tn/agencies/sscb2/estates/63528/images/366497/gallery_media.jpeg"", ""https://cdn-media.medialabtc.it/tn/agencies/sscb2/estates/63528/images/366498/gallery_media.jpeg"", ""https://cdn-media.medialabtc.it/tn/agencies/sscb2/estates/63528/images/366500/gallery_media.jpeg"", ""https://cdn-media.medialabtc.it/tn/agencies/sscb2/images/team_member/production/1411.jpeg"", ""https://cdn-media.medialabtc.it/tn/agencies/sscb2/images/team_member/production/1388.jpeg"", ""https://cdn-media.medialabtc.it/tn/agencies/sscb2/images/team_member/production/1365.jpeg"", ""https://cdn-media.medialabtc.it/tn/agencies/sscb2/images/team_member/production/935.jpeg""]",[],Tecnocasa,Tecnocasa,1,1,1,1,1,1,[],2026-02-15 21:24:08,2026-02-15 21:24:08,2026-02-15 21:24:08,,9,2026-02-15 21:24:08,N/A,N/A
63058,Studio en location," Immobilier Professionnel
 
 Evaluer mon bien
 
 Chercher une agence
 
 Se connecter
ACCUEIL
IMMOBILIER PROFESSIONNEL
EVALUER MON BIEN
CHERCHER UNE AGENCE
SE CONNECTER
Accueil
Appartement en location
Appartement Sousse
Hergla
Hergla
Studio en location
Video
visite 360°
Photos
Plan
Map
 +4
Studio en ...","
750",40,Appartement,1,Location,Agence,Hergla : Studio en location,https://cdn-media.medialabtc.it/tn/agencies/ssgh1/estates/63058/images/361230/detail.jpeg,"[""https://cdn-media.medialabtc.it/tn/agencies/ssgh1/estates/63058/images/361230/detail.jpeg"", ""https://cdn-media.medialabtc.it/tn/agencies/ssgh1/estates/63058/images/361231/gallery_media.jpeg"", ""https://cdn-media.medialabtc.it/tn/agencies/ssgh1/estates/63058/images/361236/gallery_media.jpeg"", ""https://cdn-media.medialabtc.it/tn/agencies/ssgh1/estates/63058/images/361228/gallery_media.jpeg"", ""https://cdn-media.medialabtc.it/tn/agencies/ssgh1/images/team_member/production/840.jpeg"", ""https://cdn-media.medialabtc.it/tn/agencies/ssgh1/images/team_member/production/842.jpeg"", ""https://cdn-media.medialabtc.it/tn/agencies/ssgh1/images/team_member/production/853.jpeg"", ""https://cdn-media.medialabtc.it/tn/agencies/ssgh1/images/team_member/production/843.jpeg""]",[],Tecnocasa,Tecnocasa,1,1,1,1,1,1,[],2026-02-15 21:24:08,2026-02-15 21:24:08,2026-02-15 21:24:08,,9,2026-02-15 21:24:08,N/A,N/A
62921,S+3 en location," Immobilier Professionnel
 
 Evaluer mon bien
 
 Chercher une agence
 
 Se connecter
ACCUEIL
IMMOBILIER PROFESSIONNEL
EVALUER MON BIEN
CHERCHER UNE AGENCE
SE CONNECTER
Accueil
Appartement en location
Appartement Sousse
Sahloul
Sahloul 4
S+3 en location
Video
visite 360°
Photos
Plan
Map
 +5
S+3 en lo...",1500,120,Appartement,1,Location,Agence,Sahloul 4 : S+3 en location,https://cdn-media.medialabtc.it/tn/agencies/sscb2/estates/62921/images/366577/detail.jpeg,"[""https://cdn-media.medialabtc.it/tn/agencies/sscb2/estates/62921/images/366577/detail.jpeg"", ""https://cdn-media.medialabtc.it/tn/agencies/sscb2/estates/62921/images/366576/gallery_media.jpeg"", ""https://cdn-media.medialabtc.it/tn/agencies/sscb2/estates/62921/images/366579/gallery_media.jpeg"", ""https://cdn-media.medialabtc.it/tn/agencies/sscb2/estates/62921/images/366581/gallery_media.jpeg"", ""https://cdn-media.medialabtc.it/tn/agencies/sscb2/images/team_member/production/1411.jpeg"", ""https://cdn-media.medialabtc.it/tn/agencies/sscb2/images/team_member/production/1388.jpeg"", ""https://cdn-media.medialabtc.it/tn/agencies/sscb2/images/team_member/production/1365.jpeg"", ""https://cdn-media.medialabtc.it/tn/agencies/sscb2/images/team_member/production/935.jpeg""]",[],Tecnocasa,Tecnocasa,1,1,1,1,1,1,[],2026-02-15 21:24:08,2026-02-15 21:24:08,2026-02-15 21:24:08,,9,2026-02-15 21:24:08,N/A,N/A
63437,S+2 en location," Immobilier Professionnel
 
 Evaluer mon bien
 
 Chercher une agence
 
 Se connecter
ACCUEIL
IMMOBILIER PROFESSIONNEL
EVALUER MON BIEN
CHERCHER UNE AGENCE
SE CONNECTER
Accueil
Appartement en location
Appartement Sousse
Sahloul
Sahloul 4
S+2 en location
Video
visite 360°
Photos
Plan
Map
 +9
S+2 en lo...","
850",100,Appartement,1,Location,Agence,Sahloul 4 : S+2 en location,https://cdn-media.medialabtc.it/tn/agencies/sscb2/estates/63437/images/366568/detail.jpeg,"[""https://cdn-media.medialabtc.it/tn/agencies/sscb2/estates/63437/images/366568/detail.jpeg"", ""https://cdn-media.medialabtc.it/tn/agencies/sscb2/estates/63437/images/366557/gallery_media.jpeg"", ""https://cdn-media.medialabtc.it/tn/agencies/sscb2/estates/63437/images/366560/gallery_media.jpeg"", ""https://cdn-media.medialabtc.it/tn/agencies/sscb2/estates/63437/images/366561/gallery_media.jpeg"", ""https://cdn-media.medialabtc.it/tn/agencies/sscb2/images/team_member/production/1411.jpeg"", ""https://cdn-media.medialabtc.it/tn/agencies/sscb2/images/team_member/production/1388.jpeg"", ""https://cdn-media.medialabtc.it/tn/agencies/sscb2/images/team_member/production/1365.jpeg"", ""https://cdn-media.medialabtc.it/tn/agencies/sscb2/images/team_member/production/935.jpeg""]",[],Tecnocasa,Tecnocasa,1,1,1,1,1,1,[],2026-02-15 21:24:08,2026-02-15 21:24:08,2026-02-15 21:24:08,,9,2026-02-15 21:24:08,N/A,N/A
63067,S+1 en location," Immobilier Professionnel
 
 Evaluer mon bien
 
 Chercher une agence
 
 Se connecter
ACCUEIL
IMMOBILIER PROFESSIONNEL
EVALUER MON BIEN
CHERCHER UNE AGENCE
SE CONNECTER
Accueil
Appartement en location
Appartement Sousse
Hammam Sousse
Hammam Sousse
S+1 en location
Video
visite 360°
Photos
Plan
Map
S+1...",1100,74,Appartement,1,Location,Agence,Hammam Sousse : S+1 en location,https://cdn-media.medialabtc.it/tn/agencies/sscb6/estates/63067/images/361067/detail.jpeg,"[""https://cdn-media.medialabtc.it/tn/agencies/sscb6/estates/63067/images/361067/detail.jpeg"", ""https://cdn-media.medialabtc.it/tn/agencies/sscb6/estates/63067/images/361069/gallery_media.jpeg"", ""https://cdn-media.medialabtc.it/tn/agencies/sscb6/estates/63067/images/361068/gallery_media.jpeg"", ""https://cdn-media.medialabtc.it/tn/agencies/sscb6/estates/63067/images/361070/gallery_media.jpeg"", ""https://cdn-media.medialabtc.it/tn/agencies/sscb6/images/team_member/production/986.jpeg"", ""https://cdn-media.medialabtc.it/tn/agencies/sscb6/images/team_member/production/987.jpeg"", ""https://cdn-media.medialabtc.it/tn/agencies/sscb6/images/team_member/production/1298.jpeg"", ""https://cdn-media.medialabtc.it/tn/agencies/sscb6/images/team_member/production/1387.jpeg""]",[],Tecnocasa,Tecnocasa,1,1,1,1,1,1,[],2026-02-15 21:24:08,2026-02-15 21:24:08,2026-02-15 21:24:08,,10,2026-02-15 21:24:08,N/A,N/A
61886,S+2 en location," Immobilier Professionnel
 
 Evaluer mon bien
 
 Chercher une agence
 
 Se connecter
ACCUEIL
IMMOBILIER PROFESSIONNEL
EVALUER MON BIEN
CHERCHER UNE AGENCE
SE CONNECTER
Accueil
Appartement en location
Appartement Sousse
Sousse Centre Ville
La Corniche
S+2 en location
Video
visite 360°
Photos
Plan
Map...",1500,70,Appartement,1,Location,Agence,La Corniche : S+2 en location,https://cdn-media.medialabtc.it/tn/agencies/ssca6/estates/61886/images/361137/detail.jpeg,"[""https://cdn-media.medialabtc.it/tn/agencies/ssca6/estates/61886/images/361137/detail.jpeg"", ""https://cdn-media.medialabtc.it/tn/agencies/ssca6/estates/61886/images/361136/gallery_media.jpeg"", ""https://cdn-media.medialabtc.it/tn/agencies/ssca6/estates/61886/images/361133/gallery_media.jpeg"", ""https://cdn-media.medialabtc.it/tn/agencies/ssca6/estates/61886/images/361131/gallery_media.jpeg""]",[],Tecnocasa,Tecnocasa,1,1,1,1,1,1,[],2026-02-15 21:24:08,2026-02-15 21:24:08,2026-02-15 21:24:08,,10,2026-02-15 21:24:08,N/A,N/A
62967,S+3 en location," Immobilier Professionnel
 
 Evaluer mon bien
 
 Chercher une agence
 
 Se connecter
ACCUEIL
IMMOBILIER PROFESSIONNEL
EVALUER MON BIEN
CHERCHER UNE AGENCE
SE CONNECTER
Accueil
Appartement en location
Appartement Sousse
Khezama
Khezema Ouest
S+3 en location
Video
visite 360°
Photos
Plan
Map
 +5
S+3 e...",1300,100,Appartement,1,Location,Agence,Khezema Ouest : S+3 en location,https://cdn-media.medialabtc.it/tn/agencies/sscb6/estates/62967/images/361944/detail.jpeg,"[""https://cdn-media.medialabtc.it/tn/agencies/sscb6/estates/62967/images/361944/detail.jpeg"", ""https://cdn-media.medialabtc.it/tn/agencies/sscb6/estates/62967/images/361925/gallery_media.jpeg"", ""https://cdn-media.medialabtc.it/tn/agencies/sscb6/estates/62967/images/361942/gallery_media.jpeg"", ""https://cdn-media.medialabtc.it/tn/agencies/sscb6/estates/62967/images/361938/gallery_media.jpeg"", ""https://cdn-media.medialabtc.it/tn/agencies/sscb6/images/team_member/production/986.jpeg"", ""https://cdn-media.medialabtc.it/tn/agencies/sscb6/images/team_member/production/987.jpeg"", ""https://cdn-media.medialabtc.it/tn/agencies/sscb6/images/team_member/production/1298.jpeg"", ""https://cdn-media.medialabtc.it/tn/agencies/sscb6/images/team_member/production/1387.jpeg""]",[],Tecnocasa,Tecnocasa,1,1,1,1,1,1,[],2026-02-15 21:24:08,2026-02-15 21:24:08,2026-02-15 21:24:08,,10,2026-02-15 21:24:08,N/A,N/A
62882,S+1 en location," Immobilier Professionnel
 
 Evaluer mon bien
 
 Chercher une agence
 
 Se connecter
ACCUEIL
IMMOBILIER PROFESSIONNEL
EVALUER MON BIEN
CHERCHER UNE AGENCE
SE CONNECTER
Accueil
Appartement en location
Appartement Sousse
Sousse Centre Ville
La Corniche
S+1 en location
Video
visite 360°
Photos
Plan
Map...",1250,100,Appartement,1,Location,Agence,La Corniche : S+1 en location,https://cdn-media.medialabtc.it/tn/agencies/ssca6/estates/62882/images/359692/detail.jpeg,"[""https://cdn-media.medialabtc.it/tn/agencies/ssca6/estates/62882/images/359692/detail.jpeg"", ""https://cdn-media.medialabtc.it/tn/agencies/ssca6/estates/62882/images/359696/gallery_media.jpeg"", ""https://cdn-media.medialabtc.it/tn/agencies/ssca6/estates/62882/images/359694/gallery_media.jpeg"", ""https://cdn-media.medialabtc.it/tn/agencies/ssca6/estates/62882/images/359695/gallery_media.jpeg""]",[],Tecnocasa,Tecnocasa,1,1,1,1,1,1,[],2026-02-15 21:24:08,2026-02-15 21:24:08,2026-02-15 21:24:08,,10,2026-02-15 21:24:08,N/A,N/A
63070,S+2 en location," Immobilier Professionnel
 
 Evaluer mon bien
 
 Chercher une agence
 
 Se connecter
ACCUEIL
IMMOBILIER PROFESSIONNEL
EVALUER MON BIEN
CHERCHER UNE AGENCE
SE CONNECTER
Accueil
Appartement en location
Appartement Sousse
Sahloul
Sahloul 4
S+2 en location
Video
visite 360°
Photos
Plan
Map
 +6
S+2 en lo...",1400,100,Appartement,1,Location,Agence,Sahloul 4 : S+2 en location,https://cdn-media.medialabtc.it/tn/agencies/sscb2/estates/63070/images/360964/detail.jpeg,"[""https://cdn-media.medialabtc.it/tn/agencies/sscb2/estates/63070/images/360964/detail.jpeg"", ""https://cdn-media.medialabtc.it/tn/agencies/sscb2/estates/63070/images/360962/gallery_media.jpeg"", ""https://cdn-media.medialabtc.it/tn/agencies/sscb2/estates/63070/images/360963/gallery_media.jpeg"", ""https://cdn-media.medialabtc.it/tn/agencies/sscb2/estates/63070/images/360939/gallery_media.jpeg"", ""https://cdn-media.medialabtc.it/tn/agencies/sscb2/images/team_member/production/1411.jpeg"", ""https://cdn-media.medialabtc.it/tn/agencies/sscb2/images/team_member/production/1388.jpeg"", ""https://cdn-media.medialabtc.it/tn/agencies/sscb2/images/team_member/production/1365.jpeg"", ""https://cdn-media.medialabtc.it/tn/agencies/sscb2/images/team_member/production/935.jpeg""]",[],Tecnocasa,Tecnocasa,1,1,1,1,1,1,[],2026-02-15 21:24:08,2026-02-15 21:24:08,2026-02-15 21:24:08,,10,2026-02-15 21:24:08,N/A,N/A
62897,S+2 en location," Immobilier Professionnel
 
 Evaluer mon bien
 
 Chercher une agence
 
 Se connecter
ACCUEIL
IMMOBILIER PROFESSIONNEL
EVALUER MON BIEN
CHERCHER UNE AGENCE
SE CONNECTER
Accueil
Appartement en location
Appartement Sousse
Hammam Sousse
Hammam Sousse
S+2 en location
Video
visite 360°
Photos
Plan
Map
 +2...","
850",120,Appartement,1,Location,Agence,Hammam Sousse : S+2 en location,https://cdn-media.medialabtc.it/tn/agencies/sscb3/estates/62897/images/359628/detail.jpeg,"[""https://cdn-media.medialabtc.it/tn/agencies/sscb3/estates/62897/images/359628/detail.jpeg"", ""https://cdn-media.medialabtc.it/tn/agencies/sscb3/estates/62897/images/359632/gallery_media.jpeg"", ""https://cdn-media.medialabtc.it/tn/agencies/sscb3/estates/62897/images/359629/gallery_media.jpeg"", ""https://cdn-media.medialabtc.it/tn/agencies/sscb3/estates/62897/images/359633/gallery_media.jpeg"", ""https://cdn-media.medialabtc.it/tn/agencies/sscb3/images/team_member/production/1420.jpeg"", ""https://cdn-media.medialabtc.it/tn/agencies/sscb3/images/team_member/production/1423.jpeg""]",[],Tecnocasa,Tecnocasa,1,1,1,1,1,1,[],2026-02-15 21:24:08,2026-02-15 21:24:08,2026-02-15 21:24:08,,10,2026-02-15 21:24:08,N/A,N/A
63540,S+1 en location," Immobilier Professionnel
 
 Evaluer mon bien
 
 Chercher une agence
 
 Se connecter
ACCUEIL
IMMOBILIER PROFESSIONNEL
EVALUER MON BIEN
CHERCHER UNE AGENCE
SE CONNECTER
Accueil
Appartement en location
Appartement Sousse
Sousse Centre Ville
La Corniche
S+1 en location
Video
visite 360°
Photos
Plan
Map...","
950",90,Appartement,1,Location,Agence,La Corniche : S+1 en location,https://cdn-media.medialabtc.it/tn/agencies/ssca6/estates/63540/images/366432/detail.jpeg,"[""https://cdn-media.medialabtc.it/tn/agencies/ssca6/estates/63540/images/366432/detail.jpeg"", ""https://cdn-media.medialabtc.it/tn/agencies/ssca6/estates/63540/images/366431/gallery_media.jpeg"", ""https://cdn-media.medialabtc.it/tn/agencies/ssca6/estates/63540/images/366433/gallery_media.jpeg"", ""https://cdn-media.medialabtc.it/tn/agencies/ssca6/estates/63540/images/366434/gallery_media.jpeg""]",[],Tecnocasa,Tecnocasa,1,1,1,1,1,1,[],2026-02-15 21:24:08,2026-02-15 21:24:08,2026-02-15 21:24:08,,10,2026-02-15 21:24:08,N/A,N/A
63306,S+1 en location," Immobilier Professionnel
 
 Evaluer mon bien
 
 Chercher une agence
 
 Se connecter
ACCUEIL
IMMOBILIER PROFESSIONNEL
EVALUER MON BIEN
CHERCHER UNE AGENCE
SE CONNECTER
Accueil
Appartement en location
Appartement Sousse
Sousse Centre Ville
La Corniche
S+1 en location
Video
visite 360°
Photos
Plan
Map...","
450",60,Appartement,1,Location,Agence,La Corniche : S+1 en location,https://cdn-media.medialabtc.it/tn/agencies/ssca6/estates/63306/images/364017/detail.jpeg,"[""https://cdn-media.medialabtc.it/tn/agencies/ssca6/estates/63306/images/364017/detail.jpeg"", ""https://cdn-media.medialabtc.it/tn/agencies/ssca6/estates/63306/images/363985/gallery_media.jpeg"", ""https://cdn-media.medialabtc.it/tn/agencies/ssca6/estates/63306/images/364016/gallery_media.jpeg"", ""https://cdn-media.medialabtc.it/tn/agencies/ssca6/estates/63306/images/363984/gallery_media.jpeg""]",[],Tecnocasa,Tecnocasa,1,1,1,1,1,1,[],2026-02-15 21:24:08,2026-02-15 21:24:08,2026-02-15 21:24:08,,10,2026-02-15 21:24:08,N/A,N/A
63068,S+3 en location," Immobilier Professionnel
 
 Evaluer mon bien
 
 Chercher une agence
 
 Se connecter
ACCUEIL
IMMOBILIER PROFESSIONNEL
EVALUER MON BIEN
CHERCHER UNE AGENCE
SE CONNECTER
Accueil
Appartement en location
Appartement Sousse
Sahloul
Sahloul 4
S+3 en location
Video
visite 360°
Photos
Plan
Map
 +12
S+3 en l...",1550,120,Appartement,1,Location,Agence,Sahloul 4 : S+3 en location,https://cdn-media.medialabtc.it/tn/agencies/sscb2/estates/63068/images/361085/detail.jpeg,"[""https://cdn-media.medialabtc.it/tn/agencies/sscb2/estates/63068/images/361085/detail.jpeg"", ""https://cdn-media.medialabtc.it/tn/agencies/sscb2/estates/63068/images/361084/gallery_media.jpeg"", ""https://cdn-media.medialabtc.it/tn/agencies/sscb2/estates/63068/images/361082/gallery_media.jpeg"", ""https://cdn-media.medialabtc.it/tn/agencies/sscb2/estates/63068/images/361039/gallery_media.jpeg"", ""https://cdn-media.medialabtc.it/tn/agencies/sscb2/images/team_member/production/1411.jpeg"", ""https://cdn-media.medialabtc.it/tn/agencies/sscb2/images/team_member/production/1388.jpeg"", ""https://cdn-media.medialabtc.it/tn/agencies/sscb2/images/team_member/production/1365.jpeg"", ""https://cdn-media.medialabtc.it/tn/agencies/sscb2/images/team_member/production/935.jpeg""]",[],Tecnocasa,Tecnocasa,1,1,1,1,1,1,[],2026-02-15 21:24:08,2026-02-15 21:24:08,2026-02-15 21:24:08,,10,2026-02-15 21:24:08,N/A,N/A
63544,S+2 en location," Immobilier Professionnel
 
 Evaluer mon bien
 
 Chercher une agence
 
 Se connecter
ACCUEIL
IMMOBILIER PROFESSIONNEL
EVALUER MON BIEN
CHERCHER UNE AGENCE
SE CONNECTER
Accueil
Appartement en location
Appartement Sousse
Sousse Centre Ville
La Corniche
S+2 en location
Video
visite 360°
Photos
Plan
Map...",1000,100,Appartement,1,Location,Agence,La Corniche : S+2 en location,https://cdn-media.medialabtc.it/tn/agencies/ssca6/estates/63544/images/366439/detail.jpeg,"[""https://cdn-media.medialabtc.it/tn/agencies/ssca6/estates/63544/images/366439/detail.jpeg"", ""https://cdn-media.medialabtc.it/tn/agencies/ssca6/estates/63544/images/366461/gallery_media.jpeg"", ""https://cdn-media.medialabtc.it/tn/agencies/ssca6/estates/63544/images/366438/gallery_media.jpeg"", ""https://cdn-media.medialabtc.it/tn/agencies/ssca6/estates/63544/images/366437/gallery_media.jpeg""]",[],Tecnocasa,Tecnocasa,1,1,1,1,1,1,[],2026-02-15 21:24:08,2026-02-15 21:24:08,2026-02-15 21:24:08,,10,2026-02-15 21:24:08,N/A,N/A
63287,S+1 en location," Immobilier Professionnel
 
 Evaluer mon bien
 
 Chercher une agence
 
 Se connecter
ACCUEIL
IMMOBILIER PROFESSIONNEL
EVALUER MON BIEN
CHERCHER UNE AGENCE
SE CONNECTER
Accueil
Appartement en location
Appartement Sousse
Sahloul
Sahloul 4
S+1 en location
Video
visite 360°
Photos
Plan
Map
 +3
S+1 en lo...","
800",55,Appartement,1,Location,Agence,Sahloul 4 : S+1 en location,https://cdn-media.medialabtc.it/tn/agencies/sscb2/estates/63287/images/366570/detail.jpeg,"[""https://cdn-media.medialabtc.it/tn/agencies/sscb2/estates/63287/images/366570/detail.jpeg"", ""https://cdn-media.medialabtc.it/tn/agencies/sscb2/estates/63287/images/366569/gallery_media.jpeg"", ""https://cdn-media.medialabtc.it/tn/agencies/sscb2/estates/63287/images/366574/gallery_media.jpeg"", ""https://cdn-media.medialabtc.it/tn/agencies/sscb2/estates/63287/images/366573/gallery_media.jpeg"", ""https://cdn-media.medialabtc.it/tn/agencies/sscb2/images/team_member/production/1411.jpeg"", ""https://cdn-media.medialabtc.it/tn/agencies/sscb2/images/team_member/production/1388.jpeg"", ""https://cdn-media.medialabtc.it/tn/agencies/sscb2/images/team_member/production/1365.jpeg"", ""https://cdn-media.medialabtc.it/tn/agencies/sscb2/images/team_member/production/935.jpeg""]",[],Tecnocasa,Tecnocasa,1,1,1,1,1,1,[],2026-02-15 21:24:08,2026-02-15 21:24:08,2026-02-15 21:24:08,,10,2026-02-15 21:24:08,N/A,N/A
63528,S+2 en location," Immobilier Professionnel
 
 Evaluer mon bien
 
 Chercher une agence
 
 Se connecter
ACCUEIL
IMMOBILIER PROFESSIONNEL
EVALUER MON BIEN
CHERCHER UNE AGENCE
SE CONNECTER
Accueil
Appartement en location
Appartement Sousse
Sahloul
Sahloul 4
S+2 en location
Video
visite 360°
Photos
Plan
Map
 +6
S+2 en lo...",1100,68,Appartement,1,Location,Agence,Sahloul 4 : S+2 en location,https://cdn-media.medialabtc.it/tn/agencies/sscb2/estates/63528/images/366532/detail.jpeg,"[""https://cdn-media.medialabtc.it/tn/agencies/sscb2/estates/63528/images/366532/detail.jpeg"", ""https://cdn-media.medialabtc.it/tn/agencies/sscb2/estates/63528/images/366497/gallery_media.jpeg"", ""https://cdn-media.medialabtc.it/tn/agencies/sscb2/estates/63528/images/366498/gallery_media.jpeg"", ""https://cdn-media.medialabtc.it/tn/agencies/sscb2/estates/63528/images/366500/gallery_media.jpeg"", ""https://cdn-media.medialabtc.it/tn/agencies/sscb2/images/team_member/production/1411.jpeg"", ""https://cdn-media.medialabtc.it/tn/agencies/sscb2/images/team_member/production/1388.jpeg"", ""https://cdn-media.medialabtc.it/tn/agencies/sscb2/images/team_member/production/1365.jpeg"", ""https://cdn-media.medialabtc.it/tn/agencies/sscb2/images/team_member/production/935.jpeg""]",[],Tecnocasa,Tecnocasa,1,1,1,1,1,1,[],2026-02-15 21:24:08,2026-02-15 21:24:08,2026-02-15 21:24:08,,10,2026-02-15 21:24:08,N/A,N/A
63058,Studio en location," Immobilier Professionnel
 
 Evaluer mon bien
 
 Chercher une agence
 
 Se connecter
ACCUEIL
IMMOBILIER PROFESSIONNEL
EVALUER MON BIEN
CHERCHER UNE AGENCE
SE CONNECTER
Accueil
Appartement en location
Appartement Sousse
Hergla
Hergla
Studio en location
Video
visite 360°
Photos
Plan
Map
 +4
Studio en ...","
750",40,Appartement,1,Location,Agence,Hergla : Studio en location,https://cdn-media.medialabtc.it/tn/agencies/ssgh1/estates/63058/images/361230/detail.jpeg,"[""https://cdn-media.medialabtc.it/tn/agencies/ssgh1/estates/63058/images/361230/detail.jpeg"", ""https://cdn-media.medialabtc.it/tn/agencies/ssgh1/estates/63058/images/361231/gallery_media.jpeg"", ""https://cdn-media.medialabtc.it/tn/agencies/ssgh1/estates/63058/images/361236/gallery_media.jpeg"", ""https://cdn-media.medialabtc.it/tn/agencies/ssgh1/estates/63058/images/361228/gallery_media.jpeg"", ""https://cdn-media.medialabtc.it/tn/agencies/ssgh1/images/team_member/production/840.jpeg"", ""https://cdn-media.medialabtc.it/tn/agencies/ssgh1/images/team_member/production/842.jpeg"", ""https://cdn-media.medialabtc.it/tn/agencies/ssgh1/images/team_member/production/853.jpeg"", ""https://cdn-media.medialabtc.it/tn/agencies/ssgh1/images/team_member/production/843.jpeg""]",[],Tecnocasa,Tecnocasa,1,1,1,1,1,1,[],2026-02-15 21:24:08,2026-02-15 21:24:08,2026-02-15 21:24:08,,10,2026-02-15 21:24:08,N/A,N/A
62921,S+3 en location," Immobilier Professionnel
 
 Evaluer mon bien
 
 Chercher une agence
 
 Se connecter
ACCUEIL
IMMOBILIER PROFESSIONNEL
EVALUER MON BIEN
CHERCHER UNE AGENCE
SE CONNECTER
Accueil
Appartement en location
Appartement Sousse
Sahloul
Sahloul 4
S+3 en location
Video
visite 360°
Photos
Plan
Map
 +5
S+3 en lo...",1500,120,Appartement,1,Location,Agence,Sahloul 4 : S+3 en location,https://cdn-media.medialabtc.it/tn/agencies/sscb2/estates/62921/images/366577/detail.jpeg,"[""https://cdn-media.medialabtc.it/tn/agencies/sscb2/estates/62921/images/366577/detail.jpeg"", ""https://cdn-media.medialabtc.it/tn/agencies/sscb2/estates/62921/images/366576/gallery_media.jpeg"", ""https://cdn-media.medialabtc.it/tn/agencies/sscb2/estates/62921/images/366579/gallery_media.jpeg"", ""https://cdn-media.medialabtc.it/tn/agencies/sscb2/estates/62921/images/366581/gallery_media.jpeg"", ""https://cdn-media.medialabtc.it/tn/agencies/sscb2/images/team_member/production/1411.jpeg"", ""https://cdn-media.medialabtc.it/tn/agencies/sscb2/images/team_member/production/1388.jpeg"", ""https://cdn-media.medialabtc.it/tn/agencies/sscb2/images/team_member/production/1365.jpeg"", ""https://cdn-media.medialabtc.it/tn/agencies/sscb2/images/team_member/production/935.jpeg""]",[],Tecnocasa,Tecnocasa,1,1,1,1,1,1,[],2026-02-15 21:24:08,2026-02-15 21:24:08,2026-02-15 21:24:08,,10,2026-02-15 21:24:08,N/A,N/A
63437,S+2 en location," Immobilier Professionnel
 
 Evaluer mon bien
 
 Chercher une agence
 
 Se connecter
ACCUEIL
IMMOBILIER PROFESSIONNEL
EVALUER MON BIEN
CHERCHER UNE AGENCE
SE CONNECTER
Accueil
Appartement en location
Appartement Sousse
Sahloul
Sahloul 4
S+2 en location
Video
visite 360°
Photos
Plan
Map
 +9
S+2 en lo...","
850",100,Appartement,1,Location,Agence,Sahloul 4 : S+2 en location,https://cdn-media.medialabtc.it/tn/agencies/sscb2/estates/63437/images/366568/detail.jpeg,"[""https://cdn-media.medialabtc.it/tn/agencies/sscb2/estates/63437/images/366568/detail.jpeg"", ""https://cdn-media.medialabtc.it/tn/agencies/sscb2/estates/63437/images/366557/gallery_media.jpeg"", ""https://cdn-media.medialabtc.it/tn/agencies/sscb2/estates/63437/images/366560/gallery_media.jpeg"", ""https://cdn-media.medialabtc.it/tn/agencies/sscb2/estates/63437/images/366561/gallery_media.jpeg"", ""https://cdn-media.medialabtc.it/tn/agencies/sscb2/images/team_member/production/1411.jpeg"", ""https://cdn-media.medialabtc.it/tn/agencies/sscb2/images/team_member/production/1388.jpeg"", ""https://cdn-media.medialabtc.it/tn/agencies/sscb2/images/team_member/production/1365.jpeg"", ""https://cdn-media.medialabtc.it/tn/agencies/sscb2/images/team_member/production/935.jpeg""]",[],Tecnocasa,Tecnocasa,1,1,1,1,1,1,[],2026-02-15 21:24:08,2026-02-15 21:24:08,2026-02-15 21:24:08,,10,2026-02-15 21:24:08,N/A,N/A
63423,S+1 en location," Immobilier Professionnel
 
 Evaluer mon bien
 
 Chercher une agence
 
 Se connecter
ACCUEIL
IMMOBILIER PROFESSIONNEL
EVALUER MON BIEN
CHERCHER UNE AGENCE
SE CONNECTER
Accueil
Appartement en location
Appartement Monastir
Sahline
Sahline
S+1 en location
Video
visite 360°
Photos
Plan
Map
 +2
S+1 en lo...","
450",70,Appartement,1,Location,Agence,Sahline : S+1 en location,https://cdn-media.medialabtc.it/tn/agencies/moca4/estates/63423/images/364359/detail.jpeg,"[""https://cdn-media.medialabtc.it/tn/agencies/moca4/estates/63423/images/364359/detail.jpeg"", ""https://cdn-media.medialabtc.it/tn/agencies/moca4/estates/63423/images/364360/gallery_media.jpeg"", ""https://cdn-media.medialabtc.it/tn/agencies/moca4/estates/63423/images/364401/gallery_media.jpeg"", ""https://cdn-media.medialabtc.it/tn/agencies/moca4/estates/63423/images/364402/gallery_media.jpeg""]",[],Tecnocasa,Tecnocasa,1,1,1,1,1,1,[],2026-02-15 21:24:08,2026-02-15 21:24:08,2026-02-15 21:24:08,,1,2026-02-15 21:24:08,N/A,N/A
60518,S+2 en location," Immobilier Professionnel
 
 Evaluer mon bien
 
 Chercher une agence
 
 Se connecter
ACCUEIL
IMMOBILIER PROFESSIONNEL
EVALUER MON BIEN
CHERCHER UNE AGENCE
SE CONNECTER
Accueil
Appartement en location
Appartement Monastir
Monastir
Skanes La Falaise
S+2 en location
Video
visite 360°
Photos
Plan
Map
 +...","
750",90,Appartement,1,Location,Agence,Skanes La Falaise : S+2 en location,https://cdn-media.medialabtc.it/tn/agencies/moca1/estates/60518/images/341322/detail.jpeg,"[""https://cdn-media.medialabtc.it/tn/agencies/moca1/estates/60518/images/341322/detail.jpeg"", ""https://cdn-media.medialabtc.it/tn/agencies/moca1/estates/60518/images/341321/gallery_media.jpeg"", ""https://cdn-media.medialabtc.it/tn/agencies/moca1/estates/60518/images/341318/gallery_media.jpeg"", ""https://cdn-media.medialabtc.it/tn/agencies/moca1/estates/60518/images/341319/gallery_media.jpeg"", ""https://cdn-media.medialabtc.it/tn/agencies/moca1/images/team_member/production/1069.jpeg"", ""https://cdn-media.medialabtc.it/tn/agencies/moca1/images/team_member/production/1518.jpeg"", ""https://cdn-media.medialabtc.it/tn/agencies/moca1/images/team_member/production/1688.jpeg"", ""https://cdn-media.medialabtc.it/tn/agencies/moca1/images/team_member/production/1687.jpeg"", ""https://cdn-media.medialabtc.it/tn/agencies/moca1/images/team_member/production/1689.jpeg"", ""https://cdn-media.medialabtc.it/tn/agencies/moca1/images/team_member/production/730.jpeg""]",[],Tecnocasa,Tecnocasa,1,1,1,1,1,1,[],2026-02-15 21:24:08,2026-02-15 21:24:08,2026-02-15 21:24:08,,1,2026-02-15 21:24:08,N/A,N/A
63779,S+2 en location," Immobilier Professionnel
 
 Evaluer mon bien
 
 Chercher une agence
 
 Se connecter
ACCUEIL
IMMOBILIER PROFESSIONNEL
EVALUER MON BIEN
CHERCHER UNE AGENCE
SE CONNECTER
Accueil
Appartement en location
Appartement Monastir
Ksar Hellal
Ksar Hellal
S+2 en location
Video
visite 360°
Photos
Plan
Map
 +8
S...","
450",80,Appartement,1,Location,Agence,Ksar Hellal : S+2 en location,https://cdn-media.medialabtc.it/tn/agencies/moca5/estates/63779/images/368172/detail.jpeg,"[""https://cdn-media.medialabtc.it/tn/agencies/moca5/estates/63779/images/368172/detail.jpeg"", ""https://cdn-media.medialabtc.it/tn/agencies/moca5/estates/63779/images/368166/gallery_media.jpeg"", ""https://cdn-media.medialabtc.it/tn/agencies/moca5/estates/63779/images/368158/gallery_media.jpeg"", ""https://cdn-media.medialabtc.it/tn/agencies/moca5/estates/63779/images/368159/gallery_media.jpeg"", ""https://cdn-media.medialabtc.it/tn/agencies/moca5/images/team_member/production/1017.jpeg"", ""https://cdn-media.medialabtc.it/tn/agencies/moca5/images/team_member/production/1021.jpeg"", ""https://cdn-media.medialabtc.it/tn/agencies/moca5/images/team_member/production/1052.jpeg"", ""https://cdn-media.medialabtc.it/tn/agencies/moca5/images/team_member/production/1020.jpeg""]",[],Tecnocasa,Tecnocasa,1,1,1,1,1,1,[],2026-02-15 21:24:08,2026-02-15 21:24:08,2026-02-15 21:24:08,,1,2026-02-15 21:24:08,N/A,N/A
63660,S+3 en location," Immobilier Professionnel
 
 Evaluer mon bien
 
 Chercher une agence
 
 Se connecter
ACCUEIL
IMMOBILIER PROFESSIONNEL
EVALUER MON BIEN
CHERCHER UNE AGENCE
SE CONNECTER
Accueil
Appartement en location
Appartement Monastir
Ksar Hellal
Ksar Hellal
S+3 en location
Video
visite 360°
Photos
Plan
Map
 +9
S...","
750",100,Appartement,1,Location,Agence,Ksar Hellal : S+3 en location,https://cdn-media.medialabtc.it/tn/agencies/moca5/estates/63660/images/366948/detail.jpeg,"[""https://cdn-media.medialabtc.it/tn/agencies/moca5/estates/63660/images/366948/detail.jpeg"", ""https://cdn-media.medialabtc.it/tn/agencies/moca5/estates/63660/images/366917/gallery_media.jpeg"", ""https://cdn-media.medialabtc.it/tn/agencies/moca5/estates/63660/images/366916/gallery_media.jpeg"", ""https://cdn-media.medialabtc.it/tn/agencies/moca5/estates/63660/images/366918/gallery_media.jpeg"", ""https://cdn-media.medialabtc.it/tn/agencies/moca5/images/team_member/production/1017.jpeg"", ""https://cdn-media.medialabtc.it/tn/agencies/moca5/images/team_member/production/1021.jpeg"", ""https://cdn-media.medialabtc.it/tn/agencies/moca5/images/team_member/production/1052.jpeg"", ""https://cdn-media.medialabtc.it/tn/agencies/moca5/images/team_member/production/1020.jpeg""]",[],Tecnocasa,Tecnocasa,1,1,1,1,1,1,[],2026-02-15 21:24:08,2026-02-15 21:24:08,2026-02-15 21:24:08,,1,2026-02-15 21:24:08,N/A,N/A
57164,S+2 en location," Immobilier Professionnel
 
 Evaluer mon bien
 
 Chercher une agence
 
 Se connecter
ACCUEIL
IMMOBILIER PROFESSIONNEL
EVALUER MON BIEN
CHERCHER UNE AGENCE
SE CONNECTER
Accueil
Appartement en location
Appartement Monastir
Bekalta
Bekalta
S+2 en location
Video
visite 360°
Photos
Plan
Map
 +3
S+2 en lo...","
500",120,Appartement,1,Location,Agence,Bekalta : S+2 en location,https://cdn-media.medialabtc.it/tn/agencies/moca9/estates/57164/images/308787/detail.jpeg,"[""https://cdn-media.medialabtc.it/tn/agencies/moca9/estates/57164/images/308787/detail.jpeg"", ""https://cdn-media.medialabtc.it/tn/agencies/moca9/estates/57164/images/308786/gallery_media.jpeg"", ""https://cdn-media.medialabtc.it/tn/agencies/moca9/estates/57164/images/308785/gallery_media.jpeg"", ""https://cdn-media.medialabtc.it/tn/agencies/moca9/estates/57164/images/308741/gallery_media.jpeg"", ""https://cdn-media.medialabtc.it/tn/agencies/moca9/images/team_member/production/1402.jpeg"", ""https://cdn-media.medialabtc.it/tn/agencies/moca9/images/team_member/production/1512.jpeg""]",[],Tecnocasa,Tecnocasa,1,1,1,1,1,1,[],2026-02-15 21:24:08,2026-02-15 21:24:08,2026-02-15 21:24:08,,1,2026-02-15 21:24:08,N/A,N/A
63525,S+2 en location," Immobilier Professionnel
 
 Evaluer mon bien
 
 Chercher une agence
 
 Se connecter
ACCUEIL
IMMOBILIER PROFESSIONNEL
EVALUER MON BIEN
CHERCHER UNE AGENCE
SE CONNECTER
Accueil
Appartement en location
Appartement Monastir
Sahline
Sahline
S+2 en location
Video
visite 360°
Photos
Plan
Map
 +2
S+2 en lo...","
500",70,Appartement,1,Location,Agence,Sahline : S+2 en location,https://cdn-media.medialabtc.it/tn/agencies/moca4/estates/63525/images/366792/detail.jpeg,"[""https://cdn-media.medialabtc.it/tn/agencies/moca4/estates/63525/images/366792/detail.jpeg"", ""https://cdn-media.medialabtc.it/tn/agencies/moca4/estates/63525/images/366793/gallery_media.jpeg"", ""https://cdn-media.medialabtc.it/tn/agencies/moca4/estates/63525/images/366794/gallery_media.jpeg"", ""https://cdn-media.medialabtc.it/tn/agencies/moca4/estates/63525/images/366795/gallery_media.jpeg""]",[],Tecnocasa,Tecnocasa,1,1,1,1,1,1,[],2026-02-15 21:24:08,2026-02-15 21:24:08,2026-02-15 21:24:08,,1,2026-02-15 21:24:08,N/A,N/A
63575,S+3 en location," Immobilier Professionnel
 
 Evaluer mon bien
 
 Chercher une agence
 
 Se connecter
ACCUEIL
IMMOBILIER PROFESSIONNEL
EVALUER MON BIEN
CHERCHER UNE AGENCE
SE CONNECTER
Accueil
Appartement en location
Appartement Monastir
Monastir
Skanes La Falaise
S+3 en location
Video
visite 360°
Photos
Plan
Map
 +...","
700",85,Appartement,1,Location,Agence,Skanes La Falaise : S+3 en location,https://cdn-media.medialabtc.it/tn/agencies/moca1/estates/63575/images/367230/detail.jpeg,"[""https://cdn-media.medialabtc.it/tn/agencies/moca1/estates/63575/images/367230/detail.jpeg"", ""https://cdn-media.medialabtc.it/tn/agencies/moca1/estates/63575/images/367231/gallery_media.jpeg"", ""https://cdn-media.medialabtc.it/tn/agencies/moca1/estates/63575/images/367232/gallery_media.jpeg"", ""https://cdn-media.medialabtc.it/tn/agencies/moca1/estates/63575/images/367229/gallery_media.jpeg"", ""https://cdn-media.medialabtc.it/tn/agencies/moca1/images/team_member/production/1069.jpeg"", ""https://cdn-media.medialabtc.it/tn/agencies/moca1/images/team_member/production/1518.jpeg"", ""https://cdn-media.medialabtc.it/tn/agencies/moca1/images/team_member/production/1688.jpeg"", ""https://cdn-media.medialabtc.it/tn/agencies/moca1/images/team_member/production/1687.jpeg"", ""https://cdn-media.medialabtc.it/tn/agencies/moca1/images/team_member/production/1689.jpeg"", ""https://cdn-media.medialabtc.it/tn/agencies/moca1/images/team_member/production/730.jpeg""]",[],Tecnocasa,Tecnocasa,1,1,1,1,1,1,[],2026-02-15 21:24:08,2026-02-15 21:24:08,2026-02-15 21:24:08,,1,2026-02-15 21:24:08,N/A,N/A
63324,S+2 en location," Immobilier Professionnel
 
 Evaluer mon bien
 
 Chercher une agence
 
 Se connecter
ACCUEIL
IMMOBILIER PROFESSIONNEL
EVALUER MON BIEN
CHERCHER UNE AGENCE
SE CONNECTER
Accueil
Appartement en location
Appartement Monastir
Monastir
Cité El Agba
S+2 en location
Video
visite 360°
Photos
Plan
Map
 +6
S+2...",1050,100,Appartement,1,Location,Agence,Cité El Agba : S+2 en location,https://cdn-media.medialabtc.it/tn/agencies/moca2/estates/63324/images/363733/detail.jpeg,"[""https://cdn-media.medialabtc.it/tn/agencies/moca2/estates/63324/images/363733/detail.jpeg"", ""https://cdn-media.medialabtc.it/tn/agencies/moca2/estates/63324/images/363734/gallery_media.jpeg"", ""https://cdn-media.medialabtc.it/tn/agencies/moca2/estates/63324/images/363729/gallery_media.jpeg"", ""https://cdn-media.medialabtc.it/tn/agencies/moca2/estates/63324/images/363730/gallery_media.jpeg"", ""https://cdn-media.medialabtc.it/tn/agencies/moca2/images/team_member/production/571.jpeg"", ""https://cdn-media.medialabtc.it/tn/agencies/moca2/images/team_member/production/820.jpeg""]",[],Tecnocasa,Tecnocasa,1,1,1,1,1,1,[],2026-02-15 21:24:08,2026-02-15 21:24:08,2026-02-15 21:24:08,,1,2026-02-15 21:24:08,N/A,N/A
63248,S+2 en location," Immobilier Professionnel
 
 Evaluer mon bien
 
 Chercher une agence
 
 Se connecter
ACCUEIL
IMMOBILIER PROFESSIONNEL
EVALUER MON BIEN
CHERCHER UNE AGENCE
SE CONNECTER
Accueil
Appartement en location
Appartement Monastir
Monastir
Cité El Agba
S+2 en location
Video
visite 360°
Photos
Plan
Map
 +3
S+2...",1200,84,Appartement,1,Location,Agence,Cité El Agba : S+2 en location,https://cdn-media.medialabtc.it/tn/agencies/moca2/estates/63248/images/363680/detail.jpeg,"[""https://cdn-media.medialabtc.it/tn/agencies/moca2/estates/63248/images/363680/detail.jpeg"", ""https://cdn-media.medialabtc.it/tn/agencies/moca2/estates/63248/images/363723/gallery_media.jpeg"", ""https://cdn-media.medialabtc.it/tn/agencies/moca2/estates/63248/images/363726/gallery_media.jpeg"", ""https://cdn-media.medialabtc.it/tn/agencies/moca2/estates/63248/images/363725/gallery_media.jpeg"", ""https://cdn-media.medialabtc.it/tn/agencies/moca2/images/team_member/production/571.jpeg"", ""https://cdn-media.medialabtc.it/tn/agencies/moca2/images/team_member/production/820.jpeg""]",[],Tecnocasa,Tecnocasa,1,1,1,1,1,1,[],2026-02-15 21:24:08,2026-02-15 21:24:08,2026-02-15 21:24:08,,1,2026-02-15 21:24:08,N/A,N/A
63688,S+2 en location," Immobilier Professionnel
 
 Evaluer mon bien
 
 Chercher une agence
 
 Se connecter
ACCUEIL
IMMOBILIER PROFESSIONNEL
EVALUER MON BIEN
CHERCHER UNE AGENCE
SE CONNECTER
Accueil
Appartement en location
Appartement Monastir
Ksar Hellal
Ksar Hellal
S+2 en location
Video
visite 360°
Photos
Plan
Map
 +7
S...","
450",75,Appartement,1,Location,Agence,Ksar Hellal : S+2 en location,https://cdn-media.medialabtc.it/tn/agencies/moca5/estates/63688/images/367630/detail.jpeg,"[""https://cdn-media.medialabtc.it/tn/agencies/moca5/estates/63688/images/367630/detail.jpeg"", ""https://cdn-media.medialabtc.it/tn/agencies/moca5/estates/63688/images/367632/gallery_media.jpeg"", ""https://cdn-media.medialabtc.it/tn/agencies/moca5/estates/63688/images/367633/gallery_media.jpeg"", ""https://cdn-media.medialabtc.it/tn/agencies/moca5/estates/63688/images/367634/gallery_media.jpeg"", ""https://cdn-media.medialabtc.it/tn/agencies/moca5/images/team_member/production/1017.jpeg"", ""https://cdn-media.medialabtc.it/tn/agencies/moca5/images/team_member/production/1021.jpeg"", ""https://cdn-media.medialabtc.it/tn/agencies/moca5/images/team_member/production/1052.jpeg"", ""https://cdn-media.medialabtc.it/tn/agencies/moca5/images/team_member/production/1020.jpeg""]",[],Tecnocasa,Tecnocasa,1,1,1,1,1,1,[],2026-02-15 21:24:08,2026-02-15 21:24:08,2026-02-15 21:24:08,,1,2026-02-15 21:24:08,N/A,N/A
63130,S+2 en location," Immobilier Professionnel
 
 Evaluer mon bien
 
 Chercher une agence
 
 Se connecter
ACCUEIL
IMMOBILIER PROFESSIONNEL
EVALUER MON BIEN
CHERCHER UNE AGENCE
SE CONNECTER
Accueil
Appartement en location
Appartement Monastir
Monastir
Monastir Centre-Ville
S+2 en location
Video
visite 360°
Photos
Plan
Ma...","
650",68,Appartement,1,Location,Agence,Monastir Centre-Ville : S+2 en location,https://cdn-media.medialabtc.it/tn/agencies/moca2/estates/63130/images/368249/detail.jpeg,"[""https://cdn-media.medialabtc.it/tn/agencies/moca2/estates/63130/images/368249/detail.jpeg"", ""https://cdn-media.medialabtc.it/tn/agencies/moca2/estates/63130/images/368248/gallery_media.jpeg"", ""https://cdn-media.medialabtc.it/tn/agencies/moca2/estates/63130/images/368250/gallery_media.jpeg"", ""https://www.tecnocasa.tn/img/estate-placeholder.jpg"", ""https://cdn-media.medialabtc.it/tn/agencies/moca2/images/team_member/production/571.jpeg"", ""https://cdn-media.medialabtc.it/tn/agencies/moca2/images/team_member/production/820.jpeg""]",[],Tecnocasa,Tecnocasa,1,1,1,1,1,1,[],2026-02-15 21:24:08,2026-02-15 21:24:08,2026-02-15 21:24:08,,1,2026-02-15 21:24:08,N/A,N/A
63076,S+2 en location," Immobilier Professionnel
 
 Evaluer mon bien
 
 Chercher une agence
 
 Se connecter
ACCUEIL
IMMOBILIER PROFESSIONNEL
EVALUER MON BIEN
CHERCHER UNE AGENCE
SE CONNECTER
Accueil
Appartement en location
Appartement Monastir
Monastir
Cité El Agba
S+2 en location
Video
visite 360°
Photos
Plan
Map
 +6
S+2...",1100,100,Appartement,1,Location,Agence,Cité El Agba : S+2 en location,https://cdn-media.medialabtc.it/tn/agencies/moca2/estates/63076/images/363739/detail.jpeg,"[""https://cdn-media.medialabtc.it/tn/agencies/moca2/estates/63076/images/363739/detail.jpeg"", ""https://cdn-media.medialabtc.it/tn/agencies/moca2/estates/63076/images/363741/gallery_media.jpeg"", ""https://cdn-media.medialabtc.it/tn/agencies/moca2/estates/63076/images/363742/gallery_media.jpeg"", ""https://cdn-media.medialabtc.it/tn/agencies/moca2/estates/63076/images/363743/gallery_media.jpeg"", ""https://cdn-media.medialabtc.it/tn/agencies/moca2/images/team_member/production/571.jpeg"", ""https://cdn-media.medialabtc.it/tn/agencies/moca2/images/team_member/production/820.jpeg""]",[],Tecnocasa,Tecnocasa,1,1,1,1,1,1,[],2026-02-15 21:24:08,2026-02-15 21:24:08,2026-02-15 21:24:08,,1,2026-02-15 21:24:08,N/A,N/A
63311,Triplex en location," Immobilier Professionnel
 
 Evaluer mon bien
 
 Chercher une agence
 
 Se connecter
ACCUEIL
IMMOBILIER PROFESSIONNEL
EVALUER MON BIEN
CHERCHER UNE AGENCE
SE CONNECTER
Accueil
Appartement en location
Appartement Monastir
Monastir
Skanes
Triplex en location
Video
visite 360°
Photos
Plan
Map
 +11
Trip...",1200,200,Appartement,1,Location,Agence,Skanes : Triplex en location,https://cdn-media.medialabtc.it/tn/agencies/moca1/estates/63311/images/363167/detail.jpeg,"[""https://cdn-media.medialabtc.it/tn/agencies/moca1/estates/63311/images/363167/detail.jpeg"", ""https://cdn-media.medialabtc.it/tn/agencies/moca1/estates/63311/images/363174/gallery_media.jpeg"", ""https://cdn-media.medialabtc.it/tn/agencies/moca1/estates/63311/images/363140/gallery_media.jpeg"", ""https://cdn-media.medialabtc.it/tn/agencies/moca1/estates/63311/images/363162/gallery_media.jpeg"", ""https://cdn-media.medialabtc.it/tn/agencies/moca1/images/team_member/production/1069.jpeg"", ""https://cdn-media.medialabtc.it/tn/agencies/moca1/images/team_member/production/1518.jpeg"", ""https://cdn-media.medialabtc.it/tn/agencies/moca1/images/team_member/production/1688.jpeg"", ""https://cdn-media.medialabtc.it/tn/agencies/moca1/images/team_member/production/1687.jpeg"", ""https://cdn-media.medialabtc.it/tn/agencies/moca1/images/team_member/production/1689.jpeg"", ""https://cdn-media.medialabtc.it/tn/agencies/moca1/images/team_member/production/730.jpeg""]",[],Tecnocasa,Tecnocasa,1,1,1,1,1,1,[],2026-02-15 21:24:08,2026-02-15 21:24:08,2026-02-15 21:24:08,,1,2026-02-15 21:24:08,N/A,N/A
62725,S+1 en location," Immobilier Professionnel
 
 Evaluer mon bien
 
 Chercher une agence
 
 Se connecter
ACCUEIL
IMMOBILIER PROFESSIONNEL
EVALUER MON BIEN
CHERCHER UNE AGENCE
SE CONNECTER
Accueil
Appartement en location
Appartement Monastir
Monastir
Skanes La Falaise
S+1 en location
Video
visite 360°
Photos
Plan
Map
 +...","
700",70,Appartement,1,Location,Agence,Skanes La Falaise : S+1 en location,https://cdn-media.medialabtc.it/tn/agencies/moca1/estates/62725/images/367473/detail.jpeg,"[""https://cdn-media.medialabtc.it/tn/agencies/moca1/estates/62725/images/367473/detail.jpeg"", ""https://cdn-media.medialabtc.it/tn/agencies/moca1/estates/62725/images/367474/gallery_media.jpeg"", ""https://cdn-media.medialabtc.it/tn/agencies/moca1/estates/62725/images/367477/gallery_media.jpeg"", ""https://cdn-media.medialabtc.it/tn/agencies/moca1/estates/62725/images/367472/gallery_media.jpeg"", ""https://cdn-media.medialabtc.it/tn/agencies/moca1/images/team_member/production/1069.jpeg"", ""https://cdn-media.medialabtc.it/tn/agencies/moca1/images/team_member/production/1518.jpeg"", ""https://cdn-media.medialabtc.it/tn/agencies/moca1/images/team_member/production/1688.jpeg"", ""https://cdn-media.medialabtc.it/tn/agencies/moca1/images/team_member/production/1687.jpeg"", ""https://cdn-media.medialabtc.it/tn/agencies/moca1/images/team_member/production/1689.jpeg"", ""https://cdn-media.medialabtc.it/tn/agencies/moca1/images/team_member/production/730.jpeg""]",[],Tecnocasa,Tecnocasa,1,1,1,1,1,1,[],2026-02-15 21:24:08,2026-02-15 21:24:08,2026-02-15 21:24:08,,1,2026-02-15 21:24:08,N/A,N/A
63232,S+3 en location," Immobilier Professionnel
 
 Evaluer mon bien
 
 Chercher une agence
 
 Se connecter
ACCUEIL
IMMOBILIER PROFESSIONNEL
EVALUER MON BIEN
CHERCHER UNE AGENCE
SE CONNECTER
Accueil
Appartement en location
Appartement Monastir
Sahline
Sahline
S+3 en location
Video
visite 360°
Photos
Plan
Map
 +5
S+3 en lo...","
800",100,Appartement,1,Location,Agence,Sahline : S+3 en location,https://cdn-media.medialabtc.it/tn/agencies/moca4/estates/63232/images/362540/detail.jpeg,"[""https://cdn-media.medialabtc.it/tn/agencies/moca4/estates/63232/images/362540/detail.jpeg"", ""https://cdn-media.medialabtc.it/tn/agencies/moca4/estates/63232/images/362541/gallery_media.jpeg"", ""https://cdn-media.medialabtc.it/tn/agencies/moca4/estates/63232/images/362542/gallery_media.jpeg"", ""https://cdn-media.medialabtc.it/tn/agencies/moca4/estates/63232/images/362543/gallery_media.jpeg""]",[],Tecnocasa,Tecnocasa,1,1,1,1,1,1,[],2026-02-15 21:24:08,2026-02-15 21:24:08,2026-02-15 21:24:08,,1,2026-02-15 21:24:08,N/A,N/A
62469,S+2 en location," Immobilier Professionnel
 
 Evaluer mon bien
 
 Chercher une agence
 
 Se connecter
ACCUEIL
IMMOBILIER PROFESSIONNEL
EVALUER MON BIEN
CHERCHER UNE AGENCE
SE CONNECTER
Accueil
Appartement en location
Appartement Monastir
Monastir
Skanes La Falaise
S+2 en location
Video
visite 360°
Photos
Plan
Map
 +...","
850",85,Appartement,1,Location,Agence,Skanes La Falaise : S+2 en location,https://cdn-media.medialabtc.it/tn/agencies/moca1/estates/62469/images/355468/detail.jpeg,"[""https://cdn-media.medialabtc.it/tn/agencies/moca1/estates/62469/images/355468/detail.jpeg"", ""https://cdn-media.medialabtc.it/tn/agencies/moca1/estates/62469/images/355467/gallery_media.jpeg"", ""https://cdn-media.medialabtc.it/tn/agencies/moca1/estates/62469/images/355465/gallery_media.jpeg"", ""https://cdn-media.medialabtc.it/tn/agencies/moca1/estates/62469/images/355463/gallery_media.jpeg"", ""https://cdn-media.medialabtc.it/tn/agencies/moca1/images/team_member/production/1069.jpeg"", ""https://cdn-media.medialabtc.it/tn/agencies/moca1/images/team_member/production/1518.jpeg"", ""https://cdn-media.medialabtc.it/tn/agencies/moca1/images/team_member/production/1688.jpeg"", ""https://cdn-media.medialabtc.it/tn/agencies/moca1/images/team_member/production/1687.jpeg"", ""https://cdn-media.medialabtc.it/tn/agencies/moca1/images/team_member/production/1689.jpeg"", ""https://cdn-media.medialabtc.it/tn/agencies/moca1/images/team_member/production/730.jpeg""]",[],Tecnocasa,Tecnocasa,1,1,1,1,1,1,[],2026-02-15 21:24:08,2026-02-15 21:24:08,2026-02-15 21:24:08,,2,2026-02-15 21:24:08,N/A,N/A
62470,S+2 en location," Immobilier Professionnel
 
 Evaluer mon bien
 
 Chercher une agence
 
 Se connecter
ACCUEIL
IMMOBILIER PROFESSIONNEL
EVALUER MON BIEN
CHERCHER UNE AGENCE
SE CONNECTER
Accueil
Appartement en location
Appartement Monastir
Monastir
Skanes La Falaise
S+2 en location
Video
visite 360°
Photos
Plan
Map
 +...","
850",60,Appartement,1,Location,Agence,Skanes La Falaise : S+2 en location,https://cdn-media.medialabtc.it/tn/agencies/moca1/estates/62470/images/355458/detail.jpeg,"[""https://cdn-media.medialabtc.it/tn/agencies/moca1/estates/62470/images/355458/detail.jpeg"", ""https://cdn-media.medialabtc.it/tn/agencies/moca1/estates/62470/images/355454/gallery_media.jpeg"", ""https://cdn-media.medialabtc.it/tn/agencies/moca1/estates/62470/images/355455/gallery_media.jpeg"", ""https://cdn-media.medialabtc.it/tn/agencies/moca1/estates/62470/images/355456/gallery_media.jpeg"", ""https://cdn-media.medialabtc.it/tn/agencies/moca1/images/team_member/production/1069.jpeg"", ""https://cdn-media.medialabtc.it/tn/agencies/moca1/images/team_member/production/1518.jpeg"", ""https://cdn-media.medialabtc.it/tn/agencies/moca1/images/team_member/production/1688.jpeg"", ""https://cdn-media.medialabtc.it/tn/agencies/moca1/images/team_member/production/1687.jpeg"", ""https://cdn-media.medialabtc.it/tn/agencies/moca1/images/team_member/production/1689.jpeg"", ""https://cdn-media.medialabtc.it/tn/agencies/moca1/images/team_member/production/730.jpeg""]",[],Tecnocasa,Tecnocasa,1,1,1,1,1,1,[],2026-02-15 21:24:08,2026-02-15 21:24:08,2026-02-15 21:24:08,,2,2026-02-15 21:24:08,N/A,N/A
61920,S+3 en location," Immobilier Professionnel
 
 Evaluer mon bien
 
 Chercher une agence
 
 Se connecter
ACCUEIL
IMMOBILIER PROFESSIONNEL
EVALUER MON BIEN
CHERCHER UNE AGENCE
SE CONNECTER
Accueil
Appartement en location
Appartement Monastir
Monastir
Cité El Agba
S+3 en location
Video
visite 360°
Photos
Plan
Map
 +9
S+3...","
900",109,Appartement,1,Location,Agence,Cité El Agba : S+3 en location,https://cdn-media.medialabtc.it/tn/agencies/moca2/estates/61920/images/353969/detail.jpeg,"[""https://cdn-media.medialabtc.it/tn/agencies/moca2/estates/61920/images/353969/detail.jpeg"", ""https://cdn-media.medialabtc.it/tn/agencies/moca2/estates/61920/images/353959/gallery_media.jpeg"", ""https://cdn-media.medialabtc.it/tn/agencies/moca2/estates/61920/images/353958/gallery_media.jpeg"", ""https://cdn-media.medialabtc.it/tn/agencies/moca2/estates/61920/images/353957/gallery_media.jpeg"", ""https://cdn-media.medialabtc.it/tn/agencies/moca2/images/team_member/production/571.jpeg"", ""https://cdn-media.medialabtc.it/tn/agencies/moca2/images/team_member/production/820.jpeg""]",[],Tecnocasa,Tecnocasa,1,1,1,1,1,1,[],2026-02-15 21:24:08,2026-02-15 21:24:08,2026-02-15 21:24:08,,2,2026-02-15 21:24:08,N/A,N/A
62468,S+3 en location," Immobilier Professionnel
 
 Evaluer mon bien
 
 Chercher une agence
 
 Se connecter
ACCUEIL
IMMOBILIER PROFESSIONNEL
EVALUER MON BIEN
CHERCHER UNE AGENCE
SE CONNECTER
Accueil
Appartement en location
Appartement Monastir
Monastir
Cité El Agba
S+3 en location
Video
visite 360°
Photos
Plan
Map
 +2
S+3...","
700",165,Appartement,1,Location,Agence,Cité El Agba : S+3 en location,https://cdn-media.medialabtc.it/tn/agencies/moca2/estates/62468/images/355298/detail.jpeg,"[""https://cdn-media.medialabtc.it/tn/agencies/moca2/estates/62468/images/355298/detail.jpeg"", ""https://cdn-media.medialabtc.it/tn/agencies/moca2/estates/62468/images/355293/gallery_media.jpeg"", ""https://cdn-media.medialabtc.it/tn/agencies/moca2/estates/62468/images/355294/gallery_media.jpeg"", ""https://cdn-media.medialabtc.it/tn/agencies/moca2/estates/62468/images/355295/gallery_media.jpeg"", ""https://cdn-media.medialabtc.it/tn/agencies/moca2/images/team_member/production/571.jpeg"", ""https://cdn-media.medialabtc.it/tn/agencies/moca2/images/team_member/production/820.jpeg""]",[],Tecnocasa,Tecnocasa,1,1,1,1,1,1,[],2026-02-15 21:24:08,2026-02-15 21:24:08,2026-02-15 21:24:08,,2,2026-02-15 21:24:08,N/A,N/A
61993,S+2 en location," Immobilier Professionnel
 
 Evaluer mon bien
 
 Chercher une agence
 
 Se connecter
ACCUEIL
IMMOBILIER PROFESSIONNEL
EVALUER MON BIEN
CHERCHER UNE AGENCE
SE CONNECTER
Accueil
Appartement en location
Appartement Monastir
Monastir
Cité El Agba
S+2 en location
Video
visite 360°
Photos
Plan
Map
 +6
S+2...",1100,90,Appartement,1,Location,Agence,Cité El Agba : S+2 en location,https://cdn-media.medialabtc.it/tn/agencies/moca2/estates/61993/images/353903/detail.jpeg,"[""https://cdn-media.medialabtc.it/tn/agencies/moca2/estates/61993/images/353903/detail.jpeg"", ""https://cdn-media.medialabtc.it/tn/agencies/moca2/estates/61993/images/353897/gallery_media.jpeg"", ""https://cdn-media.medialabtc.it/tn/agencies/moca2/estates/61993/images/353898/gallery_media.jpeg"", ""https://cdn-media.medialabtc.it/tn/agencies/moca2/estates/61993/images/353895/gallery_media.jpeg"", ""https://cdn-media.medialabtc.it/tn/agencies/moca2/images/team_member/production/571.jpeg"", ""https://cdn-media.medialabtc.it/tn/agencies/moca2/images/team_member/production/820.jpeg""]",[],Tecnocasa,Tecnocasa,1,1,1,1,1,1,[],2026-02-15 21:24:08,2026-02-15 21:24:08,2026-02-15 21:24:08,,2,2026-02-15 21:24:08,N/A,N/A
62607,Studio en location," Immobilier Professionnel
 
 Evaluer mon bien
 
 Chercher une agence
 
 Se connecter
ACCUEIL
IMMOBILIER PROFESSIONNEL
EVALUER MON BIEN
CHERCHER UNE AGENCE
SE CONNECTER
Accueil
Appartement en location
Appartement Monastir
Monastir
C2
Studio en location
Video
visite 360°
Photos
Plan
Map
 +9
Studio en ...","
450",95,Appartement,1,Location,Agence,C2 : Studio en location,https://cdn-media.medialabtc.it/tn/agencies/moca2/estates/62607/images/356987/detail.jpeg,"[""https://cdn-media.medialabtc.it/tn/agencies/moca2/estates/62607/images/356987/detail.jpeg"", ""https://cdn-media.medialabtc.it/tn/agencies/moca2/estates/62607/images/356988/gallery_media.jpeg"", ""https://cdn-media.medialabtc.it/tn/agencies/moca2/estates/62607/images/356883/gallery_media.jpeg"", ""https://cdn-media.medialabtc.it/tn/agencies/moca2/estates/62607/images/356885/gallery_media.jpeg"", ""https://cdn-media.medialabtc.it/tn/agencies/moca2/images/team_member/production/571.jpeg"", ""https://cdn-media.medialabtc.it/tn/agencies/moca2/images/team_member/production/820.jpeg""]",[],Tecnocasa,Tecnocasa,1,1,1,1,1,1,[],2026-02-15 21:24:08,2026-02-15 21:24:08,2026-02-15 21:24:08,,2,2026-02-15 21:24:08,N/A,N/A
62709,Duplex en location," Immobilier Professionnel
 
 Evaluer mon bien
 
 Chercher une agence
 
 Se connecter
ACCUEIL
IMMOBILIER PROFESSIONNEL
EVALUER MON BIEN
CHERCHER UNE AGENCE
SE CONNECTER
Accueil
Appartement en location
Appartement Monastir
Ksar Hellal
Ksar Hellal
Duplex en location
Video
visite 360°
Photos
Plan
Map
 +...","
850",80,Appartement,1,Location,Agence,Ksar Hellal : Duplex en location,https://cdn-media.medialabtc.it/tn/agencies/moca5/estates/62709/images/357371/detail.jpeg,"[""https://cdn-media.medialabtc.it/tn/agencies/moca5/estates/62709/images/357371/detail.jpeg"", ""https://cdn-media.medialabtc.it/tn/agencies/moca5/estates/62709/images/357376/gallery_media.jpeg"", ""https://cdn-media.medialabtc.it/tn/agencies/moca5/estates/62709/images/357373/gallery_media.jpeg"", ""https://cdn-media.medialabtc.it/tn/agencies/moca5/estates/62709/images/357374/gallery_media.jpeg"", ""https://cdn-media.medialabtc.it/tn/agencies/moca5/images/team_member/production/1017.jpeg"", ""https://cdn-media.medialabtc.it/tn/agencies/moca5/images/team_member/production/1021.jpeg"", ""https://cdn-media.medialabtc.it/tn/agencies/moca5/images/team_member/production/1052.jpeg"", ""https://cdn-media.medialabtc.it/tn/agencies/moca5/images/team_member/production/1020.jpeg""]",[],Tecnocasa,Tecnocasa,1,1,1,1,1,1,[],2026-02-15 21:24:08,2026-02-15 21:24:08,2026-02-15 21:24:08,,2,2026-02-15 21:24:08,N/A,N/A
62344,S+1 en location," Immobilier Professionnel
 
 Evaluer mon bien
 
 Chercher une agence
 
 Se connecter
ACCUEIL
IMMOBILIER PROFESSIONNEL
EVALUER MON BIEN
CHERCHER UNE AGENCE
SE CONNECTER
Accueil
Appartement en location
Appartement Monastir
Monastir
Cité El Omrane
S+1 en location
Video
visite 360°
Photos
Plan
Map
 +5
S...","
700",60,Appartement,1,Location,Agence,Cité El Omrane : S+1 en location,https://cdn-media.medialabtc.it/tn/agencies/moca1/estates/62344/images/354444/detail.jpeg,"[""https://cdn-media.medialabtc.it/tn/agencies/moca1/estates/62344/images/354444/detail.jpeg"", ""https://cdn-media.medialabtc.it/tn/agencies/moca1/estates/62344/images/354445/gallery_media.jpeg"", ""https://cdn-media.medialabtc.it/tn/agencies/moca1/estates/62344/images/354446/gallery_media.jpeg"", ""https://cdn-media.medialabtc.it/tn/agencies/moca1/estates/62344/images/354527/gallery_media.jpeg"", ""https://cdn-media.medialabtc.it/tn/agencies/moca1/images/team_member/production/1069.jpeg"", ""https://cdn-media.medialabtc.it/tn/agencies/moca1/images/team_member/production/1518.jpeg"", ""https://cdn-media.medialabtc.it/tn/agencies/moca1/images/team_member/production/1688.jpeg"", ""https://cdn-media.medialabtc.it/tn/agencies/moca1/images/team_member/production/1687.jpeg"", ""https://cdn-media.medialabtc.it/tn/agencies/moca1/images/team_member/production/1689.jpeg"", ""https://cdn-media.medialabtc.it/tn/agencies/moca1/images/team_member/production/730.jpeg""]",[],Tecnocasa,Tecnocasa,1,1,1,1,1,1,[],2026-02-15 21:24:08,2026-02-15 21:24:08,2026-02-15 21:24:08,,2,2026-02-15 21:24:08,N/A,N/A
62312,S+1 en location," Immobilier Professionnel
 
 Evaluer mon bien
 
 Chercher une agence
 
 Se connecter
ACCUEIL
IMMOBILIER PROFESSIONNEL
EVALUER MON BIEN
CHERCHER UNE AGENCE
SE CONNECTER
Accueil
Appartement en location
Appartement Monastir
Ksar Hellal
Ksar Hellal
S+1 en location
Video
visite 360°
Photos
Plan
Map
 +1
S...","
480",50,Appartement,1,Location,Agence,Ksar Hellal : S+1 en location,https://cdn-media.medialabtc.it/tn/agencies/moca5/estates/62312/images/354322/detail.jpeg,"[""https://cdn-media.medialabtc.it/tn/agencies/moca5/estates/62312/images/354322/detail.jpeg"", ""https://cdn-media.medialabtc.it/tn/agencies/moca5/estates/62312/images/354325/gallery_media.jpeg"", ""https://cdn-media.medialabtc.it/tn/agencies/moca5/estates/62312/images/354323/gallery_media.jpeg"", ""https://cdn-media.medialabtc.it/tn/agencies/moca5/estates/62312/images/354326/gallery_media.jpeg"", ""https://cdn-media.medialabtc.it/tn/agencies/moca5/images/team_member/production/1017.jpeg"", ""https://cdn-media.medialabtc.it/tn/agencies/moca5/images/team_member/production/1021.jpeg"", ""https://cdn-media.medialabtc.it/tn/agencies/moca5/images/team_member/production/1052.jpeg"", ""https://cdn-media.medialabtc.it/tn/agencies/moca5/images/team_member/production/1020.jpeg""]",[],Tecnocasa,Tecnocasa,1,1,1,1,1,1,[],2026-02-15 21:24:08,2026-02-15 21:24:08,2026-02-15 21:24:08,,2,2026-02-15 21:24:08,N/A,N/A
63115,Studio en location," Immobilier Professionnel
 
 Evaluer mon bien
 
 Chercher une agence
 
 Se connecter
ACCUEIL
IMMOBILIER PROFESSIONNEL
EVALUER MON BIEN
CHERCHER UNE AGENCE
SE CONNECTER
Accueil
Appartement en location
Appartement Monastir
Ksar Hellal
Ksar Hellal
Studio en location
Video
visite 360°
Photos
Plan
Map
 +...","
300",70,Appartement,1,Location,Agence,Ksar Hellal : Studio en location,https://cdn-media.medialabtc.it/tn/agencies/moca5/estates/63115/images/361893/detail.jpeg,"[""https://cdn-media.medialabtc.it/tn/agencies/moca5/estates/63115/images/361893/detail.jpeg"", ""https://cdn-media.medialabtc.it/tn/agencies/moca5/estates/63115/images/361894/gallery_media.jpeg"", ""https://cdn-media.medialabtc.it/tn/agencies/moca5/estates/63115/images/361895/gallery_media.jpeg"", ""https://cdn-media.medialabtc.it/tn/agencies/moca5/estates/63115/images/361898/gallery_media.jpeg"", ""https://cdn-media.medialabtc.it/tn/agencies/moca5/images/team_member/production/1017.jpeg"", ""https://cdn-media.medialabtc.it/tn/agencies/moca5/images/team_member/production/1021.jpeg"", ""https://cdn-media.medialabtc.it/tn/agencies/moca5/images/team_member/production/1052.jpeg"", ""https://cdn-media.medialabtc.it/tn/agencies/moca5/images/team_member/production/1020.jpeg""]",[],Tecnocasa,Tecnocasa,1,1,1,1,1,1,[],2026-02-15 21:24:08,2026-02-15 21:24:08,2026-02-15 21:24:08,,2,2026-02-15 21:24:08,N/A,N/A
62609,S+3 en location," Immobilier Professionnel
 
 Evaluer mon bien
 
 Chercher une agence
 
 Se connecter
ACCUEIL
IMMOBILIER PROFESSIONNEL
EVALUER MON BIEN
CHERCHER UNE AGENCE
SE CONNECTER
Accueil
Appartement en location
Appartement Monastir
Monastir
C2
S+3 en location
Video
visite 360°
Photos
Plan
Map
 +13
S+3 en locat...","
800",115,Appartement,1,Location,Agence,C2 : S+3 en location,https://cdn-media.medialabtc.it/tn/agencies/moca2/estates/62609/images/357040/detail.jpeg,"[""https://cdn-media.medialabtc.it/tn/agencies/moca2/estates/62609/images/357040/detail.jpeg"", ""https://cdn-media.medialabtc.it/tn/agencies/moca2/estates/62609/images/357039/gallery_media.jpeg"", ""https://cdn-media.medialabtc.it/tn/agencies/moca2/estates/62609/images/357025/gallery_media.jpeg"", ""https://cdn-media.medialabtc.it/tn/agencies/moca2/estates/62609/images/357023/gallery_media.jpeg"", ""https://cdn-media.medialabtc.it/tn/agencies/moca2/images/team_member/production/571.jpeg"", ""https://cdn-media.medialabtc.it/tn/agencies/moca2/images/team_member/production/820.jpeg""]",[],Tecnocasa,Tecnocasa,1,1,1,1,1,1,[],2026-02-15 21:24:08,2026-02-15 21:24:08,2026-02-15 21:24:08,,2,2026-02-15 21:24:08,N/A,N/A
62907,S+3 en location," Immobilier Professionnel
 
 Evaluer mon bien
 
 Chercher une agence
 
 Se connecter
ACCUEIL
IMMOBILIER PROFESSIONNEL
EVALUER MON BIEN
CHERCHER UNE AGENCE
SE CONNECTER
Accueil
Appartement en location
Appartement Monastir
Monastir
Cité El Agba
S+3 en location
Video
visite 360°
Photos
Plan
Map
 +10
S+...",1300,130,Appartement,1,Location,Agence,Cité El Agba : S+3 en location,https://cdn-media.medialabtc.it/tn/agencies/moca2/estates/62907/images/361910/detail.jpeg,"[""https://cdn-media.medialabtc.it/tn/agencies/moca2/estates/62907/images/361910/detail.jpeg"", ""https://cdn-media.medialabtc.it/tn/agencies/moca2/estates/62907/images/361909/gallery_media.jpeg"", ""https://cdn-media.medialabtc.it/tn/agencies/moca2/estates/62907/images/361904/gallery_media.jpeg"", ""https://cdn-media.medialabtc.it/tn/agencies/moca2/estates/62907/images/361876/gallery_media.jpeg"", ""https://cdn-media.medialabtc.it/tn/agencies/moca2/images/team_member/production/571.jpeg"", ""https://cdn-media.medialabtc.it/tn/agencies/moca2/images/team_member/production/820.jpeg""]",[],Tecnocasa,Tecnocasa,1,1,1,1,1,1,[],2026-02-15 21:24:08,2026-02-15 21:24:08,2026-02-15 21:24:08,,2,2026-02-15 21:24:08,N/A,N/A
62612,S+1 en location," Immobilier Professionnel
 
 Evaluer mon bien
 
 Chercher une agence
 
 Se connecter
ACCUEIL
IMMOBILIER PROFESSIONNEL
EVALUER MON BIEN
CHERCHER UNE AGENCE
SE CONNECTER
Accueil
Appartement en location
Appartement Monastir
Monastir
Frina
S+1 en location
Video
visite 360°
Photos
Plan
Map
 +5
S+1 en loc...","
420",70,Appartement,1,Location,Agence,Frina : S+1 en location,https://cdn-media.medialabtc.it/tn/agencies/moca2/estates/62612/images/356933/detail.jpeg,"[""https://cdn-media.medialabtc.it/tn/agencies/moca2/estates/62612/images/356933/detail.jpeg"", ""https://cdn-media.medialabtc.it/tn/agencies/moca2/estates/62612/images/356927/gallery_media.jpeg"", ""https://cdn-media.medialabtc.it/tn/agencies/moca2/estates/62612/images/356936/gallery_media.jpeg"", ""https://cdn-media.medialabtc.it/tn/agencies/moca2/estates/62612/images/356934/gallery_media.jpeg"", ""https://cdn-media.medialabtc.it/tn/agencies/moca2/images/team_member/production/571.jpeg"", ""https://cdn-media.medialabtc.it/tn/agencies/moca2/images/team_member/production/820.jpeg""]",[],Tecnocasa,Tecnocasa,1,1,1,1,1,1,[],2026-02-15 21:24:08,2026-02-15 21:24:08,2026-02-15 21:24:08,,2,2026-02-15 21:24:08,N/A,N/A
62914,S+2 en location," Immobilier Professionnel
 
 Evaluer mon bien
 
 Chercher une agence
 
 Se connecter
ACCUEIL
IMMOBILIER PROFESSIONNEL
EVALUER MON BIEN
CHERCHER UNE AGENCE
SE CONNECTER
Accueil
Appartement en location
Appartement Monastir
Monastir
Frina
S+2 en location
Video
visite 360°
Photos
Plan
Map
 +8
S+2 en loc...","
700",113,Appartement,1,Location,Agence,Frina : S+2 en location,https://cdn-media.medialabtc.it/tn/agencies/moca2/estates/62914/images/361865/detail.jpeg,"[""https://cdn-media.medialabtc.it/tn/agencies/moca2/estates/62914/images/361865/detail.jpeg"", ""https://cdn-media.medialabtc.it/tn/agencies/moca2/estates/62914/images/361862/gallery_media.jpeg"", ""https://cdn-media.medialabtc.it/tn/agencies/moca2/estates/62914/images/361869/gallery_media.jpeg"", ""https://cdn-media.medialabtc.it/tn/agencies/moca2/estates/62914/images/361864/gallery_media.jpeg"", ""https://cdn-media.medialabtc.it/tn/agencies/moca2/images/team_member/production/571.jpeg"", ""https://cdn-media.medialabtc.it/tn/agencies/moca2/images/team_member/production/820.jpeg""]",[],Tecnocasa,Tecnocasa,1,1,1,1,1,1,[],2026-02-15 21:24:08,2026-02-15 21:24:08,2026-02-15 21:24:08,,2,2026-02-15 21:24:08,N/A,N/A
62708,S+2 en location," Immobilier Professionnel
 
 Evaluer mon bien
 
 Chercher une agence
 
 Se connecter
ACCUEIL
IMMOBILIER PROFESSIONNEL
EVALUER MON BIEN
CHERCHER UNE AGENCE
SE CONNECTER
Accueil
Appartement en location
Appartement Monastir
Ksar Hellal
Ksar Hellal
S+2 en location
Video
visite 360°
Photos
Plan
Map
 +2
S...","
950",90,Appartement,1,Location,Agence,Ksar Hellal : S+2 en location,https://cdn-media.medialabtc.it/tn/agencies/moca5/estates/62708/images/357426/detail.jpeg,"[""https://cdn-media.medialabtc.it/tn/agencies/moca5/estates/62708/images/357426/detail.jpeg"", ""https://cdn-media.medialabtc.it/tn/agencies/moca5/estates/62708/images/357424/gallery_media.jpeg"", ""https://cdn-media.medialabtc.it/tn/agencies/moca5/estates/62708/images/357422/gallery_media.jpeg"", ""https://cdn-media.medialabtc.it/tn/agencies/moca5/estates/62708/images/357427/gallery_media.jpeg"", ""https://cdn-media.medialabtc.it/tn/agencies/moca5/images/team_member/production/1017.jpeg"", ""https://cdn-media.medialabtc.it/tn/agencies/moca5/images/team_member/production/1021.jpeg"", ""https://cdn-media.medialabtc.it/tn/agencies/moca5/images/team_member/production/1052.jpeg"", ""https://cdn-media.medialabtc.it/tn/agencies/moca5/images/team_member/production/1020.jpeg""]",[],Tecnocasa,Tecnocasa,1,1,1,1,1,1,[],2026-02-15 21:24:08,2026-02-15 21:24:08,2026-02-15 21:24:08,,2,2026-02-15 21:24:08,N/A,N/A
62469,S+2 en location," Immobilier Professionnel
 
 Evaluer mon bien
 
 Chercher une agence
 
 Se connecter
ACCUEIL
IMMOBILIER PROFESSIONNEL
EVALUER MON BIEN
CHERCHER UNE AGENCE
SE CONNECTER
Accueil
Appartement en location
Appartement Monastir
Monastir
Skanes La Falaise
S+2 en location
Video
visite 360°
Photos
Plan
Map
 +...","
850",85,Appartement,1,Location,Agence,Skanes La Falaise : S+2 en location,https://cdn-media.medialabtc.it/tn/agencies/moca1/estates/62469/images/355468/detail.jpeg,"[""https://cdn-media.medialabtc.it/tn/agencies/moca1/estates/62469/images/355468/detail.jpeg"", ""https://cdn-media.medialabtc.it/tn/agencies/moca1/estates/62469/images/355467/gallery_media.jpeg"", ""https://cdn-media.medialabtc.it/tn/agencies/moca1/estates/62469/images/355465/gallery_media.jpeg"", ""https://cdn-media.medialabtc.it/tn/agencies/moca1/estates/62469/images/355463/gallery_media.jpeg"", ""https://cdn-media.medialabtc.it/tn/agencies/moca1/images/team_member/production/1069.jpeg"", ""https://cdn-media.medialabtc.it/tn/agencies/moca1/images/team_member/production/1518.jpeg"", ""https://cdn-media.medialabtc.it/tn/agencies/moca1/images/team_member/production/1688.jpeg"", ""https://cdn-media.medialabtc.it/tn/agencies/moca1/images/team_member/production/1687.jpeg"", ""https://cdn-media.medialabtc.it/tn/agencies/moca1/images/team_member/production/1689.jpeg"", ""https://cdn-media.medialabtc.it/tn/agencies/moca1/images/team_member/production/730.jpeg""]",[],Tecnocasa,Tecnocasa,1,1,1,1,1,1,[],2026-02-15 21:24:08,2026-02-15 21:24:08,2026-02-15 21:24:08,,3,2026-02-15 21:24:08,N/A,N/A
62470,S+2 en location," Immobilier Professionnel
 
 Evaluer mon bien
 
 Chercher une agence
 
 Se connecter
ACCUEIL
IMMOBILIER PROFESSIONNEL
EVALUER MON BIEN
CHERCHER UNE AGENCE
SE CONNECTER
Accueil
Appartement en location
Appartement Monastir
Monastir
Skanes La Falaise
S+2 en location
Video
visite 360°
Photos
Plan
Map
 +...","
850",60,Appartement,1,Location,Agence,Skanes La Falaise : S+2 en location,https://cdn-media.medialabtc.it/tn/agencies/moca1/estates/62470/images/355458/detail.jpeg,"[""https://cdn-media.medialabtc.it/tn/agencies/moca1/estates/62470/images/355458/detail.jpeg"", ""https://cdn-media.medialabtc.it/tn/agencies/moca1/estates/62470/images/355454/gallery_media.jpeg"", ""https://cdn-media.medialabtc.it/tn/agencies/moca1/estates/62470/images/355455/gallery_media.jpeg"", ""https://cdn-media.medialabtc.it/tn/agencies/moca1/estates/62470/images/355456/gallery_media.jpeg"", ""https://cdn-media.medialabtc.it/tn/agencies/moca1/images/team_member/production/1069.jpeg"", ""https://cdn-media.medialabtc.it/tn/agencies/moca1/images/team_member/production/1518.jpeg"", ""https://cdn-media.medialabtc.it/tn/agencies/moca1/images/team_member/production/1688.jpeg"", ""https://cdn-media.medialabtc.it/tn/agencies/moca1/images/team_member/production/1687.jpeg"", ""https://cdn-media.medialabtc.it/tn/agencies/moca1/images/team_member/production/1689.jpeg"", ""https://cdn-media.medialabtc.it/tn/agencies/moca1/images/team_member/production/730.jpeg""]",[],Tecnocasa,Tecnocasa,1,1,1,1,1,1,[],2026-02-15 21:24:08,2026-02-15 21:24:08,2026-02-15 21:24:08,,3,2026-02-15 21:24:08,N/A,N/A
61920,S+3 en location," Immobilier Professionnel
 
 Evaluer mon bien
 
 Chercher une agence
 
 Se connecter
ACCUEIL
IMMOBILIER PROFESSIONNEL
EVALUER MON BIEN
CHERCHER UNE AGENCE
SE CONNECTER
Accueil
Appartement en location
Appartement Monastir
Monastir
Cité El Agba
S+3 en location
Video
visite 360°
Photos
Plan
Map
 +9
S+3...","
900",109,Appartement,1,Location,Agence,Cité El Agba : S+3 en location,https://cdn-media.medialabtc.it/tn/agencies/moca2/estates/61920/images/353969/detail.jpeg,"[""https://cdn-media.medialabtc.it/tn/agencies/moca2/estates/61920/images/353969/detail.jpeg"", ""https://cdn-media.medialabtc.it/tn/agencies/moca2/estates/61920/images/353959/gallery_media.jpeg"", ""https://cdn-media.medialabtc.it/tn/agencies/moca2/estates/61920/images/353958/gallery_media.jpeg"", ""https://cdn-media.medialabtc.it/tn/agencies/moca2/estates/61920/images/353957/gallery_media.jpeg"", ""https://cdn-media.medialabtc.it/tn/agencies/moca2/images/team_member/production/571.jpeg"", ""https://cdn-media.medialabtc.it/tn/agencies/moca2/images/team_member/production/820.jpeg""]",[],Tecnocasa,Tecnocasa,1,1,1,1,1,1,[],2026-02-15 21:24:08,2026-02-15 21:24:08,2026-02-15 21:24:08,,3,2026-02-15 21:24:08,N/A,N/A
62468,S+3 en location," Immobilier Professionnel
 
 Evaluer mon bien
 
 Chercher une agence
 
 Se connecter
ACCUEIL
IMMOBILIER PROFESSIONNEL
EVALUER MON BIEN
CHERCHER UNE AGENCE
SE CONNECTER
Accueil
Appartement en location
Appartement Monastir
Monastir
Cité El Agba
S+3 en location
Video
visite 360°
Photos
Plan
Map
 +2
S+3...","
700",165,Appartement,1,Location,Agence,Cité El Agba : S+3 en location,https://cdn-media.medialabtc.it/tn/agencies/moca2/estates/62468/images/355298/detail.jpeg,"[""https://cdn-media.medialabtc.it/tn/agencies/moca2/estates/62468/images/355298/detail.jpeg"", ""https://cdn-media.medialabtc.it/tn/agencies/moca2/estates/62468/images/355293/gallery_media.jpeg"", ""https://cdn-media.medialabtc.it/tn/agencies/moca2/estates/62468/images/355294/gallery_media.jpeg"", ""https://cdn-media.medialabtc.it/tn/agencies/moca2/estates/62468/images/355295/gallery_media.jpeg"", ""https://cdn-media.medialabtc.it/tn/agencies/moca2/images/team_member/production/571.jpeg"", ""https://cdn-media.medialabtc.it/tn/agencies/moca2/images/team_member/production/820.jpeg""]",[],Tecnocasa,Tecnocasa,1,1,1,1,1,1,[],2026-02-15 21:24:08,2026-02-15 21:24:08,2026-02-15 21:24:08,,3,2026-02-15 21:24:08,N/A,N/A
61993,S+2 en location," Immobilier Professionnel
 
 Evaluer mon bien
 
 Chercher une agence
 
 Se connecter
ACCUEIL
IMMOBILIER PROFESSIONNEL
EVALUER MON BIEN
CHERCHER UNE AGENCE
SE CONNECTER
Accueil
Appartement en location
Appartement Monastir
Monastir
Cité El Agba
S+2 en location
Video
visite 360°
Photos
Plan
Map
 +6
S+2...",1100,90,Appartement,1,Location,Agence,Cité El Agba : S+2 en location,https://cdn-media.medialabtc.it/tn/agencies/moca2/estates/61993/images/353903/detail.jpeg,"[""https://cdn-media.medialabtc.it/tn/agencies/moca2/estates/61993/images/353903/detail.jpeg"", ""https://cdn-media.medialabtc.it/tn/agencies/moca2/estates/61993/images/353897/gallery_media.jpeg"", ""https://cdn-media.medialabtc.it/tn/agencies/moca2/estates/61993/images/353898/gallery_media.jpeg"", ""https://cdn-media.medialabtc.it/tn/agencies/moca2/estates/61993/images/353895/gallery_media.jpeg"", ""https://cdn-media.medialabtc.it/tn/agencies/moca2/images/team_member/production/571.jpeg"", ""https://cdn-media.medialabtc.it/tn/agencies/moca2/images/team_member/production/820.jpeg""]",[],Tecnocasa,Tecnocasa,1,1,1,1,1,1,[],2026-02-15 21:24:08,2026-02-15 21:24:08,2026-02-15 21:24:08,,3,2026-02-15 21:24:08,N/A,N/A
62607,Studio en location," Immobilier Professionnel
 
 Evaluer mon bien
 
 Chercher une agence
 
 Se connecter
ACCUEIL
IMMOBILIER PROFESSIONNEL
EVALUER MON BIEN
CHERCHER UNE AGENCE
SE CONNECTER
Accueil
Appartement en location
Appartement Monastir
Monastir
C2
Studio en location
Video
visite 360°
Photos
Plan
Map
 +9
Studio en ...","
450",95,Appartement,1,Location,Agence,C2 : Studio en location,https://cdn-media.medialabtc.it/tn/agencies/moca2/estates/62607/images/356987/detail.jpeg,"[""https://cdn-media.medialabtc.it/tn/agencies/moca2/estates/62607/images/356987/detail.jpeg"", ""https://cdn-media.medialabtc.it/tn/agencies/moca2/estates/62607/images/356988/gallery_media.jpeg"", ""https://cdn-media.medialabtc.it/tn/agencies/moca2/estates/62607/images/356883/gallery_media.jpeg"", ""https://cdn-media.medialabtc.it/tn/agencies/moca2/estates/62607/images/356885/gallery_media.jpeg"", ""https://cdn-media.medialabtc.it/tn/agencies/moca2/images/team_member/production/571.jpeg"", ""https://cdn-media.medialabtc.it/tn/agencies/moca2/images/team_member/production/820.jpeg""]",[],Tecnocasa,Tecnocasa,1,1,1,1,1,1,[],2026-02-15 21:24:08,2026-02-15 21:24:08,2026-02-15 21:24:08,,3,2026-02-15 21:24:08,N/A,N/A
62709,Duplex en location," Immobilier Professionnel
 
 Evaluer mon bien
 
 Chercher une agence
 
 Se connecter
ACCUEIL
IMMOBILIER PROFESSIONNEL
EVALUER MON BIEN
CHERCHER UNE AGENCE
SE CONNECTER
Accueil
Appartement en location
Appartement Monastir
Ksar Hellal
Ksar Hellal
Duplex en location
Video
visite 360°
Photos
Plan
Map
 +...","
850",80,Appartement,1,Location,Agence,Ksar Hellal : Duplex en location,https://cdn-media.medialabtc.it/tn/agencies/moca5/estates/62709/images/357371/detail.jpeg,"[""https://cdn-media.medialabtc.it/tn/agencies/moca5/estates/62709/images/357371/detail.jpeg"", ""https://cdn-media.medialabtc.it/tn/agencies/moca5/estates/62709/images/357376/gallery_media.jpeg"", ""https://cdn-media.medialabtc.it/tn/agencies/moca5/estates/62709/images/357373/gallery_media.jpeg"", ""https://cdn-media.medialabtc.it/tn/agencies/moca5/estates/62709/images/357374/gallery_media.jpeg"", ""https://cdn-media.medialabtc.it/tn/agencies/moca5/images/team_member/production/1017.jpeg"", ""https://cdn-media.medialabtc.it/tn/agencies/moca5/images/team_member/production/1021.jpeg"", ""https://cdn-media.medialabtc.it/tn/agencies/moca5/images/team_member/production/1052.jpeg"", ""https://cdn-media.medialabtc.it/tn/agencies/moca5/images/team_member/production/1020.jpeg""]",[],Tecnocasa,Tecnocasa,1,1,1,1,1,1,[],2026-02-15 21:24:08,2026-02-15 21:24:08,2026-02-15 21:24:08,,3,2026-02-15 21:24:08,N/A,N/A
62344,S+1 en location," Immobilier Professionnel
 
 Evaluer mon bien
 
 Chercher une agence
 
 Se connecter
ACCUEIL
IMMOBILIER PROFESSIONNEL
EVALUER MON BIEN
CHERCHER UNE AGENCE
SE CONNECTER
Accueil
Appartement en location
Appartement Monastir
Monastir
Cité El Omrane
S+1 en location
Video
visite 360°
Photos
Plan
Map
 +5
S...","
700",60,Appartement,1,Location,Agence,Cité El Omrane : S+1 en location,https://cdn-media.medialabtc.it/tn/agencies/moca1/estates/62344/images/354444/detail.jpeg,"[""https://cdn-media.medialabtc.it/tn/agencies/moca1/estates/62344/images/354444/detail.jpeg"", ""https://cdn-media.medialabtc.it/tn/agencies/moca1/estates/62344/images/354445/gallery_media.jpeg"", ""https://cdn-media.medialabtc.it/tn/agencies/moca1/estates/62344/images/354446/gallery_media.jpeg"", ""https://cdn-media.medialabtc.it/tn/agencies/moca1/estates/62344/images/354527/gallery_media.jpeg"", ""https://cdn-media.medialabtc.it/tn/agencies/moca1/images/team_member/production/1069.jpeg"", ""https://cdn-media.medialabtc.it/tn/agencies/moca1/images/team_member/production/1518.jpeg"", ""https://cdn-media.medialabtc.it/tn/agencies/moca1/images/team_member/production/1688.jpeg"", ""https://cdn-media.medialabtc.it/tn/agencies/moca1/images/team_member/production/1687.jpeg"", ""https://cdn-media.medialabtc.it/tn/agencies/moca1/images/team_member/production/1689.jpeg"", ""https://cdn-media.medialabtc.it/tn/agencies/moca1/images/team_member/production/730.jpeg""]",[],Tecnocasa,Tecnocasa,1,1,1,1,1,1,[],2026-02-15 21:24:08,2026-02-15 21:24:08,2026-02-15 21:24:08,,3,2026-02-15 21:24:08,N/A,N/A
62312,S+1 en location," Immobilier Professionnel
 
 Evaluer mon bien
 
 Chercher une agence
 
 Se connecter
ACCUEIL
IMMOBILIER PROFESSIONNEL
EVALUER MON BIEN
CHERCHER UNE AGENCE
SE CONNECTER
Accueil
Appartement en location
Appartement Monastir
Ksar Hellal
Ksar Hellal
S+1 en location
Video
visite 360°
Photos
Plan
Map
 +1
S...","
480",50,Appartement,1,Location,Agence,Ksar Hellal : S+1 en location,https://cdn-media.medialabtc.it/tn/agencies/moca5/estates/62312/images/354322/detail.jpeg,"[""https://cdn-media.medialabtc.it/tn/agencies/moca5/estates/62312/images/354322/detail.jpeg"", ""https://cdn-media.medialabtc.it/tn/agencies/moca5/estates/62312/images/354325/gallery_media.jpeg"", ""https://cdn-media.medialabtc.it/tn/agencies/moca5/estates/62312/images/354323/gallery_media.jpeg"", ""https://cdn-media.medialabtc.it/tn/agencies/moca5/estates/62312/images/354326/gallery_media.jpeg"", ""https://cdn-media.medialabtc.it/tn/agencies/moca5/images/team_member/production/1017.jpeg"", ""https://cdn-media.medialabtc.it/tn/agencies/moca5/images/team_member/production/1021.jpeg"", ""https://cdn-media.medialabtc.it/tn/agencies/moca5/images/team_member/production/1052.jpeg"", ""https://cdn-media.medialabtc.it/tn/agencies/moca5/images/team_member/production/1020.jpeg""]",[],Tecnocasa,Tecnocasa,1,1,1,1,1,1,[],2026-02-15 21:24:08,2026-02-15 21:24:08,2026-02-15 21:24:08,,3,2026-02-15 21:24:08,N/A,N/A
63115,Studio en location," Immobilier Professionnel
 
 Evaluer mon bien
 
 Chercher une agence
 
 Se connecter
ACCUEIL
IMMOBILIER PROFESSIONNEL
EVALUER MON BIEN
CHERCHER UNE AGENCE
SE CONNECTER
Accueil
Appartement en location
Appartement Monastir
Ksar Hellal
Ksar Hellal
Studio en location
Video
visite 360°
Photos
Plan
Map
 +...","
300",70,Appartement,1,Location,Agence,Ksar Hellal : Studio en location,https://cdn-media.medialabtc.it/tn/agencies/moca5/estates/63115/images/361893/detail.jpeg,"[""https://cdn-media.medialabtc.it/tn/agencies/moca5/estates/63115/images/361893/detail.jpeg"", ""https://cdn-media.medialabtc.it/tn/agencies/moca5/estates/63115/images/361894/gallery_media.jpeg"", ""https://cdn-media.medialabtc.it/tn/agencies/moca5/estates/63115/images/361895/gallery_media.jpeg"", ""https://cdn-media.medialabtc.it/tn/agencies/moca5/estates/63115/images/361898/gallery_media.jpeg"", ""https://cdn-media.medialabtc.it/tn/agencies/moca5/images/team_member/production/1017.jpeg"", ""https://cdn-media.medialabtc.it/tn/agencies/moca5/images/team_member/production/1021.jpeg"", ""https://cdn-media.medialabtc.it/tn/agencies/moca5/images/team_member/production/1052.jpeg"", ""https://cdn-media.medialabtc.it/tn/agencies/moca5/images/team_member/production/1020.jpeg""]",[],Tecnocasa,Tecnocasa,1,1,1,1,1,1,[],2026-02-15 21:24:08,2026-02-15 21:24:08,2026-02-15 21:24:08,,3,2026-02-15 21:24:08,N/A,N/A
62609,S+3 en location," Immobilier Professionnel
 
 Evaluer mon bien
 
 Chercher une agence
 
 Se connecter
ACCUEIL
IMMOBILIER PROFESSIONNEL
EVALUER MON BIEN
CHERCHER UNE AGENCE
SE CONNECTER
Accueil
Appartement en location
Appartement Monastir
Monastir
C2
S+3 en location
Video
visite 360°
Photos
Plan
Map
 +13
S+3 en locat...","
800",115,Appartement,1,Location,Agence,C2 : S+3 en location,https://cdn-media.medialabtc.it/tn/agencies/moca2/estates/62609/images/357040/detail.jpeg,"[""https://cdn-media.medialabtc.it/tn/agencies/moca2/estates/62609/images/357040/detail.jpeg"", ""https://cdn-media.medialabtc.it/tn/agencies/moca2/estates/62609/images/357039/gallery_media.jpeg"", ""https://cdn-media.medialabtc.it/tn/agencies/moca2/estates/62609/images/357025/gallery_media.jpeg"", ""https://cdn-media.medialabtc.it/tn/agencies/moca2/estates/62609/images/357023/gallery_media.jpeg"", ""https://cdn-media.medialabtc.it/tn/agencies/moca2/images/team_member/production/571.jpeg"", ""https://cdn-media.medialabtc.it/tn/agencies/moca2/images/team_member/production/820.jpeg""]",[],Tecnocasa,Tecnocasa,1,1,1,1,1,1,[],2026-02-15 21:24:08,2026-02-15 21:24:08,2026-02-15 21:24:08,,3,2026-02-15 21:24:08,N/A,N/A
62907,S+3 en location," Immobilier Professionnel
 
 Evaluer mon bien
 
 Chercher une agence
 
 Se connecter
ACCUEIL
IMMOBILIER PROFESSIONNEL
EVALUER MON BIEN
CHERCHER UNE AGENCE
SE CONNECTER
Accueil
Appartement en location
Appartement Monastir
Monastir
Cité El Agba
S+3 en location
Video
visite 360°
Photos
Plan
Map
 +10
S+...",1300,130,Appartement,1,Location,Agence,Cité El Agba : S+3 en location,https://cdn-media.medialabtc.it/tn/agencies/moca2/estates/62907/images/361910/detail.jpeg,"[""https://cdn-media.medialabtc.it/tn/agencies/moca2/estates/62907/images/361910/detail.jpeg"", ""https://cdn-media.medialabtc.it/tn/agencies/moca2/estates/62907/images/361909/gallery_media.jpeg"", ""https://cdn-media.medialabtc.it/tn/agencies/moca2/estates/62907/images/361904/gallery_media.jpeg"", ""https://cdn-media.medialabtc.it/tn/agencies/moca2/estates/62907/images/361876/gallery_media.jpeg"", ""https://cdn-media.medialabtc.it/tn/agencies/moca2/images/team_member/production/571.jpeg"", ""https://cdn-media.medialabtc.it/tn/agencies/moca2/images/team_member/production/820.jpeg""]",[],Tecnocasa,Tecnocasa,1,1,1,1,1,1,[],2026-02-15 21:24:08,2026-02-15 21:24:08,2026-02-15 21:24:08,,3,2026-02-15 21:24:08,N/A,N/A
62612,S+1 en location," Immobilier Professionnel
 
 Evaluer mon bien
 
 Chercher une agence
 
 Se connecter
ACCUEIL
IMMOBILIER PROFESSIONNEL
EVALUER MON BIEN
CHERCHER UNE AGENCE
SE CONNECTER
Accueil
Appartement en location
Appartement Monastir
Monastir
Frina
S+1 en location
Video
visite 360°
Photos
Plan
Map
 +5
S+1 en loc...","
420",70,Appartement,1,Location,Agence,Frina : S+1 en location,https://cdn-media.medialabtc.it/tn/agencies/moca2/estates/62612/images/356933/detail.jpeg,"[""https://cdn-media.medialabtc.it/tn/agencies/moca2/estates/62612/images/356933/detail.jpeg"", ""https://cdn-media.medialabtc.it/tn/agencies/moca2/estates/62612/images/356927/gallery_media.jpeg"", ""https://cdn-media.medialabtc.it/tn/agencies/moca2/estates/62612/images/356936/gallery_media.jpeg"", ""https://cdn-media.medialabtc.it/tn/agencies/moca2/estates/62612/images/356934/gallery_media.jpeg"", ""https://cdn-media.medialabtc.it/tn/agencies/moca2/images/team_member/production/571.jpeg"", ""https://cdn-media.medialabtc.it/tn/agencies/moca2/images/team_member/production/820.jpeg""]",[],Tecnocasa,Tecnocasa,1,1,1,1,1,1,[],2026-02-15 21:24:08,2026-02-15 21:24:08,2026-02-15 21:24:08,,3,2026-02-15 21:24:08,N/A,N/A
62914,S+2 en location," Immobilier Professionnel
 
 Evaluer mon bien
 
 Chercher une agence
 
 Se connecter
ACCUEIL
IMMOBILIER PROFESSIONNEL
EVALUER MON BIEN
CHERCHER UNE AGENCE
SE CONNECTER
Accueil
Appartement en location
Appartement Monastir
Monastir
Frina
S+2 en location
Video
visite 360°
Photos
Plan
Map
 +8
S+2 en loc...","
700",113,Appartement,1,Location,Agence,Frina : S+2 en location,https://cdn-media.medialabtc.it/tn/agencies/moca2/estates/62914/images/361865/detail.jpeg,"[""https://cdn-media.medialabtc.it/tn/agencies/moca2/estates/62914/images/361865/detail.jpeg"", ""https://cdn-media.medialabtc.it/tn/agencies/moca2/estates/62914/images/361862/gallery_media.jpeg"", ""https://cdn-media.medialabtc.it/tn/agencies/moca2/estates/62914/images/361869/gallery_media.jpeg"", ""https://cdn-media.medialabtc.it/tn/agencies/moca2/estates/62914/images/361864/gallery_media.jpeg"", ""https://cdn-media.medialabtc.it/tn/agencies/moca2/images/team_member/production/571.jpeg"", ""https://cdn-media.medialabtc.it/tn/agencies/moca2/images/team_member/production/820.jpeg""]",[],Tecnocasa,Tecnocasa,1,1,1,1,1,1,[],2026-02-15 21:24:08,2026-02-15 21:24:08,2026-02-15 21:24:08,,3,2026-02-15 21:24:08,N/A,N/A
62708,S+2 en location," Immobilier Professionnel
 
 Evaluer mon bien
 
 Chercher une agence
 
 Se connecter
ACCUEIL
IMMOBILIER PROFESSIONNEL
EVALUER MON BIEN
CHERCHER UNE AGENCE
SE CONNECTER
Accueil
Appartement en location
Appartement Monastir
Ksar Hellal
Ksar Hellal
S+2 en location
Video
visite 360°
Photos
Plan
Map
 +2
S...","
950",90,Appartement,1,Location,Agence,Ksar Hellal : S+2 en location,https://cdn-media.medialabtc.it/tn/agencies/moca5/estates/62708/images/357426/detail.jpeg,"[""https://cdn-media.medialabtc.it/tn/agencies/moca5/estates/62708/images/357426/detail.jpeg"", ""https://cdn-media.medialabtc.it/tn/agencies/moca5/estates/62708/images/357424/gallery_media.jpeg"", ""https://cdn-media.medialabtc.it/tn/agencies/moca5/estates/62708/images/357422/gallery_media.jpeg"", ""https://cdn-media.medialabtc.it/tn/agencies/moca5/estates/62708/images/357427/gallery_media.jpeg"", ""https://cdn-media.medialabtc.it/tn/agencies/moca5/images/team_member/production/1017.jpeg"", ""https://cdn-media.medialabtc.it/tn/agencies/moca5/images/team_member/production/1021.jpeg"", ""https://cdn-media.medialabtc.it/tn/agencies/moca5/images/team_member/production/1052.jpeg"", ""https://cdn-media.medialabtc.it/tn/agencies/moca5/images/team_member/production/1020.jpeg""]",[],Tecnocasa,Tecnocasa,1,1,1,1,1,1,[],2026-02-15 21:24:08,2026-02-15 21:24:08,2026-02-15 21:24:08,,3,2026-02-15 21:24:08,N/A,N/A
62469,S+2 en location," Immobilier Professionnel
 
 Evaluer mon bien
 
 Chercher une agence
 
 Se connecter
ACCUEIL
IMMOBILIER PROFESSIONNEL
EVALUER MON BIEN
CHERCHER UNE AGENCE
SE CONNECTER
Accueil
Appartement en location
Appartement Monastir
Monastir
Skanes La Falaise
S+2 en location
Video
visite 360°
Photos
Plan
Map
 +...","
850",85,Appartement,1,Location,Agence,Skanes La Falaise : S+2 en location,https://cdn-media.medialabtc.it/tn/agencies/moca1/estates/62469/images/355468/detail.jpeg,"[""https://cdn-media.medialabtc.it/tn/agencies/moca1/estates/62469/images/355468/detail.jpeg"", ""https://cdn-media.medialabtc.it/tn/agencies/moca1/estates/62469/images/355467/gallery_media.jpeg"", ""https://cdn-media.medialabtc.it/tn/agencies/moca1/estates/62469/images/355465/gallery_media.jpeg"", ""https://cdn-media.medialabtc.it/tn/agencies/moca1/estates/62469/images/355463/gallery_media.jpeg"", ""https://cdn-media.medialabtc.it/tn/agencies/moca1/images/team_member/production/1069.jpeg"", ""https://cdn-media.medialabtc.it/tn/agencies/moca1/images/team_member/production/1518.jpeg"", ""https://cdn-media.medialabtc.it/tn/agencies/moca1/images/team_member/production/1688.jpeg"", ""https://cdn-media.medialabtc.it/tn/agencies/moca1/images/team_member/production/1687.jpeg"", ""https://cdn-media.medialabtc.it/tn/agencies/moca1/images/team_member/production/1689.jpeg"", ""https://cdn-media.medialabtc.it/tn/agencies/moca1/images/team_member/production/730.jpeg""]",[],Tecnocasa,Tecnocasa,1,1,1,1,1,1,[],2026-02-15 21:24:08,2026-02-15 21:24:08,2026-02-15 21:24:08,,4,2026-02-15 21:24:08,N/A,N/A
62470,S+2 en location," Immobilier Professionnel
 
 Evaluer mon bien
 
 Chercher une agence
 
 Se connecter
ACCUEIL
IMMOBILIER PROFESSIONNEL
EVALUER MON BIEN
CHERCHER UNE AGENCE
SE CONNECTER
Accueil
Appartement en location
Appartement Monastir
Monastir
Skanes La Falaise
S+2 en location
Video
visite 360°
Photos
Plan
Map
 +...","
850",60,Appartement,1,Location,Agence,Skanes La Falaise : S+2 en location,https://cdn-media.medialabtc.it/tn/agencies/moca1/estates/62470/images/355458/detail.jpeg,"[""https://cdn-media.medialabtc.it/tn/agencies/moca1/estates/62470/images/355458/detail.jpeg"", ""https://cdn-media.medialabtc.it/tn/agencies/moca1/estates/62470/images/355454/gallery_media.jpeg"", ""https://cdn-media.medialabtc.it/tn/agencies/moca1/estates/62470/images/355455/gallery_media.jpeg"", ""https://cdn-media.medialabtc.it/tn/agencies/moca1/estates/62470/images/355456/gallery_media.jpeg"", ""https://cdn-media.medialabtc.it/tn/agencies/moca1/images/team_member/production/1069.jpeg"", ""https://cdn-media.medialabtc.it/tn/agencies/moca1/images/team_member/production/1518.jpeg"", ""https://cdn-media.medialabtc.it/tn/agencies/moca1/images/team_member/production/1688.jpeg"", ""https://cdn-media.medialabtc.it/tn/agencies/moca1/images/team_member/production/1687.jpeg"", ""https://cdn-media.medialabtc.it/tn/agencies/moca1/images/team_member/production/1689.jpeg"", ""https://cdn-media.medialabtc.it/tn/agencies/moca1/images/team_member/production/730.jpeg""]",[],Tecnocasa,Tecnocasa,1,1,1,1,1,1,[],2026-02-15 21:24:08,2026-02-15 21:24:08,2026-02-15 21:24:08,,4,2026-02-15 21:24:08,N/A,N/A
61920,S+3 en location," Immobilier Professionnel
 
 Evaluer mon bien
 
 Chercher une agence
 
 Se connecter
ACCUEIL
IMMOBILIER PROFESSIONNEL
EVALUER MON BIEN
CHERCHER UNE AGENCE
SE CONNECTER
Accueil
Appartement en location
Appartement Monastir
Monastir
Cité El Agba
S+3 en location
Video
visite 360°
Photos
Plan
Map
 +9
S+3...","
900",109,Appartement,1,Location,Agence,Cité El Agba : S+3 en location,https://cdn-media.medialabtc.it/tn/agencies/moca2/estates/61920/images/353969/detail.jpeg,"[""https://cdn-media.medialabtc.it/tn/agencies/moca2/estates/61920/images/353969/detail.jpeg"", ""https://cdn-media.medialabtc.it/tn/agencies/moca2/estates/61920/images/353959/gallery_media.jpeg"", ""https://cdn-media.medialabtc.it/tn/agencies/moca2/estates/61920/images/353958/gallery_media.jpeg"", ""https://cdn-media.medialabtc.it/tn/agencies/moca2/estates/61920/images/353957/gallery_media.jpeg"", ""https://cdn-media.medialabtc.it/tn/agencies/moca2/images/team_member/production/571.jpeg"", ""https://cdn-media.medialabtc.it/tn/agencies/moca2/images/team_member/production/820.jpeg""]",[],Tecnocasa,Tecnocasa,1,1,1,1,1,1,[],2026-02-15 21:24:08,2026-02-15 21:24:08,2026-02-15 21:24:08,,4,2026-02-15 21:24:08,N/A,N/A
62468,S+3 en location," Immobilier Professionnel
 
 Evaluer mon bien
 
 Chercher une agence
 
 Se connecter
ACCUEIL
IMMOBILIER PROFESSIONNEL
EVALUER MON BIEN
CHERCHER UNE AGENCE
SE CONNECTER
Accueil
Appartement en location
Appartement Monastir
Monastir
Cité El Agba
S+3 en location
Video
visite 360°
Photos
Plan
Map
 +2
S+3...","
700",165,Appartement,1,Location,Agence,Cité El Agba : S+3 en location,https://cdn-media.medialabtc.it/tn/agencies/moca2/estates/62468/images/355298/detail.jpeg,"[""https://cdn-media.medialabtc.it/tn/agencies/moca2/estates/62468/images/355298/detail.jpeg"", ""https://cdn-media.medialabtc.it/tn/agencies/moca2/estates/62468/images/355293/gallery_media.jpeg"", ""https://cdn-media.medialabtc.it/tn/agencies/moca2/estates/62468/images/355294/gallery_media.jpeg"", ""https://cdn-media.medialabtc.it/tn/agencies/moca2/estates/62468/images/355295/gallery_media.jpeg"", ""https://cdn-media.medialabtc.it/tn/agencies/moca2/images/team_member/production/571.jpeg"", ""https://cdn-media.medialabtc.it/tn/agencies/moca2/images/team_member/production/820.jpeg""]",[],Tecnocasa,Tecnocasa,1,1,1,1,1,1,[],2026-02-15 21:24:08,2026-02-15 21:24:08,2026-02-15 21:24:08,,4,2026-02-15 21:24:08,N/A,N/A
61993,S+2 en location," Immobilier Professionnel
 
 Evaluer mon bien
 
 Chercher une agence
 
 Se connecter
ACCUEIL
IMMOBILIER PROFESSIONNEL
EVALUER MON BIEN
CHERCHER UNE AGENCE
SE CONNECTER
Accueil
Appartement en location
Appartement Monastir
Monastir
Cité El Agba
S+2 en location
Video
visite 360°
Photos
Plan
Map
 +6
S+2...",1100,90,Appartement,1,Location,Agence,Cité El Agba : S+2 en location,https://cdn-media.medialabtc.it/tn/agencies/moca2/estates/61993/images/353903/detail.jpeg,"[""https://cdn-media.medialabtc.it/tn/agencies/moca2/estates/61993/images/353903/detail.jpeg"", ""https://cdn-media.medialabtc.it/tn/agencies/moca2/estates/61993/images/353897/gallery_media.jpeg"", ""https://cdn-media.medialabtc.it/tn/agencies/moca2/estates/61993/images/353898/gallery_media.jpeg"", ""https://cdn-media.medialabtc.it/tn/agencies/moca2/estates/61993/images/353895/gallery_media.jpeg"", ""https://cdn-media.medialabtc.it/tn/agencies/moca2/images/team_member/production/571.jpeg"", ""https://cdn-media.medialabtc.it/tn/agencies/moca2/images/team_member/production/820.jpeg""]",[],Tecnocasa,Tecnocasa,1,1,1,1,1,1,[],2026-02-15 21:24:08,2026-02-15 21:24:08,2026-02-15 21:24:08,,4,2026-02-15 21:24:08,N/A,N/A
62607,Studio en location," Immobilier Professionnel
 
 Evaluer mon bien
 
 Chercher une agence
 
 Se connecter
ACCUEIL
IMMOBILIER PROFESSIONNEL
EVALUER MON BIEN
CHERCHER UNE AGENCE
SE CONNECTER
Accueil
Appartement en location
Appartement Monastir
Monastir
C2
Studio en location
Video
visite 360°
Photos
Plan
Map
 +9
Studio en ...","
450",95,Appartement,1,Location,Agence,C2 : Studio en location,https://cdn-media.medialabtc.it/tn/agencies/moca2/estates/62607/images/356987/detail.jpeg,"[""https://cdn-media.medialabtc.it/tn/agencies/moca2/estates/62607/images/356987/detail.jpeg"", ""https://cdn-media.medialabtc.it/tn/agencies/moca2/estates/62607/images/356988/gallery_media.jpeg"", ""https://cdn-media.medialabtc.it/tn/agencies/moca2/estates/62607/images/356883/gallery_media.jpeg"", ""https://cdn-media.medialabtc.it/tn/agencies/moca2/estates/62607/images/356885/gallery_media.jpeg"", ""https://cdn-media.medialabtc.it/tn/agencies/moca2/images/team_member/production/571.jpeg"", ""https://cdn-media.medialabtc.it/tn/agencies/moca2/images/team_member/production/820.jpeg""]",[],Tecnocasa,Tecnocasa,1,1,1,1,1,1,[],2026-02-15 21:24:08,2026-02-15 21:24:08,2026-02-15 21:24:08,,4,2026-02-15 21:24:08,N/A,N/A
62709,Duplex en location," Immobilier Professionnel
 
 Evaluer mon bien
 
 Chercher une agence
 
 Se connecter
ACCUEIL
IMMOBILIER PROFESSIONNEL
EVALUER MON BIEN
CHERCHER UNE AGENCE
SE CONNECTER
Accueil
Appartement en location
Appartement Monastir
Ksar Hellal
Ksar Hellal
Duplex en location
Video
visite 360°
Photos
Plan
Map
 +...","
850",80,Appartement,1,Location,Agence,Ksar Hellal : Duplex en location,https://cdn-media.medialabtc.it/tn/agencies/moca5/estates/62709/images/357371/detail.jpeg,"[""https://cdn-media.medialabtc.it/tn/agencies/moca5/estates/62709/images/357371/detail.jpeg"", ""https://cdn-media.medialabtc.it/tn/agencies/moca5/estates/62709/images/357376/gallery_media.jpeg"", ""https://cdn-media.medialabtc.it/tn/agencies/moca5/estates/62709/images/357373/gallery_media.jpeg"", ""https://cdn-media.medialabtc.it/tn/agencies/moca5/estates/62709/images/357374/gallery_media.jpeg"", ""https://cdn-media.medialabtc.it/tn/agencies/moca5/images/team_member/production/1017.jpeg"", ""https://cdn-media.medialabtc.it/tn/agencies/moca5/images/team_member/production/1021.jpeg"", ""https://cdn-media.medialabtc.it/tn/agencies/moca5/images/team_member/production/1052.jpeg"", ""https://cdn-media.medialabtc.it/tn/agencies/moca5/images/team_member/production/1020.jpeg""]",[],Tecnocasa,Tecnocasa,1,1,1,1,1,1,[],2026-02-15 21:24:08,2026-02-15 21:24:08,2026-02-15 21:24:08,,4,2026-02-15 21:24:08,N/A,N/A
62344,S+1 en location," Immobilier Professionnel
 
 Evaluer mon bien
 
 Chercher une agence
 
 Se connecter
ACCUEIL
IMMOBILIER PROFESSIONNEL
EVALUER MON BIEN
CHERCHER UNE AGENCE
SE CONNECTER
Accueil
Appartement en location
Appartement Monastir
Monastir
Cité El Omrane
S+1 en location
Video
visite 360°
Photos
Plan
Map
 +5
S...","
700",60,Appartement,1,Location,Agence,Cité El Omrane : S+1 en location,https://cdn-media.medialabtc.it/tn/agencies/moca1/estates/62344/images/354444/detail.jpeg,"[""https://cdn-media.medialabtc.it/tn/agencies/moca1/estates/62344/images/354444/detail.jpeg"", ""https://cdn-media.medialabtc.it/tn/agencies/moca1/estates/62344/images/354445/gallery_media.jpeg"", ""https://cdn-media.medialabtc.it/tn/agencies/moca1/estates/62344/images/354446/gallery_media.jpeg"", ""https://cdn-media.medialabtc.it/tn/agencies/moca1/estates/62344/images/354527/gallery_media.jpeg"", ""https://cdn-media.medialabtc.it/tn/agencies/moca1/images/team_member/production/1069.jpeg"", ""https://cdn-media.medialabtc.it/tn/agencies/moca1/images/team_member/production/1518.jpeg"", ""https://cdn-media.medialabtc.it/tn/agencies/moca1/images/team_member/production/1688.jpeg"", ""https://cdn-media.medialabtc.it/tn/agencies/moca1/images/team_member/production/1687.jpeg"", ""https://cdn-media.medialabtc.it/tn/agencies/moca1/images/team_member/production/1689.jpeg"", ""https://cdn-media.medialabtc.it/tn/agencies/moca1/images/team_member/production/730.jpeg""]",[],Tecnocasa,Tecnocasa,1,1,1,1,1,1,[],2026-02-15 21:24:08,2026-02-15 21:24:08,2026-02-15 21:24:08,,4,2026-02-15 21:24:08,N/A,N/A
62312,S+1 en location," Immobilier Professionnel
 
 Evaluer mon bien
 
 Chercher une agence
 
 Se connecter
ACCUEIL
IMMOBILIER PROFESSIONNEL
EVALUER MON BIEN
CHERCHER UNE AGENCE
SE CONNECTER
Accueil
Appartement en location
Appartement Monastir
Ksar Hellal
Ksar Hellal
S+1 en location
Video
visite 360°
Photos
Plan
Map
 +1
S...","
480",50,Appartement,1,Location,Agence,Ksar Hellal : S+1 en location,https://cdn-media.medialabtc.it/tn/agencies/moca5/estates/62312/images/354322/detail.jpeg,"[""https://cdn-media.medialabtc.it/tn/agencies/moca5/estates/62312/images/354322/detail.jpeg"", ""https://cdn-media.medialabtc.it/tn/agencies/moca5/estates/62312/images/354325/gallery_media.jpeg"", ""https://cdn-media.medialabtc.it/tn/agencies/moca5/estates/62312/images/354323/gallery_media.jpeg"", ""https://cdn-media.medialabtc.it/tn/agencies/moca5/estates/62312/images/354326/gallery_media.jpeg"", ""https://cdn-media.medialabtc.it/tn/agencies/moca5/images/team_member/production/1017.jpeg"", ""https://cdn-media.medialabtc.it/tn/agencies/moca5/images/team_member/production/1021.jpeg"", ""https://cdn-media.medialabtc.it/tn/agencies/moca5/images/team_member/production/1052.jpeg"", ""https://cdn-media.medialabtc.it/tn/agencies/moca5/images/team_member/production/1020.jpeg""]",[],Tecnocasa,Tecnocasa,1,1,1,1,1,1,[],2026-02-15 21:24:08,2026-02-15 21:24:08,2026-02-15 21:24:08,,4,2026-02-15 21:24:08,N/A,N/A
63115,Studio en location," Immobilier Professionnel
 
 Evaluer mon bien
 
 Chercher une agence
 
 Se connecter
ACCUEIL
IMMOBILIER PROFESSIONNEL
EVALUER MON BIEN
CHERCHER UNE AGENCE
SE CONNECTER
Accueil
Appartement en location
Appartement Monastir
Ksar Hellal
Ksar Hellal
Studio en location
Video
visite 360°
Photos
Plan
Map
 +...","
300",70,Appartement,1,Location,Agence,Ksar Hellal : Studio en location,https://cdn-media.medialabtc.it/tn/agencies/moca5/estates/63115/images/361893/detail.jpeg,"[""https://cdn-media.medialabtc.it/tn/agencies/moca5/estates/63115/images/361893/detail.jpeg"", ""https://cdn-media.medialabtc.it/tn/agencies/moca5/estates/63115/images/361894/gallery_media.jpeg"", ""https://cdn-media.medialabtc.it/tn/agencies/moca5/estates/63115/images/361895/gallery_media.jpeg"", ""https://cdn-media.medialabtc.it/tn/agencies/moca5/estates/63115/images/361898/gallery_media.jpeg"", ""https://cdn-media.medialabtc.it/tn/agencies/moca5/images/team_member/production/1017.jpeg"", ""https://cdn-media.medialabtc.it/tn/agencies/moca5/images/team_member/production/1021.jpeg"", ""https://cdn-media.medialabtc.it/tn/agencies/moca5/images/team_member/production/1052.jpeg"", ""https://cdn-media.medialabtc.it/tn/agencies/moca5/images/team_member/production/1020.jpeg""]",[],Tecnocasa,Tecnocasa,1,1,1,1,1,1,[],2026-02-15 21:24:08,2026-02-15 21:24:08,2026-02-15 21:24:08,,4,2026-02-15 21:24:08,N/A,N/A
62609,S+3 en location," Immobilier Professionnel
 
 Evaluer mon bien
 
 Chercher une agence
 
 Se connecter
ACCUEIL
IMMOBILIER PROFESSIONNEL
EVALUER MON BIEN
CHERCHER UNE AGENCE
SE CONNECTER
Accueil
Appartement en location
Appartement Monastir
Monastir
C2
S+3 en location
Video
visite 360°
Photos
Plan
Map
 +13
S+3 en locat...","
800",115,Appartement,1,Location,Agence,C2 : S+3 en location,https://cdn-media.medialabtc.it/tn/agencies/moca2/estates/62609/images/357040/detail.jpeg,"[""https://cdn-media.medialabtc.it/tn/agencies/moca2/estates/62609/images/357040/detail.jpeg"", ""https://cdn-media.medialabtc.it/tn/agencies/moca2/estates/62609/images/357039/gallery_media.jpeg"", ""https://cdn-media.medialabtc.it/tn/agencies/moca2/estates/62609/images/357025/gallery_media.jpeg"", ""https://cdn-media.medialabtc.it/tn/agencies/moca2/estates/62609/images/357023/gallery_media.jpeg"", ""https://cdn-media.medialabtc.it/tn/agencies/moca2/images/team_member/production/571.jpeg"", ""https://cdn-media.medialabtc.it/tn/agencies/moca2/images/team_member/production/820.jpeg""]",[],Tecnocasa,Tecnocasa,1,1,1,1,1,1,[],2026-02-15 21:24:08,2026-02-15 21:24:08,2026-02-15 21:24:08,,4,2026-02-15 21:24:08,N/A,N/A
62907,S+3 en location," Immobilier Professionnel
 
 Evaluer mon bien
 
 Chercher une agence
 
 Se connecter
ACCUEIL
IMMOBILIER PROFESSIONNEL
EVALUER MON BIEN
CHERCHER UNE AGENCE
SE CONNECTER
Accueil
Appartement en location
Appartement Monastir
Monastir
Cité El Agba
S+3 en location
Video
visite 360°
Photos
Plan
Map
 +10
S+...",1300,130,Appartement,1,Location,Agence,Cité El Agba : S+3 en location,https://cdn-media.medialabtc.it/tn/agencies/moca2/estates/62907/images/361910/detail.jpeg,"[""https://cdn-media.medialabtc.it/tn/agencies/moca2/estates/62907/images/361910/detail.jpeg"", ""https://cdn-media.medialabtc.it/tn/agencies/moca2/estates/62907/images/361909/gallery_media.jpeg"", ""https://cdn-media.medialabtc.it/tn/agencies/moca2/estates/62907/images/361904/gallery_media.jpeg"", ""https://cdn-media.medialabtc.it/tn/agencies/moca2/estates/62907/images/361876/gallery_media.jpeg"", ""https://cdn-media.medialabtc.it/tn/agencies/moca2/images/team_member/production/571.jpeg"", ""https://cdn-media.medialabtc.it/tn/agencies/moca2/images/team_member/production/820.jpeg""]",[],Tecnocasa,Tecnocasa,1,1,1,1,1,1,[],2026-02-15 21:24:08,2026-02-15 21:24:08,2026-02-15 21:24:08,,4,2026-02-15 21:24:08,N/A,N/A
62612,S+1 en location," Immobilier Professionnel
 
 Evaluer mon bien
 
 Chercher une agence
 
 Se connecter
ACCUEIL
IMMOBILIER PROFESSIONNEL
EVALUER MON BIEN
CHERCHER UNE AGENCE
SE CONNECTER
Accueil
Appartement en location
Appartement Monastir
Monastir
Frina
S+1 en location
Video
visite 360°
Photos
Plan
Map
 +5
S+1 en loc...","
420",70,Appartement,1,Location,Agence,Frina : S+1 en location,https://cdn-media.medialabtc.it/tn/agencies/moca2/estates/62612/images/356933/detail.jpeg,"[""https://cdn-media.medialabtc.it/tn/agencies/moca2/estates/62612/images/356933/detail.jpeg"", ""https://cdn-media.medialabtc.it/tn/agencies/moca2/estates/62612/images/356927/gallery_media.jpeg"", ""https://cdn-media.medialabtc.it/tn/agencies/moca2/estates/62612/images/356936/gallery_media.jpeg"", ""https://cdn-media.medialabtc.it/tn/agencies/moca2/estates/62612/images/356934/gallery_media.jpeg"", ""https://cdn-media.medialabtc.it/tn/agencies/moca2/images/team_member/production/571.jpeg"", ""https://cdn-media.medialabtc.it/tn/agencies/moca2/images/team_member/production/820.jpeg""]",[],Tecnocasa,Tecnocasa,1,1,1,1,1,1,[],2026-02-15 21:24:08,2026-02-15 21:24:08,2026-02-15 21:24:08,,4,2026-02-15 21:24:08,N/A,N/A
62914,S+2 en location," Immobilier Professionnel
 
 Evaluer mon bien
 
 Chercher une agence
 
 Se connecter
ACCUEIL
IMMOBILIER PROFESSIONNEL
EVALUER MON BIEN
CHERCHER UNE AGENCE
SE CONNECTER
Accueil
Appartement en location
Appartement Monastir
Monastir
Frina
S+2 en location
Video
visite 360°
Photos
Plan
Map
 +8
S+2 en loc...","
700",113,Appartement,1,Location,Agence,Frina : S+2 en location,https://cdn-media.medialabtc.it/tn/agencies/moca2/estates/62914/images/361865/detail.jpeg,"[""https://cdn-media.medialabtc.it/tn/agencies/moca2/estates/62914/images/361865/detail.jpeg"", ""https://cdn-media.medialabtc.it/tn/agencies/moca2/estates/62914/images/361862/gallery_media.jpeg"", ""https://cdn-media.medialabtc.it/tn/agencies/moca2/estates/62914/images/361869/gallery_media.jpeg"", ""https://cdn-media.medialabtc.it/tn/agencies/moca2/estates/62914/images/361864/gallery_media.jpeg"", ""https://cdn-media.medialabtc.it/tn/agencies/moca2/images/team_member/production/571.jpeg"", ""https://cdn-media.medialabtc.it/tn/agencies/moca2/images/team_member/production/820.jpeg""]",[],Tecnocasa,Tecnocasa,1,1,1,1,1,1,[],2026-02-15 21:24:08,2026-02-15 21:24:08,2026-02-15 21:24:08,,4,2026-02-15 21:24:08,N/A,N/A
62708,S+2 en location," Immobilier Professionnel
 
 Evaluer mon bien
 
 Chercher une agence
 
 Se connecter
ACCUEIL
IMMOBILIER PROFESSIONNEL
EVALUER MON BIEN
CHERCHER UNE AGENCE
SE CONNECTER
Accueil
Appartement en location
Appartement Monastir
Ksar Hellal
Ksar Hellal
S+2 en location
Video
visite 360°
Photos
Plan
Map
 +2
S...","
950",90,Appartement,1,Location,Agence,Ksar Hellal : S+2 en location,https://cdn-media.medialabtc.it/tn/agencies/moca5/estates/62708/images/357426/detail.jpeg,"[""https://cdn-media.medialabtc.it/tn/agencies/moca5/estates/62708/images/357426/detail.jpeg"", ""https://cdn-media.medialabtc.it/tn/agencies/moca5/estates/62708/images/357424/gallery_media.jpeg"", ""https://cdn-media.medialabtc.it/tn/agencies/moca5/estates/62708/images/357422/gallery_media.jpeg"", ""https://cdn-media.medialabtc.it/tn/agencies/moca5/estates/62708/images/357427/gallery_media.jpeg"", ""https://cdn-media.medialabtc.it/tn/agencies/moca5/images/team_member/production/1017.jpeg"", ""https://cdn-media.medialabtc.it/tn/agencies/moca5/images/team_member/production/1021.jpeg"", ""https://cdn-media.medialabtc.it/tn/agencies/moca5/images/team_member/production/1052.jpeg"", ""https://cdn-media.medialabtc.it/tn/agencies/moca5/images/team_member/production/1020.jpeg""]",[],Tecnocasa,Tecnocasa,1,1,1,1,1,1,[],2026-02-15 21:24:08,2026-02-15 21:24:08,2026-02-15 21:24:08,,4,2026-02-15 21:24:08,N/A,N/A
62469,S+2 en location," Immobilier Professionnel
 
 Evaluer mon bien
 
 Chercher une agence
 
 Se connecter
ACCUEIL
IMMOBILIER PROFESSIONNEL
EVALUER MON BIEN
CHERCHER UNE AGENCE
SE CONNECTER
Accueil
Appartement en location
Appartement Monastir
Monastir
Skanes La Falaise
S+2 en location
Video
visite 360°
Photos
Plan
Map
 +...","
850",85,Appartement,1,Location,Agence,Skanes La Falaise : S+2 en location,https://cdn-media.medialabtc.it/tn/agencies/moca1/estates/62469/images/355468/detail.jpeg,"[""https://cdn-media.medialabtc.it/tn/agencies/moca1/estates/62469/images/355468/detail.jpeg"", ""https://cdn-media.medialabtc.it/tn/agencies/moca1/estates/62469/images/355467/gallery_media.jpeg"", ""https://cdn-media.medialabtc.it/tn/agencies/moca1/estates/62469/images/355465/gallery_media.jpeg"", ""https://cdn-media.medialabtc.it/tn/agencies/moca1/estates/62469/images/355463/gallery_media.jpeg"", ""https://cdn-media.medialabtc.it/tn/agencies/moca1/images/team_member/production/1069.jpeg"", ""https://cdn-media.medialabtc.it/tn/agencies/moca1/images/team_member/production/1518.jpeg"", ""https://cdn-media.medialabtc.it/tn/agencies/moca1/images/team_member/production/1688.jpeg"", ""https://cdn-media.medialabtc.it/tn/agencies/moca1/images/team_member/production/1687.jpeg"", ""https://cdn-media.medialabtc.it/tn/agencies/moca1/images/team_member/production/1689.jpeg"", ""https://cdn-media.medialabtc.it/tn/agencies/moca1/images/team_member/production/730.jpeg""]",[],Tecnocasa,Tecnocasa,1,1,1,1,1,1,[],2026-02-15 21:24:08,2026-02-15 21:24:08,2026-02-15 21:24:08,,5,2026-02-15 21:24:08,N/A,N/A
62470,S+2 en location," Immobilier Professionnel
 
 Evaluer mon bien
 
 Chercher une agence
 
 Se connecter
ACCUEIL
IMMOBILIER PROFESSIONNEL
EVALUER MON BIEN
CHERCHER UNE AGENCE
SE CONNECTER
Accueil
Appartement en location
Appartement Monastir
Monastir
Skanes La Falaise
S+2 en location
Video
visite 360°
Photos
Plan
Map
 +...","
850",60,Appartement,1,Location,Agence,Skanes La Falaise : S+2 en location,https://cdn-media.medialabtc.it/tn/agencies/moca1/estates/62470/images/355458/detail.jpeg,"[""https://cdn-media.medialabtc.it/tn/agencies/moca1/estates/62470/images/355458/detail.jpeg"", ""https://cdn-media.medialabtc.it/tn/agencies/moca1/estates/62470/images/355454/gallery_media.jpeg"", ""https://cdn-media.medialabtc.it/tn/agencies/moca1/estates/62470/images/355455/gallery_media.jpeg"", ""https://cdn-media.medialabtc.it/tn/agencies/moca1/estates/62470/images/355456/gallery_media.jpeg"", ""https://cdn-media.medialabtc.it/tn/agencies/moca1/images/team_member/production/1069.jpeg"", ""https://cdn-media.medialabtc.it/tn/agencies/moca1/images/team_member/production/1518.jpeg"", ""https://cdn-media.medialabtc.it/tn/agencies/moca1/images/team_member/production/1688.jpeg"", ""https://cdn-media.medialabtc.it/tn/agencies/moca1/images/team_member/production/1687.jpeg"", ""https://cdn-media.medialabtc.it/tn/agencies/moca1/images/team_member/production/1689.jpeg"", ""https://cdn-media.medialabtc.it/tn/agencies/moca1/images/team_member/production/730.jpeg""]",[],Tecnocasa,Tecnocasa,1,1,1,1,1,1,[],2026-02-15 21:24:08,2026-02-15 21:24:08,2026-02-15 21:24:08,,5,2026-02-15 21:24:08,N/A,N/A
61920,S+3 en location," Immobilier Professionnel
 
 Evaluer mon bien
 
 Chercher une agence
 
 Se connecter
ACCUEIL
IMMOBILIER PROFESSIONNEL
EVALUER MON BIEN
CHERCHER UNE AGENCE
SE CONNECTER
Accueil
Appartement en location
Appartement Monastir
Monastir
Cité El Agba
S+3 en location
Video
visite 360°
Photos
Plan
Map
 +9
S+3...","
900",109,Appartement,1,Location,Agence,Cité El Agba : S+3 en location,https://cdn-media.medialabtc.it/tn/agencies/moca2/estates/61920/images/353969/detail.jpeg,"[""https://cdn-media.medialabtc.it/tn/agencies/moca2/estates/61920/images/353969/detail.jpeg"", ""https://cdn-media.medialabtc.it/tn/agencies/moca2/estates/61920/images/353959/gallery_media.jpeg"", ""https://cdn-media.medialabtc.it/tn/agencies/moca2/estates/61920/images/353958/gallery_media.jpeg"", ""https://cdn-media.medialabtc.it/tn/agencies/moca2/estates/61920/images/353957/gallery_media.jpeg"", ""https://cdn-media.medialabtc.it/tn/agencies/moca2/images/team_member/production/571.jpeg"", ""https://cdn-media.medialabtc.it/tn/agencies/moca2/images/team_member/production/820.jpeg""]",[],Tecnocasa,Tecnocasa,1,1,1,1,1,1,[],2026-02-15 21:24:08,2026-02-15 21:24:08,2026-02-15 21:24:08,,5,2026-02-15 21:24:08,N/A,N/A
62468,S+3 en location," Immobilier Professionnel
 
 Evaluer mon bien
 
 Chercher une agence
 
 Se connecter
ACCUEIL
IMMOBILIER PROFESSIONNEL
EVALUER MON BIEN
CHERCHER UNE AGENCE
SE CONNECTER
Accueil
Appartement en location
Appartement Monastir
Monastir
Cité El Agba
S+3 en location
Video
visite 360°
Photos
Plan
Map
 +2
S+3...","
700",165,Appartement,1,Location,Agence,Cité El Agba : S+3 en location,https://cdn-media.medialabtc.it/tn/agencies/moca2/estates/62468/images/355298/detail.jpeg,"[""https://cdn-media.medialabtc.it/tn/agencies/moca2/estates/62468/images/355298/detail.jpeg"", ""https://cdn-media.medialabtc.it/tn/agencies/moca2/estates/62468/images/355293/gallery_media.jpeg"", ""https://cdn-media.medialabtc.it/tn/agencies/moca2/estates/62468/images/355294/gallery_media.jpeg"", ""https://cdn-media.medialabtc.it/tn/agencies/moca2/estates/62468/images/355295/gallery_media.jpeg"", ""https://cdn-media.medialabtc.it/tn/agencies/moca2/images/team_member/production/571.jpeg"", ""https://cdn-media.medialabtc.it/tn/agencies/moca2/images/team_member/production/820.jpeg""]",[],Tecnocasa,Tecnocasa,1,1,1,1,1,1,[],2026-02-15 21:24:08,2026-02-15 21:24:08,2026-02-15 21:24:08,,5,2026-02-15 21:24:08,N/A,N/A
61993,S+2 en location," Immobilier Professionnel
 
 Evaluer mon bien
 
 Chercher une agence
 
 Se connecter
ACCUEIL
IMMOBILIER PROFESSIONNEL
EVALUER MON BIEN
CHERCHER UNE AGENCE
SE CONNECTER
Accueil
Appartement en location
Appartement Monastir
Monastir
Cité El Agba
S+2 en location
Video
visite 360°
Photos
Plan
Map
 +6
S+2...",1100,90,Appartement,1,Location,Agence,Cité El Agba : S+2 en location,https://cdn-media.medialabtc.it/tn/agencies/moca2/estates/61993/images/353903/detail.jpeg,"[""https://cdn-media.medialabtc.it/tn/agencies/moca2/estates/61993/images/353903/detail.jpeg"", ""https://cdn-media.medialabtc.it/tn/agencies/moca2/estates/61993/images/353897/gallery_media.jpeg"", ""https://cdn-media.medialabtc.it/tn/agencies/moca2/estates/61993/images/353898/gallery_media.jpeg"", ""https://cdn-media.medialabtc.it/tn/agencies/moca2/estates/61993/images/353895/gallery_media.jpeg"", ""https://cdn-media.medialabtc.it/tn/agencies/moca2/images/team_member/production/571.jpeg"", ""https://cdn-media.medialabtc.it/tn/agencies/moca2/images/team_member/production/820.jpeg""]",[],Tecnocasa,Tecnocasa,1,1,1,1,1,1,[],2026-02-15 21:24:08,2026-02-15 21:24:08,2026-02-15 21:24:08,,5,2026-02-15 21:24:08,N/A,N/A
62607,Studio en location," Immobilier Professionnel
 
 Evaluer mon bien
 
 Chercher une agence
 
 Se connecter
ACCUEIL
IMMOBILIER PROFESSIONNEL
EVALUER MON BIEN
CHERCHER UNE AGENCE
SE CONNECTER
Accueil
Appartement en location
Appartement Monastir
Monastir
C2
Studio en location
Video
visite 360°
Photos
Plan
Map
 +9
Studio en ...","
450",95,Appartement,1,Location,Agence,C2 : Studio en location,https://cdn-media.medialabtc.it/tn/agencies/moca2/estates/62607/images/356987/detail.jpeg,"[""https://cdn-media.medialabtc.it/tn/agencies/moca2/estates/62607/images/356987/detail.jpeg"", ""https://cdn-media.medialabtc.it/tn/agencies/moca2/estates/62607/images/356988/gallery_media.jpeg"", ""https://cdn-media.medialabtc.it/tn/agencies/moca2/estates/62607/images/356883/gallery_media.jpeg"", ""https://cdn-media.medialabtc.it/tn/agencies/moca2/estates/62607/images/356885/gallery_media.jpeg"", ""https://cdn-media.medialabtc.it/tn/agencies/moca2/images/team_member/production/571.jpeg"", ""https://cdn-media.medialabtc.it/tn/agencies/moca2/images/team_member/production/820.jpeg""]",[],Tecnocasa,Tecnocasa,1,1,1,1,1,1,[],2026-02-15 21:24:08,2026-02-15 21:24:08,2026-02-15 21:24:08,,5,2026-02-15 21:24:08,N/A,N/A
62709,Duplex en location," Immobilier Professionnel
 
 Evaluer mon bien
 
 Chercher une agence
 
 Se connecter
ACCUEIL
IMMOBILIER PROFESSIONNEL
EVALUER MON BIEN
CHERCHER UNE AGENCE
SE CONNECTER
Accueil
Appartement en location
Appartement Monastir
Ksar Hellal
Ksar Hellal
Duplex en location
Video
visite 360°
Photos
Plan
Map
 +...","
850",80,Appartement,1,Location,Agence,Ksar Hellal : Duplex en location,https://cdn-media.medialabtc.it/tn/agencies/moca5/estates/62709/images/357371/detail.jpeg,"[""https://cdn-media.medialabtc.it/tn/agencies/moca5/estates/62709/images/357371/detail.jpeg"", ""https://cdn-media.medialabtc.it/tn/agencies/moca5/estates/62709/images/357376/gallery_media.jpeg"", ""https://cdn-media.medialabtc.it/tn/agencies/moca5/estates/62709/images/357373/gallery_media.jpeg"", ""https://cdn-media.medialabtc.it/tn/agencies/moca5/estates/62709/images/357374/gallery_media.jpeg"", ""https://cdn-media.medialabtc.it/tn/agencies/moca5/images/team_member/production/1017.jpeg"", ""https://cdn-media.medialabtc.it/tn/agencies/moca5/images/team_member/production/1021.jpeg"", ""https://cdn-media.medialabtc.it/tn/agencies/moca5/images/team_member/production/1052.jpeg"", ""https://cdn-media.medialabtc.it/tn/agencies/moca5/images/team_member/production/1020.jpeg""]",[],Tecnocasa,Tecnocasa,1,1,1,1,1,1,[],2026-02-15 21:24:08,2026-02-15 21:24:08,2026-02-15 21:24:08,,5,2026-02-15 21:24:08,N/A,N/A
62344,S+1 en location," Immobilier Professionnel
 
 Evaluer mon bien
 
 Chercher une agence
 
 Se connecter
ACCUEIL
IMMOBILIER PROFESSIONNEL
EVALUER MON BIEN
CHERCHER UNE AGENCE
SE CONNECTER
Accueil
Appartement en location
Appartement Monastir
Monastir
Cité El Omrane
S+1 en location
Video
visite 360°
Photos
Plan
Map
 +5
S...","
700",60,Appartement,1,Location,Agence,Cité El Omrane : S+1 en location,https://cdn-media.medialabtc.it/tn/agencies/moca1/estates/62344/images/354444/detail.jpeg,"[""https://cdn-media.medialabtc.it/tn/agencies/moca1/estates/62344/images/354444/detail.jpeg"", ""https://cdn-media.medialabtc.it/tn/agencies/moca1/estates/62344/images/354445/gallery_media.jpeg"", ""https://cdn-media.medialabtc.it/tn/agencies/moca1/estates/62344/images/354446/gallery_media.jpeg"", ""https://cdn-media.medialabtc.it/tn/agencies/moca1/estates/62344/images/354527/gallery_media.jpeg"", ""https://cdn-media.medialabtc.it/tn/agencies/moca1/images/team_member/production/1069.jpeg"", ""https://cdn-media.medialabtc.it/tn/agencies/moca1/images/team_member/production/1518.jpeg"", ""https://cdn-media.medialabtc.it/tn/agencies/moca1/images/team_member/production/1688.jpeg"", ""https://cdn-media.medialabtc.it/tn/agencies/moca1/images/team_member/production/1687.jpeg"", ""https://cdn-media.medialabtc.it/tn/agencies/moca1/images/team_member/production/1689.jpeg"", ""https://cdn-media.medialabtc.it/tn/agencies/moca1/images/team_member/production/730.jpeg""]",[],Tecnocasa,Tecnocasa,1,1,1,1,1,1,[],2026-02-15 21:24:08,2026-02-15 21:24:08,2026-02-15 21:24:08,,5,2026-02-15 21:24:08,N/A,N/A
62312,S+1 en location," Immobilier Professionnel
 
 Evaluer mon bien
 
 Chercher une agence
 
 Se connecter
ACCUEIL
IMMOBILIER PROFESSIONNEL
EVALUER MON BIEN
CHERCHER UNE AGENCE
SE CONNECTER
Accueil
Appartement en location
Appartement Monastir
Ksar Hellal
Ksar Hellal
S+1 en location
Video
visite 360°
Photos
Plan
Map
 +1
S...","
480",50,Appartement,1,Location,Agence,Ksar Hellal : S+1 en location,https://cdn-media.medialabtc.it/tn/agencies/moca5/estates/62312/images/354322/detail.jpeg,"[""https://cdn-media.medialabtc.it/tn/agencies/moca5/estates/62312/images/354322/detail.jpeg"", ""https://cdn-media.medialabtc.it/tn/agencies/moca5/estates/62312/images/354325/gallery_media.jpeg"", ""https://cdn-media.medialabtc.it/tn/agencies/moca5/estates/62312/images/354323/gallery_media.jpeg"", ""https://cdn-media.medialabtc.it/tn/agencies/moca5/estates/62312/images/354326/gallery_media.jpeg"", ""https://cdn-media.medialabtc.it/tn/agencies/moca5/images/team_member/production/1017.jpeg"", ""https://cdn-media.medialabtc.it/tn/agencies/moca5/images/team_member/production/1021.jpeg"", ""https://cdn-media.medialabtc.it/tn/agencies/moca5/images/team_member/production/1052.jpeg"", ""https://cdn-media.medialabtc.it/tn/agencies/moca5/images/team_member/production/1020.jpeg""]",[],Tecnocasa,Tecnocasa,1,1,1,1,1,1,[],2026-02-15 21:24:08,2026-02-15 21:24:08,2026-02-15 21:24:08,,5,2026-02-15 21:24:08,N/A,N/A
63115,Studio en location," Immobilier Professionnel
 
 Evaluer mon bien
 
 Chercher une agence
 
 Se connecter
ACCUEIL
IMMOBILIER PROFESSIONNEL
EVALUER MON BIEN
CHERCHER UNE AGENCE
SE CONNECTER
Accueil
Appartement en location
Appartement Monastir
Ksar Hellal
Ksar Hellal
Studio en location
Video
visite 360°
Photos
Plan
Map
 +...","
300",70,Appartement,1,Location,Agence,Ksar Hellal : Studio en location,https://cdn-media.medialabtc.it/tn/agencies/moca5/estates/63115/images/361893/detail.jpeg,"[""https://cdn-media.medialabtc.it/tn/agencies/moca5/estates/63115/images/361893/detail.jpeg"", ""https://cdn-media.medialabtc.it/tn/agencies/moca5/estates/63115/images/361894/gallery_media.jpeg"", ""https://cdn-media.medialabtc.it/tn/agencies/moca5/estates/63115/images/361895/gallery_media.jpeg"", ""https://cdn-media.medialabtc.it/tn/agencies/moca5/estates/63115/images/361898/gallery_media.jpeg"", ""https://cdn-media.medialabtc.it/tn/agencies/moca5/images/team_member/production/1017.jpeg"", ""https://cdn-media.medialabtc.it/tn/agencies/moca5/images/team_member/production/1021.jpeg"", ""https://cdn-media.medialabtc.it/tn/agencies/moca5/images/team_member/production/1052.jpeg"", ""https://cdn-media.medialabtc.it/tn/agencies/moca5/images/team_member/production/1020.jpeg""]",[],Tecnocasa,Tecnocasa,1,1,1,1,1,1,[],2026-02-15 21:24:08,2026-02-15 21:24:08,2026-02-15 21:24:08,,5,2026-02-15 21:24:08,N/A,N/A
62609,S+3 en location," Immobilier Professionnel
 
 Evaluer mon bien
 
 Chercher une agence
 
 Se connecter
ACCUEIL
IMMOBILIER PROFESSIONNEL
EVALUER MON BIEN
CHERCHER UNE AGENCE
SE CONNECTER
Accueil
Appartement en location
Appartement Monastir
Monastir
C2
S+3 en location
Video
visite 360°
Photos
Plan
Map
 +13
S+3 en locat...","
800",115,Appartement,1,Location,Agence,C2 : S+3 en location,https://cdn-media.medialabtc.it/tn/agencies/moca2/estates/62609/images/357040/detail.jpeg,"[""https://cdn-media.medialabtc.it/tn/agencies/moca2/estates/62609/images/357040/detail.jpeg"", ""https://cdn-media.medialabtc.it/tn/agencies/moca2/estates/62609/images/357039/gallery_media.jpeg"", ""https://cdn-media.medialabtc.it/tn/agencies/moca2/estates/62609/images/357025/gallery_media.jpeg"", ""https://cdn-media.medialabtc.it/tn/agencies/moca2/estates/62609/images/357023/gallery_media.jpeg"", ""https://cdn-media.medialabtc.it/tn/agencies/moca2/images/team_member/production/571.jpeg"", ""https://cdn-media.medialabtc.it/tn/agencies/moca2/images/team_member/production/820.jpeg""]",[],Tecnocasa,Tecnocasa,1,1,1,1,1,1,[],2026-02-15 21:24:08,2026-02-15 21:24:08,2026-02-15 21:24:08,,5,2026-02-15 21:24:08,N/A,N/A
62907,S+3 en location," Immobilier Professionnel
 
 Evaluer mon bien
 
 Chercher une agence
 
 Se connecter
ACCUEIL
IMMOBILIER PROFESSIONNEL
EVALUER MON BIEN
CHERCHER UNE AGENCE
SE CONNECTER
Accueil
Appartement en location
Appartement Monastir
Monastir
Cité El Agba
S+3 en location
Video
visite 360°
Photos
Plan
Map
 +10
S+...",1300,130,Appartement,1,Location,Agence,Cité El Agba : S+3 en location,https://cdn-media.medialabtc.it/tn/agencies/moca2/estates/62907/images/361910/detail.jpeg,"[""https://cdn-media.medialabtc.it/tn/agencies/moca2/estates/62907/images/361910/detail.jpeg"", ""https://cdn-media.medialabtc.it/tn/agencies/moca2/estates/62907/images/361909/gallery_media.jpeg"", ""https://cdn-media.medialabtc.it/tn/agencies/moca2/estates/62907/images/361904/gallery_media.jpeg"", ""https://cdn-media.medialabtc.it/tn/agencies/moca2/estates/62907/images/361876/gallery_media.jpeg"", ""https://cdn-media.medialabtc.it/tn/agencies/moca2/images/team_member/production/571.jpeg"", ""https://cdn-media.medialabtc.it/tn/agencies/moca2/images/team_member/production/820.jpeg""]",[],Tecnocasa,Tecnocasa,1,1,1,1,1,1,[],2026-02-15 21:24:08,2026-02-15 21:24:08,2026-02-15 21:24:08,,5,2026-02-15 21:24:08,N/A,N/A
62612,S+1 en location," Immobilier Professionnel
 
 Evaluer mon bien
 
 Chercher une agence
 
 Se connecter
ACCUEIL
IMMOBILIER PROFESSIONNEL
EVALUER MON BIEN
CHERCHER UNE AGENCE
SE CONNECTER
Accueil
Appartement en location
Appartement Monastir
Monastir
Frina
S+1 en location
Video
visite 360°
Photos
Plan
Map
 +5
S+1 en loc...","
420",70,Appartement,1,Location,Agence,Frina : S+1 en location,https://cdn-media.medialabtc.it/tn/agencies/moca2/estates/62612/images/356933/detail.jpeg,"[""https://cdn-media.medialabtc.it/tn/agencies/moca2/estates/62612/images/356933/detail.jpeg"", ""https://cdn-media.medialabtc.it/tn/agencies/moca2/estates/62612/images/356927/gallery_media.jpeg"", ""https://cdn-media.medialabtc.it/tn/agencies/moca2/estates/62612/images/356936/gallery_media.jpeg"", ""https://cdn-media.medialabtc.it/tn/agencies/moca2/estates/62612/images/356934/gallery_media.jpeg"", ""https://cdn-media.medialabtc.it/tn/agencies/moca2/images/team_member/production/571.jpeg"", ""https://cdn-media.medialabtc.it/tn/agencies/moca2/images/team_member/production/820.jpeg""]",[],Tecnocasa,Tecnocasa,1,1,1,1,1,1,[],2026-02-15 21:24:08,2026-02-15 21:24:08,2026-02-15 21:24:08,,5,2026-02-15 21:24:08,N/A,N/A
62914,S+2 en location," Immobilier Professionnel
 
 Evaluer mon bien
 
 Chercher une agence
 
 Se connecter
ACCUEIL
IMMOBILIER PROFESSIONNEL
EVALUER MON BIEN
CHERCHER UNE AGENCE
SE CONNECTER
Accueil
Appartement en location
Appartement Monastir
Monastir
Frina
S+2 en location
Video
visite 360°
Photos
Plan
Map
 +8
S+2 en loc...","
700",113,Appartement,1,Location,Agence,Frina : S+2 en location,https://cdn-media.medialabtc.it/tn/agencies/moca2/estates/62914/images/361865/detail.jpeg,"[""https://cdn-media.medialabtc.it/tn/agencies/moca2/estates/62914/images/361865/detail.jpeg"", ""https://cdn-media.medialabtc.it/tn/agencies/moca2/estates/62914/images/361862/gallery_media.jpeg"", ""https://cdn-media.medialabtc.it/tn/agencies/moca2/estates/62914/images/361869/gallery_media.jpeg"", ""https://cdn-media.medialabtc.it/tn/agencies/moca2/estates/62914/images/361864/gallery_media.jpeg"", ""https://cdn-media.medialabtc.it/tn/agencies/moca2/images/team_member/production/571.jpeg"", ""https://cdn-media.medialabtc.it/tn/agencies/moca2/images/team_member/production/820.jpeg""]",[],Tecnocasa,Tecnocasa,1,1,1,1,1,1,[],2026-02-15 21:24:08,2026-02-15 21:24:08,2026-02-15 21:24:08,,5,2026-02-15 21:24:08,N/A,N/A
62708,S+2 en location," Immobilier Professionnel
 
 Evaluer mon bien
 
 Chercher une agence
 
 Se connecter
ACCUEIL
IMMOBILIER PROFESSIONNEL
EVALUER MON BIEN
CHERCHER UNE AGENCE
SE CONNECTER
Accueil
Appartement en location
Appartement Monastir
Ksar Hellal
Ksar Hellal
S+2 en location
Video
visite 360°
Photos
Plan
Map
 +2
S...","
950",90,Appartement,1,Location,Agence,Ksar Hellal : S+2 en location,https://cdn-media.medialabtc.it/tn/agencies/moca5/estates/62708/images/357426/detail.jpeg,"[""https://cdn-media.medialabtc.it/tn/agencies/moca5/estates/62708/images/357426/detail.jpeg"", ""https://cdn-media.medialabtc.it/tn/agencies/moca5/estates/62708/images/357424/gallery_media.jpeg"", ""https://cdn-media.medialabtc.it/tn/agencies/moca5/estates/62708/images/357422/gallery_media.jpeg"", ""https://cdn-media.medialabtc.it/tn/agencies/moca5/estates/62708/images/357427/gallery_media.jpeg"", ""https://cdn-media.medialabtc.it/tn/agencies/moca5/images/team_member/production/1017.jpeg"", ""https://cdn-media.medialabtc.it/tn/agencies/moca5/images/team_member/production/1021.jpeg"", ""https://cdn-media.medialabtc.it/tn/agencies/moca5/images/team_member/production/1052.jpeg"", ""https://cdn-media.medialabtc.it/tn/agencies/moca5/images/team_member/production/1020.jpeg""]",[],Tecnocasa,Tecnocasa,1,1,1,1,1,1,[],2026-02-15 21:24:08,2026-02-15 21:24:08,2026-02-15 21:24:08,,5,2026-02-15 21:24:08,N/A,N/A
62469,S+2 en location," Immobilier Professionnel
 
 Evaluer mon bien
 
 Chercher une agence
 
 Se connecter
ACCUEIL
IMMOBILIER PROFESSIONNEL
EVALUER MON BIEN
CHERCHER UNE AGENCE
SE CONNECTER
Accueil
Appartement en location
Appartement Monastir
Monastir
Skanes La Falaise
S+2 en location
Video
visite 360°
Photos
Plan
Map
 +...","
850",85,Appartement,1,Location,Agence,Skanes La Falaise : S+2 en location,https://cdn-media.medialabtc.it/tn/agencies/moca1/estates/62469/images/355468/detail.jpeg,"[""https://cdn-media.medialabtc.it/tn/agencies/moca1/estates/62469/images/355468/detail.jpeg"", ""https://cdn-media.medialabtc.it/tn/agencies/moca1/estates/62469/images/355467/gallery_media.jpeg"", ""https://cdn-media.medialabtc.it/tn/agencies/moca1/estates/62469/images/355465/gallery_media.jpeg"", ""https://cdn-media.medialabtc.it/tn/agencies/moca1/estates/62469/images/355463/gallery_media.jpeg"", ""https://cdn-media.medialabtc.it/tn/agencies/moca1/images/team_member/production/1069.jpeg"", ""https://cdn-media.medialabtc.it/tn/agencies/moca1/images/team_member/production/1518.jpeg"", ""https://cdn-media.medialabtc.it/tn/agencies/moca1/images/team_member/production/1688.jpeg"", ""https://cdn-media.medialabtc.it/tn/agencies/moca1/images/team_member/production/1687.jpeg"", ""https://cdn-media.medialabtc.it/tn/agencies/moca1/images/team_member/production/1689.jpeg"", ""https://cdn-media.medialabtc.it/tn/agencies/moca1/images/team_member/production/730.jpeg""]",[],Tecnocasa,Tecnocasa,1,1,1,1,1,1,[],2026-02-15 21:24:08,2026-02-15 21:24:08,2026-02-15 21:24:08,,6,2026-02-15 21:24:08,N/A,N/A
62470,S+2 en location," Immobilier Professionnel
 
 Evaluer mon bien
 
 Chercher une agence
 
 Se connecter
ACCUEIL
IMMOBILIER PROFESSIONNEL
EVALUER MON BIEN
CHERCHER UNE AGENCE
SE CONNECTER
Accueil
Appartement en location
Appartement Monastir
Monastir
Skanes La Falaise
S+2 en location
Video
visite 360°
Photos
Plan
Map
 +...","
850",60,Appartement,1,Location,Agence,Skanes La Falaise : S+2 en location,https://cdn-media.medialabtc.it/tn/agencies/moca1/estates/62470/images/355458/detail.jpeg,"[""https://cdn-media.medialabtc.it/tn/agencies/moca1/estates/62470/images/355458/detail.jpeg"", ""https://cdn-media.medialabtc.it/tn/agencies/moca1/estates/62470/images/355454/gallery_media.jpeg"", ""https://cdn-media.medialabtc.it/tn/agencies/moca1/estates/62470/images/355455/gallery_media.jpeg"", ""https://cdn-media.medialabtc.it/tn/agencies/moca1/estates/62470/images/355456/gallery_media.jpeg"", ""https://cdn-media.medialabtc.it/tn/agencies/moca1/images/team_member/production/1069.jpeg"", ""https://cdn-media.medialabtc.it/tn/agencies/moca1/images/team_member/production/1518.jpeg"", ""https://cdn-media.medialabtc.it/tn/agencies/moca1/images/team_member/production/1688.jpeg"", ""https://cdn-media.medialabtc.it/tn/agencies/moca1/images/team_member/production/1687.jpeg"", ""https://cdn-media.medialabtc.it/tn/agencies/moca1/images/team_member/production/1689.jpeg"", ""https://cdn-media.medialabtc.it/tn/agencies/moca1/images/team_member/production/730.jpeg""]",[],Tecnocasa,Tecnocasa,1,1,1,1,1,1,[],2026-02-15 21:24:08,2026-02-15 21:24:08,2026-02-15 21:24:08,,6,2026-02-15 21:24:08,N/A,N/A
61920,S+3 en location," Immobilier Professionnel
 
 Evaluer mon bien
 
 Chercher une agence
 
 Se connecter
ACCUEIL
IMMOBILIER PROFESSIONNEL
EVALUER MON BIEN
CHERCHER UNE AGENCE
SE CONNECTER
Accueil
Appartement en location
Appartement Monastir
Monastir
Cité El Agba
S+3 en location
Video
visite 360°
Photos
Plan
Map
 +9
S+3...","
900",109,Appartement,1,Location,Agence,Cité El Agba : S+3 en location,https://cdn-media.medialabtc.it/tn/agencies/moca2/estates/61920/images/353969/detail.jpeg,"[""https://cdn-media.medialabtc.it/tn/agencies/moca2/estates/61920/images/353969/detail.jpeg"", ""https://cdn-media.medialabtc.it/tn/agencies/moca2/estates/61920/images/353959/gallery_media.jpeg"", ""https://cdn-media.medialabtc.it/tn/agencies/moca2/estates/61920/images/353958/gallery_media.jpeg"", ""https://cdn-media.medialabtc.it/tn/agencies/moca2/estates/61920/images/353957/gallery_media.jpeg"", ""https://cdn-media.medialabtc.it/tn/agencies/moca2/images/team_member/production/571.jpeg"", ""https://cdn-media.medialabtc.it/tn/agencies/moca2/images/team_member/production/820.jpeg""]",[],Tecnocasa,Tecnocasa,1,1,1,1,1,1,[],2026-02-15 21:24:08,2026-02-15 21:24:08,2026-02-15 21:24:08,,6,2026-02-15 21:24:08,N/A,N/A
62468,S+3 en location," Immobilier Professionnel
 
 Evaluer mon bien
 
 Chercher une agence
 
 Se connecter
ACCUEIL
IMMOBILIER PROFESSIONNEL
EVALUER MON BIEN
CHERCHER UNE AGENCE
SE CONNECTER
Accueil
Appartement en location
Appartement Monastir
Monastir
Cité El Agba
S+3 en location
Video
visite 360°
Photos
Plan
Map
 +2
S+3...","
700",165,Appartement,1,Location,Agence,Cité El Agba : S+3 en location,https://cdn-media.medialabtc.it/tn/agencies/moca2/estates/62468/images/355298/detail.jpeg,"[""https://cdn-media.medialabtc.it/tn/agencies/moca2/estates/62468/images/355298/detail.jpeg"", ""https://cdn-media.medialabtc.it/tn/agencies/moca2/estates/62468/images/355293/gallery_media.jpeg"", ""https://cdn-media.medialabtc.it/tn/agencies/moca2/estates/62468/images/355294/gallery_media.jpeg"", ""https://cdn-media.medialabtc.it/tn/agencies/moca2/estates/62468/images/355295/gallery_media.jpeg"", ""https://cdn-media.medialabtc.it/tn/agencies/moca2/images/team_member/production/571.jpeg"", ""https://cdn-media.medialabtc.it/tn/agencies/moca2/images/team_member/production/820.jpeg""]",[],Tecnocasa,Tecnocasa,1,1,1,1,1,1,[],2026-02-15 21:24:08,2026-02-15 21:24:08,2026-02-15 21:24:08,,6,2026-02-15 21:24:08,N/A,N/A
61993,S+2 en location," Immobilier Professionnel
 
 Evaluer mon bien
 
 Chercher une agence
 
 Se connecter
ACCUEIL
IMMOBILIER PROFESSIONNEL
EVALUER MON BIEN
CHERCHER UNE AGENCE
SE CONNECTER
Accueil
Appartement en location
Appartement Monastir
Monastir
Cité El Agba
S+2 en location
Video
visite 360°
Photos
Plan
Map
 +6
S+2...",1100,90,Appartement,1,Location,Agence,Cité El Agba : S+2 en location,https://cdn-media.medialabtc.it/tn/agencies/moca2/estates/61993/images/353903/detail.jpeg,"[""https://cdn-media.medialabtc.it/tn/agencies/moca2/estates/61993/images/353903/detail.jpeg"", ""https://cdn-media.medialabtc.it/tn/agencies/moca2/estates/61993/images/353897/gallery_media.jpeg"", ""https://cdn-media.medialabtc.it/tn/agencies/moca2/estates/61993/images/353898/gallery_media.jpeg"", ""https://cdn-media.medialabtc.it/tn/agencies/moca2/estates/61993/images/353895/gallery_media.jpeg"", ""https://cdn-media.medialabtc.it/tn/agencies/moca2/images/team_member/production/571.jpeg"", ""https://cdn-media.medialabtc.it/tn/agencies/moca2/images/team_member/production/820.jpeg""]",[],Tecnocasa,Tecnocasa,1,1,1,1,1,1,[],2026-02-15 21:24:08,2026-02-15 21:24:08,2026-02-15 21:24:08,,6,2026-02-15 21:24:08,N/A,N/A
62607,Studio en location," Immobilier Professionnel
 
 Evaluer mon bien
 
 Chercher une agence
 
 Se connecter
ACCUEIL
IMMOBILIER PROFESSIONNEL
EVALUER MON BIEN
CHERCHER UNE AGENCE
SE CONNECTER
Accueil
Appartement en location
Appartement Monastir
Monastir
C2
Studio en location
Video
visite 360°
Photos
Plan
Map
 +9
Studio en ...","
450",95,Appartement,1,Location,Agence,C2 : Studio en location,https://cdn-media.medialabtc.it/tn/agencies/moca2/estates/62607/images/356987/detail.jpeg,"[""https://cdn-media.medialabtc.it/tn/agencies/moca2/estates/62607/images/356987/detail.jpeg"", ""https://cdn-media.medialabtc.it/tn/agencies/moca2/estates/62607/images/356988/gallery_media.jpeg"", ""https://cdn-media.medialabtc.it/tn/agencies/moca2/estates/62607/images/356883/gallery_media.jpeg"", ""https://cdn-media.medialabtc.it/tn/agencies/moca2/estates/62607/images/356885/gallery_media.jpeg"", ""https://cdn-media.medialabtc.it/tn/agencies/moca2/images/team_member/production/571.jpeg"", ""https://cdn-media.medialabtc.it/tn/agencies/moca2/images/team_member/production/820.jpeg""]",[],Tecnocasa,Tecnocasa,1,1,1,1,1,1,[],2026-02-15 21:24:08,2026-02-15 21:24:08,2026-02-15 21:24:08,,6,2026-02-15 21:24:08,N/A,N/A
62709,Duplex en location," Immobilier Professionnel
 
 Evaluer mon bien
 
 Chercher une agence
 
 Se connecter
ACCUEIL
IMMOBILIER PROFESSIONNEL
EVALUER MON BIEN
CHERCHER UNE AGENCE
SE CONNECTER
Accueil
Appartement en location
Appartement Monastir
Ksar Hellal
Ksar Hellal
Duplex en location
Video
visite 360°
Photos
Plan
Map
 +...","
850",80,Appartement,1,Location,Agence,Ksar Hellal : Duplex en location,https://cdn-media.medialabtc.it/tn/agencies/moca5/estates/62709/images/357371/detail.jpeg,"[""https://cdn-media.medialabtc.it/tn/agencies/moca5/estates/62709/images/357371/detail.jpeg"", ""https://cdn-media.medialabtc.it/tn/agencies/moca5/estates/62709/images/357376/gallery_media.jpeg"", ""https://cdn-media.medialabtc.it/tn/agencies/moca5/estates/62709/images/357373/gallery_media.jpeg"", ""https://cdn-media.medialabtc.it/tn/agencies/moca5/estates/62709/images/357374/gallery_media.jpeg"", ""https://cdn-media.medialabtc.it/tn/agencies/moca5/images/team_member/production/1017.jpeg"", ""https://cdn-media.medialabtc.it/tn/agencies/moca5/images/team_member/production/1021.jpeg"", ""https://cdn-media.medialabtc.it/tn/agencies/moca5/images/team_member/production/1052.jpeg"", ""https://cdn-media.medialabtc.it/tn/agencies/moca5/images/team_member/production/1020.jpeg""]",[],Tecnocasa,Tecnocasa,1,1,1,1,1,1,[],2026-02-15 21:24:08,2026-02-15 21:24:08,2026-02-15 21:24:08,,6,2026-02-15 21:24:08,N/A,N/A
62344,S+1 en location," Immobilier Professionnel
 
 Evaluer mon bien
 
 Chercher une agence
 
 Se connecter
ACCUEIL
IMMOBILIER PROFESSIONNEL
EVALUER MON BIEN
CHERCHER UNE AGENCE
SE CONNECTER
Accueil
Appartement en location
Appartement Monastir
Monastir
Cité El Omrane
S+1 en location
Video
visite 360°
Photos
Plan
Map
 +5
S...","
700",60,Appartement,1,Location,Agence,Cité El Omrane : S+1 en location,https://cdn-media.medialabtc.it/tn/agencies/moca1/estates/62344/images/354444/detail.jpeg,"[""https://cdn-media.medialabtc.it/tn/agencies/moca1/estates/62344/images/354444/detail.jpeg"", ""https://cdn-media.medialabtc.it/tn/agencies/moca1/estates/62344/images/354445/gallery_media.jpeg"", ""https://cdn-media.medialabtc.it/tn/agencies/moca1/estates/62344/images/354446/gallery_media.jpeg"", ""https://cdn-media.medialabtc.it/tn/agencies/moca1/estates/62344/images/354527/gallery_media.jpeg"", ""https://cdn-media.medialabtc.it/tn/agencies/moca1/images/team_member/production/1069.jpeg"", ""https://cdn-media.medialabtc.it/tn/agencies/moca1/images/team_member/production/1518.jpeg"", ""https://cdn-media.medialabtc.it/tn/agencies/moca1/images/team_member/production/1688.jpeg"", ""https://cdn-media.medialabtc.it/tn/agencies/moca1/images/team_member/production/1687.jpeg"", ""https://cdn-media.medialabtc.it/tn/agencies/moca1/images/team_member/production/1689.jpeg"", ""https://cdn-media.medialabtc.it/tn/agencies/moca1/images/team_member/production/730.jpeg""]",[],Tecnocasa,Tecnocasa,1,1,1,1,1,1,[],2026-02-15 21:24:08,2026-02-15 21:24:08,2026-02-15 21:24:08,,6,2026-02-15 21:24:08,N/A,N/A
62312,S+1 en location," Immobilier Professionnel
 
 Evaluer mon bien
 
 Chercher une agence
 
 Se connecter
ACCUEIL
IMMOBILIER PROFESSIONNEL
EVALUER MON BIEN
CHERCHER UNE AGENCE
SE CONNECTER
Accueil
Appartement en location
Appartement Monastir
Ksar Hellal
Ksar Hellal
S+1 en location
Video
visite 360°
Photos
Plan
Map
 +1
S...","
480",50,Appartement,1,Location,Agence,Ksar Hellal : S+1 en location,https://cdn-media.medialabtc.it/tn/agencies/moca5/estates/62312/images/354322/detail.jpeg,"[""https://cdn-media.medialabtc.it/tn/agencies/moca5/estates/62312/images/354322/detail.jpeg"", ""https://cdn-media.medialabtc.it/tn/agencies/moca5/estates/62312/images/354325/gallery_media.jpeg"", ""https://cdn-media.medialabtc.it/tn/agencies/moca5/estates/62312/images/354323/gallery_media.jpeg"", ""https://cdn-media.medialabtc.it/tn/agencies/moca5/estates/62312/images/354326/gallery_media.jpeg"", ""https://cdn-media.medialabtc.it/tn/agencies/moca5/images/team_member/production/1017.jpeg"", ""https://cdn-media.medialabtc.it/tn/agencies/moca5/images/team_member/production/1021.jpeg"", ""https://cdn-media.medialabtc.it/tn/agencies/moca5/images/team_member/production/1052.jpeg"", ""https://cdn-media.medialabtc.it/tn/agencies/moca5/images/team_member/production/1020.jpeg""]",[],Tecnocasa,Tecnocasa,1,1,1,1,1,1,[],2026-02-15 21:24:08,2026-02-15 21:24:08,2026-02-15 21:24:08,,6,2026-02-15 21:24:08,N/A,N/A
63115,Studio en location," Immobilier Professionnel
 
 Evaluer mon bien
 
 Chercher une agence
 
 Se connecter
ACCUEIL
IMMOBILIER PROFESSIONNEL
EVALUER MON BIEN
CHERCHER UNE AGENCE
SE CONNECTER
Accueil
Appartement en location
Appartement Monastir
Ksar Hellal
Ksar Hellal
Studio en location
Video
visite 360°
Photos
Plan
Map
 +...","
300",70,Appartement,1,Location,Agence,Ksar Hellal : Studio en location,https://cdn-media.medialabtc.it/tn/agencies/moca5/estates/63115/images/361893/detail.jpeg,"[""https://cdn-media.medialabtc.it/tn/agencies/moca5/estates/63115/images/361893/detail.jpeg"", ""https://cdn-media.medialabtc.it/tn/agencies/moca5/estates/63115/images/361894/gallery_media.jpeg"", ""https://cdn-media.medialabtc.it/tn/agencies/moca5/estates/63115/images/361895/gallery_media.jpeg"", ""https://cdn-media.medialabtc.it/tn/agencies/moca5/estates/63115/images/361898/gallery_media.jpeg"", ""https://cdn-media.medialabtc.it/tn/agencies/moca5/images/team_member/production/1017.jpeg"", ""https://cdn-media.medialabtc.it/tn/agencies/moca5/images/team_member/production/1021.jpeg"", ""https://cdn-media.medialabtc.it/tn/agencies/moca5/images/team_member/production/1052.jpeg"", ""https://cdn-media.medialabtc.it/tn/agencies/moca5/images/team_member/production/1020.jpeg""]",[],Tecnocasa,Tecnocasa,1,1,1,1,1,1,[],2026-02-15 21:24:08,2026-02-15 21:24:08,2026-02-15 21:24:08,,6,2026-02-15 21:24:08,N/A,N/A
62609,S+3 en location," Immobilier Professionnel
 
 Evaluer mon bien
 
 Chercher une agence
 
 Se connecter
ACCUEIL
IMMOBILIER PROFESSIONNEL
EVALUER MON BIEN
CHERCHER UNE AGENCE
SE CONNECTER
Accueil
Appartement en location
Appartement Monastir
Monastir
C2
S+3 en location
Video
visite 360°
Photos
Plan
Map
 +13
S+3 en locat...","
800",115,Appartement,1,Location,Agence,C2 : S+3 en location,https://cdn-media.medialabtc.it/tn/agencies/moca2/estates/62609/images/357040/detail.jpeg,"[""https://cdn-media.medialabtc.it/tn/agencies/moca2/estates/62609/images/357040/detail.jpeg"", ""https://cdn-media.medialabtc.it/tn/agencies/moca2/estates/62609/images/357039/gallery_media.jpeg"", ""https://cdn-media.medialabtc.it/tn/agencies/moca2/estates/62609/images/357025/gallery_media.jpeg"", ""https://cdn-media.medialabtc.it/tn/agencies/moca2/estates/62609/images/357023/gallery_media.jpeg"", ""https://cdn-media.medialabtc.it/tn/agencies/moca2/images/team_member/production/571.jpeg"", ""https://cdn-media.medialabtc.it/tn/agencies/moca2/images/team_member/production/820.jpeg""]",[],Tecnocasa,Tecnocasa,1,1,1,1,1,1,[],2026-02-15 21:24:08,2026-02-15 21:24:08,2026-02-15 21:24:08,,6,2026-02-15 21:24:08,N/A,N/A
62907,S+3 en location," Immobilier Professionnel
 
 Evaluer mon bien
 
 Chercher une agence
 
 Se connecter
ACCUEIL
IMMOBILIER PROFESSIONNEL
EVALUER MON BIEN
CHERCHER UNE AGENCE
SE CONNECTER
Accueil
Appartement en location
Appartement Monastir
Monastir
Cité El Agba
S+3 en location
Video
visite 360°
Photos
Plan
Map
 +10
S+...",1300,130,Appartement,1,Location,Agence,Cité El Agba : S+3 en location,https://cdn-media.medialabtc.it/tn/agencies/moca2/estates/62907/images/361910/detail.jpeg,"[""https://cdn-media.medialabtc.it/tn/agencies/moca2/estates/62907/images/361910/detail.jpeg"", ""https://cdn-media.medialabtc.it/tn/agencies/moca2/estates/62907/images/361909/gallery_media.jpeg"", ""https://cdn-media.medialabtc.it/tn/agencies/moca2/estates/62907/images/361904/gallery_media.jpeg"", ""https://cdn-media.medialabtc.it/tn/agencies/moca2/estates/62907/images/361876/gallery_media.jpeg"", ""https://cdn-media.medialabtc.it/tn/agencies/moca2/images/team_member/production/571.jpeg"", ""https://cdn-media.medialabtc.it/tn/agencies/moca2/images/team_member/production/820.jpeg""]",[],Tecnocasa,Tecnocasa,1,1,1,1,1,1,[],2026-02-15 21:24:08,2026-02-15 21:24:08,2026-02-15 21:24:08,,6,2026-02-15 21:24:08,N/A,N/A
62612,S+1 en location," Immobilier Professionnel
 
 Evaluer mon bien
 
 Chercher une agence
 
 Se connecter
ACCUEIL
IMMOBILIER PROFESSIONNEL
EVALUER MON BIEN
CHERCHER UNE AGENCE
SE CONNECTER
Accueil
Appartement en location
Appartement Monastir
Monastir
Frina
S+1 en location
Video
visite 360°
Photos
Plan
Map
 +5
S+1 en loc...","
420",70,Appartement,1,Location,Agence,Frina : S+1 en location,https://cdn-media.medialabtc.it/tn/agencies/moca2/estates/62612/images/356933/detail.jpeg,"[""https://cdn-media.medialabtc.it/tn/agencies/moca2/estates/62612/images/356933/detail.jpeg"", ""https://cdn-media.medialabtc.it/tn/agencies/moca2/estates/62612/images/356927/gallery_media.jpeg"", ""https://cdn-media.medialabtc.it/tn/agencies/moca2/estates/62612/images/356936/gallery_media.jpeg"", ""https://cdn-media.medialabtc.it/tn/agencies/moca2/estates/62612/images/356934/gallery_media.jpeg"", ""https://cdn-media.medialabtc.it/tn/agencies/moca2/images/team_member/production/571.jpeg"", ""https://cdn-media.medialabtc.it/tn/agencies/moca2/images/team_member/production/820.jpeg""]",[],Tecnocasa,Tecnocasa,1,1,1,1,1,1,[],2026-02-15 21:24:08,2026-02-15 21:24:08,2026-02-15 21:24:08,,6,2026-02-15 21:24:08,N/A,N/A
62914,S+2 en location," Immobilier Professionnel
 
 Evaluer mon bien
 
 Chercher une agence
 
 Se connecter
ACCUEIL
IMMOBILIER PROFESSIONNEL
EVALUER MON BIEN
CHERCHER UNE AGENCE
SE CONNECTER
Accueil
Appartement en location
Appartement Monastir
Monastir
Frina
S+2 en location
Video
visite 360°
Photos
Plan
Map
 +8
S+2 en loc...","
700",113,Appartement,1,Location,Agence,Frina : S+2 en location,https://cdn-media.medialabtc.it/tn/agencies/moca2/estates/62914/images/361865/detail.jpeg,"[""https://cdn-media.medialabtc.it/tn/agencies/moca2/estates/62914/images/361865/detail.jpeg"", ""https://cdn-media.medialabtc.it/tn/agencies/moca2/estates/62914/images/361862/gallery_media.jpeg"", ""https://cdn-media.medialabtc.it/tn/agencies/moca2/estates/62914/images/361869/gallery_media.jpeg"", ""https://cdn-media.medialabtc.it/tn/agencies/moca2/estates/62914/images/361864/gallery_media.jpeg"", ""https://cdn-media.medialabtc.it/tn/agencies/moca2/images/team_member/production/571.jpeg"", ""https://cdn-media.medialabtc.it/tn/agencies/moca2/images/team_member/production/820.jpeg""]",[],Tecnocasa,Tecnocasa,1,1,1,1,1,1,[],2026-02-15 21:24:08,2026-02-15 21:24:08,2026-02-15 21:24:08,,6,2026-02-15 21:24:08,N/A,N/A
62708,S+2 en location," Immobilier Professionnel
 
 Evaluer mon bien
 
 Chercher une agence
 
 Se connecter
ACCUEIL
IMMOBILIER PROFESSIONNEL
EVALUER MON BIEN
CHERCHER UNE AGENCE
SE CONNECTER
Accueil
Appartement en location
Appartement Monastir
Ksar Hellal
Ksar Hellal
S+2 en location
Video
visite 360°
Photos
Plan
Map
 +2
S...","
950",90,Appartement,1,Location,Agence,Ksar Hellal : S+2 en location,https://cdn-media.medialabtc.it/tn/agencies/moca5/estates/62708/images/357426/detail.jpeg,"[""https://cdn-media.medialabtc.it/tn/agencies/moca5/estates/62708/images/357426/detail.jpeg"", ""https://cdn-media.medialabtc.it/tn/agencies/moca5/estates/62708/images/357424/gallery_media.jpeg"", ""https://cdn-media.medialabtc.it/tn/agencies/moca5/estates/62708/images/357422/gallery_media.jpeg"", ""https://cdn-media.medialabtc.it/tn/agencies/moca5/estates/62708/images/357427/gallery_media.jpeg"", ""https://cdn-media.medialabtc.it/tn/agencies/moca5/images/team_member/production/1017.jpeg"", ""https://cdn-media.medialabtc.it/tn/agencies/moca5/images/team_member/production/1021.jpeg"", ""https://cdn-media.medialabtc.it/tn/agencies/moca5/images/team_member/production/1052.jpeg"", ""https://cdn-media.medialabtc.it/tn/agencies/moca5/images/team_member/production/1020.jpeg""]",[],Tecnocasa,Tecnocasa,1,1,1,1,1,1,[],2026-02-15 21:24:08,2026-02-15 21:24:08,2026-02-15 21:24:08,,6,2026-02-15 21:24:08,N/A,N/A
62469,S+2 en location," Immobilier Professionnel
 
 Evaluer mon bien
 
 Chercher une agence
 
 Se connecter
ACCUEIL
IMMOBILIER PROFESSIONNEL
EVALUER MON BIEN
CHERCHER UNE AGENCE
SE CONNECTER
Accueil
Appartement en location
Appartement Monastir
Monastir
Skanes La Falaise
S+2 en location
Video
visite 360°
Photos
Plan
Map
 +...","
850",85,Appartement,1,Location,Agence,Skanes La Falaise : S+2 en location,https://cdn-media.medialabtc.it/tn/agencies/moca1/estates/62469/images/355468/detail.jpeg,"[""https://cdn-media.medialabtc.it/tn/agencies/moca1/estates/62469/images/355468/detail.jpeg"", ""https://cdn-media.medialabtc.it/tn/agencies/moca1/estates/62469/images/355467/gallery_media.jpeg"", ""https://cdn-media.medialabtc.it/tn/agencies/moca1/estates/62469/images/355465/gallery_media.jpeg"", ""https://cdn-media.medialabtc.it/tn/agencies/moca1/estates/62469/images/355463/gallery_media.jpeg"", ""https://cdn-media.medialabtc.it/tn/agencies/moca1/images/team_member/production/1069.jpeg"", ""https://cdn-media.medialabtc.it/tn/agencies/moca1/images/team_member/production/1518.jpeg"", ""https://cdn-media.medialabtc.it/tn/agencies/moca1/images/team_member/production/1688.jpeg"", ""https://cdn-media.medialabtc.it/tn/agencies/moca1/images/team_member/production/1687.jpeg"", ""https://cdn-media.medialabtc.it/tn/agencies/moca1/images/team_member/production/1689.jpeg"", ""https://cdn-media.medialabtc.it/tn/agencies/moca1/images/team_member/production/730.jpeg""]",[],Tecnocasa,Tecnocasa,1,1,1,1,1,1,[],2026-02-15 21:24:08,2026-02-15 21:24:08,2026-02-15 21:24:08,,7,2026-02-15 21:24:08,N/A,N/A
62470,S+2 en location," Immobilier Professionnel
 
 Evaluer mon bien
 
 Chercher une agence
 
 Se connecter
ACCUEIL
IMMOBILIER PROFESSIONNEL
EVALUER MON BIEN
CHERCHER UNE AGENCE
SE CONNECTER
Accueil
Appartement en location
Appartement Monastir
Monastir
Skanes La Falaise
S+2 en location
Video
visite 360°
Photos
Plan
Map
 +...","
850",60,Appartement,1,Location,Agence,Skanes La Falaise : S+2 en location,https://cdn-media.medialabtc.it/tn/agencies/moca1/estates/62470/images/355458/detail.jpeg,"[""https://cdn-media.medialabtc.it/tn/agencies/moca1/estates/62470/images/355458/detail.jpeg"", ""https://cdn-media.medialabtc.it/tn/agencies/moca1/estates/62470/images/355454/gallery_media.jpeg"", ""https://cdn-media.medialabtc.it/tn/agencies/moca1/estates/62470/images/355455/gallery_media.jpeg"", ""https://cdn-media.medialabtc.it/tn/agencies/moca1/estates/62470/images/355456/gallery_media.jpeg"", ""https://cdn-media.medialabtc.it/tn/agencies/moca1/images/team_member/production/1069.jpeg"", ""https://cdn-media.medialabtc.it/tn/agencies/moca1/images/team_member/production/1518.jpeg"", ""https://cdn-media.medialabtc.it/tn/agencies/moca1/images/team_member/production/1688.jpeg"", ""https://cdn-media.medialabtc.it/tn/agencies/moca1/images/team_member/production/1687.jpeg"", ""https://cdn-media.medialabtc.it/tn/agencies/moca1/images/team_member/production/1689.jpeg"", ""https://cdn-media.medialabtc.it/tn/agencies/moca1/images/team_member/production/730.jpeg""]",[],Tecnocasa,Tecnocasa,1,1,1,1,1,1,[],2026-02-15 21:24:08,2026-02-15 21:24:08,2026-02-15 21:24:08,,7,2026-02-15 21:24:08,N/A,N/A
61920,S+3 en location," Immobilier Professionnel
 
 Evaluer mon bien
 
 Chercher une agence
 
 Se connecter
ACCUEIL
IMMOBILIER PROFESSIONNEL
EVALUER MON BIEN
CHERCHER UNE AGENCE
SE CONNECTER
Accueil
Appartement en location
Appartement Monastir
Monastir
Cité El Agba
S+3 en location
Video
visite 360°
Photos
Plan
Map
 +9
S+3...","
900",109,Appartement,1,Location,Agence,Cité El Agba : S+3 en location,https://cdn-media.medialabtc.it/tn/agencies/moca2/estates/61920/images/353969/detail.jpeg,"[""https://cdn-media.medialabtc.it/tn/agencies/moca2/estates/61920/images/353969/detail.jpeg"", ""https://cdn-media.medialabtc.it/tn/agencies/moca2/estates/61920/images/353959/gallery_media.jpeg"", ""https://cdn-media.medialabtc.it/tn/agencies/moca2/estates/61920/images/353958/gallery_media.jpeg"", ""https://cdn-media.medialabtc.it/tn/agencies/moca2/estates/61920/images/353957/gallery_media.jpeg"", ""https://cdn-media.medialabtc.it/tn/agencies/moca2/images/team_member/production/571.jpeg"", ""https://cdn-media.medialabtc.it/tn/agencies/moca2/images/team_member/production/820.jpeg""]",[],Tecnocasa,Tecnocasa,1,1,1,1,1,1,[],2026-02-15 21:24:08,2026-02-15 21:24:08,2026-02-15 21:24:08,,7,2026-02-15 21:24:08,N/A,N/A
62468,S+3 en location," Immobilier Professionnel
 
 Evaluer mon bien
 
 Chercher une agence
 
 Se connecter
ACCUEIL
IMMOBILIER PROFESSIONNEL
EVALUER MON BIEN
CHERCHER UNE AGENCE
SE CONNECTER
Accueil
Appartement en location
Appartement Monastir
Monastir
Cité El Agba
S+3 en location
Video
visite 360°
Photos
Plan
Map
 +2
S+3...","
700",165,Appartement,1,Location,Agence,Cité El Agba : S+3 en location,https://cdn-media.medialabtc.it/tn/agencies/moca2/estates/62468/images/355298/detail.jpeg,"[""https://cdn-media.medialabtc.it/tn/agencies/moca2/estates/62468/images/355298/detail.jpeg"", ""https://cdn-media.medialabtc.it/tn/agencies/moca2/estates/62468/images/355293/gallery_media.jpeg"", ""https://cdn-media.medialabtc.it/tn/agencies/moca2/estates/62468/images/355294/gallery_media.jpeg"", ""https://cdn-media.medialabtc.it/tn/agencies/moca2/estates/62468/images/355295/gallery_media.jpeg"", ""https://cdn-media.medialabtc.it/tn/agencies/moca2/images/team_member/production/571.jpeg"", ""https://cdn-media.medialabtc.it/tn/agencies/moca2/images/team_member/production/820.jpeg""]",[],Tecnocasa,Tecnocasa,1,1,1,1,1,1,[],2026-02-15 21:24:08,2026-02-15 21:24:08,2026-02-15 21:24:08,,7,2026-02-15 21:24:08,N/A,N/A
61993,S+2 en location," Immobilier Professionnel
 
 Evaluer mon bien
 
 Chercher une agence
 
 Se connecter
ACCUEIL
IMMOBILIER PROFESSIONNEL
EVALUER MON BIEN
CHERCHER UNE AGENCE
SE CONNECTER
Accueil
Appartement en location
Appartement Monastir
Monastir
Cité El Agba
S+2 en location
Video
visite 360°
Photos
Plan
Map
 +6
S+2...",1100,90,Appartement,1,Location,Agence,Cité El Agba : S+2 en location,https://cdn-media.medialabtc.it/tn/agencies/moca2/estates/61993/images/353903/detail.jpeg,"[""https://cdn-media.medialabtc.it/tn/agencies/moca2/estates/61993/images/353903/detail.jpeg"", ""https://cdn-media.medialabtc.it/tn/agencies/moca2/estates/61993/images/353897/gallery_media.jpeg"", ""https://cdn-media.medialabtc.it/tn/agencies/moca2/estates/61993/images/353898/gallery_media.jpeg"", ""https://cdn-media.medialabtc.it/tn/agencies/moca2/estates/61993/images/353895/gallery_media.jpeg"", ""https://cdn-media.medialabtc.it/tn/agencies/moca2/images/team_member/production/571.jpeg"", ""https://cdn-media.medialabtc.it/tn/agencies/moca2/images/team_member/production/820.jpeg""]",[],Tecnocasa,Tecnocasa,1,1,1,1,1,1,[],2026-02-15 21:24:08,2026-02-15 21:24:08,2026-02-15 21:24:08,,7,2026-02-15 21:24:08,N/A,N/A
62607,Studio en location," Immobilier Professionnel
 
 Evaluer mon bien
 
 Chercher une agence
 
 Se connecter
ACCUEIL
IMMOBILIER PROFESSIONNEL
EVALUER MON BIEN
CHERCHER UNE AGENCE
SE CONNECTER
Accueil
Appartement en location
Appartement Monastir
Monastir
C2
Studio en location
Video
visite 360°
Photos
Plan
Map
 +9
Studio en ...","
450",95,Appartement,1,Location,Agence,C2 : Studio en location,https://cdn-media.medialabtc.it/tn/agencies/moca2/estates/62607/images/356987/detail.jpeg,"[""https://cdn-media.medialabtc.it/tn/agencies/moca2/estates/62607/images/356987/detail.jpeg"", ""https://cdn-media.medialabtc.it/tn/agencies/moca2/estates/62607/images/356988/gallery_media.jpeg"", ""https://cdn-media.medialabtc.it/tn/agencies/moca2/estates/62607/images/356883/gallery_media.jpeg"", ""https://cdn-media.medialabtc.it/tn/agencies/moca2/estates/62607/images/356885/gallery_media.jpeg"", ""https://cdn-media.medialabtc.it/tn/agencies/moca2/images/team_member/production/571.jpeg"", ""https://cdn-media.medialabtc.it/tn/agencies/moca2/images/team_member/production/820.jpeg""]",[],Tecnocasa,Tecnocasa,1,1,1,1,1,1,[],2026-02-15 21:24:08,2026-02-15 21:24:08,2026-02-15 21:24:08,,7,2026-02-15 21:24:08,N/A,N/A
62709,Duplex en location," Immobilier Professionnel
 
 Evaluer mon bien
 
 Chercher une agence
 
 Se connecter
ACCUEIL
IMMOBILIER PROFESSIONNEL
EVALUER MON BIEN
CHERCHER UNE AGENCE
SE CONNECTER
Accueil
Appartement en location
Appartement Monastir
Ksar Hellal
Ksar Hellal
Duplex en location
Video
visite 360°
Photos
Plan
Map
 +...","
850",80,Appartement,1,Location,Agence,Ksar Hellal : Duplex en location,https://cdn-media.medialabtc.it/tn/agencies/moca5/estates/62709/images/357371/detail.jpeg,"[""https://cdn-media.medialabtc.it/tn/agencies/moca5/estates/62709/images/357371/detail.jpeg"", ""https://cdn-media.medialabtc.it/tn/agencies/moca5/estates/62709/images/357376/gallery_media.jpeg"", ""https://cdn-media.medialabtc.it/tn/agencies/moca5/estates/62709/images/357373/gallery_media.jpeg"", ""https://cdn-media.medialabtc.it/tn/agencies/moca5/estates/62709/images/357374/gallery_media.jpeg"", ""https://cdn-media.medialabtc.it/tn/agencies/moca5/images/team_member/production/1017.jpeg"", ""https://cdn-media.medialabtc.it/tn/agencies/moca5/images/team_member/production/1021.jpeg"", ""https://cdn-media.medialabtc.it/tn/agencies/moca5/images/team_member/production/1052.jpeg"", ""https://cdn-media.medialabtc.it/tn/agencies/moca5/images/team_member/production/1020.jpeg""]",[],Tecnocasa,Tecnocasa,1,1,1,1,1,1,[],2026-02-15 21:24:08,2026-02-15 21:24:08,2026-02-15 21:24:08,,7,2026-02-15 21:24:08,N/A,N/A
62344,S+1 en location," Immobilier Professionnel
 
 Evaluer mon bien
 
 Chercher une agence
 
 Se connecter
ACCUEIL
IMMOBILIER PROFESSIONNEL
EVALUER MON BIEN
CHERCHER UNE AGENCE
SE CONNECTER
Accueil
Appartement en location
Appartement Monastir
Monastir
Cité El Omrane
S+1 en location
Video
visite 360°
Photos
Plan
Map
 +5
S...","
700",60,Appartement,1,Location,Agence,Cité El Omrane : S+1 en location,https://cdn-media.medialabtc.it/tn/agencies/moca1/estates/62344/images/354444/detail.jpeg,"[""https://cdn-media.medialabtc.it/tn/agencies/moca1/estates/62344/images/354444/detail.jpeg"", ""https://cdn-media.medialabtc.it/tn/agencies/moca1/estates/62344/images/354445/gallery_media.jpeg"", ""https://cdn-media.medialabtc.it/tn/agencies/moca1/estates/62344/images/354446/gallery_media.jpeg"", ""https://cdn-media.medialabtc.it/tn/agencies/moca1/estates/62344/images/354527/gallery_media.jpeg"", ""https://cdn-media.medialabtc.it/tn/agencies/moca1/images/team_member/production/1069.jpeg"", ""https://cdn-media.medialabtc.it/tn/agencies/moca1/images/team_member/production/1518.jpeg"", ""https://cdn-media.medialabtc.it/tn/agencies/moca1/images/team_member/production/1688.jpeg"", ""https://cdn-media.medialabtc.it/tn/agencies/moca1/images/team_member/production/1687.jpeg"", ""https://cdn-media.medialabtc.it/tn/agencies/moca1/images/team_member/production/1689.jpeg"", ""https://cdn-media.medialabtc.it/tn/agencies/moca1/images/team_member/production/730.jpeg""]",[],Tecnocasa,Tecnocasa,1,1,1,1,1,1,[],2026-02-15 21:24:08,2026-02-15 21:24:08,2026-02-15 21:24:08,,7,2026-02-15 21:24:08,N/A,N/A
62312,S+1 en location," Immobilier Professionnel
 
 Evaluer mon bien
 
 Chercher une agence
 
 Se connecter
ACCUEIL
IMMOBILIER PROFESSIONNEL
EVALUER MON BIEN
CHERCHER UNE AGENCE
SE CONNECTER
Accueil
Appartement en location
Appartement Monastir
Ksar Hellal
Ksar Hellal
S+1 en location
Video
visite 360°
Photos
Plan
Map
 +1
S...","
480",50,Appartement,1,Location,Agence,Ksar Hellal : S+1 en location,https://cdn-media.medialabtc.it/tn/agencies/moca5/estates/62312/images/354322/detail.jpeg,"[""https://cdn-media.medialabtc.it/tn/agencies/moca5/estates/62312/images/354322/detail.jpeg"", ""https://cdn-media.medialabtc.it/tn/agencies/moca5/estates/62312/images/354325/gallery_media.jpeg"", ""https://cdn-media.medialabtc.it/tn/agencies/moca5/estates/62312/images/354323/gallery_media.jpeg"", ""https://cdn-media.medialabtc.it/tn/agencies/moca5/estates/62312/images/354326/gallery_media.jpeg"", ""https://cdn-media.medialabtc.it/tn/agencies/moca5/images/team_member/production/1017.jpeg"", ""https://cdn-media.medialabtc.it/tn/agencies/moca5/images/team_member/production/1021.jpeg"", ""https://cdn-media.medialabtc.it/tn/agencies/moca5/images/team_member/production/1052.jpeg"", ""https://cdn-media.medialabtc.it/tn/agencies/moca5/images/team_member/production/1020.jpeg""]",[],Tecnocasa,Tecnocasa,1,1,1,1,1,1,[],2026-02-15 21:24:08,2026-02-15 21:24:08,2026-02-15 21:24:08,,7,2026-02-15 21:24:08,N/A,N/A
63115,Studio en location," Immobilier Professionnel
 
 Evaluer mon bien
 
 Chercher une agence
 
 Se connecter
ACCUEIL
IMMOBILIER PROFESSIONNEL
EVALUER MON BIEN
CHERCHER UNE AGENCE
SE CONNECTER
Accueil
Appartement en location
Appartement Monastir
Ksar Hellal
Ksar Hellal
Studio en location
Video
visite 360°
Photos
Plan
Map
 +...","
300",70,Appartement,1,Location,Agence,Ksar Hellal : Studio en location,https://cdn-media.medialabtc.it/tn/agencies/moca5/estates/63115/images/361893/detail.jpeg,"[""https://cdn-media.medialabtc.it/tn/agencies/moca5/estates/63115/images/361893/detail.jpeg"", ""https://cdn-media.medialabtc.it/tn/agencies/moca5/estates/63115/images/361894/gallery_media.jpeg"", ""https://cdn-media.medialabtc.it/tn/agencies/moca5/estates/63115/images/361895/gallery_media.jpeg"", ""https://cdn-media.medialabtc.it/tn/agencies/moca5/estates/63115/images/361898/gallery_media.jpeg"", ""https://cdn-media.medialabtc.it/tn/agencies/moca5/images/team_member/production/1017.jpeg"", ""https://cdn-media.medialabtc.it/tn/agencies/moca5/images/team_member/production/1021.jpeg"", ""https://cdn-media.medialabtc.it/tn/agencies/moca5/images/team_member/production/1052.jpeg"", ""https://cdn-media.medialabtc.it/tn/agencies/moca5/images/team_member/production/1020.jpeg""]",[],Tecnocasa,Tecnocasa,1,1,1,1,1,1,[],2026-02-15 21:24:08,2026-02-15 21:24:08,2026-02-15 21:24:08,,7,2026-02-15 21:24:08,N/A,N/A
62609,S+3 en location," Immobilier Professionnel
 
 Evaluer mon bien
 
 Chercher une agence
 
 Se connecter
ACCUEIL
IMMOBILIER PROFESSIONNEL
EVALUER MON BIEN
CHERCHER UNE AGENCE
SE CONNECTER
Accueil
Appartement en location
Appartement Monastir
Monastir
C2
S+3 en location
Video
visite 360°
Photos
Plan
Map
 +13
S+3 en locat...","
800",115,Appartement,1,Location,Agence,C2 : S+3 en location,https://cdn-media.medialabtc.it/tn/agencies/moca2/estates/62609/images/357040/detail.jpeg,"[""https://cdn-media.medialabtc.it/tn/agencies/moca2/estates/62609/images/357040/detail.jpeg"", ""https://cdn-media.medialabtc.it/tn/agencies/moca2/estates/62609/images/357039/gallery_media.jpeg"", ""https://cdn-media.medialabtc.it/tn/agencies/moca2/estates/62609/images/357025/gallery_media.jpeg"", ""https://cdn-media.medialabtc.it/tn/agencies/moca2/estates/62609/images/357023/gallery_media.jpeg"", ""https://cdn-media.medialabtc.it/tn/agencies/moca2/images/team_member/production/571.jpeg"", ""https://cdn-media.medialabtc.it/tn/agencies/moca2/images/team_member/production/820.jpeg""]",[],Tecnocasa,Tecnocasa,1,1,1,1,1,1,[],2026-02-15 21:24:08,2026-02-15 21:24:08,2026-02-15 21:24:08,,7,2026-02-15 21:24:08,N/A,N/A
62907,S+3 en location," Immobilier Professionnel
 
 Evaluer mon bien
 
 Chercher une agence
 
 Se connecter
ACCUEIL
IMMOBILIER PROFESSIONNEL
EVALUER MON BIEN
CHERCHER UNE AGENCE
SE CONNECTER
Accueil
Appartement en location
Appartement Monastir
Monastir
Cité El Agba
S+3 en location
Video
visite 360°
Photos
Plan
Map
 +10
S+...",1300,130,Appartement,1,Location,Agence,Cité El Agba : S+3 en location,https://cdn-media.medialabtc.it/tn/agencies/moca2/estates/62907/images/361910/detail.jpeg,"[""https://cdn-media.medialabtc.it/tn/agencies/moca2/estates/62907/images/361910/detail.jpeg"", ""https://cdn-media.medialabtc.it/tn/agencies/moca2/estates/62907/images/361909/gallery_media.jpeg"", ""https://cdn-media.medialabtc.it/tn/agencies/moca2/estates/62907/images/361904/gallery_media.jpeg"", ""https://cdn-media.medialabtc.it/tn/agencies/moca2/estates/62907/images/361876/gallery_media.jpeg"", ""https://cdn-media.medialabtc.it/tn/agencies/moca2/images/team_member/production/571.jpeg"", ""https://cdn-media.medialabtc.it/tn/agencies/moca2/images/team_member/production/820.jpeg""]",[],Tecnocasa,Tecnocasa,1,1,1,1,1,1,[],2026-02-15 21:24:08,2026-02-15 21:24:08,2026-02-15 21:24:08,,7,2026-02-15 21:24:08,N/A,N/A
62612,S+1 en location," Immobilier Professionnel
 
 Evaluer mon bien
 
 Chercher une agence
 
 Se connecter
ACCUEIL
IMMOBILIER PROFESSIONNEL
EVALUER MON BIEN
CHERCHER UNE AGENCE
SE CONNECTER
Accueil
Appartement en location
Appartement Monastir
Monastir
Frina
S+1 en location
Video
visite 360°
Photos
Plan
Map
 +5
S+1 en loc...","
420",70,Appartement,1,Location,Agence,Frina : S+1 en location,https://cdn-media.medialabtc.it/tn/agencies/moca2/estates/62612/images/356933/detail.jpeg,"[""https://cdn-media.medialabtc.it/tn/agencies/moca2/estates/62612/images/356933/detail.jpeg"", ""https://cdn-media.medialabtc.it/tn/agencies/moca2/estates/62612/images/356927/gallery_media.jpeg"", ""https://cdn-media.medialabtc.it/tn/agencies/moca2/estates/62612/images/356936/gallery_media.jpeg"", ""https://cdn-media.medialabtc.it/tn/agencies/moca2/estates/62612/images/356934/gallery_media.jpeg"", ""https://cdn-media.medialabtc.it/tn/agencies/moca2/images/team_member/production/571.jpeg"", ""https://cdn-media.medialabtc.it/tn/agencies/moca2/images/team_member/production/820.jpeg""]",[],Tecnocasa,Tecnocasa,1,1,1,1,1,1,[],2026-02-15 21:24:08,2026-02-15 21:24:08,2026-02-15 21:24:08,,7,2026-02-15 21:24:08,N/A,N/A
62914,S+2 en location," Immobilier Professionnel
 
 Evaluer mon bien
 
 Chercher une agence
 
 Se connecter
ACCUEIL
IMMOBILIER PROFESSIONNEL
EVALUER MON BIEN
CHERCHER UNE AGENCE
SE CONNECTER
Accueil
Appartement en location
Appartement Monastir
Monastir
Frina
S+2 en location
Video
visite 360°
Photos
Plan
Map
 +8
S+2 en loc...","
700",113,Appartement,1,Location,Agence,Frina : S+2 en location,https://cdn-media.medialabtc.it/tn/agencies/moca2/estates/62914/images/361865/detail.jpeg,"[""https://cdn-media.medialabtc.it/tn/agencies/moca2/estates/62914/images/361865/detail.jpeg"", ""https://cdn-media.medialabtc.it/tn/agencies/moca2/estates/62914/images/361862/gallery_media.jpeg"", ""https://cdn-media.medialabtc.it/tn/agencies/moca2/estates/62914/images/361869/gallery_media.jpeg"", ""https://cdn-media.medialabtc.it/tn/agencies/moca2/estates/62914/images/361864/gallery_media.jpeg"", ""https://cdn-media.medialabtc.it/tn/agencies/moca2/images/team_member/production/571.jpeg"", ""https://cdn-media.medialabtc.it/tn/agencies/moca2/images/team_member/production/820.jpeg""]",[],Tecnocasa,Tecnocasa,1,1,1,1,1,1,[],2026-02-15 21:24:08,2026-02-15 21:24:08,2026-02-15 21:24:08,,7,2026-02-15 21:24:08,N/A,N/A
62708,S+2 en location," Immobilier Professionnel
 
 Evaluer mon bien
 
 Chercher une agence
 
 Se connecter
ACCUEIL
IMMOBILIER PROFESSIONNEL
EVALUER MON BIEN
CHERCHER UNE AGENCE
SE CONNECTER
Accueil
Appartement en location
Appartement Monastir
Ksar Hellal
Ksar Hellal
S+2 en location
Video
visite 360°
Photos
Plan
Map
 +2
S...","
950",90,Appartement,1,Location,Agence,Ksar Hellal : S+2 en location,https://cdn-media.medialabtc.it/tn/agencies/moca5/estates/62708/images/357426/detail.jpeg,"[""https://cdn-media.medialabtc.it/tn/agencies/moca5/estates/62708/images/357426/detail.jpeg"", ""https://cdn-media.medialabtc.it/tn/agencies/moca5/estates/62708/images/357424/gallery_media.jpeg"", ""https://cdn-media.medialabtc.it/tn/agencies/moca5/estates/62708/images/357422/gallery_media.jpeg"", ""https://cdn-media.medialabtc.it/tn/agencies/moca5/estates/62708/images/357427/gallery_media.jpeg"", ""https://cdn-media.medialabtc.it/tn/agencies/moca5/images/team_member/production/1017.jpeg"", ""https://cdn-media.medialabtc.it/tn/agencies/moca5/images/team_member/production/1021.jpeg"", ""https://cdn-media.medialabtc.it/tn/agencies/moca5/images/team_member/production/1052.jpeg"", ""https://cdn-media.medialabtc.it/tn/agencies/moca5/images/team_member/production/1020.jpeg""]",[],Tecnocasa,Tecnocasa,1,1,1,1,1,1,[],2026-02-15 21:24:08,2026-02-15 21:24:08,2026-02-15 21:24:08,,7,2026-02-15 21:24:08,N/A,N/A
62469,S+2 en location," Immobilier Professionnel
 
 Evaluer mon bien
 
 Chercher une agence
 
 Se connecter
ACCUEIL
IMMOBILIER PROFESSIONNEL
EVALUER MON BIEN
CHERCHER UNE AGENCE
SE CONNECTER
Accueil
Appartement en location
Appartement Monastir
Monastir
Skanes La Falaise
S+2 en location
Video
visite 360°
Photos
Plan
Map
 +...","
850",85,Appartement,1,Location,Agence,Skanes La Falaise : S+2 en location,https://cdn-media.medialabtc.it/tn/agencies/moca1/estates/62469/images/355468/detail.jpeg,"[""https://cdn-media.medialabtc.it/tn/agencies/moca1/estates/62469/images/355468/detail.jpeg"", ""https://cdn-media.medialabtc.it/tn/agencies/moca1/estates/62469/images/355467/gallery_media.jpeg"", ""https://cdn-media.medialabtc.it/tn/agencies/moca1/estates/62469/images/355465/gallery_media.jpeg"", ""https://cdn-media.medialabtc.it/tn/agencies/moca1/estates/62469/images/355463/gallery_media.jpeg"", ""https://cdn-media.medialabtc.it/tn/agencies/moca1/images/team_member/production/1069.jpeg"", ""https://cdn-media.medialabtc.it/tn/agencies/moca1/images/team_member/production/1518.jpeg"", ""https://cdn-media.medialabtc.it/tn/agencies/moca1/images/team_member/production/1688.jpeg"", ""https://cdn-media.medialabtc.it/tn/agencies/moca1/images/team_member/production/1687.jpeg"", ""https://cdn-media.medialabtc.it/tn/agencies/moca1/images/team_member/production/1689.jpeg"", ""https://cdn-media.medialabtc.it/tn/agencies/moca1/images/team_member/production/730.jpeg""]",[],Tecnocasa,Tecnocasa,1,1,1,1,1,1,[],2026-02-15 21:24:08,2026-02-15 21:24:08,2026-02-15 21:24:08,,8,2026-02-15 21:24:08,N/A,N/A
62470,S+2 en location," Immobilier Professionnel
 
 Evaluer mon bien
 
 Chercher une agence
 
 Se connecter
ACCUEIL
IMMOBILIER PROFESSIONNEL
EVALUER MON BIEN
CHERCHER UNE AGENCE
SE CONNECTER
Accueil
Appartement en location
Appartement Monastir
Monastir
Skanes La Falaise
S+2 en location
Video
visite 360°
Photos
Plan
Map
 +...","
850",60,Appartement,1,Location,Agence,Skanes La Falaise : S+2 en location,https://cdn-media.medialabtc.it/tn/agencies/moca1/estates/62470/images/355458/detail.jpeg,"[""https://cdn-media.medialabtc.it/tn/agencies/moca1/estates/62470/images/355458/detail.jpeg"", ""https://cdn-media.medialabtc.it/tn/agencies/moca1/estates/62470/images/355454/gallery_media.jpeg"", ""https://cdn-media.medialabtc.it/tn/agencies/moca1/estates/62470/images/355455/gallery_media.jpeg"", ""https://cdn-media.medialabtc.it/tn/agencies/moca1/estates/62470/images/355456/gallery_media.jpeg"", ""https://cdn-media.medialabtc.it/tn/agencies/moca1/images/team_member/production/1069.jpeg"", ""https://cdn-media.medialabtc.it/tn/agencies/moca1/images/team_member/production/1518.jpeg"", ""https://cdn-media.medialabtc.it/tn/agencies/moca1/images/team_member/production/1688.jpeg"", ""https://cdn-media.medialabtc.it/tn/agencies/moca1/images/team_member/production/1687.jpeg"", ""https://cdn-media.medialabtc.it/tn/agencies/moca1/images/team_member/production/1689.jpeg"", ""https://cdn-media.medialabtc.it/tn/agencies/moca1/images/team_member/production/730.jpeg""]",[],Tecnocasa,Tecnocasa,1,1,1,1,1,1,[],2026-02-15 21:24:08,2026-02-15 21:24:08,2026-02-15 21:24:08,,8,2026-02-15 21:24:08,N/A,N/A
61920,S+3 en location," Immobilier Professionnel
 
 Evaluer mon bien
 
 Chercher une agence
 
 Se connecter
ACCUEIL
IMMOBILIER PROFESSIONNEL
EVALUER MON BIEN
CHERCHER UNE AGENCE
SE CONNECTER
Accueil
Appartement en location
Appartement Monastir
Monastir
Cité El Agba
S+3 en location
Video
visite 360°
Photos
Plan
Map
 +9
S+3...","
900",109,Appartement,1,Location,Agence,Cité El Agba : S+3 en location,https://cdn-media.medialabtc.it/tn/agencies/moca2/estates/61920/images/353969/detail.jpeg,"[""https://cdn-media.medialabtc.it/tn/agencies/moca2/estates/61920/images/353969/detail.jpeg"", ""https://cdn-media.medialabtc.it/tn/agencies/moca2/estates/61920/images/353959/gallery_media.jpeg"", ""https://cdn-media.medialabtc.it/tn/agencies/moca2/estates/61920/images/353958/gallery_media.jpeg"", ""https://cdn-media.medialabtc.it/tn/agencies/moca2/estates/61920/images/353957/gallery_media.jpeg"", ""https://cdn-media.medialabtc.it/tn/agencies/moca2/images/team_member/production/571.jpeg"", ""https://cdn-media.medialabtc.it/tn/agencies/moca2/images/team_member/production/820.jpeg""]",[],Tecnocasa,Tecnocasa,1,1,1,1,1,1,[],2026-02-15 21:24:08,2026-02-15 21:24:08,2026-02-15 21:24:08,,8,2026-02-15 21:24:08,N/A,N/A
62468,S+3 en location," Immobilier Professionnel
 
 Evaluer mon bien
 
 Chercher une agence
 
 Se connecter
ACCUEIL
IMMOBILIER PROFESSIONNEL
EVALUER MON BIEN
CHERCHER UNE AGENCE
SE CONNECTER
Accueil
Appartement en location
Appartement Monastir
Monastir
Cité El Agba
S+3 en location
Video
visite 360°
Photos
Plan
Map
 +2
S+3...","
700",165,Appartement,1,Location,Agence,Cité El Agba : S+3 en location,https://cdn-media.medialabtc.it/tn/agencies/moca2/estates/62468/images/355298/detail.jpeg,"[""https://cdn-media.medialabtc.it/tn/agencies/moca2/estates/62468/images/355298/detail.jpeg"", ""https://cdn-media.medialabtc.it/tn/agencies/moca2/estates/62468/images/355293/gallery_media.jpeg"", ""https://cdn-media.medialabtc.it/tn/agencies/moca2/estates/62468/images/355294/gallery_media.jpeg"", ""https://cdn-media.medialabtc.it/tn/agencies/moca2/estates/62468/images/355295/gallery_media.jpeg"", ""https://cdn-media.medialabtc.it/tn/agencies/moca2/images/team_member/production/571.jpeg"", ""https://cdn-media.medialabtc.it/tn/agencies/moca2/images/team_member/production/820.jpeg""]",[],Tecnocasa,Tecnocasa,1,1,1,1,1,1,[],2026-02-15 21:24:08,2026-02-15 21:24:08,2026-02-15 21:24:08,,8,2026-02-15 21:24:08,N/A,N/A
61993,S+2 en location," Immobilier Professionnel
 
 Evaluer mon bien
 
 Chercher une agence
 
 Se connecter
ACCUEIL
IMMOBILIER PROFESSIONNEL
EVALUER MON BIEN
CHERCHER UNE AGENCE
SE CONNECTER
Accueil
Appartement en location
Appartement Monastir
Monastir
Cité El Agba
S+2 en location
Video
visite 360°
Photos
Plan
Map
 +6
S+2...",1100,90,Appartement,1,Location,Agence,Cité El Agba : S+2 en location,https://cdn-media.medialabtc.it/tn/agencies/moca2/estates/61993/images/353903/detail.jpeg,"[""https://cdn-media.medialabtc.it/tn/agencies/moca2/estates/61993/images/353903/detail.jpeg"", ""https://cdn-media.medialabtc.it/tn/agencies/moca2/estates/61993/images/353897/gallery_media.jpeg"", ""https://cdn-media.medialabtc.it/tn/agencies/moca2/estates/61993/images/353898/gallery_media.jpeg"", ""https://cdn-media.medialabtc.it/tn/agencies/moca2/estates/61993/images/353895/gallery_media.jpeg"", ""https://cdn-media.medialabtc.it/tn/agencies/moca2/images/team_member/production/571.jpeg"", ""https://cdn-media.medialabtc.it/tn/agencies/moca2/images/team_member/production/820.jpeg""]",[],Tecnocasa,Tecnocasa,1,1,1,1,1,1,[],2026-02-15 21:24:08,2026-02-15 21:24:08,2026-02-15 21:24:08,,8,2026-02-15 21:24:08,N/A,N/A
62607,Studio en location," Immobilier Professionnel
 
 Evaluer mon bien
 
 Chercher une agence
 
 Se connecter
ACCUEIL
IMMOBILIER PROFESSIONNEL
EVALUER MON BIEN
CHERCHER UNE AGENCE
SE CONNECTER
Accueil
Appartement en location
Appartement Monastir
Monastir
C2
Studio en location
Video
visite 360°
Photos
Plan
Map
 +9
Studio en ...","
450",95,Appartement,1,Location,Agence,C2 : Studio en location,https://cdn-media.medialabtc.it/tn/agencies/moca2/estates/62607/images/356987/detail.jpeg,"[""https://cdn-media.medialabtc.it/tn/agencies/moca2/estates/62607/images/356987/detail.jpeg"", ""https://cdn-media.medialabtc.it/tn/agencies/moca2/estates/62607/images/356988/gallery_media.jpeg"", ""https://cdn-media.medialabtc.it/tn/agencies/moca2/estates/62607/images/356883/gallery_media.jpeg"", ""https://cdn-media.medialabtc.it/tn/agencies/moca2/estates/62607/images/356885/gallery_media.jpeg"", ""https://cdn-media.medialabtc.it/tn/agencies/moca2/images/team_member/production/571.jpeg"", ""https://cdn-media.medialabtc.it/tn/agencies/moca2/images/team_member/production/820.jpeg""]",[],Tecnocasa,Tecnocasa,1,1,1,1,1,1,[],2026-02-15 21:24:08,2026-02-15 21:24:08,2026-02-15 21:24:08,,8,2026-02-15 21:24:08,N/A,N/A
62709,Duplex en location," Immobilier Professionnel
 
 Evaluer mon bien
 
 Chercher une agence
 
 Se connecter
ACCUEIL
IMMOBILIER PROFESSIONNEL
EVALUER MON BIEN
CHERCHER UNE AGENCE
SE CONNECTER
Accueil
Appartement en location
Appartement Monastir
Ksar Hellal
Ksar Hellal
Duplex en location
Video
visite 360°
Photos
Plan
Map
 +...","
850",80,Appartement,1,Location,Agence,Ksar Hellal : Duplex en location,https://cdn-media.medialabtc.it/tn/agencies/moca5/estates/62709/images/357371/detail.jpeg,"[""https://cdn-media.medialabtc.it/tn/agencies/moca5/estates/62709/images/357371/detail.jpeg"", ""https://cdn-media.medialabtc.it/tn/agencies/moca5/estates/62709/images/357376/gallery_media.jpeg"", ""https://cdn-media.medialabtc.it/tn/agencies/moca5/estates/62709/images/357373/gallery_media.jpeg"", ""https://cdn-media.medialabtc.it/tn/agencies/moca5/estates/62709/images/357374/gallery_media.jpeg"", ""https://cdn-media.medialabtc.it/tn/agencies/moca5/images/team_member/production/1017.jpeg"", ""https://cdn-media.medialabtc.it/tn/agencies/moca5/images/team_member/production/1021.jpeg"", ""https://cdn-media.medialabtc.it/tn/agencies/moca5/images/team_member/production/1052.jpeg"", ""https://cdn-media.medialabtc.it/tn/agencies/moca5/images/team_member/production/1020.jpeg""]",[],Tecnocasa,Tecnocasa,1,1,1,1,1,1,[],2026-02-15 21:24:08,2026-02-15 21:24:08,2026-02-15 21:24:08,,8,2026-02-15 21:24:08,N/A,N/A
62344,S+1 en location," Immobilier Professionnel
 
 Evaluer mon bien
 
 Chercher une agence
 
 Se connecter
ACCUEIL
IMMOBILIER PROFESSIONNEL
EVALUER MON BIEN
CHERCHER UNE AGENCE
SE CONNECTER
Accueil
Appartement en location
Appartement Monastir
Monastir
Cité El Omrane
S+1 en location
Video
visite 360°
Photos
Plan
Map
 +5
S...","
700",60,Appartement,1,Location,Agence,Cité El Omrane : S+1 en location,https://cdn-media.medialabtc.it/tn/agencies/moca1/estates/62344/images/354444/detail.jpeg,"[""https://cdn-media.medialabtc.it/tn/agencies/moca1/estates/62344/images/354444/detail.jpeg"", ""https://cdn-media.medialabtc.it/tn/agencies/moca1/estates/62344/images/354445/gallery_media.jpeg"", ""https://cdn-media.medialabtc.it/tn/agencies/moca1/estates/62344/images/354446/gallery_media.jpeg"", ""https://cdn-media.medialabtc.it/tn/agencies/moca1/estates/62344/images/354527/gallery_media.jpeg"", ""https://cdn-media.medialabtc.it/tn/agencies/moca1/images/team_member/production/1069.jpeg"", ""https://cdn-media.medialabtc.it/tn/agencies/moca1/images/team_member/production/1518.jpeg"", ""https://cdn-media.medialabtc.it/tn/agencies/moca1/images/team_member/production/1688.jpeg"", ""https://cdn-media.medialabtc.it/tn/agencies/moca1/images/team_member/production/1687.jpeg"", ""https://cdn-media.medialabtc.it/tn/agencies/moca1/images/team_member/production/1689.jpeg"", ""https://cdn-media.medialabtc.it/tn/agencies/moca1/images/team_member/production/730.jpeg""]",[],Tecnocasa,Tecnocasa,1,1,1,1,1,1,[],2026-02-15 21:24:08,2026-02-15 21:24:08,2026-02-15 21:24:08,,8,2026-02-15 21:24:08,N/A,N/A
62312,S+1 en location," Immobilier Professionnel
 
 Evaluer mon bien
 
 Chercher une agence
 
 Se connecter
ACCUEIL
IMMOBILIER PROFESSIONNEL
EVALUER MON BIEN
CHERCHER UNE AGENCE
SE CONNECTER
Accueil
Appartement en location
Appartement Monastir
Ksar Hellal
Ksar Hellal
S+1 en location
Video
visite 360°
Photos
Plan
Map
 +1
S...","
480",50,Appartement,1,Location,Agence,Ksar Hellal : S+1 en location,https://cdn-media.medialabtc.it/tn/agencies/moca5/estates/62312/images/354322/detail.jpeg,"[""https://cdn-media.medialabtc.it/tn/agencies/moca5/estates/62312/images/354322/detail.jpeg"", ""https://cdn-media.medialabtc.it/tn/agencies/moca5/estates/62312/images/354325/gallery_media.jpeg"", ""https://cdn-media.medialabtc.it/tn/agencies/moca5/estates/62312/images/354323/gallery_media.jpeg"", ""https://cdn-media.medialabtc.it/tn/agencies/moca5/estates/62312/images/354326/gallery_media.jpeg"", ""https://cdn-media.medialabtc.it/tn/agencies/moca5/images/team_member/production/1017.jpeg"", ""https://cdn-media.medialabtc.it/tn/agencies/moca5/images/team_member/production/1021.jpeg"", ""https://cdn-media.medialabtc.it/tn/agencies/moca5/images/team_member/production/1052.jpeg"", ""https://cdn-media.medialabtc.it/tn/agencies/moca5/images/team_member/production/1020.jpeg""]",[],Tecnocasa,Tecnocasa,1,1,1,1,1,1,[],2026-02-15 21:24:08,2026-02-15 21:24:08,2026-02-15 21:24:08,,8,2026-02-15 21:24:08,N/A,N/A
63115,Studio en location," Immobilier Professionnel
 
 Evaluer mon bien
 
 Chercher une agence
 
 Se connecter
ACCUEIL
IMMOBILIER PROFESSIONNEL
EVALUER MON BIEN
CHERCHER UNE AGENCE
SE CONNECTER
Accueil
Appartement en location
Appartement Monastir
Ksar Hellal
Ksar Hellal
Studio en location
Video
visite 360°
Photos
Plan
Map
 +...","
300",70,Appartement,1,Location,Agence,Ksar Hellal : Studio en location,https://cdn-media.medialabtc.it/tn/agencies/moca5/estates/63115/images/361893/detail.jpeg,"[""https://cdn-media.medialabtc.it/tn/agencies/moca5/estates/63115/images/361893/detail.jpeg"", ""https://cdn-media.medialabtc.it/tn/agencies/moca5/estates/63115/images/361894/gallery_media.jpeg"", ""https://cdn-media.medialabtc.it/tn/agencies/moca5/estates/63115/images/361895/gallery_media.jpeg"", ""https://cdn-media.medialabtc.it/tn/agencies/moca5/estates/63115/images/361898/gallery_media.jpeg"", ""https://cdn-media.medialabtc.it/tn/agencies/moca5/images/team_member/production/1017.jpeg"", ""https://cdn-media.medialabtc.it/tn/agencies/moca5/images/team_member/production/1021.jpeg"", ""https://cdn-media.medialabtc.it/tn/agencies/moca5/images/team_member/production/1052.jpeg"", ""https://cdn-media.medialabtc.it/tn/agencies/moca5/images/team_member/production/1020.jpeg""]",[],Tecnocasa,Tecnocasa,1,1,1,1,1,1,[],2026-02-15 21:24:08,2026-02-15 21:24:08,2026-02-15 21:24:08,,8,2026-02-15 21:24:08,N/A,N/A
62609,S+3 en location," Immobilier Professionnel
 
 Evaluer mon bien
 
 Chercher une agence
 
 Se connecter
ACCUEIL
IMMOBILIER PROFESSIONNEL
EVALUER MON BIEN
CHERCHER UNE AGENCE
SE CONNECTER
Accueil
Appartement en location
Appartement Monastir
Monastir
C2
S+3 en location
Video
visite 360°
Photos
Plan
Map
 +13
S+3 en locat...","
800",115,Appartement,1,Location,Agence,C2 : S+3 en location,https://cdn-media.medialabtc.it/tn/agencies/moca2/estates/62609/images/357040/detail.jpeg,"[""https://cdn-media.medialabtc.it/tn/agencies/moca2/estates/62609/images/357040/detail.jpeg"", ""https://cdn-media.medialabtc.it/tn/agencies/moca2/estates/62609/images/357039/gallery_media.jpeg"", ""https://cdn-media.medialabtc.it/tn/agencies/moca2/estates/62609/images/357025/gallery_media.jpeg"", ""https://cdn-media.medialabtc.it/tn/agencies/moca2/estates/62609/images/357023/gallery_media.jpeg"", ""https://cdn-media.medialabtc.it/tn/agencies/moca2/images/team_member/production/571.jpeg"", ""https://cdn-media.medialabtc.it/tn/agencies/moca2/images/team_member/production/820.jpeg""]",[],Tecnocasa,Tecnocasa,1,1,1,1,1,1,[],2026-02-15 21:24:08,2026-02-15 21:24:08,2026-02-15 21:24:08,,8,2026-02-15 21:24:08,N/A,N/A
62907,S+3 en location," Immobilier Professionnel
 
 Evaluer mon bien
 
 Chercher une agence
 
 Se connecter
ACCUEIL
IMMOBILIER PROFESSIONNEL
EVALUER MON BIEN
CHERCHER UNE AGENCE
SE CONNECTER
Accueil
Appartement en location
Appartement Monastir
Monastir
Cité El Agba
S+3 en location
Video
visite 360°
Photos
Plan
Map
 +10
S+...",1300,130,Appartement,1,Location,Agence,Cité El Agba : S+3 en location,https://cdn-media.medialabtc.it/tn/agencies/moca2/estates/62907/images/361910/detail.jpeg,"[""https://cdn-media.medialabtc.it/tn/agencies/moca2/estates/62907/images/361910/detail.jpeg"", ""https://cdn-media.medialabtc.it/tn/agencies/moca2/estates/62907/images/361909/gallery_media.jpeg"", ""https://cdn-media.medialabtc.it/tn/agencies/moca2/estates/62907/images/361904/gallery_media.jpeg"", ""https://cdn-media.medialabtc.it/tn/agencies/moca2/estates/62907/images/361876/gallery_media.jpeg"", ""https://cdn-media.medialabtc.it/tn/agencies/moca2/images/team_member/production/571.jpeg"", ""https://cdn-media.medialabtc.it/tn/agencies/moca2/images/team_member/production/820.jpeg""]",[],Tecnocasa,Tecnocasa,1,1,1,1,1,1,[],2026-02-15 21:24:08,2026-02-15 21:24:08,2026-02-15 21:24:08,,8,2026-02-15 21:24:08,N/A,N/A
62612,S+1 en location," Immobilier Professionnel
 
 Evaluer mon bien
 
 Chercher une agence
 
 Se connecter
ACCUEIL
IMMOBILIER PROFESSIONNEL
EVALUER MON BIEN
CHERCHER UNE AGENCE
SE CONNECTER
Accueil
Appartement en location
Appartement Monastir
Monastir
Frina
S+1 en location
Video
visite 360°
Photos
Plan
Map
 +5
S+1 en loc...","
420",70,Appartement,1,Location,Agence,Frina : S+1 en location,https://cdn-media.medialabtc.it/tn/agencies/moca2/estates/62612/images/356933/detail.jpeg,"[""https://cdn-media.medialabtc.it/tn/agencies/moca2/estates/62612/images/356933/detail.jpeg"", ""https://cdn-media.medialabtc.it/tn/agencies/moca2/estates/62612/images/356927/gallery_media.jpeg"", ""https://cdn-media.medialabtc.it/tn/agencies/moca2/estates/62612/images/356936/gallery_media.jpeg"", ""https://cdn-media.medialabtc.it/tn/agencies/moca2/estates/62612/images/356934/gallery_media.jpeg"", ""https://cdn-media.medialabtc.it/tn/agencies/moca2/images/team_member/production/571.jpeg"", ""https://cdn-media.medialabtc.it/tn/agencies/moca2/images/team_member/production/820.jpeg""]",[],Tecnocasa,Tecnocasa,1,1,1,1,1,1,[],2026-02-15 21:24:08,2026-02-15 21:24:08,2026-02-15 21:24:08,,8,2026-02-15 21:24:08,N/A,N/A
62914,S+2 en location," Immobilier Professionnel
 
 Evaluer mon bien
 
 Chercher une agence
 
 Se connecter
ACCUEIL
IMMOBILIER PROFESSIONNEL
EVALUER MON BIEN
CHERCHER UNE AGENCE
SE CONNECTER
Accueil
Appartement en location
Appartement Monastir
Monastir
Frina
S+2 en location
Video
visite 360°
Photos
Plan
Map
 +8
S+2 en loc...","
700",113,Appartement,1,Location,Agence,Frina : S+2 en location,https://cdn-media.medialabtc.it/tn/agencies/moca2/estates/62914/images/361865/detail.jpeg,"[""https://cdn-media.medialabtc.it/tn/agencies/moca2/estates/62914/images/361865/detail.jpeg"", ""https://cdn-media.medialabtc.it/tn/agencies/moca2/estates/62914/images/361862/gallery_media.jpeg"", ""https://cdn-media.medialabtc.it/tn/agencies/moca2/estates/62914/images/361869/gallery_media.jpeg"", ""https://cdn-media.medialabtc.it/tn/agencies/moca2/estates/62914/images/361864/gallery_media.jpeg"", ""https://cdn-media.medialabtc.it/tn/agencies/moca2/images/team_member/production/571.jpeg"", ""https://cdn-media.medialabtc.it/tn/agencies/moca2/images/team_member/production/820.jpeg""]",[],Tecnocasa,Tecnocasa,1,1,1,1,1,1,[],2026-02-15 21:24:08,2026-02-15 21:24:08,2026-02-15 21:24:08,,8,2026-02-15 21:24:08,N/A,N/A
62708,S+2 en location," Immobilier Professionnel
 
 Evaluer mon bien
 
 Chercher une agence
 
 Se connecter
ACCUEIL
IMMOBILIER PROFESSIONNEL
EVALUER MON BIEN
CHERCHER UNE AGENCE
SE CONNECTER
Accueil
Appartement en location
Appartement Monastir
Ksar Hellal
Ksar Hellal
S+2 en location
Video
visite 360°
Photos
Plan
Map
 +2
S...","
950",90,Appartement,1,Location,Agence,Ksar Hellal : S+2 en location,https://cdn-media.medialabtc.it/tn/agencies/moca5/estates/62708/images/357426/detail.jpeg,"[""https://cdn-media.medialabtc.it/tn/agencies/moca5/estates/62708/images/357426/detail.jpeg"", ""https://cdn-media.medialabtc.it/tn/agencies/moca5/estates/62708/images/357424/gallery_media.jpeg"", ""https://cdn-media.medialabtc.it/tn/agencies/moca5/estates/62708/images/357422/gallery_media.jpeg"", ""https://cdn-media.medialabtc.it/tn/agencies/moca5/estates/62708/images/357427/gallery_media.jpeg"", ""https://cdn-media.medialabtc.it/tn/agencies/moca5/images/team_member/production/1017.jpeg"", ""https://cdn-media.medialabtc.it/tn/agencies/moca5/images/team_member/production/1021.jpeg"", ""https://cdn-media.medialabtc.it/tn/agencies/moca5/images/team_member/production/1052.jpeg"", ""https://cdn-media.medialabtc.it/tn/agencies/moca5/images/team_member/production/1020.jpeg""]",[],Tecnocasa,Tecnocasa,1,1,1,1,1,1,[],2026-02-15 21:24:08,2026-02-15 21:24:08,2026-02-15 21:24:08,,8,2026-02-15 21:24:08,N/A,N/A
62469,S+2 en location," Immobilier Professionnel
 
 Evaluer mon bien
 
 Chercher une agence
 
 Se connecter
ACCUEIL
IMMOBILIER PROFESSIONNEL
EVALUER MON BIEN
CHERCHER UNE AGENCE
SE CONNECTER
Accueil
Appartement en location
Appartement Monastir
Monastir
Skanes La Falaise
S+2 en location
Video
visite 360°
Photos
Plan
Map
 +...","
850",85,Appartement,1,Location,Agence,Skanes La Falaise : S+2 en location,https://cdn-media.medialabtc.it/tn/agencies/moca1/estates/62469/images/355468/detail.jpeg,"[""https://cdn-media.medialabtc.it/tn/agencies/moca1/estates/62469/images/355468/detail.jpeg"", ""https://cdn-media.medialabtc.it/tn/agencies/moca1/estates/62469/images/355467/gallery_media.jpeg"", ""https://cdn-media.medialabtc.it/tn/agencies/moca1/estates/62469/images/355465/gallery_media.jpeg"", ""https://cdn-media.medialabtc.it/tn/agencies/moca1/estates/62469/images/355463/gallery_media.jpeg"", ""https://cdn-media.medialabtc.it/tn/agencies/moca1/images/team_member/production/1069.jpeg"", ""https://cdn-media.medialabtc.it/tn/agencies/moca1/images/team_member/production/1518.jpeg"", ""https://cdn-media.medialabtc.it/tn/agencies/moca1/images/team_member/production/1688.jpeg"", ""https://cdn-media.medialabtc.it/tn/agencies/moca1/images/team_member/production/1687.jpeg"", ""https://cdn-media.medialabtc.it/tn/agencies/moca1/images/team_member/production/1689.jpeg"", ""https://cdn-media.medialabtc.it/tn/agencies/moca1/images/team_member/production/730.jpeg""]",[],Tecnocasa,Tecnocasa,1,1,1,1,1,1,[],2026-02-15 21:24:08,2026-02-15 21:24:08,2026-02-15 21:24:08,,9,2026-02-15 21:24:08,N/A,N/A
62470,S+2 en location," Immobilier Professionnel
 
 Evaluer mon bien
 
 Chercher une agence
 
 Se connecter
ACCUEIL
IMMOBILIER PROFESSIONNEL
EVALUER MON BIEN
CHERCHER UNE AGENCE
SE CONNECTER
Accueil
Appartement en location
Appartement Monastir
Monastir
Skanes La Falaise
S+2 en location
Video
visite 360°
Photos
Plan
Map
 +...","
850",60,Appartement,1,Location,Agence,Skanes La Falaise : S+2 en location,https://cdn-media.medialabtc.it/tn/agencies/moca1/estates/62470/images/355458/detail.jpeg,"[""https://cdn-media.medialabtc.it/tn/agencies/moca1/estates/62470/images/355458/detail.jpeg"", ""https://cdn-media.medialabtc.it/tn/agencies/moca1/estates/62470/images/355454/gallery_media.jpeg"", ""https://cdn-media.medialabtc.it/tn/agencies/moca1/estates/62470/images/355455/gallery_media.jpeg"", ""https://cdn-media.medialabtc.it/tn/agencies/moca1/estates/62470/images/355456/gallery_media.jpeg"", ""https://cdn-media.medialabtc.it/tn/agencies/moca1/images/team_member/production/1069.jpeg"", ""https://cdn-media.medialabtc.it/tn/agencies/moca1/images/team_member/production/1518.jpeg"", ""https://cdn-media.medialabtc.it/tn/agencies/moca1/images/team_member/production/1688.jpeg"", ""https://cdn-media.medialabtc.it/tn/agencies/moca1/images/team_member/production/1687.jpeg"", ""https://cdn-media.medialabtc.it/tn/agencies/moca1/images/team_member/production/1689.jpeg"", ""https://cdn-media.medialabtc.it/tn/agencies/moca1/images/team_member/production/730.jpeg""]",[],Tecnocasa,Tecnocasa,1,1,1,1,1,1,[],2026-02-15 21:24:08,2026-02-15 21:24:08,2026-02-15 21:24:08,,9,2026-02-15 21:24:08,N/A,N/A
61920,S+3 en location," Immobilier Professionnel
 
 Evaluer mon bien
 
 Chercher une agence
 
 Se connecter
ACCUEIL
IMMOBILIER PROFESSIONNEL
EVALUER MON BIEN
CHERCHER UNE AGENCE
SE CONNECTER
Accueil
Appartement en location
Appartement Monastir
Monastir
Cité El Agba
S+3 en location
Video
visite 360°
Photos
Plan
Map
 +9
S+3...","
900",109,Appartement,1,Location,Agence,Cité El Agba : S+3 en location,https://cdn-media.medialabtc.it/tn/agencies/moca2/estates/61920/images/353969/detail.jpeg,"[""https://cdn-media.medialabtc.it/tn/agencies/moca2/estates/61920/images/353969/detail.jpeg"", ""https://cdn-media.medialabtc.it/tn/agencies/moca2/estates/61920/images/353959/gallery_media.jpeg"", ""https://cdn-media.medialabtc.it/tn/agencies/moca2/estates/61920/images/353958/gallery_media.jpeg"", ""https://cdn-media.medialabtc.it/tn/agencies/moca2/estates/61920/images/353957/gallery_media.jpeg"", ""https://cdn-media.medialabtc.it/tn/agencies/moca2/images/team_member/production/571.jpeg"", ""https://cdn-media.medialabtc.it/tn/agencies/moca2/images/team_member/production/820.jpeg""]",[],Tecnocasa,Tecnocasa,1,1,1,1,1,1,[],2026-02-15 21:24:08,2026-02-15 21:24:08,2026-02-15 21:24:08,,9,2026-02-15 21:24:08,N/A,N/A
62468,S+3 en location," Immobilier Professionnel
 
 Evaluer mon bien
 
 Chercher une agence
 
 Se connecter
ACCUEIL
IMMOBILIER PROFESSIONNEL
EVALUER MON BIEN
CHERCHER UNE AGENCE
SE CONNECTER
Accueil
Appartement en location
Appartement Monastir
Monastir
Cité El Agba
S+3 en location
Video
visite 360°
Photos
Plan
Map
 +2
S+3...","
700",165,Appartement,1,Location,Agence,Cité El Agba : S+3 en location,https://cdn-media.medialabtc.it/tn/agencies/moca2/estates/62468/images/355298/detail.jpeg,"[""https://cdn-media.medialabtc.it/tn/agencies/moca2/estates/62468/images/355298/detail.jpeg"", ""https://cdn-media.medialabtc.it/tn/agencies/moca2/estates/62468/images/355293/gallery_media.jpeg"", ""https://cdn-media.medialabtc.it/tn/agencies/moca2/estates/62468/images/355294/gallery_media.jpeg"", ""https://cdn-media.medialabtc.it/tn/agencies/moca2/estates/62468/images/355295/gallery_media.jpeg"", ""https://cdn-media.medialabtc.it/tn/agencies/moca2/images/team_member/production/571.jpeg"", ""https://cdn-media.medialabtc.it/tn/agencies/moca2/images/team_member/production/820.jpeg""]",[],Tecnocasa,Tecnocasa,1,1,1,1,1,1,[],2026-02-15 21:24:08,2026-02-15 21:24:08,2026-02-15 21:24:08,,9,2026-02-15 21:24:08,N/A,N/A
61993,S+2 en location," Immobilier Professionnel
 
 Evaluer mon bien
 
 Chercher une agence
 
 Se connecter
ACCUEIL
IMMOBILIER PROFESSIONNEL
EVALUER MON BIEN
CHERCHER UNE AGENCE
SE CONNECTER
Accueil
Appartement en location
Appartement Monastir
Monastir
Cité El Agba
S+2 en location
Video
visite 360°
Photos
Plan
Map
 +6
S+2...",1100,90,Appartement,1,Location,Agence,Cité El Agba : S+2 en location,https://cdn-media.medialabtc.it/tn/agencies/moca2/estates/61993/images/353903/detail.jpeg,"[""https://cdn-media.medialabtc.it/tn/agencies/moca2/estates/61993/images/353903/detail.jpeg"", ""https://cdn-media.medialabtc.it/tn/agencies/moca2/estates/61993/images/353897/gallery_media.jpeg"", ""https://cdn-media.medialabtc.it/tn/agencies/moca2/estates/61993/images/353898/gallery_media.jpeg"", ""https://cdn-media.medialabtc.it/tn/agencies/moca2/estates/61993/images/353895/gallery_media.jpeg"", ""https://cdn-media.medialabtc.it/tn/agencies/moca2/images/team_member/production/571.jpeg"", ""https://cdn-media.medialabtc.it/tn/agencies/moca2/images/team_member/production/820.jpeg""]",[],Tecnocasa,Tecnocasa,1,1,1,1,1,1,[],2026-02-15 21:24:08,2026-02-15 21:24:08,2026-02-15 21:24:08,,9,2026-02-15 21:24:08,N/A,N/A
62607,Studio en location," Immobilier Professionnel
 
 Evaluer mon bien
 
 Chercher une agence
 
 Se connecter
ACCUEIL
IMMOBILIER PROFESSIONNEL
EVALUER MON BIEN
CHERCHER UNE AGENCE
SE CONNECTER
Accueil
Appartement en location
Appartement Monastir
Monastir
C2
Studio en location
Video
visite 360°
Photos
Plan
Map
 +9
Studio en ...","
450",95,Appartement,1,Location,Agence,C2 : Studio en location,https://cdn-media.medialabtc.it/tn/agencies/moca2/estates/62607/images/356987/detail.jpeg,"[""https://cdn-media.medialabtc.it/tn/agencies/moca2/estates/62607/images/356987/detail.jpeg"", ""https://cdn-media.medialabtc.it/tn/agencies/moca2/estates/62607/images/356988/gallery_media.jpeg"", ""https://cdn-media.medialabtc.it/tn/agencies/moca2/estates/62607/images/356883/gallery_media.jpeg"", ""https://cdn-media.medialabtc.it/tn/agencies/moca2/estates/62607/images/356885/gallery_media.jpeg"", ""https://cdn-media.medialabtc.it/tn/agencies/moca2/images/team_member/production/571.jpeg"", ""https://cdn-media.medialabtc.it/tn/agencies/moca2/images/team_member/production/820.jpeg""]",[],Tecnocasa,Tecnocasa,1,1,1,1,1,1,[],2026-02-15 21:24:08,2026-02-15 21:24:08,2026-02-15 21:24:08,,9,2026-02-15 21:24:08,N/A,N/A
62709,Duplex en location," Immobilier Professionnel
 
 Evaluer mon bien
 
 Chercher une agence
 
 Se connecter
ACCUEIL
IMMOBILIER PROFESSIONNEL
EVALUER MON BIEN
CHERCHER UNE AGENCE
SE CONNECTER
Accueil
Appartement en location
Appartement Monastir
Ksar Hellal
Ksar Hellal
Duplex en location
Video
visite 360°
Photos
Plan
Map
 +...","
850",80,Appartement,1,Location,Agence,Ksar Hellal : Duplex en location,https://cdn-media.medialabtc.it/tn/agencies/moca5/estates/62709/images/357371/detail.jpeg,"[""https://cdn-media.medialabtc.it/tn/agencies/moca5/estates/62709/images/357371/detail.jpeg"", ""https://cdn-media.medialabtc.it/tn/agencies/moca5/estates/62709/images/357376/gallery_media.jpeg"", ""https://cdn-media.medialabtc.it/tn/agencies/moca5/estates/62709/images/357373/gallery_media.jpeg"", ""https://cdn-media.medialabtc.it/tn/agencies/moca5/estates/62709/images/357374/gallery_media.jpeg"", ""https://cdn-media.medialabtc.it/tn/agencies/moca5/images/team_member/production/1017.jpeg"", ""https://cdn-media.medialabtc.it/tn/agencies/moca5/images/team_member/production/1021.jpeg"", ""https://cdn-media.medialabtc.it/tn/agencies/moca5/images/team_member/production/1052.jpeg"", ""https://cdn-media.medialabtc.it/tn/agencies/moca5/images/team_member/production/1020.jpeg""]",[],Tecnocasa,Tecnocasa,1,1,1,1,1,1,[],2026-02-15 21:24:08,2026-02-15 21:24:08,2026-02-15 21:24:08,,9,2026-02-15 21:24:08,N/A,N/A
62344,S+1 en location," Immobilier Professionnel
 
 Evaluer mon bien
 
 Chercher une agence
 
 Se connecter
ACCUEIL
IMMOBILIER PROFESSIONNEL
EVALUER MON BIEN
CHERCHER UNE AGENCE
SE CONNECTER
Accueil
Appartement en location
Appartement Monastir
Monastir
Cité El Omrane
S+1 en location
Video
visite 360°
Photos
Plan
Map
 +5
S...","
700",60,Appartement,1,Location,Agence,Cité El Omrane : S+1 en location,https://cdn-media.medialabtc.it/tn/agencies/moca1/estates/62344/images/354444/detail.jpeg,"[""https://cdn-media.medialabtc.it/tn/agencies/moca1/estates/62344/images/354444/detail.jpeg"", ""https://cdn-media.medialabtc.it/tn/agencies/moca1/estates/62344/images/354445/gallery_media.jpeg"", ""https://cdn-media.medialabtc.it/tn/agencies/moca1/estates/62344/images/354446/gallery_media.jpeg"", ""https://cdn-media.medialabtc.it/tn/agencies/moca1/estates/62344/images/354527/gallery_media.jpeg"", ""https://cdn-media.medialabtc.it/tn/agencies/moca1/images/team_member/production/1069.jpeg"", ""https://cdn-media.medialabtc.it/tn/agencies/moca1/images/team_member/production/1518.jpeg"", ""https://cdn-media.medialabtc.it/tn/agencies/moca1/images/team_member/production/1688.jpeg"", ""https://cdn-media.medialabtc.it/tn/agencies/moca1/images/team_member/production/1687.jpeg"", ""https://cdn-media.medialabtc.it/tn/agencies/moca1/images/team_member/production/1689.jpeg"", ""https://cdn-media.medialabtc.it/tn/agencies/moca1/images/team_member/production/730.jpeg""]",[],Tecnocasa,Tecnocasa,1,1,1,1,1,1,[],2026-02-15 21:24:08,2026-02-15 21:24:08,2026-02-15 21:24:08,,9,2026-02-15 21:24:08,N/A,N/A
62312,S+1 en location," Immobilier Professionnel
 
 Evaluer mon bien
 
 Chercher une agence
 
 Se connecter
ACCUEIL
IMMOBILIER PROFESSIONNEL
EVALUER MON BIEN
CHERCHER UNE AGENCE
SE CONNECTER
Accueil
Appartement en location
Appartement Monastir
Ksar Hellal
Ksar Hellal
S+1 en location
Video
visite 360°
Photos
Plan
Map
 +1
S...","
480",50,Appartement,1,Location,Agence,Ksar Hellal : S+1 en location,https://cdn-media.medialabtc.it/tn/agencies/moca5/estates/62312/images/354322/detail.jpeg,"[""https://cdn-media.medialabtc.it/tn/agencies/moca5/estates/62312/images/354322/detail.jpeg"", ""https://cdn-media.medialabtc.it/tn/agencies/moca5/estates/62312/images/354325/gallery_media.jpeg"", ""https://cdn-media.medialabtc.it/tn/agencies/moca5/estates/62312/images/354323/gallery_media.jpeg"", ""https://cdn-media.medialabtc.it/tn/agencies/moca5/estates/62312/images/354326/gallery_media.jpeg"", ""https://cdn-media.medialabtc.it/tn/agencies/moca5/images/team_member/production/1017.jpeg"", ""https://cdn-media.medialabtc.it/tn/agencies/moca5/images/team_member/production/1021.jpeg"", ""https://cdn-media.medialabtc.it/tn/agencies/moca5/images/team_member/production/1052.jpeg"", ""https://cdn-media.medialabtc.it/tn/agencies/moca5/images/team_member/production/1020.jpeg""]",[],Tecnocasa,Tecnocasa,1,1,1,1,1,1,[],2026-02-15 21:24:08,2026-02-15 21:24:08,2026-02-15 21:24:08,,9,2026-02-15 21:24:08,N/A,N/A
63115,Studio en location," Immobilier Professionnel
 
 Evaluer mon bien
 
 Chercher une agence
 
 Se connecter
ACCUEIL
IMMOBILIER PROFESSIONNEL
EVALUER MON BIEN
CHERCHER UNE AGENCE
SE CONNECTER
Accueil
Appartement en location
Appartement Monastir
Ksar Hellal
Ksar Hellal
Studio en location
Video
visite 360°
Photos
Plan
Map
 +...","
300",70,Appartement,1,Location,Agence,Ksar Hellal : Studio en location,https://cdn-media.medialabtc.it/tn/agencies/moca5/estates/63115/images/361893/detail.jpeg,"[""https://cdn-media.medialabtc.it/tn/agencies/moca5/estates/63115/images/361893/detail.jpeg"", ""https://cdn-media.medialabtc.it/tn/agencies/moca5/estates/63115/images/361894/gallery_media.jpeg"", ""https://cdn-media.medialabtc.it/tn/agencies/moca5/estates/63115/images/361895/gallery_media.jpeg"", ""https://cdn-media.medialabtc.it/tn/agencies/moca5/estates/63115/images/361898/gallery_media.jpeg"", ""https://cdn-media.medialabtc.it/tn/agencies/moca5/images/team_member/production/1017.jpeg"", ""https://cdn-media.medialabtc.it/tn/agencies/moca5/images/team_member/production/1021.jpeg"", ""https://cdn-media.medialabtc.it/tn/agencies/moca5/images/team_member/production/1052.jpeg"", ""https://cdn-media.medialabtc.it/tn/agencies/moca5/images/team_member/production/1020.jpeg""]",[],Tecnocasa,Tecnocasa,1,1,1,1,1,1,[],2026-02-15 21:24:08,2026-02-15 21:24:08,2026-02-15 21:24:08,,9,2026-02-15 21:24:08,N/A,N/A
62609,S+3 en location," Immobilier Professionnel
 
 Evaluer mon bien
 
 Chercher une agence
 
 Se connecter
ACCUEIL
IMMOBILIER PROFESSIONNEL
EVALUER MON BIEN
CHERCHER UNE AGENCE
SE CONNECTER
Accueil
Appartement en location
Appartement Monastir
Monastir
C2
S+3 en location
Video
visite 360°
Photos
Plan
Map
 +13
S+3 en locat...","
800",115,Appartement,1,Location,Agence,C2 : S+3 en location,https://cdn-media.medialabtc.it/tn/agencies/moca2/estates/62609/images/357040/detail.jpeg,"[""https://cdn-media.medialabtc.it/tn/agencies/moca2/estates/62609/images/357040/detail.jpeg"", ""https://cdn-media.medialabtc.it/tn/agencies/moca2/estates/62609/images/357039/gallery_media.jpeg"", ""https://cdn-media.medialabtc.it/tn/agencies/moca2/estates/62609/images/357025/gallery_media.jpeg"", ""https://cdn-media.medialabtc.it/tn/agencies/moca2/estates/62609/images/357023/gallery_media.jpeg"", ""https://cdn-media.medialabtc.it/tn/agencies/moca2/images/team_member/production/571.jpeg"", ""https://cdn-media.medialabtc.it/tn/agencies/moca2/images/team_member/production/820.jpeg""]",[],Tecnocasa,Tecnocasa,1,1,1,1,1,1,[],2026-02-15 21:24:08,2026-02-15 21:24:08,2026-02-15 21:24:08,,9,2026-02-15 21:24:08,N/A,N/A
62907,S+3 en location," Immobilier Professionnel
 
 Evaluer mon bien
 
 Chercher une agence
 
 Se connecter
ACCUEIL
IMMOBILIER PROFESSIONNEL
EVALUER MON BIEN
CHERCHER UNE AGENCE
SE CONNECTER
Accueil
Appartement en location
Appartement Monastir
Monastir
Cité El Agba
S+3 en location
Video
visite 360°
Photos
Plan
Map
 +10
S+...",1300,130,Appartement,1,Location,Agence,Cité El Agba : S+3 en location,https://cdn-media.medialabtc.it/tn/agencies/moca2/estates/62907/images/361910/detail.jpeg,"[""https://cdn-media.medialabtc.it/tn/agencies/moca2/estates/62907/images/361910/detail.jpeg"", ""https://cdn-media.medialabtc.it/tn/agencies/moca2/estates/62907/images/361909/gallery_media.jpeg"", ""https://cdn-media.medialabtc.it/tn/agencies/moca2/estates/62907/images/361904/gallery_media.jpeg"", ""https://cdn-media.medialabtc.it/tn/agencies/moca2/estates/62907/images/361876/gallery_media.jpeg"", ""https://cdn-media.medialabtc.it/tn/agencies/moca2/images/team_member/production/571.jpeg"", ""https://cdn-media.medialabtc.it/tn/agencies/moca2/images/team_member/production/820.jpeg""]",[],Tecnocasa,Tecnocasa,1,1,1,1,1,1,[],2026-02-15 21:24:08,2026-02-15 21:24:08,2026-02-15 21:24:08,,9,2026-02-15 21:24:08,N/A,N/A
62612,S+1 en location," Immobilier Professionnel
 
 Evaluer mon bien
 
 Chercher une agence
 
 Se connecter
ACCUEIL
IMMOBILIER PROFESSIONNEL
EVALUER MON BIEN
CHERCHER UNE AGENCE
SE CONNECTER
Accueil
Appartement en location
Appartement Monastir
Monastir
Frina
S+1 en location
Video
visite 360°
Photos
Plan
Map
 +5
S+1 en loc...","
420",70,Appartement,1,Location,Agence,Frina : S+1 en location,https://cdn-media.medialabtc.it/tn/agencies/moca2/estates/62612/images/356933/detail.jpeg,"[""https://cdn-media.medialabtc.it/tn/agencies/moca2/estates/62612/images/356933/detail.jpeg"", ""https://cdn-media.medialabtc.it/tn/agencies/moca2/estates/62612/images/356927/gallery_media.jpeg"", ""https://cdn-media.medialabtc.it/tn/agencies/moca2/estates/62612/images/356936/gallery_media.jpeg"", ""https://cdn-media.medialabtc.it/tn/agencies/moca2/estates/62612/images/356934/gallery_media.jpeg"", ""https://cdn-media.medialabtc.it/tn/agencies/moca2/images/team_member/production/571.jpeg"", ""https://cdn-media.medialabtc.it/tn/agencies/moca2/images/team_member/production/820.jpeg""]",[],Tecnocasa,Tecnocasa,1,1,1,1,1,1,[],2026-02-15 21:24:08,2026-02-15 21:24:08,2026-02-15 21:24:08,,9,2026-02-15 21:24:08,N/A,N/A
62914,S+2 en location," Immobilier Professionnel
 
 Evaluer mon bien
 
 Chercher une agence
 
 Se connecter
ACCUEIL
IMMOBILIER PROFESSIONNEL
EVALUER MON BIEN
CHERCHER UNE AGENCE
SE CONNECTER
Accueil
Appartement en location
Appartement Monastir
Monastir
Frina
S+2 en location
Video
visite 360°
Photos
Plan
Map
 +8
S+2 en loc...","
700",113,Appartement,1,Location,Agence,Frina : S+2 en location,https://cdn-media.medialabtc.it/tn/agencies/moca2/estates/62914/images/361865/detail.jpeg,"[""https://cdn-media.medialabtc.it/tn/agencies/moca2/estates/62914/images/361865/detail.jpeg"", ""https://cdn-media.medialabtc.it/tn/agencies/moca2/estates/62914/images/361862/gallery_media.jpeg"", ""https://cdn-media.medialabtc.it/tn/agencies/moca2/estates/62914/images/361869/gallery_media.jpeg"", ""https://cdn-media.medialabtc.it/tn/agencies/moca2/estates/62914/images/361864/gallery_media.jpeg"", ""https://cdn-media.medialabtc.it/tn/agencies/moca2/images/team_member/production/571.jpeg"", ""https://cdn-media.medialabtc.it/tn/agencies/moca2/images/team_member/production/820.jpeg""]",[],Tecnocasa,Tecnocasa,1,1,1,1,1,1,[],2026-02-15 21:24:08,2026-02-15 21:24:08,2026-02-15 21:24:08,,9,2026-02-15 21:24:08,N/A,N/A
62708,S+2 en location," Immobilier Professionnel
 
 Evaluer mon bien
 
 Chercher une agence
 
 Se connecter
ACCUEIL
IMMOBILIER PROFESSIONNEL
EVALUER MON BIEN
CHERCHER UNE AGENCE
SE CONNECTER
Accueil
Appartement en location
Appartement Monastir
Ksar Hellal
Ksar Hellal
S+2 en location
Video
visite 360°
Photos
Plan
Map
 +2
S...","
950",90,Appartement,1,Location,Agence,Ksar Hellal : S+2 en location,https://cdn-media.medialabtc.it/tn/agencies/moca5/estates/62708/images/357426/detail.jpeg,"[""https://cdn-media.medialabtc.it/tn/agencies/moca5/estates/62708/images/357426/detail.jpeg"", ""https://cdn-media.medialabtc.it/tn/agencies/moca5/estates/62708/images/357424/gallery_media.jpeg"", ""https://cdn-media.medialabtc.it/tn/agencies/moca5/estates/62708/images/357422/gallery_media.jpeg"", ""https://cdn-media.medialabtc.it/tn/agencies/moca5/estates/62708/images/357427/gallery_media.jpeg"", ""https://cdn-media.medialabtc.it/tn/agencies/moca5/images/team_member/production/1017.jpeg"", ""https://cdn-media.medialabtc.it/tn/agencies/moca5/images/team_member/production/1021.jpeg"", ""https://cdn-media.medialabtc.it/tn/agencies/moca5/images/team_member/production/1052.jpeg"", ""https://cdn-media.medialabtc.it/tn/agencies/moca5/images/team_member/production/1020.jpeg""]",[],Tecnocasa,Tecnocasa,1,1,1,1,1,1,[],2026-02-15 21:24:08,2026-02-15 21:24:08,2026-02-15 21:24:08,,9,2026-02-15 21:24:08,N/A,N/A
62469,S+2 en location," Immobilier Professionnel
 
 Evaluer mon bien
 
 Chercher une agence
 
 Se connecter
ACCUEIL
IMMOBILIER PROFESSIONNEL
EVALUER MON BIEN
CHERCHER UNE AGENCE
SE CONNECTER
Accueil
Appartement en location
Appartement Monastir
Monastir
Skanes La Falaise
S+2 en location
Video
visite 360°
Photos
Plan
Map
 +...","
850",85,Appartement,1,Location,Agence,Skanes La Falaise : S+2 en location,https://cdn-media.medialabtc.it/tn/agencies/moca1/estates/62469/images/355468/detail.jpeg,"[""https://cdn-media.medialabtc.it/tn/agencies/moca1/estates/62469/images/355468/detail.jpeg"", ""https://cdn-media.medialabtc.it/tn/agencies/moca1/estates/62469/images/355467/gallery_media.jpeg"", ""https://cdn-media.medialabtc.it/tn/agencies/moca1/estates/62469/images/355465/gallery_media.jpeg"", ""https://cdn-media.medialabtc.it/tn/agencies/moca1/estates/62469/images/355463/gallery_media.jpeg"", ""https://cdn-media.medialabtc.it/tn/agencies/moca1/images/team_member/production/1069.jpeg"", ""https://cdn-media.medialabtc.it/tn/agencies/moca1/images/team_member/production/1518.jpeg"", ""https://cdn-media.medialabtc.it/tn/agencies/moca1/images/team_member/production/1688.jpeg"", ""https://cdn-media.medialabtc.it/tn/agencies/moca1/images/team_member/production/1687.jpeg"", ""https://cdn-media.medialabtc.it/tn/agencies/moca1/images/team_member/production/1689.jpeg"", ""https://cdn-media.medialabtc.it/tn/agencies/moca1/images/team_member/production/730.jpeg""]",[],Tecnocasa,Tecnocasa,1,1,1,1,1,1,[],2026-02-15 21:24:08,2026-02-15 21:24:08,2026-02-15 21:24:08,,10,2026-02-15 21:24:08,N/A,N/A
62470,S+2 en location," Immobilier Professionnel
 
 Evaluer mon bien
 
 Chercher une agence
 
 Se connecter
ACCUEIL
IMMOBILIER PROFESSIONNEL
EVALUER MON BIEN
CHERCHER UNE AGENCE
SE CONNECTER
Accueil
Appartement en location
Appartement Monastir
Monastir
Skanes La Falaise
S+2 en location
Video
visite 360°
Photos
Plan
Map
 +...","
850",60,Appartement,1,Location,Agence,Skanes La Falaise : S+2 en location,https://cdn-media.medialabtc.it/tn/agencies/moca1/estates/62470/images/355458/detail.jpeg,"[""https://cdn-media.medialabtc.it/tn/agencies/moca1/estates/62470/images/355458/detail.jpeg"", ""https://cdn-media.medialabtc.it/tn/agencies/moca1/estates/62470/images/355454/gallery_media.jpeg"", ""https://cdn-media.medialabtc.it/tn/agencies/moca1/estates/62470/images/355455/gallery_media.jpeg"", ""https://cdn-media.medialabtc.it/tn/agencies/moca1/estates/62470/images/355456/gallery_media.jpeg"", ""https://cdn-media.medialabtc.it/tn/agencies/moca1/images/team_member/production/1069.jpeg"", ""https://cdn-media.medialabtc.it/tn/agencies/moca1/images/team_member/production/1518.jpeg"", ""https://cdn-media.medialabtc.it/tn/agencies/moca1/images/team_member/production/1688.jpeg"", ""https://cdn-media.medialabtc.it/tn/agencies/moca1/images/team_member/production/1687.jpeg"", ""https://cdn-media.medialabtc.it/tn/agencies/moca1/images/team_member/production/1689.jpeg"", ""https://cdn-media.medialabtc.it/tn/agencies/moca1/images/team_member/production/730.jpeg""]",[],Tecnocasa,Tecnocasa,1,1,1,1,1,1,[],2026-02-15 21:24:08,2026-02-15 21:24:08,2026-02-15 21:24:08,,10,2026-02-15 21:24:08,N/A,N/A
61920,S+3 en location," Immobilier Professionnel
 
 Evaluer mon bien
 
 Chercher une agence
 
 Se connecter
ACCUEIL
IMMOBILIER PROFESSIONNEL
EVALUER MON BIEN
CHERCHER UNE AGENCE
SE CONNECTER
Accueil
Appartement en location
Appartement Monastir
Monastir
Cité El Agba
S+3 en location
Video
visite 360°
Photos
Plan
Map
 +9
S+3...","
900",109,Appartement,1,Location,Agence,Cité El Agba : S+3 en location,https://cdn-media.medialabtc.it/tn/agencies/moca2/estates/61920/images/353969/detail.jpeg,"[""https://cdn-media.medialabtc.it/tn/agencies/moca2/estates/61920/images/353969/detail.jpeg"", ""https://cdn-media.medialabtc.it/tn/agencies/moca2/estates/61920/images/353959/gallery_media.jpeg"", ""https://cdn-media.medialabtc.it/tn/agencies/moca2/estates/61920/images/353958/gallery_media.jpeg"", ""https://cdn-media.medialabtc.it/tn/agencies/moca2/estates/61920/images/353957/gallery_media.jpeg"", ""https://cdn-media.medialabtc.it/tn/agencies/moca2/images/team_member/production/571.jpeg"", ""https://cdn-media.medialabtc.it/tn/agencies/moca2/images/team_member/production/820.jpeg""]",[],Tecnocasa,Tecnocasa,1,1,1,1,1,1,[],2026-02-15 21:24:08,2026-02-15 21:24:08,2026-02-15 21:24:08,,10,2026-02-15 21:24:08,N/A,N/A
62468,S+3 en location," Immobilier Professionnel
 
 Evaluer mon bien
 
 Chercher une agence
 
 Se connecter
ACCUEIL
IMMOBILIER PROFESSIONNEL
EVALUER MON BIEN
CHERCHER UNE AGENCE
SE CONNECTER
Accueil
Appartement en location
Appartement Monastir
Monastir
Cité El Agba
S+3 en location
Video
visite 360°
Photos
Plan
Map
 +2
S+3...","
700",165,Appartement,1,Location,Agence,Cité El Agba : S+3 en location,https://cdn-media.medialabtc.it/tn/agencies/moca2/estates/62468/images/355298/detail.jpeg,"[""https://cdn-media.medialabtc.it/tn/agencies/moca2/estates/62468/images/355298/detail.jpeg"", ""https://cdn-media.medialabtc.it/tn/agencies/moca2/estates/62468/images/355293/gallery_media.jpeg"", ""https://cdn-media.medialabtc.it/tn/agencies/moca2/estates/62468/images/355294/gallery_media.jpeg"", ""https://cdn-media.medialabtc.it/tn/agencies/moca2/estates/62468/images/355295/gallery_media.jpeg"", ""https://cdn-media.medialabtc.it/tn/agencies/moca2/images/team_member/production/571.jpeg"", ""https://cdn-media.medialabtc.it/tn/agencies/moca2/images/team_member/production/820.jpeg""]",[],Tecnocasa,Tecnocasa,1,1,1,1,1,1,[],2026-02-15 21:24:08,2026-02-15 21:24:08,2026-02-15 21:24:08,,10,2026-02-15 21:24:08,N/A,N/A
61993,S+2 en location," Immobilier Professionnel
 
 Evaluer mon bien
 
 Chercher une agence
 
 Se connecter
ACCUEIL
IMMOBILIER PROFESSIONNEL
EVALUER MON BIEN
CHERCHER UNE AGENCE
SE CONNECTER
Accueil
Appartement en location
Appartement Monastir
Monastir
Cité El Agba
S+2 en location
Video
visite 360°
Photos
Plan
Map
 +6
S+2...",1100,90,Appartement,1,Location,Agence,Cité El Agba : S+2 en location,https://cdn-media.medialabtc.it/tn/agencies/moca2/estates/61993/images/353903/detail.jpeg,"[""https://cdn-media.medialabtc.it/tn/agencies/moca2/estates/61993/images/353903/detail.jpeg"", ""https://cdn-media.medialabtc.it/tn/agencies/moca2/estates/61993/images/353897/gallery_media.jpeg"", ""https://cdn-media.medialabtc.it/tn/agencies/moca2/estates/61993/images/353898/gallery_media.jpeg"", ""https://cdn-media.medialabtc.it/tn/agencies/moca2/estates/61993/images/353895/gallery_media.jpeg"", ""https://cdn-media.medialabtc.it/tn/agencies/moca2/images/team_member/production/571.jpeg"", ""https://cdn-media.medialabtc.it/tn/agencies/moca2/images/team_member/production/820.jpeg""]",[],Tecnocasa,Tecnocasa,1,1,1,1,1,1,[],2026-02-15 21:24:08,2026-02-15 21:24:08,2026-02-15 21:24:08,,10,2026-02-15 21:24:08,N/A,N/A
62607,Studio en location," Immobilier Professionnel
 
 Evaluer mon bien
 
 Chercher une agence
 
 Se connecter
ACCUEIL
IMMOBILIER PROFESSIONNEL
EVALUER MON BIEN
CHERCHER UNE AGENCE
SE CONNECTER
Accueil
Appartement en location
Appartement Monastir
Monastir
C2
Studio en location
Video
visite 360°
Photos
Plan
Map
 +9
Studio en ...","
450",95,Appartement,1,Location,Agence,C2 : Studio en location,https://cdn-media.medialabtc.it/tn/agencies/moca2/estates/62607/images/356987/detail.jpeg,"[""https://cdn-media.medialabtc.it/tn/agencies/moca2/estates/62607/images/356987/detail.jpeg"", ""https://cdn-media.medialabtc.it/tn/agencies/moca2/estates/62607/images/356988/gallery_media.jpeg"", ""https://cdn-media.medialabtc.it/tn/agencies/moca2/estates/62607/images/356883/gallery_media.jpeg"", ""https://cdn-media.medialabtc.it/tn/agencies/moca2/estates/62607/images/356885/gallery_media.jpeg"", ""https://cdn-media.medialabtc.it/tn/agencies/moca2/images/team_member/production/571.jpeg"", ""https://cdn-media.medialabtc.it/tn/agencies/moca2/images/team_member/production/820.jpeg""]",[],Tecnocasa,Tecnocasa,1,1,1,1,1,1,[],2026-02-15 21:24:08,2026-02-15 21:24:08,2026-02-15 21:24:08,,10,2026-02-15 21:24:08,N/A,N/A
62709,Duplex en location," Immobilier Professionnel
 
 Evaluer mon bien
 
 Chercher une agence
 
 Se connecter
ACCUEIL
IMMOBILIER PROFESSIONNEL
EVALUER MON BIEN
CHERCHER UNE AGENCE
SE CONNECTER
Accueil
Appartement en location
Appartement Monastir
Ksar Hellal
Ksar Hellal
Duplex en location
Video
visite 360°
Photos
Plan
Map
 +...","
850",80,Appartement,1,Location,Agence,Ksar Hellal : Duplex en location,https://cdn-media.medialabtc.it/tn/agencies/moca5/estates/62709/images/357371/detail.jpeg,"[""https://cdn-media.medialabtc.it/tn/agencies/moca5/estates/62709/images/357371/detail.jpeg"", ""https://cdn-media.medialabtc.it/tn/agencies/moca5/estates/62709/images/357376/gallery_media.jpeg"", ""https://cdn-media.medialabtc.it/tn/agencies/moca5/estates/62709/images/357373/gallery_media.jpeg"", ""https://cdn-media.medialabtc.it/tn/agencies/moca5/estates/62709/images/357374/gallery_media.jpeg"", ""https://cdn-media.medialabtc.it/tn/agencies/moca5/images/team_member/production/1017.jpeg"", ""https://cdn-media.medialabtc.it/tn/agencies/moca5/images/team_member/production/1021.jpeg"", ""https://cdn-media.medialabtc.it/tn/agencies/moca5/images/team_member/production/1052.jpeg"", ""https://cdn-media.medialabtc.it/tn/agencies/moca5/images/team_member/production/1020.jpeg""]",[],Tecnocasa,Tecnocasa,1,1,1,1,1,1,[],2026-02-15 21:24:08,2026-02-15 21:24:08,2026-02-15 21:24:08,,10,2026-02-15 21:24:08,N/A,N/A
62344,S+1 en location," Immobilier Professionnel
 
 Evaluer mon bien
 
 Chercher une agence
 
 Se connecter
ACCUEIL
IMMOBILIER PROFESSIONNEL
EVALUER MON BIEN
CHERCHER UNE AGENCE
SE CONNECTER
Accueil
Appartement en location
Appartement Monastir
Monastir
Cité El Omrane
S+1 en location
Video
visite 360°
Photos
Plan
Map
 +5
S...","
700",60,Appartement,1,Location,Agence,Cité El Omrane : S+1 en location,https://cdn-media.medialabtc.it/tn/agencies/moca1/estates/62344/images/354444/detail.jpeg,"[""https://cdn-media.medialabtc.it/tn/agencies/moca1/estates/62344/images/354444/detail.jpeg"", ""https://cdn-media.medialabtc.it/tn/agencies/moca1/estates/62344/images/354445/gallery_media.jpeg"", ""https://cdn-media.medialabtc.it/tn/agencies/moca1/estates/62344/images/354446/gallery_media.jpeg"", ""https://cdn-media.medialabtc.it/tn/agencies/moca1/estates/62344/images/354527/gallery_media.jpeg"", ""https://cdn-media.medialabtc.it/tn/agencies/moca1/images/team_member/production/1069.jpeg"", ""https://cdn-media.medialabtc.it/tn/agencies/moca1/images/team_member/production/1518.jpeg"", ""https://cdn-media.medialabtc.it/tn/agencies/moca1/images/team_member/production/1688.jpeg"", ""https://cdn-media.medialabtc.it/tn/agencies/moca1/images/team_member/production/1687.jpeg"", ""https://cdn-media.medialabtc.it/tn/agencies/moca1/images/team_member/production/1689.jpeg"", ""https://cdn-media.medialabtc.it/tn/agencies/moca1/images/team_member/production/730.jpeg""]",[],Tecnocasa,Tecnocasa,1,1,1,1,1,1,[],2026-02-15 21:24:08,2026-02-15 21:24:08,2026-02-15 21:24:08,,10,2026-02-15 21:24:08,N/A,N/A
62312,S+1 en location," Immobilier Professionnel
 
 Evaluer mon bien
 
 Chercher une agence
 
 Se connecter
ACCUEIL
IMMOBILIER PROFESSIONNEL
EVALUER MON BIEN
CHERCHER UNE AGENCE
SE CONNECTER
Accueil
Appartement en location
Appartement Monastir
Ksar Hellal
Ksar Hellal
S+1 en location
Video
visite 360°
Photos
Plan
Map
 +1
S...","
480",50,Appartement,1,Location,Agence,Ksar Hellal : S+1 en location,https://cdn-media.medialabtc.it/tn/agencies/moca5/estates/62312/images/354322/detail.jpeg,"[""https://cdn-media.medialabtc.it/tn/agencies/moca5/estates/62312/images/354322/detail.jpeg"", ""https://cdn-media.medialabtc.it/tn/agencies/moca5/estates/62312/images/354325/gallery_media.jpeg"", ""https://cdn-media.medialabtc.it/tn/agencies/moca5/estates/62312/images/354323/gallery_media.jpeg"", ""https://cdn-media.medialabtc.it/tn/agencies/moca5/estates/62312/images/354326/gallery_media.jpeg"", ""https://cdn-media.medialabtc.it/tn/agencies/moca5/images/team_member/production/1017.jpeg"", ""https://cdn-media.medialabtc.it/tn/agencies/moca5/images/team_member/production/1021.jpeg"", ""https://cdn-media.medialabtc.it/tn/agencies/moca5/images/team_member/production/1052.jpeg"", ""https://cdn-media.medialabtc.it/tn/agencies/moca5/images/team_member/production/1020.jpeg""]",[],Tecnocasa,Tecnocasa,1,1,1,1,1,1,[],2026-02-15 21:24:08,2026-02-15 21:24:08,2026-02-15 21:24:08,,10,2026-02-15 21:24:08,N/A,N/A
63115,Studio en location," Immobilier Professionnel
 
 Evaluer mon bien
 
 Chercher une agence
 
 Se connecter
ACCUEIL
IMMOBILIER PROFESSIONNEL
EVALUER MON BIEN
CHERCHER UNE AGENCE
SE CONNECTER
Accueil
Appartement en location
Appartement Monastir
Ksar Hellal
Ksar Hellal
Studio en location
Video
visite 360°
Photos
Plan
Map
 +...","
300",70,Appartement,1,Location,Agence,Ksar Hellal : Studio en location,https://cdn-media.medialabtc.it/tn/agencies/moca5/estates/63115/images/361893/detail.jpeg,"[""https://cdn-media.medialabtc.it/tn/agencies/moca5/estates/63115/images/361893/detail.jpeg"", ""https://cdn-media.medialabtc.it/tn/agencies/moca5/estates/63115/images/361894/gallery_media.jpeg"", ""https://cdn-media.medialabtc.it/tn/agencies/moca5/estates/63115/images/361895/gallery_media.jpeg"", ""https://cdn-media.medialabtc.it/tn/agencies/moca5/estates/63115/images/361898/gallery_media.jpeg"", ""https://cdn-media.medialabtc.it/tn/agencies/moca5/images/team_member/production/1017.jpeg"", ""https://cdn-media.medialabtc.it/tn/agencies/moca5/images/team_member/production/1021.jpeg"", ""https://cdn-media.medialabtc.it/tn/agencies/moca5/images/team_member/production/1052.jpeg"", ""https://cdn-media.medialabtc.it/tn/agencies/moca5/images/team_member/production/1020.jpeg""]",[],Tecnocasa,Tecnocasa,1,1,1,1,1,1,[],2026-02-15 21:24:08,2026-02-15 21:24:08,2026-02-15 21:24:08,,10,2026-02-15 21:24:08,N/A,N/A
62609,S+3 en location," Immobilier Professionnel
 
 Evaluer mon bien
 
 Chercher une agence
 
 Se connecter
ACCUEIL
IMMOBILIER PROFESSIONNEL
EVALUER MON BIEN
CHERCHER UNE AGENCE
SE CONNECTER
Accueil
Appartement en location
Appartement Monastir
Monastir
C2
S+3 en location
Video
visite 360°
Photos
Plan
Map
 +13
S+3 en locat...","
800",115,Appartement,1,Location,Agence,C2 : S+3 en location,https://cdn-media.medialabtc.it/tn/agencies/moca2/estates/62609/images/357040/detail.jpeg,"[""https://cdn-media.medialabtc.it/tn/agencies/moca2/estates/62609/images/357040/detail.jpeg"", ""https://cdn-media.medialabtc.it/tn/agencies/moca2/estates/62609/images/357039/gallery_media.jpeg"", ""https://cdn-media.medialabtc.it/tn/agencies/moca2/estates/62609/images/357025/gallery_media.jpeg"", ""https://cdn-media.medialabtc.it/tn/agencies/moca2/estates/62609/images/357023/gallery_media.jpeg"", ""https://cdn-media.medialabtc.it/tn/agencies/moca2/images/team_member/production/571.jpeg"", ""https://cdn-media.medialabtc.it/tn/agencies/moca2/images/team_member/production/820.jpeg""]",[],Tecnocasa,Tecnocasa,1,1,1,1,1,1,[],2026-02-15 21:24:08,2026-02-15 21:24:08,2026-02-15 21:24:08,,10,2026-02-15 21:24:08,N/A,N/A
62907,S+3 en location," Immobilier Professionnel
 
 Evaluer mon bien
 
 Chercher une agence
 
 Se connecter
ACCUEIL
IMMOBILIER PROFESSIONNEL
EVALUER MON BIEN
CHERCHER UNE AGENCE
SE CONNECTER
Accueil
Appartement en location
Appartement Monastir
Monastir
Cité El Agba
S+3 en location
Video
visite 360°
Photos
Plan
Map
 +10
S+...",1300,130,Appartement,1,Location,Agence,Cité El Agba : S+3 en location,https://cdn-media.medialabtc.it/tn/agencies/moca2/estates/62907/images/361910/detail.jpeg,"[""https://cdn-media.medialabtc.it/tn/agencies/moca2/estates/62907/images/361910/detail.jpeg"", ""https://cdn-media.medialabtc.it/tn/agencies/moca2/estates/62907/images/361909/gallery_media.jpeg"", ""https://cdn-media.medialabtc.it/tn/agencies/moca2/estates/62907/images/361904/gallery_media.jpeg"", ""https://cdn-media.medialabtc.it/tn/agencies/moca2/estates/62907/images/361876/gallery_media.jpeg"", ""https://cdn-media.medialabtc.it/tn/agencies/moca2/images/team_member/production/571.jpeg"", ""https://cdn-media.medialabtc.it/tn/agencies/moca2/images/team_member/production/820.jpeg""]",[],Tecnocasa,Tecnocasa,1,1,1,1,1,1,[],2026-02-15 21:24:08,2026-02-15 21:24:08,2026-02-15 21:24:08,,10,2026-02-15 21:24:08,N/A,N/A
62612,S+1 en location," Immobilier Professionnel
 
 Evaluer mon bien
 
 Chercher une agence
 
 Se connecter
ACCUEIL
IMMOBILIER PROFESSIONNEL
EVALUER MON BIEN
CHERCHER UNE AGENCE
SE CONNECTER
Accueil
Appartement en location
Appartement Monastir
Monastir
Frina
S+1 en location
Video
visite 360°
Photos
Plan
Map
 +5
S+1 en loc...","
420",70,Appartement,1,Location,Agence,Frina : S+1 en location,https://cdn-media.medialabtc.it/tn/agencies/moca2/estates/62612/images/356933/detail.jpeg,"[""https://cdn-media.medialabtc.it/tn/agencies/moca2/estates/62612/images/356933/detail.jpeg"", ""https://cdn-media.medialabtc.it/tn/agencies/moca2/estates/62612/images/356927/gallery_media.jpeg"", ""https://cdn-media.medialabtc.it/tn/agencies/moca2/estates/62612/images/356936/gallery_media.jpeg"", ""https://cdn-media.medialabtc.it/tn/agencies/moca2/estates/62612/images/356934/gallery_media.jpeg"", ""https://cdn-media.medialabtc.it/tn/agencies/moca2/images/team_member/production/571.jpeg"", ""https://cdn-media.medialabtc.it/tn/agencies/moca2/images/team_member/production/820.jpeg""]",[],Tecnocasa,Tecnocasa,1,1,1,1,1,1,[],2026-02-15 21:24:08,2026-02-15 21:24:08,2026-02-15 21:24:08,,10,2026-02-15 21:24:08,N/A,N/A
62914,S+2 en location," Immobilier Professionnel
 
 Evaluer mon bien
 
 Chercher une agence
 
 Se connecter
ACCUEIL
IMMOBILIER PROFESSIONNEL
EVALUER MON BIEN
CHERCHER UNE AGENCE
SE CONNECTER
Accueil
Appartement en location
Appartement Monastir
Monastir
Frina
S+2 en location
Video
visite 360°
Photos
Plan
Map
 +8
S+2 en loc...","
700",113,Appartement,1,Location,Agence,Frina : S+2 en location,https://cdn-media.medialabtc.it/tn/agencies/moca2/estates/62914/images/361865/detail.jpeg,"[""https://cdn-media.medialabtc.it/tn/agencies/moca2/estates/62914/images/361865/detail.jpeg"", ""https://cdn-media.medialabtc.it/tn/agencies/moca2/estates/62914/images/361862/gallery_media.jpeg"", ""https://cdn-media.medialabtc.it/tn/agencies/moca2/estates/62914/images/361869/gallery_media.jpeg"", ""https://cdn-media.medialabtc.it/tn/agencies/moca2/estates/62914/images/361864/gallery_media.jpeg"", ""https://cdn-media.medialabtc.it/tn/agencies/moca2/images/team_member/production/571.jpeg"", ""https://cdn-media.medialabtc.it/tn/agencies/moca2/images/team_member/production/820.jpeg""]",[],Tecnocasa,Tecnocasa,1,1,1,1,1,1,[],2026-02-15 21:24:08,2026-02-15 21:24:08,2026-02-15 21:24:08,,10,2026-02-15 21:24:08,N/A,N/A
62708,S+2 en location," Immobilier Professionnel
 
 Evaluer mon bien
 
 Chercher une agence
 
 Se connecter
ACCUEIL
IMMOBILIER PROFESSIONNEL
EVALUER MON BIEN
CHERCHER UNE AGENCE
SE CONNECTER
Accueil
Appartement en location
Appartement Monastir
Ksar Hellal
Ksar Hellal
S+2 en location
Video
visite 360°
Photos
Plan
Map
 +2
S...","
950",90,Appartement,1,Location,Agence,Ksar Hellal : S+2 en location,https://cdn-media.medialabtc.it/tn/agencies/moca5/estates/62708/images/357426/detail.jpeg,"[""https://cdn-media.medialabtc.it/tn/agencies/moca5/estates/62708/images/357426/detail.jpeg"", ""https://cdn-media.medialabtc.it/tn/agencies/moca5/estates/62708/images/357424/gallery_media.jpeg"", ""https://cdn-media.medialabtc.it/tn/agencies/moca5/estates/62708/images/357422/gallery_media.jpeg"", ""https://cdn-media.medialabtc.it/tn/agencies/moca5/estates/62708/images/357427/gallery_media.jpeg"", ""https://cdn-media.medialabtc.it/tn/agencies/moca5/images/team_member/production/1017.jpeg"", ""https://cdn-media.medialabtc.it/tn/agencies/moca5/images/team_member/production/1021.jpeg"", ""https://cdn-media.medialabtc.it/tn/agencies/moca5/images/team_member/production/1052.jpeg"", ""https://cdn-media.medialabtc.it/tn/agencies/moca5/images/team_member/production/1020.jpeg""]",[],Tecnocasa,Tecnocasa,1,1,1,1,1,1,[],2026-02-15 21:24:08,2026-02-15 21:24:08,2026-02-15 21:24:08,,10,2026-02-15 21:24:08,N/A,N/A
63357,S+2 en location," Immobilier Professionnel
 
 Evaluer mon bien
 
 Chercher une agence
 
 Se connecter
ACCUEIL
IMMOBILIER PROFESSIONNEL
EVALUER MON BIEN
CHERCHER UNE AGENCE
SE CONNECTER
Accueil
Appartement en location
Appartement Mahdia
Rejiche
Rejiche
S+2 en location
Video
visite 360°
Photos
Plan
Map
 +8
S+2 en loca...","
700",85,Appartement,1,Location,Agence,Rejiche : S+2 en location,https://cdn-media.medialabtc.it/tn/agencies/mdca3/estates/63357/images/364181/detail.jpeg,"[""https://cdn-media.medialabtc.it/tn/agencies/mdca3/estates/63357/images/364181/detail.jpeg"", ""https://cdn-media.medialabtc.it/tn/agencies/mdca3/estates/63357/images/364185/gallery_media.jpeg"", ""https://cdn-media.medialabtc.it/tn/agencies/mdca3/estates/63357/images/364156/gallery_media.jpeg"", ""https://cdn-media.medialabtc.it/tn/agencies/mdca3/estates/63357/images/364153/gallery_media.jpeg"", ""https://cdn-media.medialabtc.it/tn/agencies/mdca3/images/team_member/production/923.jpeg"", ""https://cdn-media.medialabtc.it/tn/agencies/mdca3/images/team_member/production/1320.jpeg"", ""https://cdn-media.medialabtc.it/tn/agencies/mdca3/images/team_member/production/1319.jpeg""]",[],Tecnocasa,Tecnocasa,1,1,1,1,1,1,[],2026-02-15 21:24:08,2026-02-15 21:24:08,2026-02-15 21:24:08,,1,2026-02-15 21:24:08,N/A,N/A
63562,S+1 en location," Immobilier Professionnel
 
 Evaluer mon bien
 
 Chercher une agence
 
 Se connecter
ACCUEIL
IMMOBILIER PROFESSIONNEL
EVALUER MON BIEN
CHERCHER UNE AGENCE
SE CONNECTER
Accueil
Appartement en location
Appartement Mahdia
Rejiche
Rejiche
S+1 en location
Video
visite 360°
Photos
Plan
Map
 +6
S+1 en loca...","
500",58,Appartement,1,Location,Agence,Rejiche : S+1 en location,https://cdn-media.medialabtc.it/tn/agencies/mdca3/estates/63562/images/366065/detail.jpeg,"[""https://cdn-media.medialabtc.it/tn/agencies/mdca3/estates/63562/images/366065/detail.jpeg"", ""https://cdn-media.medialabtc.it/tn/agencies/mdca3/estates/63562/images/367656/gallery_media.jpeg"", ""https://cdn-media.medialabtc.it/tn/agencies/mdca3/estates/63562/images/366066/gallery_media.jpeg"", ""https://cdn-media.medialabtc.it/tn/agencies/mdca3/estates/63562/images/366084/gallery_media.jpeg"", ""https://cdn-media.medialabtc.it/tn/agencies/mdca3/images/team_member/production/923.jpeg"", ""https://cdn-media.medialabtc.it/tn/agencies/mdca3/images/team_member/production/1320.jpeg"", ""https://cdn-media.medialabtc.it/tn/agencies/mdca3/images/team_member/production/1319.jpeg""]",[],Tecnocasa,Tecnocasa,1,1,1,1,1,1,[],2026-02-15 21:24:08,2026-02-15 21:24:08,2026-02-15 21:24:08,,1,2026-02-15 21:24:08,N/A,N/A
58185,S+2 en location," Immobilier Professionnel
 
 Evaluer mon bien
 
 Chercher une agence
 
 Se connecter
ACCUEIL
IMMOBILIER PROFESSIONNEL
EVALUER MON BIEN
CHERCHER UNE AGENCE
SE CONNECTER
Accueil
Appartement en location
Appartement Mahdia
Mahdia
Cité Erraoudha
S+2 en location
Video
visite 360°
Photos
Plan
Map
 +2
S+2 e...","
750",80,Appartement,1,Location,Agence,Cité Erraoudha : S+2 en location,https://cdn-media.medialabtc.it/tn/agencies/mdca2/estates/58185/images/315468/detail.jpeg,"[""https://cdn-media.medialabtc.it/tn/agencies/mdca2/estates/58185/images/315468/detail.jpeg"", ""https://cdn-media.medialabtc.it/tn/agencies/mdca2/estates/58185/images/315481/gallery_media.jpeg"", ""https://cdn-media.medialabtc.it/tn/agencies/mdca2/estates/58185/images/315480/gallery_media.jpeg"", ""https://cdn-media.medialabtc.it/tn/agencies/mdca2/estates/58185/images/315479/gallery_media.jpeg"", ""https://cdn-media.medialabtc.it/tn/agencies/mdca2/images/team_member/production/809.jpeg""]",[],Tecnocasa,Tecnocasa,1,1,1,1,1,1,[],2026-02-15 21:24:08,2026-02-15 21:24:08,2026-02-15 21:24:08,,1,2026-02-15 21:24:08,N/A,N/A
63778,S+2 en location," Immobilier Professionnel
 
 Evaluer mon bien
 
 Chercher une agence
 
 Se connecter
ACCUEIL
IMMOBILIER PROFESSIONNEL
EVALUER MON BIEN
CHERCHER UNE AGENCE
SE CONNECTER
Accueil
Appartement en location
Appartement Mahdia
Rejiche
Rejiche
S+2 en location
Video
visite 360°
Photos
Plan
Map
 +6
S+2 en loca...","
500",96,Appartement,1,Location,Agence,Rejiche : S+2 en location,https://cdn-media.medialabtc.it/tn/agencies/mdca3/estates/63778/images/368288/detail.jpeg,"[""https://cdn-media.medialabtc.it/tn/agencies/mdca3/estates/63778/images/368288/detail.jpeg"", ""https://cdn-media.medialabtc.it/tn/agencies/mdca3/estates/63778/images/368286/gallery_media.jpeg"", ""https://cdn-media.medialabtc.it/tn/agencies/mdca3/estates/63778/images/368293/gallery_media.jpeg"", ""https://cdn-media.medialabtc.it/tn/agencies/mdca3/estates/63778/images/368283/gallery_media.jpeg"", ""https://cdn-media.medialabtc.it/tn/agencies/mdca3/images/team_member/production/923.jpeg"", ""https://cdn-media.medialabtc.it/tn/agencies/mdca3/images/team_member/production/1320.jpeg"", ""https://cdn-media.medialabtc.it/tn/agencies/mdca3/images/team_member/production/1319.jpeg""]",[],Tecnocasa,Tecnocasa,1,1,1,1,1,1,[],2026-02-15 21:24:08,2026-02-15 21:24:08,2026-02-15 21:24:08,,1,2026-02-15 21:24:08,N/A,N/A
61692,S+3 en location," Immobilier Professionnel
 
 Evaluer mon bien
 
 Chercher une agence
 
 Se connecter
ACCUEIL
IMMOBILIER PROFESSIONNEL
EVALUER MON BIEN
CHERCHER UNE AGENCE
SE CONNECTER
Accueil
Appartement en location
Appartement Mahdia
Mahdia
Hiboun
S+3 en location
Video
visite 360°
Photos
Plan
Map
 +3
S+3 en locati...","
800",140,Appartement,1,Location,Agence,Hiboun : S+3 en location,https://cdn-media.medialabtc.it/tn/agencies/mdca2/estates/61692/images/349647/detail.jpeg,"[""https://cdn-media.medialabtc.it/tn/agencies/mdca2/estates/61692/images/349647/detail.jpeg"", ""https://cdn-media.medialabtc.it/tn/agencies/mdca2/estates/61692/images/349648/gallery_media.jpeg"", ""https://cdn-media.medialabtc.it/tn/agencies/mdca2/estates/61692/images/349650/gallery_media.jpeg"", ""https://cdn-media.medialabtc.it/tn/agencies/mdca2/estates/61692/images/349651/gallery_media.jpeg"", ""https://cdn-media.medialabtc.it/tn/agencies/mdca2/images/team_member/production/809.jpeg""]",[],Tecnocasa,Tecnocasa,1,1,1,1,1,1,[],2026-02-15 21:24:08,2026-02-15 21:24:08,2026-02-15 21:24:08,,1,2026-02-15 21:24:08,N/A,N/A
63621,S+3 en location," Immobilier Professionnel
 
 Evaluer mon bien
 
 Chercher une agence
 
 Se connecter
ACCUEIL
IMMOBILIER PROFESSIONNEL
EVALUER MON BIEN
CHERCHER UNE AGENCE
SE CONNECTER
Accueil
Appartement en location
Appartement Mahdia
Mahdia
Zone Touristique Mahdia
S+3 en location
Video
visite 360°
Photos
Plan
Map
...","
850",120,Appartement,1,Location,Agence,Zone Touristique Mahdia : S+3 en location,https://cdn-media.medialabtc.it/tn/agencies/mdca2/estates/63621/images/367752/detail.jpeg,"[""https://cdn-media.medialabtc.it/tn/agencies/mdca2/estates/63621/images/367752/detail.jpeg"", ""https://cdn-media.medialabtc.it/tn/agencies/mdca2/estates/63621/images/367757/gallery_media.jpeg"", ""https://cdn-media.medialabtc.it/tn/agencies/mdca2/estates/63621/images/367753/gallery_media.jpeg"", ""https://cdn-media.medialabtc.it/tn/agencies/mdca2/estates/63621/images/367755/gallery_media.jpeg"", ""https://cdn-media.medialabtc.it/tn/agencies/mdca2/images/team_member/production/809.jpeg""]",[],Tecnocasa,Tecnocasa,1,1,1,1,1,1,[],2026-02-15 21:24:08,2026-02-15 21:24:08,2026-02-15 21:24:08,,1,2026-02-15 21:24:08,N/A,N/A
62515,S+2 en location," Immobilier Professionnel
 
 Evaluer mon bien
 
 Chercher une agence
 
 Se connecter
ACCUEIL
IMMOBILIER PROFESSIONNEL
EVALUER MON BIEN
CHERCHER UNE AGENCE
SE CONNECTER
Accueil
Appartement en location
Appartement Mahdia
Mahdia
Mahdia Centre-ville
S+2 en location
Video
visite 360°
Photos
Plan
Map
 +12...",1300,80,Appartement,1,Location,Agence,Mahdia Centre-ville : S+2 en location,https://cdn-media.medialabtc.it/tn/agencies/mdca1/estates/62515/images/355504/detail.jpeg,"[""https://cdn-media.medialabtc.it/tn/agencies/mdca1/estates/62515/images/355504/detail.jpeg"", ""https://cdn-media.medialabtc.it/tn/agencies/mdca1/estates/62515/images/355499/gallery_media.jpeg"", ""https://cdn-media.medialabtc.it/tn/agencies/mdca1/estates/62515/images/355497/gallery_media.jpeg"", ""https://cdn-media.medialabtc.it/tn/agencies/mdca1/estates/62515/images/355498/gallery_media.jpeg"", ""https://cdn-media.medialabtc.it/tn/agencies/mdca1/images/team_member/production/794.jpeg"", ""https://cdn-media.medialabtc.it/tn/agencies/mdca1/images/team_member/production/535.jpeg""]",[],Tecnocasa,Tecnocasa,1,1,1,1,1,1,[],2026-02-15 21:24:08,2026-02-15 21:24:08,2026-02-15 21:24:08,,1,2026-02-15 21:24:08,N/A,N/A
62517,S+2 en location," Immobilier Professionnel
 
 Evaluer mon bien
 
 Chercher une agence
 
 Se connecter
ACCUEIL
IMMOBILIER PROFESSIONNEL
EVALUER MON BIEN
CHERCHER UNE AGENCE
SE CONNECTER
Accueil
Appartement en location
Appartement Mahdia
Mahdia
Mahdia Centre-ville
S+2 en location
Video
visite 360°
Photos
Plan
Map
 +5
...",1300,70,Appartement,1,Location,Agence,Mahdia Centre-ville : S+2 en location,https://cdn-media.medialabtc.it/tn/agencies/mdca1/estates/62517/images/355524/detail.jpeg,"[""https://cdn-media.medialabtc.it/tn/agencies/mdca1/estates/62517/images/355524/detail.jpeg"", ""https://cdn-media.medialabtc.it/tn/agencies/mdca1/estates/62517/images/355522/gallery_media.jpeg"", ""https://cdn-media.medialabtc.it/tn/agencies/mdca1/estates/62517/images/355547/gallery_media.jpeg"", ""https://cdn-media.medialabtc.it/tn/agencies/mdca1/estates/62517/images/355523/gallery_media.jpeg"", ""https://cdn-media.medialabtc.it/tn/agencies/mdca1/images/team_member/production/794.jpeg"", ""https://cdn-media.medialabtc.it/tn/agencies/mdca1/images/team_member/production/535.jpeg""]",[],Tecnocasa,Tecnocasa,1,1,1,1,1,1,[],2026-02-15 21:24:08,2026-02-15 21:24:08,2026-02-15 21:24:08,,1,2026-02-15 21:24:08,N/A,N/A
63480,S+2 en location," Immobilier Professionnel
 
 Evaluer mon bien
 
 Chercher une agence
 
 Se connecter
ACCUEIL
IMMOBILIER PROFESSIONNEL
EVALUER MON BIEN
CHERCHER UNE AGENCE
SE CONNECTER
Accueil
Appartement en location
Appartement Mahdia
Mahdia
Cité Erraoudha
S+2 en location
Video
visite 360°
Photos
Plan
Map
 +4
S+2 e...","
600",60,Appartement,1,Location,Agence,Cité Erraoudha : S+2 en location,https://cdn-media.medialabtc.it/tn/agencies/mdca1/estates/63480/images/364577/detail.jpeg,"[""https://cdn-media.medialabtc.it/tn/agencies/mdca1/estates/63480/images/364577/detail.jpeg"", ""https://cdn-media.medialabtc.it/tn/agencies/mdca1/estates/63480/images/364571/gallery_media.jpeg"", ""https://cdn-media.medialabtc.it/tn/agencies/mdca1/estates/63480/images/364575/gallery_media.jpeg"", ""https://cdn-media.medialabtc.it/tn/agencies/mdca1/estates/63480/images/364573/gallery_media.jpeg"", ""https://cdn-media.medialabtc.it/tn/agencies/mdca1/images/team_member/production/794.jpeg"", ""https://cdn-media.medialabtc.it/tn/agencies/mdca1/images/team_member/production/535.jpeg""]",[],Tecnocasa,Tecnocasa,1,1,1,1,1,1,[],2026-02-15 21:24:08,2026-02-15 21:24:08,2026-02-15 21:24:08,,1,2026-02-15 21:24:08,N/A,N/A
63636,Studio en location," Immobilier Professionnel
 
 Evaluer mon bien
 
 Chercher une agence
 
 Se connecter
ACCUEIL
IMMOBILIER PROFESSIONNEL
EVALUER MON BIEN
CHERCHER UNE AGENCE
SE CONNECTER
Accueil
Appartement en location
Appartement Mahdia
Rejiche
Rejiche
Studio en location
Video
visite 360°
Photos
Plan
Map
 +4
Studio e...","
350",50,Appartement,1,Location,Agence,Rejiche : Studio en location,https://cdn-media.medialabtc.it/tn/agencies/mdca3/estates/63636/images/367592/detail.jpeg,"[""https://cdn-media.medialabtc.it/tn/agencies/mdca3/estates/63636/images/367592/detail.jpeg"", ""https://cdn-media.medialabtc.it/tn/agencies/mdca3/estates/63636/images/367606/gallery_media.jpeg"", ""https://cdn-media.medialabtc.it/tn/agencies/mdca3/estates/63636/images/367596/gallery_media.jpeg"", ""https://cdn-media.medialabtc.it/tn/agencies/mdca3/estates/63636/images/367594/gallery_media.jpeg"", ""https://cdn-media.medialabtc.it/tn/agencies/mdca3/images/team_member/production/923.jpeg"", ""https://cdn-media.medialabtc.it/tn/agencies/mdca3/images/team_member/production/1320.jpeg"", ""https://cdn-media.medialabtc.it/tn/agencies/mdca3/images/team_member/production/1319.jpeg""]",[],Tecnocasa,Tecnocasa,1,1,1,1,1,1,[],2026-02-15 21:24:08,2026-02-15 21:24:08,2026-02-15 21:24:08,,1,2026-02-15 21:24:08,N/A,N/A
63282,S+2 en location," Immobilier Professionnel
 
 Evaluer mon bien
 
 Chercher une agence
 
 Se connecter
ACCUEIL
IMMOBILIER PROFESSIONNEL
EVALUER MON BIEN
CHERCHER UNE AGENCE
SE CONNECTER
Accueil
Appartement en location
Appartement Mahdia
Mahdia
Mahdia Centre-ville
S+2 en location
Video
visite 360°
Photos
Plan
Map
 +1
...","
600",80,Appartement,1,Location,Agence,Mahdia Centre-ville : S+2 en location,https://cdn-media.medialabtc.it/tn/agencies/mdca1/estates/63282/images/362853/detail.jpeg,"[""https://cdn-media.medialabtc.it/tn/agencies/mdca1/estates/63282/images/362853/detail.jpeg"", ""https://cdn-media.medialabtc.it/tn/agencies/mdca1/estates/63282/images/362851/gallery_media.jpeg"", ""https://cdn-media.medialabtc.it/tn/agencies/mdca1/estates/63282/images/362852/gallery_media.jpeg"", ""https://cdn-media.medialabtc.it/tn/agencies/mdca1/estates/63282/images/362850/gallery_media.jpeg"", ""https://cdn-media.medialabtc.it/tn/agencies/mdca1/images/team_member/production/794.jpeg"", ""https://cdn-media.medialabtc.it/tn/agencies/mdca1/images/team_member/production/535.jpeg""]",[],Tecnocasa,Tecnocasa,1,1,1,1,1,1,[],2026-02-15 21:24:08,2026-02-15 21:24:08,2026-02-15 21:24:08,,1,2026-02-15 21:24:08,N/A,N/A
63559,S+2 en location," Immobilier Professionnel
 
 Evaluer mon bien
 
 Chercher une agence
 
 Se connecter
ACCUEIL
IMMOBILIER PROFESSIONNEL
EVALUER MON BIEN
CHERCHER UNE AGENCE
SE CONNECTER
Accueil
Appartement en location
Appartement Mahdia
Mahdia
Cité Erraoudha
S+2 en location
Video
visite 360°
Photos
Plan
Map
 +3
S+2 e...","
450",70,Appartement,1,Location,Agence,Cité Erraoudha : S+2 en location,https://cdn-media.medialabtc.it/tn/agencies/mdca1/estates/63559/images/365935/detail.jpeg,"[""https://cdn-media.medialabtc.it/tn/agencies/mdca1/estates/63559/images/365935/detail.jpeg"", ""https://cdn-media.medialabtc.it/tn/agencies/mdca1/estates/63559/images/365936/gallery_media.jpeg"", ""https://cdn-media.medialabtc.it/tn/agencies/mdca1/estates/63559/images/365911/gallery_media.jpeg"", ""https://cdn-media.medialabtc.it/tn/agencies/mdca1/estates/63559/images/365909/gallery_media.jpeg"", ""https://cdn-media.medialabtc.it/tn/agencies/mdca1/images/team_member/production/794.jpeg"", ""https://cdn-media.medialabtc.it/tn/agencies/mdca1/images/team_member/production/535.jpeg""]",[],Tecnocasa,Tecnocasa,1,1,1,1,1,1,[],2026-02-15 21:24:08,2026-02-15 21:24:08,2026-02-15 21:24:08,,1,2026-02-15 21:24:08,N/A,N/A
62422,S+1 en location," Immobilier Professionnel
 
 Evaluer mon bien
 
 Chercher une agence
 
 Se connecter
ACCUEIL
IMMOBILIER PROFESSIONNEL
EVALUER MON BIEN
CHERCHER UNE AGENCE
SE CONNECTER
Accueil
Appartement en location
Appartement Mahdia
Mahdia
Zone Touristique Mahdia
S+1 en location
Video
visite 360°
Photos
Plan
Map
...","
600",60,Appartement,1,Location,Agence,Zone Touristique Mahdia : S+1 en location,https://cdn-media.medialabtc.it/tn/agencies/mdca2/estates/62422/images/357673/detail.jpeg,"[""https://cdn-media.medialabtc.it/tn/agencies/mdca2/estates/62422/images/357673/detail.jpeg"", ""https://cdn-media.medialabtc.it/tn/agencies/mdca2/estates/62422/images/357671/gallery_media.jpeg"", ""https://cdn-media.medialabtc.it/tn/agencies/mdca2/estates/62422/images/357607/gallery_media.jpeg"", ""https://www.tecnocasa.tn/img/estate-placeholder.jpg"", ""https://cdn-media.medialabtc.it/tn/agencies/mdca2/images/team_member/production/809.jpeg""]",[],Tecnocasa,Tecnocasa,1,1,1,1,1,1,[],2026-02-15 21:24:08,2026-02-15 21:24:08,2026-02-15 21:24:08,,1,2026-02-15 21:24:08,N/A,N/A
63436,S+2 en location," Immobilier Professionnel
 
 Evaluer mon bien
 
 Chercher une agence
 
 Se connecter
ACCUEIL
IMMOBILIER PROFESSIONNEL
EVALUER MON BIEN
CHERCHER UNE AGENCE
SE CONNECTER
Accueil
Appartement en location
Appartement Mahdia
Mahdia
Cité Erraoudha
S+2 en location
Video
visite 360°
Photos
Plan
Map
 +5
S+2 e...","
650",97,Appartement,1,Location,Agence,Cité Erraoudha : S+2 en location,https://cdn-media.medialabtc.it/tn/agencies/mdca1/estates/63436/images/364220/detail.jpeg,"[""https://cdn-media.medialabtc.it/tn/agencies/mdca1/estates/63436/images/364220/detail.jpeg"", ""https://cdn-media.medialabtc.it/tn/agencies/mdca1/estates/63436/images/364245/gallery_media.jpeg"", ""https://cdn-media.medialabtc.it/tn/agencies/mdca1/estates/63436/images/364248/gallery_media.jpeg"", ""https://cdn-media.medialabtc.it/tn/agencies/mdca1/estates/63436/images/364244/gallery_media.jpeg"", ""https://cdn-media.medialabtc.it/tn/agencies/mdca1/images/team_member/production/794.jpeg"", ""https://cdn-media.medialabtc.it/tn/agencies/mdca1/images/team_member/production/535.jpeg""]",[],Tecnocasa,Tecnocasa,1,1,1,1,1,1,[],2026-02-15 21:24:08,2026-02-15 21:24:08,2026-02-15 21:24:08,,1,2026-02-15 21:24:08,N/A,N/A
63556,S+2 en location," Immobilier Professionnel
 
 Evaluer mon bien
 
 Chercher une agence
 
 Se connecter
ACCUEIL
IMMOBILIER PROFESSIONNEL
EVALUER MON BIEN
CHERCHER UNE AGENCE
SE CONNECTER
Accueil
Appartement en location
Appartement Mahdia
Mahdia
Hiboun
S+2 en location
Video
visite 360°
Photos
Plan
Map
 +5
S+2 en locati...","
680",70,Appartement,1,Location,Agence,Hiboun : S+2 en location,https://cdn-media.medialabtc.it/tn/agencies/mdca1/estates/63556/images/365930/detail.jpeg,"[""https://cdn-media.medialabtc.it/tn/agencies/mdca1/estates/63556/images/365930/detail.jpeg"", ""https://cdn-media.medialabtc.it/tn/agencies/mdca1/estates/63556/images/365932/gallery_media.jpeg"", ""https://cdn-media.medialabtc.it/tn/agencies/mdca1/estates/63556/images/365933/gallery_media.jpeg"", ""https://cdn-media.medialabtc.it/tn/agencies/mdca1/estates/63556/images/365906/gallery_media.jpeg"", ""https://cdn-media.medialabtc.it/tn/agencies/mdca1/images/team_member/production/794.jpeg"", ""https://cdn-media.medialabtc.it/tn/agencies/mdca1/images/team_member/production/535.jpeg""]",[],Tecnocasa,Tecnocasa,1,1,1,1,1,1,[],2026-02-15 21:24:08,2026-02-15 21:24:08,2026-02-15 21:24:08,,1,2026-02-15 21:24:08,N/A,N/A
62293,S+2 en location," Immobilier Professionnel
 
 Evaluer mon bien
 
 Chercher une agence
 
 Se connecter
ACCUEIL
IMMOBILIER PROFESSIONNEL
EVALUER MON BIEN
CHERCHER UNE AGENCE
SE CONNECTER
Accueil
Appartement en location
Appartement Mahdia
Baghdedi
Baghdedi
S+2 en location
Video
visite 360°
Photos
Plan
Map
 +3
S+2 en lo...","
450",85,Appartement,1,Location,Agence,Baghdedi : S+2 en location,https://cdn-media.medialabtc.it/tn/agencies/moca9/estates/62293/images/360719/detail.jpeg,"[""https://cdn-media.medialabtc.it/tn/agencies/moca9/estates/62293/images/360719/detail.jpeg"", ""https://cdn-media.medialabtc.it/tn/agencies/moca9/estates/62293/images/360715/gallery_media.jpeg"", ""https://cdn-media.medialabtc.it/tn/agencies/moca9/estates/62293/images/360720/gallery_media.jpeg"", ""https://cdn-media.medialabtc.it/tn/agencies/moca9/estates/62293/images/360721/gallery_media.jpeg"", ""https://cdn-media.medialabtc.it/tn/agencies/moca9/images/team_member/production/1402.jpeg"", ""https://cdn-media.medialabtc.it/tn/agencies/moca9/images/team_member/production/1512.jpeg""]",[],Tecnocasa,Tecnocasa,1,1,1,1,1,1,[],2026-02-15 21:24:08,2026-02-15 21:24:08,2026-02-15 21:24:08,,2,2026-02-15 21:24:08,N/A,N/A
60236,S+2 en location," Immobilier Professionnel
 
 Evaluer mon bien
 
 Chercher une agence
 
 Se connecter
ACCUEIL
IMMOBILIER PROFESSIONNEL
EVALUER MON BIEN
CHERCHER UNE AGENCE
SE CONNECTER
Accueil
Appartement en location
Appartement Mahdia
Rejiche
Rejiche
S+2 en location
Video
visite 360°
Photos
Plan
Map
 +6
S+2 en loca...","
500",180,Appartement,1,Location,Agence,Rejiche : S+2 en location,https://cdn-media.medialabtc.it/tn/agencies/mdca3/estates/60236/images/335674/detail.jpeg,"[""https://cdn-media.medialabtc.it/tn/agencies/mdca3/estates/60236/images/335674/detail.jpeg"", ""https://cdn-media.medialabtc.it/tn/agencies/mdca3/estates/60236/images/335667/gallery_media.jpeg"", ""https://cdn-media.medialabtc.it/tn/agencies/mdca3/estates/60236/images/335671/gallery_media.jpeg"", ""https://cdn-media.medialabtc.it/tn/agencies/mdca3/estates/60236/images/335665/gallery_media.jpeg"", ""https://cdn-media.medialabtc.it/tn/agencies/mdca3/images/team_member/production/923.jpeg"", ""https://cdn-media.medialabtc.it/tn/agencies/mdca3/images/team_member/production/1320.jpeg"", ""https://cdn-media.medialabtc.it/tn/agencies/mdca3/images/team_member/production/1319.jpeg""]",[],Tecnocasa,Tecnocasa,1,1,1,1,1,1,[],2026-02-15 21:24:08,2026-02-15 21:24:08,2026-02-15 21:24:08,,2,2026-02-15 21:24:08,N/A,N/A
53564,S+1 en location," Immobilier Professionnel
 
 Evaluer mon bien
 
 Chercher une agence
 
 Se connecter
ACCUEIL
IMMOBILIER PROFESSIONNEL
EVALUER MON BIEN
CHERCHER UNE AGENCE
SE CONNECTER
Accueil
Appartement en location
Appartement Mahdia
Baghdedi
Baghdedi
S+1 en location
Video
visite 360°
Photos
Plan
Map
 +2
S+1 en lo...",N/A,64,Appartement,1,Location,Agence,Baghdedi : S+1 en location,https://cdn-media.medialabtc.it/tn/agencies/moca9/estates/53564/images/286311/detail.jpeg,"[""https://cdn-media.medialabtc.it/tn/agencies/moca9/estates/53564/images/286311/detail.jpeg"", ""https://cdn-media.medialabtc.it/tn/agencies/moca9/estates/53564/images/286307/gallery_media.jpeg"", ""https://cdn-media.medialabtc.it/tn/agencies/moca9/estates/53564/images/286306/gallery_media.jpeg"", ""https://cdn-media.medialabtc.it/tn/agencies/moca9/estates/53564/images/286309/gallery_media.jpeg"", ""https://cdn-media.medialabtc.it/tn/agencies/moca9/images/team_member/production/1402.jpeg"", ""https://cdn-media.medialabtc.it/tn/agencies/moca9/images/team_member/production/1512.jpeg""]",[],Tecnocasa,Tecnocasa,1,1,1,1,1,1,[],2026-02-15 21:24:08,2026-02-15 21:24:08,2026-02-15 21:24:08,,2,2026-02-15 21:24:08,N/A,N/A
63376,S+2 en location," Immobilier Professionnel
 
 Evaluer mon bien
 
 Chercher une agence
 
 Se connecter
ACCUEIL
IMMOBILIER PROFESSIONNEL
EVALUER MON BIEN
CHERCHER UNE AGENCE
SE CONNECTER
Accueil
Appartement en location
Appartement Mahdia
Ksour Essef
Ksour Essef
S+2 en location
Video
visite 360°
Photos
Plan
Map
 +1
S+2...","
350",80,Appartement,1,Location,Agence,Ksour Essef : S+2 en location,https://cdn-media.medialabtc.it/tn/agencies/mdca4/estates/63376/images/363931/detail.jpeg,"[""https://cdn-media.medialabtc.it/tn/agencies/mdca4/estates/63376/images/363931/detail.jpeg"", ""https://cdn-media.medialabtc.it/tn/agencies/mdca4/estates/63376/images/363927/gallery_media.jpeg"", ""https://cdn-media.medialabtc.it/tn/agencies/mdca4/estates/63376/images/363928/gallery_media.jpeg"", ""https://cdn-media.medialabtc.it/tn/agencies/mdca4/estates/63376/images/363929/gallery_media.jpeg""]",[],Tecnocasa,Tecnocasa,1,1,1,1,1,1,[],2026-02-15 21:24:08,2026-02-15 21:24:08,2026-02-15 21:24:08,,2,2026-02-15 21:24:08,N/A,N/A
61579,S+2 en location," Immobilier Professionnel
 
 Evaluer mon bien
 
 Chercher une agence
 
 Se connecter
ACCUEIL
IMMOBILIER PROFESSIONNEL
EVALUER MON BIEN
CHERCHER UNE AGENCE
SE CONNECTER
Accueil
Appartement en location
Appartement Mahdia
Ksour Essef
Ksour Essef
S+2 en location
Video
visite 360°
Photos
Plan
Map
 +4
S+2...","
400",120,Appartement,1,Location,Agence,Ksour Essef : S+2 en location,https://cdn-media.medialabtc.it/tn/agencies/mdca4/estates/61579/images/348299/detail.jpeg,"[""https://cdn-media.medialabtc.it/tn/agencies/mdca4/estates/61579/images/348299/detail.jpeg"", ""https://cdn-media.medialabtc.it/tn/agencies/mdca4/estates/61579/images/348300/gallery_media.jpeg"", ""https://cdn-media.medialabtc.it/tn/agencies/mdca4/estates/61579/images/348291/gallery_media.jpeg"", ""https://cdn-media.medialabtc.it/tn/agencies/mdca4/estates/61579/images/348296/gallery_media.jpeg""]",[],Tecnocasa,Tecnocasa,1,1,1,1,1,1,[],2026-02-15 21:24:08,2026-02-15 21:24:08,2026-02-15 21:24:08,,2,2026-02-15 21:24:08,N/A,N/A
62293,S+2 en location," Immobilier Professionnel
 
 Evaluer mon bien
 
 Chercher une agence
 
 Se connecter
ACCUEIL
IMMOBILIER PROFESSIONNEL
EVALUER MON BIEN
CHERCHER UNE AGENCE
SE CONNECTER
Accueil
Appartement en location
Appartement Mahdia
Baghdedi
Baghdedi
S+2 en location
Video
visite 360°
Photos
Plan
Map
 +3
S+2 en lo...","
450",85,Appartement,1,Location,Agence,Baghdedi : S+2 en location,https://cdn-media.medialabtc.it/tn/agencies/moca9/estates/62293/images/360719/detail.jpeg,"[""https://cdn-media.medialabtc.it/tn/agencies/moca9/estates/62293/images/360719/detail.jpeg"", ""https://cdn-media.medialabtc.it/tn/agencies/moca9/estates/62293/images/360715/gallery_media.jpeg"", ""https://cdn-media.medialabtc.it/tn/agencies/moca9/estates/62293/images/360720/gallery_media.jpeg"", ""https://cdn-media.medialabtc.it/tn/agencies/moca9/estates/62293/images/360721/gallery_media.jpeg"", ""https://cdn-media.medialabtc.it/tn/agencies/moca9/images/team_member/production/1402.jpeg"", ""https://cdn-media.medialabtc.it/tn/agencies/moca9/images/team_member/production/1512.jpeg""]",[],Tecnocasa,Tecnocasa,1,1,1,1,1,1,[],2026-02-15 21:24:08,2026-02-15 21:24:08,2026-02-15 21:24:08,,3,2026-02-15 21:24:08,N/A,N/A
60236,S+2 en location," Immobilier Professionnel
 
 Evaluer mon bien
 
 Chercher une agence
 
 Se connecter
ACCUEIL
IMMOBILIER PROFESSIONNEL
EVALUER MON BIEN
CHERCHER UNE AGENCE
SE CONNECTER
Accueil
Appartement en location
Appartement Mahdia
Rejiche
Rejiche
S+2 en location
Video
visite 360°
Photos
Plan
Map
 +6
S+2 en loca...","
500",180,Appartement,1,Location,Agence,Rejiche : S+2 en location,https://cdn-media.medialabtc.it/tn/agencies/mdca3/estates/60236/images/335674/detail.jpeg,"[""https://cdn-media.medialabtc.it/tn/agencies/mdca3/estates/60236/images/335674/detail.jpeg"", ""https://cdn-media.medialabtc.it/tn/agencies/mdca3/estates/60236/images/335667/gallery_media.jpeg"", ""https://cdn-media.medialabtc.it/tn/agencies/mdca3/estates/60236/images/335671/gallery_media.jpeg"", ""https://cdn-media.medialabtc.it/tn/agencies/mdca3/estates/60236/images/335665/gallery_media.jpeg"", ""https://cdn-media.medialabtc.it/tn/agencies/mdca3/images/team_member/production/923.jpeg"", ""https://cdn-media.medialabtc.it/tn/agencies/mdca3/images/team_member/production/1320.jpeg"", ""https://cdn-media.medialabtc.it/tn/agencies/mdca3/images/team_member/production/1319.jpeg""]",[],Tecnocasa,Tecnocasa,1,1,1,1,1,1,[],2026-02-15 21:24:08,2026-02-15 21:24:08,2026-02-15 21:24:08,,3,2026-02-15 21:24:08,N/A,N/A
53564,S+1 en location," Immobilier Professionnel
 
 Evaluer mon bien
 
 Chercher une agence
 
 Se connecter
ACCUEIL
IMMOBILIER PROFESSIONNEL
EVALUER MON BIEN
CHERCHER UNE AGENCE
SE CONNECTER
Accueil
Appartement en location
Appartement Mahdia
Baghdedi
Baghdedi
S+1 en location
Video
visite 360°
Photos
Plan
Map
 +2
S+1 en lo...",N/A,64,Appartement,1,Location,Agence,Baghdedi : S+1 en location,https://cdn-media.medialabtc.it/tn/agencies/moca9/estates/53564/images/286311/detail.jpeg,"[""https://cdn-media.medialabtc.it/tn/agencies/moca9/estates/53564/images/286311/detail.jpeg"", ""https://cdn-media.medialabtc.it/tn/agencies/moca9/estates/53564/images/286307/gallery_media.jpeg"", ""https://cdn-media.medialabtc.it/tn/agencies/moca9/estates/53564/images/286306/gallery_media.jpeg"", ""https://cdn-media.medialabtc.it/tn/agencies/moca9/estates/53564/images/286309/gallery_media.jpeg"", ""https://cdn-media.medialabtc.it/tn/agencies/moca9/images/team_member/production/1402.jpeg"", ""https://cdn-media.medialabtc.it/tn/agencies/moca9/images/team_member/production/1512.jpeg""]",[],Tecnocasa,Tecnocasa,1,1,1,1,1,1,[],2026-02-15 21:24:08,2026-02-15 21:24:08,2026-02-15 21:24:08,,3,2026-02-15 21:24:08,N/A,N/A
63376,S+2 en location," Immobilier Professionnel
 
 Evaluer mon bien
 
 Chercher une agence
 
 Se connecter
ACCUEIL
IMMOBILIER PROFESSIONNEL
EVALUER MON BIEN
CHERCHER UNE AGENCE
SE CONNECTER
Accueil
Appartement en location
Appartement Mahdia
Ksour Essef
Ksour Essef
S+2 en location
Video
visite 360°
Photos
Plan
Map
 +1
S+2...","
350",80,Appartement,1,Location,Agence,Ksour Essef : S+2 en location,https://cdn-media.medialabtc.it/tn/agencies/mdca4/estates/63376/images/363931/detail.jpeg,"[""https://cdn-media.medialabtc.it/tn/agencies/mdca4/estates/63376/images/363931/detail.jpeg"", ""https://cdn-media.medialabtc.it/tn/agencies/mdca4/estates/63376/images/363927/gallery_media.jpeg"", ""https://cdn-media.medialabtc.it/tn/agencies/mdca4/estates/63376/images/363928/gallery_media.jpeg"", ""https://cdn-media.medialabtc.it/tn/agencies/mdca4/estates/63376/images/363929/gallery_media.jpeg""]",[],Tecnocasa,Tecnocasa,1,1,1,1,1,1,[],2026-02-15 21:24:08,2026-02-15 21:24:08,2026-02-15 21:24:08,,3,2026-02-15 21:24:08,N/A,N/A
61579,S+2 en location," Immobilier Professionnel
 
 Evaluer mon bien
 
 Chercher une agence
 
 Se connecter
ACCUEIL
IMMOBILIER PROFESSIONNEL
EVALUER MON BIEN
CHERCHER UNE AGENCE
SE CONNECTER
Accueil
Appartement en location
Appartement Mahdia
Ksour Essef
Ksour Essef
S+2 en location
Video
visite 360°
Photos
Plan
Map
 +4
S+2...","
400",120,Appartement,1,Location,Agence,Ksour Essef : S+2 en location,https://cdn-media.medialabtc.it/tn/agencies/mdca4/estates/61579/images/348299/detail.jpeg,"[""https://cdn-media.medialabtc.it/tn/agencies/mdca4/estates/61579/images/348299/detail.jpeg"", ""https://cdn-media.medialabtc.it/tn/agencies/mdca4/estates/61579/images/348300/gallery_media.jpeg"", ""https://cdn-media.medialabtc.it/tn/agencies/mdca4/estates/61579/images/348291/gallery_media.jpeg"", ""https://cdn-media.medialabtc.it/tn/agencies/mdca4/estates/61579/images/348296/gallery_media.jpeg""]",[],Tecnocasa,Tecnocasa,1,1,1,1,1,1,[],2026-02-15 21:24:08,2026-02-15 21:24:08,2026-02-15 21:24:08,,3,2026-02-15 21:24:08,N/A,N/A
62293,S+2 en location," Immobilier Professionnel
 
 Evaluer mon bien
 
 Chercher une agence
 
 Se connecter
ACCUEIL
IMMOBILIER PROFESSIONNEL
EVALUER MON BIEN
CHERCHER UNE AGENCE
SE CONNECTER
Accueil
Appartement en location
Appartement Mahdia
Baghdedi
Baghdedi
S+2 en location
Video
visite 360°
Photos
Plan
Map
 +3
S+2 en lo...","
450",85,Appartement,1,Location,Agence,Baghdedi : S+2 en location,https://cdn-media.medialabtc.it/tn/agencies/moca9/estates/62293/images/360719/detail.jpeg,"[""https://cdn-media.medialabtc.it/tn/agencies/moca9/estates/62293/images/360719/detail.jpeg"", ""https://cdn-media.medialabtc.it/tn/agencies/moca9/estates/62293/images/360715/gallery_media.jpeg"", ""https://cdn-media.medialabtc.it/tn/agencies/moca9/estates/62293/images/360720/gallery_media.jpeg"", ""https://cdn-media.medialabtc.it/tn/agencies/moca9/estates/62293/images/360721/gallery_media.jpeg"", ""https://cdn-media.medialabtc.it/tn/agencies/moca9/images/team_member/production/1402.jpeg"", ""https://cdn-media.medialabtc.it/tn/agencies/moca9/images/team_member/production/1512.jpeg""]",[],Tecnocasa,Tecnocasa,1,1,1,1,1,1,[],2026-02-15 21:24:08,2026-02-15 21:24:08,2026-02-15 21:24:08,,4,2026-02-15 21:24:08,N/A,N/A
60236,S+2 en location," Immobilier Professionnel
 
 Evaluer mon bien
 
 Chercher une agence
 
 Se connecter
ACCUEIL
IMMOBILIER PROFESSIONNEL
EVALUER MON BIEN
CHERCHER UNE AGENCE
SE CONNECTER
Accueil
Appartement en location
Appartement Mahdia
Rejiche
Rejiche
S+2 en location
Video
visite 360°
Photos
Plan
Map
 +6
S+2 en loca...","
500",180,Appartement,1,Location,Agence,Rejiche : S+2 en location,https://cdn-media.medialabtc.it/tn/agencies/mdca3/estates/60236/images/335674/detail.jpeg,"[""https://cdn-media.medialabtc.it/tn/agencies/mdca3/estates/60236/images/335674/detail.jpeg"", ""https://cdn-media.medialabtc.it/tn/agencies/mdca3/estates/60236/images/335667/gallery_media.jpeg"", ""https://cdn-media.medialabtc.it/tn/agencies/mdca3/estates/60236/images/335671/gallery_media.jpeg"", ""https://cdn-media.medialabtc.it/tn/agencies/mdca3/estates/60236/images/335665/gallery_media.jpeg"", ""https://cdn-media.medialabtc.it/tn/agencies/mdca3/images/team_member/production/923.jpeg"", ""https://cdn-media.medialabtc.it/tn/agencies/mdca3/images/team_member/production/1320.jpeg"", ""https://cdn-media.medialabtc.it/tn/agencies/mdca3/images/team_member/production/1319.jpeg""]",[],Tecnocasa,Tecnocasa,1,1,1,1,1,1,[],2026-02-15 21:24:08,2026-02-15 21:24:08,2026-02-15 21:24:08,,4,2026-02-15 21:24:08,N/A,N/A
53564,S+1 en location," Immobilier Professionnel
 
 Evaluer mon bien
 
 Chercher une agence
 
 Se connecter
ACCUEIL
IMMOBILIER PROFESSIONNEL
EVALUER MON BIEN
CHERCHER UNE AGENCE
SE CONNECTER
Accueil
Appartement en location
Appartement Mahdia
Baghdedi
Baghdedi
S+1 en location
Video
visite 360°
Photos
Plan
Map
 +2
S+1 en lo...",N/A,64,Appartement,1,Location,Agence,Baghdedi : S+1 en location,https://cdn-media.medialabtc.it/tn/agencies/moca9/estates/53564/images/286311/detail.jpeg,"[""https://cdn-media.medialabtc.it/tn/agencies/moca9/estates/53564/images/286311/detail.jpeg"", ""https://cdn-media.medialabtc.it/tn/agencies/moca9/estates/53564/images/286307/gallery_media.jpeg"", ""https://cdn-media.medialabtc.it/tn/agencies/moca9/estates/53564/images/286306/gallery_media.jpeg"", ""https://cdn-media.medialabtc.it/tn/agencies/moca9/estates/53564/images/286309/gallery_media.jpeg"", ""https://cdn-media.medialabtc.it/tn/agencies/moca9/images/team_member/production/1402.jpeg"", ""https://cdn-media.medialabtc.it/tn/agencies/moca9/images/team_member/production/1512.jpeg""]",[],Tecnocasa,Tecnocasa,1,1,1,1,1,1,[],2026-02-15 21:24:08,2026-02-15 21:24:08,2026-02-15 21:24:08,,4,2026-02-15 21:24:08,N/A,N/A
63376,S+2 en location," Immobilier Professionnel
 
 Evaluer mon bien
 
 Chercher une agence
 
 Se connecter
ACCUEIL
IMMOBILIER PROFESSIONNEL
EVALUER MON BIEN
CHERCHER UNE AGENCE
SE CONNECTER
Accueil
Appartement en location
Appartement Mahdia
Ksour Essef
Ksour Essef
S+2 en location
Video
visite 360°
Photos
Plan
Map
 +1
S+2...","
350",80,Appartement,1,Location,Agence,Ksour Essef : S+2 en location,https://cdn-media.medialabtc.it/tn/agencies/mdca4/estates/63376/images/363931/detail.jpeg,"[""https://cdn-media.medialabtc.it/tn/agencies/mdca4/estates/63376/images/363931/detail.jpeg"", ""https://cdn-media.medialabtc.it/tn/agencies/mdca4/estates/63376/images/363927/gallery_media.jpeg"", ""https://cdn-media.medialabtc.it/tn/agencies/mdca4/estates/63376/images/363928/gallery_media.jpeg"", ""https://cdn-media.medialabtc.it/tn/agencies/mdca4/estates/63376/images/363929/gallery_media.jpeg""]",[],Tecnocasa,Tecnocasa,1,1,1,1,1,1,[],2026-02-15 21:24:08,2026-02-15 21:24:08,2026-02-15 21:24:08,,4,2026-02-15 21:24:08,N/A,N/A
61579,S+2 en location," Immobilier Professionnel
 
 Evaluer mon bien
 
 Chercher une agence
 
 Se connecter
ACCUEIL
IMMOBILIER PROFESSIONNEL
EVALUER MON BIEN
CHERCHER UNE AGENCE
SE CONNECTER
Accueil
Appartement en location
Appartement Mahdia
Ksour Essef
Ksour Essef
S+2 en location
Video
visite 360°
Photos
Plan
Map
 +4
S+2...","
400",120,Appartement,1,Location,Agence,Ksour Essef : S+2 en location,https://cdn-media.medialabtc.it/tn/agencies/mdca4/estates/61579/images/348299/detail.jpeg,"[""https://cdn-media.medialabtc.it/tn/agencies/mdca4/estates/61579/images/348299/detail.jpeg"", ""https://cdn-media.medialabtc.it/tn/agencies/mdca4/estates/61579/images/348300/gallery_media.jpeg"", ""https://cdn-media.medialabtc.it/tn/agencies/mdca4/estates/61579/images/348291/gallery_media.jpeg"", ""https://cdn-media.medialabtc.it/tn/agencies/mdca4/estates/61579/images/348296/gallery_media.jpeg""]",[],Tecnocasa,Tecnocasa,1,1,1,1,1,1,[],2026-02-15 21:24:08,2026-02-15 21:24:08,2026-02-15 21:24:08,,4,2026-02-15 21:24:08,N/A,N/A
62293,S+2 en location," Immobilier Professionnel
 
 Evaluer mon bien
 
 Chercher une agence
 
 Se connecter
ACCUEIL
IMMOBILIER PROFESSIONNEL
EVALUER MON BIEN
CHERCHER UNE AGENCE
SE CONNECTER
Accueil
Appartement en location
Appartement Mahdia
Baghdedi
Baghdedi
S+2 en location
Video
visite 360°
Photos
Plan
Map
 +3
S+2 en lo...","
450",85,Appartement,1,Location,Agence,Baghdedi : S+2 en location,https://cdn-media.medialabtc.it/tn/agencies/moca9/estates/62293/images/360719/detail.jpeg,"[""https://cdn-media.medialabtc.it/tn/agencies/moca9/estates/62293/images/360719/detail.jpeg"", ""https://cdn-media.medialabtc.it/tn/agencies/moca9/estates/62293/images/360715/gallery_media.jpeg"", ""https://cdn-media.medialabtc.it/tn/agencies/moca9/estates/62293/images/360720/gallery_media.jpeg"", ""https://cdn-media.medialabtc.it/tn/agencies/moca9/estates/62293/images/360721/gallery_media.jpeg"", ""https://cdn-media.medialabtc.it/tn/agencies/moca9/images/team_member/production/1402.jpeg"", ""https://cdn-media.medialabtc.it/tn/agencies/moca9/images/team_member/production/1512.jpeg""]",[],Tecnocasa,Tecnocasa,1,1,1,1,1,1,[],2026-02-15 21:24:08,2026-02-15 21:24:08,2026-02-15 21:24:08,,5,2026-02-15 21:24:08,N/A,N/A
60236,S+2 en location," Immobilier Professionnel
 
 Evaluer mon bien
 
 Chercher une agence
 
 Se connecter
ACCUEIL
IMMOBILIER PROFESSIONNEL
EVALUER MON BIEN
CHERCHER UNE AGENCE
SE CONNECTER
Accueil
Appartement en location
Appartement Mahdia
Rejiche
Rejiche
S+2 en location
Video
visite 360°
Photos
Plan
Map
 +6
S+2 en loca...","
500",180,Appartement,1,Location,Agence,Rejiche : S+2 en location,https://cdn-media.medialabtc.it/tn/agencies/mdca3/estates/60236/images/335674/detail.jpeg,"[""https://cdn-media.medialabtc.it/tn/agencies/mdca3/estates/60236/images/335674/detail.jpeg"", ""https://cdn-media.medialabtc.it/tn/agencies/mdca3/estates/60236/images/335667/gallery_media.jpeg"", ""https://cdn-media.medialabtc.it/tn/agencies/mdca3/estates/60236/images/335671/gallery_media.jpeg"", ""https://cdn-media.medialabtc.it/tn/agencies/mdca3/estates/60236/images/335665/gallery_media.jpeg"", ""https://cdn-media.medialabtc.it/tn/agencies/mdca3/images/team_member/production/923.jpeg"", ""https://cdn-media.medialabtc.it/tn/agencies/mdca3/images/team_member/production/1320.jpeg"", ""https://cdn-media.medialabtc.it/tn/agencies/mdca3/images/team_member/production/1319.jpeg""]",[],Tecnocasa,Tecnocasa,1,1,1,1,1,1,[],2026-02-15 21:24:08,2026-02-15 21:24:08,2026-02-15 21:24:08,,5,2026-02-15 21:24:08,N/A,N/A
53564,S+1 en location," Immobilier Professionnel
 
 Evaluer mon bien
 
 Chercher une agence
 
 Se connecter
ACCUEIL
IMMOBILIER PROFESSIONNEL
EVALUER MON BIEN
CHERCHER UNE AGENCE
SE CONNECTER
Accueil
Appartement en location
Appartement Mahdia
Baghdedi
Baghdedi
S+1 en location
Video
visite 360°
Photos
Plan
Map
 +2
S+1 en lo...",N/A,64,Appartement,1,Location,Agence,Baghdedi : S+1 en location,https://cdn-media.medialabtc.it/tn/agencies/moca9/estates/53564/images/286311/detail.jpeg,"[""https://cdn-media.medialabtc.it/tn/agencies/moca9/estates/53564/images/286311/detail.jpeg"", ""https://cdn-media.medialabtc.it/tn/agencies/moca9/estates/53564/images/286307/gallery_media.jpeg"", ""https://cdn-media.medialabtc.it/tn/agencies/moca9/estates/53564/images/286306/gallery_media.jpeg"", ""https://cdn-media.medialabtc.it/tn/agencies/moca9/estates/53564/images/286309/gallery_media.jpeg"", ""https://cdn-media.medialabtc.it/tn/agencies/moca9/images/team_member/production/1402.jpeg"", ""https://cdn-media.medialabtc.it/tn/agencies/moca9/images/team_member/production/1512.jpeg""]",[],Tecnocasa,Tecnocasa,1,1,1,1,1,1,[],2026-02-15 21:24:08,2026-02-15 21:24:08,2026-02-15 21:24:08,,5,2026-02-15 21:24:08,N/A,N/A
63376,S+2 en location," Immobilier Professionnel
 
 Evaluer mon bien
 
 Chercher une agence
 
 Se connecter
ACCUEIL
IMMOBILIER PROFESSIONNEL
EVALUER MON BIEN
CHERCHER UNE AGENCE
SE CONNECTER
Accueil
Appartement en location
Appartement Mahdia
Ksour Essef
Ksour Essef
S+2 en location
Video
visite 360°
Photos
Plan
Map
 +1
S+2...","
350",80,Appartement,1,Location,Agence,Ksour Essef : S+2 en location,https://cdn-media.medialabtc.it/tn/agencies/mdca4/estates/63376/images/363931/detail.jpeg,"[""https://cdn-media.medialabtc.it/tn/agencies/mdca4/estates/63376/images/363931/detail.jpeg"", ""https://cdn-media.medialabtc.it/tn/agencies/mdca4/estates/63376/images/363927/gallery_media.jpeg"", ""https://cdn-media.medialabtc.it/tn/agencies/mdca4/estates/63376/images/363928/gallery_media.jpeg"", ""https://cdn-media.medialabtc.it/tn/agencies/mdca4/estates/63376/images/363929/gallery_media.jpeg""]",[],Tecnocasa,Tecnocasa,1,1,1,1,1,1,[],2026-02-15 21:24:08,2026-02-15 21:24:08,2026-02-15 21:24:08,,5,2026-02-15 21:24:08,N/A,N/A
61579,S+2 en location," Immobilier Professionnel
 
 Evaluer mon bien
 
 Chercher une agence
 
 Se connecter
ACCUEIL
IMMOBILIER PROFESSIONNEL
EVALUER MON BIEN
CHERCHER UNE AGENCE
SE CONNECTER
Accueil
Appartement en location
Appartement Mahdia
Ksour Essef
Ksour Essef
S+2 en location
Video
visite 360°
Photos
Plan
Map
 +4
S+2...","
400",120,Appartement,1,Location,Agence,Ksour Essef : S+2 en location,https://cdn-media.medialabtc.it/tn/agencies/mdca4/estates/61579/images/348299/detail.jpeg,"[""https://cdn-media.medialabtc.it/tn/agencies/mdca4/estates/61579/images/348299/detail.jpeg"", ""https://cdn-media.medialabtc.it/tn/agencies/mdca4/estates/61579/images/348300/gallery_media.jpeg"", ""https://cdn-media.medialabtc.it/tn/agencies/mdca4/estates/61579/images/348291/gallery_media.jpeg"", ""https://cdn-media.medialabtc.it/tn/agencies/mdca4/estates/61579/images/348296/gallery_media.jpeg""]",[],Tecnocasa,Tecnocasa,1,1,1,1,1,1,[],2026-02-15 21:24:08,2026-02-15 21:24:08,2026-02-15 21:24:08,,5,2026-02-15 21:24:08,N/A,N/A
62293,S+2 en location," Immobilier Professionnel
 
 Evaluer mon bien
 
 Chercher une agence
 
 Se connecter
ACCUEIL
IMMOBILIER PROFESSIONNEL
EVALUER MON BIEN
CHERCHER UNE AGENCE
SE CONNECTER
Accueil
Appartement en location
Appartement Mahdia
Baghdedi
Baghdedi
S+2 en location
Video
visite 360°
Photos
Plan
Map
 +3
S+2 en lo...","
450",85,Appartement,1,Location,Agence,Baghdedi : S+2 en location,https://cdn-media.medialabtc.it/tn/agencies/moca9/estates/62293/images/360719/detail.jpeg,"[""https://cdn-media.medialabtc.it/tn/agencies/moca9/estates/62293/images/360719/detail.jpeg"", ""https://cdn-media.medialabtc.it/tn/agencies/moca9/estates/62293/images/360715/gallery_media.jpeg"", ""https://cdn-media.medialabtc.it/tn/agencies/moca9/estates/62293/images/360720/gallery_media.jpeg"", ""https://cdn-media.medialabtc.it/tn/agencies/moca9/estates/62293/images/360721/gallery_media.jpeg"", ""https://cdn-media.medialabtc.it/tn/agencies/moca9/images/team_member/production/1402.jpeg"", ""https://cdn-media.medialabtc.it/tn/agencies/moca9/images/team_member/production/1512.jpeg""]",[],Tecnocasa,Tecnocasa,1,1,1,1,1,1,[],2026-02-15 21:24:08,2026-02-15 21:24:08,2026-02-15 21:24:08,,6,2026-02-15 21:24:08,N/A,N/A
60236,S+2 en location," Immobilier Professionnel
 
 Evaluer mon bien
 
 Chercher une agence
 
 Se connecter
ACCUEIL
IMMOBILIER PROFESSIONNEL
EVALUER MON BIEN
CHERCHER UNE AGENCE
SE CONNECTER
Accueil
Appartement en location
Appartement Mahdia
Rejiche
Rejiche
S+2 en location
Video
visite 360°
Photos
Plan
Map
 +6
S+2 en loca...","
500",180,Appartement,1,Location,Agence,Rejiche : S+2 en location,https://cdn-media.medialabtc.it/tn/agencies/mdca3/estates/60236/images/335674/detail.jpeg,"[""https://cdn-media.medialabtc.it/tn/agencies/mdca3/estates/60236/images/335674/detail.jpeg"", ""https://cdn-media.medialabtc.it/tn/agencies/mdca3/estates/60236/images/335667/gallery_media.jpeg"", ""https://cdn-media.medialabtc.it/tn/agencies/mdca3/estates/60236/images/335671/gallery_media.jpeg"", ""https://cdn-media.medialabtc.it/tn/agencies/mdca3/estates/60236/images/335665/gallery_media.jpeg"", ""https://cdn-media.medialabtc.it/tn/agencies/mdca3/images/team_member/production/923.jpeg"", ""https://cdn-media.medialabtc.it/tn/agencies/mdca3/images/team_member/production/1320.jpeg"", ""https://cdn-media.medialabtc.it/tn/agencies/mdca3/images/team_member/production/1319.jpeg""]",[],Tecnocasa,Tecnocasa,1,1,1,1,1,1,[],2026-02-15 21:24:08,2026-02-15 21:24:08,2026-02-15 21:24:08,,6,2026-02-15 21:24:08,N/A,N/A
53564,S+1 en location," Immobilier Professionnel
 
 Evaluer mon bien
 
 Chercher une agence
 
 Se connecter
ACCUEIL
IMMOBILIER PROFESSIONNEL
EVALUER MON BIEN
CHERCHER UNE AGENCE
SE CONNECTER
Accueil
Appartement en location
Appartement Mahdia
Baghdedi
Baghdedi
S+1 en location
Video
visite 360°
Photos
Plan
Map
 +2
S+1 en lo...",N/A,64,Appartement,1,Location,Agence,Baghdedi : S+1 en location,https://cdn-media.medialabtc.it/tn/agencies/moca9/estates/53564/images/286311/detail.jpeg,"[""https://cdn-media.medialabtc.it/tn/agencies/moca9/estates/53564/images/286311/detail.jpeg"", ""https://cdn-media.medialabtc.it/tn/agencies/moca9/estates/53564/images/286307/gallery_media.jpeg"", ""https://cdn-media.medialabtc.it/tn/agencies/moca9/estates/53564/images/286306/gallery_media.jpeg"", ""https://cdn-media.medialabtc.it/tn/agencies/moca9/estates/53564/images/286309/gallery_media.jpeg"", ""https://cdn-media.medialabtc.it/tn/agencies/moca9/images/team_member/production/1402.jpeg"", ""https://cdn-media.medialabtc.it/tn/agencies/moca9/images/team_member/production/1512.jpeg""]",[],Tecnocasa,Tecnocasa,1,1,1,1,1,1,[],2026-02-15 21:24:08,2026-02-15 21:24:08,2026-02-15 21:24:08,,6,2026-02-15 21:24:08,N/A,N/A
63376,S+2 en location," Immobilier Professionnel
 
 Evaluer mon bien
 
 Chercher une agence
 
 Se connecter
ACCUEIL
IMMOBILIER PROFESSIONNEL
EVALUER MON BIEN
CHERCHER UNE AGENCE
SE CONNECTER
Accueil
Appartement en location
Appartement Mahdia
Ksour Essef
Ksour Essef
S+2 en location
Video
visite 360°
Photos
Plan
Map
 +1
S+2...","
350",80,Appartement,1,Location,Agence,Ksour Essef : S+2 en location,https://cdn-media.medialabtc.it/tn/agencies/mdca4/estates/63376/images/363931/detail.jpeg,"[""https://cdn-media.medialabtc.it/tn/agencies/mdca4/estates/63376/images/363931/detail.jpeg"", ""https://cdn-media.medialabtc.it/tn/agencies/mdca4/estates/63376/images/363927/gallery_media.jpeg"", ""https://cdn-media.medialabtc.it/tn/agencies/mdca4/estates/63376/images/363928/gallery_media.jpeg"", ""https://cdn-media.medialabtc.it/tn/agencies/mdca4/estates/63376/images/363929/gallery_media.jpeg""]",[],Tecnocasa,Tecnocasa,1,1,1,1,1,1,[],2026-02-15 21:24:08,2026-02-15 21:24:08,2026-02-15 21:24:08,,6,2026-02-15 21:24:08,N/A,N/A
61579,S+2 en location," Immobilier Professionnel
 
 Evaluer mon bien
 
 Chercher une agence
 
 Se connecter
ACCUEIL
IMMOBILIER PROFESSIONNEL
EVALUER MON BIEN
CHERCHER UNE AGENCE
SE CONNECTER
Accueil
Appartement en location
Appartement Mahdia
Ksour Essef
Ksour Essef
S+2 en location
Video
visite 360°
Photos
Plan
Map
 +4
S+2...","
400",120,Appartement,1,Location,Agence,Ksour Essef : S+2 en location,https://cdn-media.medialabtc.it/tn/agencies/mdca4/estates/61579/images/348299/detail.jpeg,"[""https://cdn-media.medialabtc.it/tn/agencies/mdca4/estates/61579/images/348299/detail.jpeg"", ""https://cdn-media.medialabtc.it/tn/agencies/mdca4/estates/61579/images/348300/gallery_media.jpeg"", ""https://cdn-media.medialabtc.it/tn/agencies/mdca4/estates/61579/images/348291/gallery_media.jpeg"", ""https://cdn-media.medialabtc.it/tn/agencies/mdca4/estates/61579/images/348296/gallery_media.jpeg""]",[],Tecnocasa,Tecnocasa,1,1,1,1,1,1,[],2026-02-15 21:24:08,2026-02-15 21:24:08,2026-02-15 21:24:08,,6,2026-02-15 21:24:08,N/A,N/A
62293,S+2 en location," Immobilier Professionnel
 
 Evaluer mon bien
 
 Chercher une agence
 
 Se connecter
ACCUEIL
IMMOBILIER PROFESSIONNEL
EVALUER MON BIEN
CHERCHER UNE AGENCE
SE CONNECTER
Accueil
Appartement en location
Appartement Mahdia
Baghdedi
Baghdedi
S+2 en location
Video
visite 360°
Photos
Plan
Map
 +3
S+2 en lo...","
450",85,Appartement,1,Location,Agence,Baghdedi : S+2 en location,https://cdn-media.medialabtc.it/tn/agencies/moca9/estates/62293/images/360719/detail.jpeg,"[""https://cdn-media.medialabtc.it/tn/agencies/moca9/estates/62293/images/360719/detail.jpeg"", ""https://cdn-media.medialabtc.it/tn/agencies/moca9/estates/62293/images/360715/gallery_media.jpeg"", ""https://cdn-media.medialabtc.it/tn/agencies/moca9/estates/62293/images/360720/gallery_media.jpeg"", ""https://cdn-media.medialabtc.it/tn/agencies/moca9/estates/62293/images/360721/gallery_media.jpeg"", ""https://cdn-media.medialabtc.it/tn/agencies/moca9/images/team_member/production/1402.jpeg"", ""https://cdn-media.medialabtc.it/tn/agencies/moca9/images/team_member/production/1512.jpeg""]",[],Tecnocasa,Tecnocasa,1,1,1,1,1,1,[],2026-02-15 21:24:08,2026-02-15 21:24:08,2026-02-15 21:24:08,,7,2026-02-15 21:24:08,N/A,N/A
60236,S+2 en location," Immobilier Professionnel
 
 Evaluer mon bien
 
 Chercher une agence
 
 Se connecter
ACCUEIL
IMMOBILIER PROFESSIONNEL
EVALUER MON BIEN
CHERCHER UNE AGENCE
SE CONNECTER
Accueil
Appartement en location
Appartement Mahdia
Rejiche
Rejiche
S+2 en location
Video
visite 360°
Photos
Plan
Map
 +6
S+2 en loca...","
500",180,Appartement,1,Location,Agence,Rejiche : S+2 en location,https://cdn-media.medialabtc.it/tn/agencies/mdca3/estates/60236/images/335674/detail.jpeg,"[""https://cdn-media.medialabtc.it/tn/agencies/mdca3/estates/60236/images/335674/detail.jpeg"", ""https://cdn-media.medialabtc.it/tn/agencies/mdca3/estates/60236/images/335667/gallery_media.jpeg"", ""https://cdn-media.medialabtc.it/tn/agencies/mdca3/estates/60236/images/335671/gallery_media.jpeg"", ""https://cdn-media.medialabtc.it/tn/agencies/mdca3/estates/60236/images/335665/gallery_media.jpeg"", ""https://cdn-media.medialabtc.it/tn/agencies/mdca3/images/team_member/production/923.jpeg"", ""https://cdn-media.medialabtc.it/tn/agencies/mdca3/images/team_member/production/1320.jpeg"", ""https://cdn-media.medialabtc.it/tn/agencies/mdca3/images/team_member/production/1319.jpeg""]",[],Tecnocasa,Tecnocasa,1,1,1,1,1,1,[],2026-02-15 21:24:08,2026-02-15 21:24:08,2026-02-15 21:24:08,,7,2026-02-15 21:24:08,N/A,N/A
53564,S+1 en location," Immobilier Professionnel
 
 Evaluer mon bien
 
 Chercher une agence
 
 Se connecter
ACCUEIL
IMMOBILIER PROFESSIONNEL
EVALUER MON BIEN
CHERCHER UNE AGENCE
SE CONNECTER
Accueil
Appartement en location
Appartement Mahdia
Baghdedi
Baghdedi
S+1 en location
Video
visite 360°
Photos
Plan
Map
 +2
S+1 en lo...",N/A,64,Appartement,1,Location,Agence,Baghdedi : S+1 en location,https://cdn-media.medialabtc.it/tn/agencies/moca9/estates/53564/images/286311/detail.jpeg,"[""https://cdn-media.medialabtc.it/tn/agencies/moca9/estates/53564/images/286311/detail.jpeg"", ""https://cdn-media.medialabtc.it/tn/agencies/moca9/estates/53564/images/286307/gallery_media.jpeg"", ""https://cdn-media.medialabtc.it/tn/agencies/moca9/estates/53564/images/286306/gallery_media.jpeg"", ""https://cdn-media.medialabtc.it/tn/agencies/moca9/estates/53564/images/286309/gallery_media.jpeg"", ""https://cdn-media.medialabtc.it/tn/agencies/moca9/images/team_member/production/1402.jpeg"", ""https://cdn-media.medialabtc.it/tn/agencies/moca9/images/team_member/production/1512.jpeg""]",[],Tecnocasa,Tecnocasa,1,1,1,1,1,1,[],2026-02-15 21:24:08,2026-02-15 21:24:08,2026-02-15 21:24:08,,7,2026-02-15 21:24:08,N/A,N/A
63376,S+2 en location," Immobilier Professionnel
 
 Evaluer mon bien
 
 Chercher une agence
 
 Se connecter
ACCUEIL
IMMOBILIER PROFESSIONNEL
EVALUER MON BIEN
CHERCHER UNE AGENCE
SE CONNECTER
Accueil
Appartement en location
Appartement Mahdia
Ksour Essef
Ksour Essef
S+2 en location
Video
visite 360°
Photos
Plan
Map
 +1
S+2...","
350",80,Appartement,1,Location,Agence,Ksour Essef : S+2 en location,https://cdn-media.medialabtc.it/tn/agencies/mdca4/estates/63376/images/363931/detail.jpeg,"[""https://cdn-media.medialabtc.it/tn/agencies/mdca4/estates/63376/images/363931/detail.jpeg"", ""https://cdn-media.medialabtc.it/tn/agencies/mdca4/estates/63376/images/363927/gallery_media.jpeg"", ""https://cdn-media.medialabtc.it/tn/agencies/mdca4/estates/63376/images/363928/gallery_media.jpeg"", ""https://cdn-media.medialabtc.it/tn/agencies/mdca4/estates/63376/images/363929/gallery_media.jpeg""]",[],Tecnocasa,Tecnocasa,1,1,1,1,1,1,[],2026-02-15 21:24:08,2026-02-15 21:24:08,2026-02-15 21:24:08,,7,2026-02-15 21:24:08,N/A,N/A
61579,S+2 en location," Immobilier Professionnel
 
 Evaluer mon bien
 
 Chercher une agence
 
 Se connecter
ACCUEIL
IMMOBILIER PROFESSIONNEL
EVALUER MON BIEN
CHERCHER UNE AGENCE
SE CONNECTER
Accueil
Appartement en location
Appartement Mahdia
Ksour Essef
Ksour Essef
S+2 en location
Video
visite 360°
Photos
Plan
Map
 +4
S+2...","
400",120,Appartement,1,Location,Agence,Ksour Essef : S+2 en location,https://cdn-media.medialabtc.it/tn/agencies/mdca4/estates/61579/images/348299/detail.jpeg,"[""https://cdn-media.medialabtc.it/tn/agencies/mdca4/estates/61579/images/348299/detail.jpeg"", ""https://cdn-media.medialabtc.it/tn/agencies/mdca4/estates/61579/images/348300/gallery_media.jpeg"", ""https://cdn-media.medialabtc.it/tn/agencies/mdca4/estates/61579/images/348291/gallery_media.jpeg"", ""https://cdn-media.medialabtc.it/tn/agencies/mdca4/estates/61579/images/348296/gallery_media.jpeg""]",[],Tecnocasa,Tecnocasa,1,1,1,1,1,1,[],2026-02-15 21:24:08,2026-02-15 21:24:08,2026-02-15 21:24:08,,7,2026-02-15 21:24:08,N/A,N/A
62293,S+2 en location," Immobilier Professionnel
 
 Evaluer mon bien
 
 Chercher une agence
 
 Se connecter
ACCUEIL
IMMOBILIER PROFESSIONNEL
EVALUER MON BIEN
CHERCHER UNE AGENCE
SE CONNECTER
Accueil
Appartement en location
Appartement Mahdia
Baghdedi
Baghdedi
S+2 en location
Video
visite 360°
Photos
Plan
Map
 +3
S+2 en lo...","
450",85,Appartement,1,Location,Agence,Baghdedi : S+2 en location,https://cdn-media.medialabtc.it/tn/agencies/moca9/estates/62293/images/360719/detail.jpeg,"[""https://cdn-media.medialabtc.it/tn/agencies/moca9/estates/62293/images/360719/detail.jpeg"", ""https://cdn-media.medialabtc.it/tn/agencies/moca9/estates/62293/images/360715/gallery_media.jpeg"", ""https://cdn-media.medialabtc.it/tn/agencies/moca9/estates/62293/images/360720/gallery_media.jpeg"", ""https://cdn-media.medialabtc.it/tn/agencies/moca9/estates/62293/images/360721/gallery_media.jpeg"", ""https://cdn-media.medialabtc.it/tn/agencies/moca9/images/team_member/production/1402.jpeg"", ""https://cdn-media.medialabtc.it/tn/agencies/moca9/images/team_member/production/1512.jpeg""]",[],Tecnocasa,Tecnocasa,1,1,1,1,1,1,[],2026-02-15 21:24:08,2026-02-15 21:24:08,2026-02-15 21:24:08,,8,2026-02-15 21:24:08,N/A,N/A
60236,S+2 en location," Immobilier Professionnel
 
 Evaluer mon bien
 
 Chercher une agence
 
 Se connecter
ACCUEIL
IMMOBILIER PROFESSIONNEL
EVALUER MON BIEN
CHERCHER UNE AGENCE
SE CONNECTER
Accueil
Appartement en location
Appartement Mahdia
Rejiche
Rejiche
S+2 en location
Video
visite 360°
Photos
Plan
Map
 +6
S+2 en loca...","
500",180,Appartement,1,Location,Agence,Rejiche : S+2 en location,https://cdn-media.medialabtc.it/tn/agencies/mdca3/estates/60236/images/335674/detail.jpeg,"[""https://cdn-media.medialabtc.it/tn/agencies/mdca3/estates/60236/images/335674/detail.jpeg"", ""https://cdn-media.medialabtc.it/tn/agencies/mdca3/estates/60236/images/335667/gallery_media.jpeg"", ""https://cdn-media.medialabtc.it/tn/agencies/mdca3/estates/60236/images/335671/gallery_media.jpeg"", ""https://cdn-media.medialabtc.it/tn/agencies/mdca3/estates/60236/images/335665/gallery_media.jpeg"", ""https://cdn-media.medialabtc.it/tn/agencies/mdca3/images/team_member/production/923.jpeg"", ""https://cdn-media.medialabtc.it/tn/agencies/mdca3/images/team_member/production/1320.jpeg"", ""https://cdn-media.medialabtc.it/tn/agencies/mdca3/images/team_member/production/1319.jpeg""]",[],Tecnocasa,Tecnocasa,1,1,1,1,1,1,[],2026-02-15 21:24:08,2026-02-15 21:24:08,2026-02-15 21:24:08,,8,2026-02-15 21:24:08,N/A,N/A
53564,S+1 en location," Immobilier Professionnel
 
 Evaluer mon bien
 
 Chercher une agence
 
 Se connecter
ACCUEIL
IMMOBILIER PROFESSIONNEL
EVALUER MON BIEN
CHERCHER UNE AGENCE
SE CONNECTER
Accueil
Appartement en location
Appartement Mahdia
Baghdedi
Baghdedi
S+1 en location
Video
visite 360°
Photos
Plan
Map
 +2
S+1 en lo...",N/A,64,Appartement,1,Location,Agence,Baghdedi : S+1 en location,https://cdn-media.medialabtc.it/tn/agencies/moca9/estates/53564/images/286311/detail.jpeg,"[""https://cdn-media.medialabtc.it/tn/agencies/moca9/estates/53564/images/286311/detail.jpeg"", ""https://cdn-media.medialabtc.it/tn/agencies/moca9/estates/53564/images/286307/gallery_media.jpeg"", ""https://cdn-media.medialabtc.it/tn/agencies/moca9/estates/53564/images/286306/gallery_media.jpeg"", ""https://cdn-media.medialabtc.it/tn/agencies/moca9/estates/53564/images/286309/gallery_media.jpeg"", ""https://cdn-media.medialabtc.it/tn/agencies/moca9/images/team_member/production/1402.jpeg"", ""https://cdn-media.medialabtc.it/tn/agencies/moca9/images/team_member/production/1512.jpeg""]",[],Tecnocasa,Tecnocasa,1,1,1,1,1,1,[],2026-02-15 21:24:08,2026-02-15 21:24:08,2026-02-15 21:24:08,,8,2026-02-15 21:24:08,N/A,N/A
63376,S+2 en location," Immobilier Professionnel
 
 Evaluer mon bien
 
 Chercher une agence
 
 Se connecter
ACCUEIL
IMMOBILIER PROFESSIONNEL
EVALUER MON BIEN
CHERCHER UNE AGENCE
SE CONNECTER
Accueil
Appartement en location
Appartement Mahdia
Ksour Essef
Ksour Essef
S+2 en location
Video
visite 360°
Photos
Plan
Map
 +1
S+2...","
350",80,Appartement,1,Location,Agence,Ksour Essef : S+2 en location,https://cdn-media.medialabtc.it/tn/agencies/mdca4/estates/63376/images/363931/detail.jpeg,"[""https://cdn-media.medialabtc.it/tn/agencies/mdca4/estates/63376/images/363931/detail.jpeg"", ""https://cdn-media.medialabtc.it/tn/agencies/mdca4/estates/63376/images/363927/gallery_media.jpeg"", ""https://cdn-media.medialabtc.it/tn/agencies/mdca4/estates/63376/images/363928/gallery_media.jpeg"", ""https://cdn-media.medialabtc.it/tn/agencies/mdca4/estates/63376/images/363929/gallery_media.jpeg""]",[],Tecnocasa,Tecnocasa,1,1,1,1,1,1,[],2026-02-15 21:24:08,2026-02-15 21:24:08,2026-02-15 21:24:08,,8,2026-02-15 21:24:08,N/A,N/A
61579,S+2 en location," Immobilier Professionnel
 
 Evaluer mon bien
 
 Chercher une agence
 
 Se connecter
ACCUEIL
IMMOBILIER PROFESSIONNEL
EVALUER MON BIEN
CHERCHER UNE AGENCE
SE CONNECTER
Accueil
Appartement en location
Appartement Mahdia
Ksour Essef
Ksour Essef
S+2 en location
Video
visite 360°
Photos
Plan
Map
 +4
S+2...","
400",120,Appartement,1,Location,Agence,Ksour Essef : S+2 en location,https://cdn-media.medialabtc.it/tn/agencies/mdca4/estates/61579/images/348299/detail.jpeg,"[""https://cdn-media.medialabtc.it/tn/agencies/mdca4/estates/61579/images/348299/detail.jpeg"", ""https://cdn-media.medialabtc.it/tn/agencies/mdca4/estates/61579/images/348300/gallery_media.jpeg"", ""https://cdn-media.medialabtc.it/tn/agencies/mdca4/estates/61579/images/348291/gallery_media.jpeg"", ""https://cdn-media.medialabtc.it/tn/agencies/mdca4/estates/61579/images/348296/gallery_media.jpeg""]",[],Tecnocasa,Tecnocasa,1,1,1,1,1,1,[],2026-02-15 21:24:08,2026-02-15 21:24:08,2026-02-15 21:24:08,,8,2026-02-15 21:24:08,N/A,N/A
62293,S+2 en location," Immobilier Professionnel
 
 Evaluer mon bien
 
 Chercher une agence
 
 Se connecter
ACCUEIL
IMMOBILIER PROFESSIONNEL
EVALUER MON BIEN
CHERCHER UNE AGENCE
SE CONNECTER
Accueil
Appartement en location
Appartement Mahdia
Baghdedi
Baghdedi
S+2 en location
Video
visite 360°
Photos
Plan
Map
 +3
S+2 en lo...","
450",85,Appartement,1,Location,Agence,Baghdedi : S+2 en location,https://cdn-media.medialabtc.it/tn/agencies/moca9/estates/62293/images/360719/detail.jpeg,"[""https://cdn-media.medialabtc.it/tn/agencies/moca9/estates/62293/images/360719/detail.jpeg"", ""https://cdn-media.medialabtc.it/tn/agencies/moca9/estates/62293/images/360715/gallery_media.jpeg"", ""https://cdn-media.medialabtc.it/tn/agencies/moca9/estates/62293/images/360720/gallery_media.jpeg"", ""https://cdn-media.medialabtc.it/tn/agencies/moca9/estates/62293/images/360721/gallery_media.jpeg"", ""https://cdn-media.medialabtc.it/tn/agencies/moca9/images/team_member/production/1402.jpeg"", ""https://cdn-media.medialabtc.it/tn/agencies/moca9/images/team_member/production/1512.jpeg""]",[],Tecnocasa,Tecnocasa,1,1,1,1,1,1,[],2026-02-15 21:24:08,2026-02-15 21:24:08,2026-02-15 21:24:08,,9,2026-02-15 21:24:08,N/A,N/A
60236,S+2 en location," Immobilier Professionnel
 
 Evaluer mon bien
 
 Chercher une agence
 
 Se connecter
ACCUEIL
IMMOBILIER PROFESSIONNEL
EVALUER MON BIEN
CHERCHER UNE AGENCE
SE CONNECTER
Accueil
Appartement en location
Appartement Mahdia
Rejiche
Rejiche
S+2 en location
Video
visite 360°
Photos
Plan
Map
 +6
S+2 en loca...","
500",180,Appartement,1,Location,Agence,Rejiche : S+2 en location,https://cdn-media.medialabtc.it/tn/agencies/mdca3/estates/60236/images/335674/detail.jpeg,"[""https://cdn-media.medialabtc.it/tn/agencies/mdca3/estates/60236/images/335674/detail.jpeg"", ""https://cdn-media.medialabtc.it/tn/agencies/mdca3/estates/60236/images/335667/gallery_media.jpeg"", ""https://cdn-media.medialabtc.it/tn/agencies/mdca3/estates/60236/images/335671/gallery_media.jpeg"", ""https://cdn-media.medialabtc.it/tn/agencies/mdca3/estates/60236/images/335665/gallery_media.jpeg"", ""https://cdn-media.medialabtc.it/tn/agencies/mdca3/images/team_member/production/923.jpeg"", ""https://cdn-media.medialabtc.it/tn/agencies/mdca3/images/team_member/production/1320.jpeg"", ""https://cdn-media.medialabtc.it/tn/agencies/mdca3/images/team_member/production/1319.jpeg""]",[],Tecnocasa,Tecnocasa,1,1,1,1,1,1,[],2026-02-15 21:24:08,2026-02-15 21:24:08,2026-02-15 21:24:08,,9,2026-02-15 21:24:08,N/A,N/A
53564,S+1 en location," Immobilier Professionnel
 
 Evaluer mon bien
 
 Chercher une agence
 
 Se connecter
ACCUEIL
IMMOBILIER PROFESSIONNEL
EVALUER MON BIEN
CHERCHER UNE AGENCE
SE CONNECTER
Accueil
Appartement en location
Appartement Mahdia
Baghdedi
Baghdedi
S+1 en location
Video
visite 360°
Photos
Plan
Map
 +2
S+1 en lo...",N/A,64,Appartement,1,Location,Agence,Baghdedi : S+1 en location,https://cdn-media.medialabtc.it/tn/agencies/moca9/estates/53564/images/286311/detail.jpeg,"[""https://cdn-media.medialabtc.it/tn/agencies/moca9/estates/53564/images/286311/detail.jpeg"", ""https://cdn-media.medialabtc.it/tn/agencies/moca9/estates/53564/images/286307/gallery_media.jpeg"", ""https://cdn-media.medialabtc.it/tn/agencies/moca9/estates/53564/images/286306/gallery_media.jpeg"", ""https://cdn-media.medialabtc.it/tn/agencies/moca9/estates/53564/images/286309/gallery_media.jpeg"", ""https://cdn-media.medialabtc.it/tn/agencies/moca9/images/team_member/production/1402.jpeg"", ""https://cdn-media.medialabtc.it/tn/agencies/moca9/images/team_member/production/1512.jpeg""]",[],Tecnocasa,Tecnocasa,1,1,1,1,1,1,[],2026-02-15 21:24:08,2026-02-15 21:24:08,2026-02-15 21:24:08,,9,2026-02-15 21:24:08,N/A,N/A
63376,S+2 en location," Immobilier Professionnel
 
 Evaluer mon bien
 
 Chercher une agence
 
 Se connecter
ACCUEIL
IMMOBILIER PROFESSIONNEL
EVALUER MON BIEN
CHERCHER UNE AGENCE
SE CONNECTER
Accueil
Appartement en location
Appartement Mahdia
Ksour Essef
Ksour Essef
S+2 en location
Video
visite 360°
Photos
Plan
Map
 +1
S+2...","
350",80,Appartement,1,Location,Agence,Ksour Essef : S+2 en location,https://cdn-media.medialabtc.it/tn/agencies/mdca4/estates/63376/images/363931/detail.jpeg,"[""https://cdn-media.medialabtc.it/tn/agencies/mdca4/estates/63376/images/363931/detail.jpeg"", ""https://cdn-media.medialabtc.it/tn/agencies/mdca4/estates/63376/images/363927/gallery_media.jpeg"", ""https://cdn-media.medialabtc.it/tn/agencies/mdca4/estates/63376/images/363928/gallery_media.jpeg"", ""https://cdn-media.medialabtc.it/tn/agencies/mdca4/estates/63376/images/363929/gallery_media.jpeg""]",[],Tecnocasa,Tecnocasa,1,1,1,1,1,1,[],2026-02-15 21:24:08,2026-02-15 21:24:08,2026-02-15 21:24:08,,9,2026-02-15 21:24:08,N/A,N/A
61579,S+2 en location," Immobilier Professionnel
 
 Evaluer mon bien
 
 Chercher une agence
 
 Se connecter
ACCUEIL
IMMOBILIER PROFESSIONNEL
EVALUER MON BIEN
CHERCHER UNE AGENCE
SE CONNECTER
Accueil
Appartement en location
Appartement Mahdia
Ksour Essef
Ksour Essef
S+2 en location
Video
visite 360°
Photos
Plan
Map
 +4
S+2...","
400",120,Appartement,1,Location,Agence,Ksour Essef : S+2 en location,https://cdn-media.medialabtc.it/tn/agencies/mdca4/estates/61579/images/348299/detail.jpeg,"[""https://cdn-media.medialabtc.it/tn/agencies/mdca4/estates/61579/images/348299/detail.jpeg"", ""https://cdn-media.medialabtc.it/tn/agencies/mdca4/estates/61579/images/348300/gallery_media.jpeg"", ""https://cdn-media.medialabtc.it/tn/agencies/mdca4/estates/61579/images/348291/gallery_media.jpeg"", ""https://cdn-media.medialabtc.it/tn/agencies/mdca4/estates/61579/images/348296/gallery_media.jpeg""]",[],Tecnocasa,Tecnocasa,1,1,1,1,1,1,[],2026-02-15 21:24:08,2026-02-15 21:24:08,2026-02-15 21:24:08,,9,2026-02-15 21:24:08,N/A,N/A
62293,S+2 en location," Immobilier Professionnel
 
 Evaluer mon bien
 
 Chercher une agence
 
 Se connecter
ACCUEIL
IMMOBILIER PROFESSIONNEL
EVALUER MON BIEN
CHERCHER UNE AGENCE
SE CONNECTER
Accueil
Appartement en location
Appartement Mahdia
Baghdedi
Baghdedi
S+2 en location
Video
visite 360°
Photos
Plan
Map
 +3
S+2 en lo...","
450",85,Appartement,1,Location,Agence,Baghdedi : S+2 en location,https://cdn-media.medialabtc.it/tn/agencies/moca9/estates/62293/images/360719/detail.jpeg,"[""https://cdn-media.medialabtc.it/tn/agencies/moca9/estates/62293/images/360719/detail.jpeg"", ""https://cdn-media.medialabtc.it/tn/agencies/moca9/estates/62293/images/360715/gallery_media.jpeg"", ""https://cdn-media.medialabtc.it/tn/agencies/moca9/estates/62293/images/360720/gallery_media.jpeg"", ""https://cdn-media.medialabtc.it/tn/agencies/moca9/estates/62293/images/360721/gallery_media.jpeg"", ""https://cdn-media.medialabtc.it/tn/agencies/moca9/images/team_member/production/1402.jpeg"", ""https://cdn-media.medialabtc.it/tn/agencies/moca9/images/team_member/production/1512.jpeg""]",[],Tecnocasa,Tecnocasa,1,1,1,1,1,1,[],2026-02-15 21:24:08,2026-02-15 21:24:08,2026-02-15 21:24:08,,10,2026-02-15 21:24:08,N/A,N/A
60236,S+2 en location," Immobilier Professionnel
 
 Evaluer mon bien
 
 Chercher une agence
 
 Se connecter
ACCUEIL
IMMOBILIER PROFESSIONNEL
EVALUER MON BIEN
CHERCHER UNE AGENCE
SE CONNECTER
Accueil
Appartement en location
Appartement Mahdia
Rejiche
Rejiche
S+2 en location
Video
visite 360°
Photos
Plan
Map
 +6
S+2 en loca...","
500",180,Appartement,1,Location,Agence,Rejiche : S+2 en location,https://cdn-media.medialabtc.it/tn/agencies/mdca3/estates/60236/images/335674/detail.jpeg,"[""https://cdn-media.medialabtc.it/tn/agencies/mdca3/estates/60236/images/335674/detail.jpeg"", ""https://cdn-media.medialabtc.it/tn/agencies/mdca3/estates/60236/images/335667/gallery_media.jpeg"", ""https://cdn-media.medialabtc.it/tn/agencies/mdca3/estates/60236/images/335671/gallery_media.jpeg"", ""https://cdn-media.medialabtc.it/tn/agencies/mdca3/estates/60236/images/335665/gallery_media.jpeg"", ""https://cdn-media.medialabtc.it/tn/agencies/mdca3/images/team_member/production/923.jpeg"", ""https://cdn-media.medialabtc.it/tn/agencies/mdca3/images/team_member/production/1320.jpeg"", ""https://cdn-media.medialabtc.it/tn/agencies/mdca3/images/team_member/production/1319.jpeg""]",[],Tecnocasa,Tecnocasa,1,1,1,1,1,1,[],2026-02-15 21:24:08,2026-02-15 21:24:08,2026-02-15 21:24:08,,10,2026-02-15 21:24:08,N/A,N/A
53564,S+1 en location," Immobilier Professionnel
 
 Evaluer mon bien
 
 Chercher une agence
 
 Se connecter
ACCUEIL
IMMOBILIER PROFESSIONNEL
EVALUER MON BIEN
CHERCHER UNE AGENCE
SE CONNECTER
Accueil
Appartement en location
Appartement Mahdia
Baghdedi
Baghdedi
S+1 en location
Video
visite 360°
Photos
Plan
Map
 +2
S+1 en lo...",N/A,64,Appartement,1,Location,Agence,Baghdedi : S+1 en location,https://cdn-media.medialabtc.it/tn/agencies/moca9/estates/53564/images/286311/detail.jpeg,"[""https://cdn-media.medialabtc.it/tn/agencies/moca9/estates/53564/images/286311/detail.jpeg"", ""https://cdn-media.medialabtc.it/tn/agencies/moca9/estates/53564/images/286307/gallery_media.jpeg"", ""https://cdn-media.medialabtc.it/tn/agencies/moca9/estates/53564/images/286306/gallery_media.jpeg"", ""https://cdn-media.medialabtc.it/tn/agencies/moca9/estates/53564/images/286309/gallery_media.jpeg"", ""https://cdn-media.medialabtc.it/tn/agencies/moca9/images/team_member/production/1402.jpeg"", ""https://cdn-media.medialabtc.it/tn/agencies/moca9/images/team_member/production/1512.jpeg""]",[],Tecnocasa,Tecnocasa,1,1,1,1,1,1,[],2026-02-15 21:24:08,2026-02-15 21:24:08,2026-02-15 21:24:08,,10,2026-02-15 21:24:08,N/A,N/A
63376,S+2 en location," Immobilier Professionnel
 
 Evaluer mon bien
 
 Chercher une agence
 
 Se connecter
ACCUEIL
IMMOBILIER PROFESSIONNEL
EVALUER MON BIEN
CHERCHER UNE AGENCE
SE CONNECTER
Accueil
Appartement en location
Appartement Mahdia
Ksour Essef
Ksour Essef
S+2 en location
Video
visite 360°
Photos
Plan
Map
 +1
S+2...","
350",80,Appartement,1,Location,Agence,Ksour Essef : S+2 en location,https://cdn-media.medialabtc.it/tn/agencies/mdca4/estates/63376/images/363931/detail.jpeg,"[""https://cdn-media.medialabtc.it/tn/agencies/mdca4/estates/63376/images/363931/detail.jpeg"", ""https://cdn-media.medialabtc.it/tn/agencies/mdca4/estates/63376/images/363927/gallery_media.jpeg"", ""https://cdn-media.medialabtc.it/tn/agencies/mdca4/estates/63376/images/363928/gallery_media.jpeg"", ""https://cdn-media.medialabtc.it/tn/agencies/mdca4/estates/63376/images/363929/gallery_media.jpeg""]",[],Tecnocasa,Tecnocasa,1,1,1,1,1,1,[],2026-02-15 21:24:08,2026-02-15 21:24:08,2026-02-15 21:24:08,,10,2026-02-15 21:24:08,N/A,N/A
61579,S+2 en location," Immobilier Professionnel
 
 Evaluer mon bien
 
 Chercher une agence
 
 Se connecter
ACCUEIL
IMMOBILIER PROFESSIONNEL
EVALUER MON BIEN
CHERCHER UNE AGENCE
SE CONNECTER
Accueil
Appartement en location
Appartement Mahdia
Ksour Essef
Ksour Essef
S+2 en location
Video
visite 360°
Photos
Plan
Map
 +4
S+2...","
400",120,Appartement,1,Location,Agence,Ksour Essef : S+2 en location,https://cdn-media.medialabtc.it/tn/agencies/mdca4/estates/61579/images/348299/detail.jpeg,"[""https://cdn-media.medialabtc.it/tn/agencies/mdca4/estates/61579/images/348299/detail.jpeg"", ""https://cdn-media.medialabtc.it/tn/agencies/mdca4/estates/61579/images/348300/gallery_media.jpeg"", ""https://cdn-media.medialabtc.it/tn/agencies/mdca4/estates/61579/images/348291/gallery_media.jpeg"", ""https://cdn-media.medialabtc.it/tn/agencies/mdca4/estates/61579/images/348296/gallery_media.jpeg""]",[],Tecnocasa,Tecnocasa,1,1,1,1,1,1,[],2026-02-15 21:24:08,2026-02-15 21:24:08,2026-02-15 21:24:08,,10,2026-02-15 21:24:08,N/A,N/A
63197,S+3 en location," Immobilier Professionnel
 
 Evaluer mon bien
 
 Chercher une agence
 
 Se connecter
ACCUEIL
IMMOBILIER PROFESSIONNEL
EVALUER MON BIEN
CHERCHER UNE AGENCE
SE CONNECTER
Accueil
Appartement en location
Appartement Sfax
Sfax
Route Teniour
S+3 en location
Video
visite 360°
Photos
Plan
Map
 +2
S+3 en loc...",1400,116,Appartement,1,Location,Agence,Route Teniour : S+3 en location,https://cdn-media.medialabtc.it/tn/agencies/ssfx1/estates/63197/images/365736/detail.jpeg,"[""https://cdn-media.medialabtc.it/tn/agencies/ssfx1/estates/63197/images/365736/detail.jpeg"", ""https://cdn-media.medialabtc.it/tn/agencies/ssfx1/estates/63197/images/365784/gallery_media.jpeg"", ""https://cdn-media.medialabtc.it/tn/agencies/ssfx1/estates/63197/images/365733/gallery_media.jpeg"", ""https://cdn-media.medialabtc.it/tn/agencies/ssfx1/estates/63197/images/365735/gallery_media.jpeg"", ""https://cdn-media.medialabtc.it/tn/agencies/ssfx1/images/team_member/production/971.jpeg"", ""https://cdn-media.medialabtc.it/tn/agencies/ssfx1/images/team_member/production/970.jpeg""]",[],Tecnocasa,Tecnocasa,1,1,1,1,1,1,[],2026-02-15 21:24:08,2026-02-15 21:24:08,2026-02-15 21:24:08,,1,2026-02-15 21:24:08,N/A,N/A
60399,S+2 en location," Immobilier Professionnel
 
 Evaluer mon bien
 
 Chercher une agence
 
 Se connecter
ACCUEIL
IMMOBILIER PROFESSIONNEL
EVALUER MON BIEN
CHERCHER UNE AGENCE
SE CONNECTER
Accueil
Appartement en location
Appartement Kairouan
Kairouan
Kairouan
S+2 en location
Video
visite 360°
Photos
Plan
Map
 +3
S+2 en ...","
520",110,Appartement,1,Location,Agence,Kairouan : S+2 en location,https://cdn-media.medialabtc.it/tn/agencies/kair1/estates/60399/images/343299/detail.jpeg,"[""https://cdn-media.medialabtc.it/tn/agencies/kair1/estates/60399/images/343299/detail.jpeg"", ""https://cdn-media.medialabtc.it/tn/agencies/kair1/estates/60399/images/343294/gallery_media.jpeg"", ""https://cdn-media.medialabtc.it/tn/agencies/kair1/estates/60399/images/343296/gallery_media.jpeg"", ""https://cdn-media.medialabtc.it/tn/agencies/kair1/estates/60399/images/343297/gallery_media.jpeg"", ""https://cdn-media.medialabtc.it/tn/agencies/kair1/images/team_member/production/1083.jpeg""]",[],Tecnocasa,Tecnocasa,1,1,1,1,1,1,[],2026-02-15 21:24:08,2026-02-15 21:24:08,2026-02-15 21:24:08,,1,2026-02-15 21:24:08,N/A,N/A
61032,S+2 en location," Immobilier Professionnel
 
 Evaluer mon bien
 
 Chercher une agence
 
 Se connecter
ACCUEIL
IMMOBILIER PROFESSIONNEL
EVALUER MON BIEN
CHERCHER UNE AGENCE
SE CONNECTER
Accueil
Appartement en location
Appartement Kairouan
Kairouan
Kairouan
S+2 en location
Video
visite 360°
Photos
Plan
Map
 +4
S+2 en ...","
750",90,Appartement,1,Location,Agence,Kairouan : S+2 en location,https://cdn-media.medialabtc.it/tn/agencies/kair1/estates/61032/images/343346/detail.jpeg,"[""https://cdn-media.medialabtc.it/tn/agencies/kair1/estates/61032/images/343346/detail.jpeg"", ""https://cdn-media.medialabtc.it/tn/agencies/kair1/estates/61032/images/343350/gallery_media.jpeg"", ""https://cdn-media.medialabtc.it/tn/agencies/kair1/estates/61032/images/343351/gallery_media.jpeg"", ""https://cdn-media.medialabtc.it/tn/agencies/kair1/estates/61032/images/343344/gallery_media.jpeg"", ""https://cdn-media.medialabtc.it/tn/agencies/kair1/images/team_member/production/1083.jpeg""]",[],Tecnocasa,Tecnocasa,1,1,1,1,1,1,[],2026-02-15 21:24:08,2026-02-15 21:24:08,2026-02-15 21:24:08,,1,2026-02-15 21:24:08,N/A,N/A
56452,S+2 en location," Immobilier Professionnel
 
 Evaluer mon bien
 
 Chercher une agence
 
 Se connecter
ACCUEIL
IMMOBILIER PROFESSIONNEL
EVALUER MON BIEN
CHERCHER UNE AGENCE
SE CONNECTER
Accueil
Appartement en location
Appartement Kairouan
Kairouan
Kairouan
S+2 en location
Video
visite 360°
Photos
Plan
Map
 +4
S+2 en ...","
730",120,Appartement,1,Location,Agence,Kairouan : S+2 en location,https://cdn-media.medialabtc.it/tn/agencies/kair1/estates/56452/images/305467/detail.jpeg,"[""https://cdn-media.medialabtc.it/tn/agencies/kair1/estates/56452/images/305467/detail.jpeg"", ""https://cdn-media.medialabtc.it/tn/agencies/kair1/estates/56452/images/305439/gallery_media.jpeg"", ""https://cdn-media.medialabtc.it/tn/agencies/kair1/estates/56452/images/305445/gallery_media.jpeg"", ""https://cdn-media.medialabtc.it/tn/agencies/kair1/estates/56452/images/305431/gallery_media.jpeg"", ""https://cdn-media.medialabtc.it/tn/agencies/kair1/images/team_member/production/1083.jpeg""]",[],Tecnocasa,Tecnocasa,1,1,1,1,1,1,[],2026-02-15 21:24:08,2026-02-15 21:24:08,2026-02-15 21:24:08,,1,2026-02-15 21:24:08,N/A,N/A
60873,S+2 en location," Immobilier Professionnel
 
 Evaluer mon bien
 
 Chercher une agence
 
 Se connecter
ACCUEIL
IMMOBILIER PROFESSIONNEL
EVALUER MON BIEN
CHERCHER UNE AGENCE
SE CONNECTER
Accueil
Appartement en location
Appartement Kairouan
Kairouan
Kairouan
S+2 en location
Video
visite 360°
Photos
Plan
Map
 +3
S+2 en ...",1100,110,Appartement,1,Location,Agence,Kairouan : S+2 en location,https://cdn-media.medialabtc.it/tn/agencies/kair1/estates/60873/images/341733/detail.jpeg,"[""https://cdn-media.medialabtc.it/tn/agencies/kair1/estates/60873/images/341733/detail.jpeg"", ""https://cdn-media.medialabtc.it/tn/agencies/kair1/estates/60873/images/341734/gallery_media.jpeg"", ""https://cdn-media.medialabtc.it/tn/agencies/kair1/estates/60873/images/341736/gallery_media.jpeg"", ""https://cdn-media.medialabtc.it/tn/agencies/kair1/estates/60873/images/341732/gallery_media.jpeg"", ""https://cdn-media.medialabtc.it/tn/agencies/kair1/images/team_member/production/1083.jpeg""]",[],Tecnocasa,Tecnocasa,1,1,1,1,1,1,[],2026-02-15 21:24:08,2026-02-15 21:24:08,2026-02-15 21:24:08,,1,2026-02-15 21:24:08,N/A,N/A
60380,S+2 en location," Immobilier Professionnel
 
 Evaluer mon bien
 
 Chercher une agence
 
 Se connecter
ACCUEIL
IMMOBILIER PROFESSIONNEL
EVALUER MON BIEN
CHERCHER UNE AGENCE
SE CONNECTER
Accueil
Appartement en location
Appartement Kairouan
Kairouan
Kairouan
S+2 en location
Video
visite 360°
Photos
Plan
Map
 +7
S+2 en ...",1200,110,Appartement,1,Location,Agence,Kairouan : S+2 en location,https://cdn-media.medialabtc.it/tn/agencies/kair1/estates/60380/images/341662/detail.jpeg,"[""https://cdn-media.medialabtc.it/tn/agencies/kair1/estates/60380/images/341662/detail.jpeg"", ""https://cdn-media.medialabtc.it/tn/agencies/kair1/estates/60380/images/341654/gallery_media.jpeg"", ""https://cdn-media.medialabtc.it/tn/agencies/kair1/estates/60380/images/341655/gallery_media.jpeg"", ""https://cdn-media.medialabtc.it/tn/agencies/kair1/estates/60380/images/341652/gallery_media.jpeg"", ""https://cdn-media.medialabtc.it/tn/agencies/kair1/images/team_member/production/1083.jpeg""]",[],Tecnocasa,Tecnocasa,1,1,1,1,1,1,[],2026-02-15 21:24:08,2026-02-15 21:24:08,2026-02-15 21:24:08,,1,2026-02-15 21:24:08,N/A,N/A
60600,S+2 en location," Immobilier Professionnel
 
 Evaluer mon bien
 
 Chercher une agence
 
 Se connecter
ACCUEIL
IMMOBILIER PROFESSIONNEL
EVALUER MON BIEN
CHERCHER UNE AGENCE
SE CONNECTER
Accueil
Appartement en location
Appartement Kairouan
Kairouan
Kairouan
S+2 en location
Video
visite 360°
Photos
Plan
Map
 +7
S+2 en ...","
850",90,Appartement,1,Location,Agence,Kairouan : S+2 en location,https://cdn-media.medialabtc.it/tn/agencies/kair1/estates/60600/images/340000/detail.jpeg,"[""https://cdn-media.medialabtc.it/tn/agencies/kair1/estates/60600/images/340000/detail.jpeg"", ""https://cdn-media.medialabtc.it/tn/agencies/kair1/estates/60600/images/340001/gallery_media.jpeg"", ""https://cdn-media.medialabtc.it/tn/agencies/kair1/estates/60600/images/340023/gallery_media.jpeg"", ""https://cdn-media.medialabtc.it/tn/agencies/kair1/estates/60600/images/340025/gallery_media.jpeg"", ""https://cdn-media.medialabtc.it/tn/agencies/kair1/images/team_member/production/1083.jpeg""]",[],Tecnocasa,Tecnocasa,1,1,1,1,1,1,[],2026-02-15 21:24:08,2026-02-15 21:24:08,2026-02-15 21:24:08,,1,2026-02-15 21:24:08,N/A,N/A
52743,S+2 en location," Immobilier Professionnel
 
 Evaluer mon bien
 
 Chercher une agence
 
 Se connecter
ACCUEIL
IMMOBILIER PROFESSIONNEL
EVALUER MON BIEN
CHERCHER UNE AGENCE
SE CONNECTER
Accueil
Appartement en location
Appartement Kairouan
Kairouan
Kairouan
S+2 en location
Video
visite 360°
Photos
Plan
Map
 +2
S+2 en ...","
450",80,Appartement,1,Location,Agence,Kairouan : S+2 en location,https://cdn-media.medialabtc.it/tn/agencies/kair1/estates/52743/images/303636/detail.jpeg,"[""https://cdn-media.medialabtc.it/tn/agencies/kair1/estates/52743/images/303636/detail.jpeg"", ""https://cdn-media.medialabtc.it/tn/agencies/kair1/estates/52743/images/303637/gallery_media.jpeg"", ""https://cdn-media.medialabtc.it/tn/agencies/kair1/estates/52743/images/303638/gallery_media.jpeg"", ""https://cdn-media.medialabtc.it/tn/agencies/kair1/estates/52743/images/303639/gallery_media.jpeg"", ""https://cdn-media.medialabtc.it/tn/agencies/kair1/images/team_member/production/1083.jpeg""]",[],Tecnocasa,Tecnocasa,1,1,1,1,1,1,[],2026-02-15 21:24:08,2026-02-15 21:24:08,2026-02-15 21:24:08,,1,2026-02-15 21:24:08,N/A,N/A
60988,S+4 en location," Immobilier Professionnel
 
 Evaluer mon bien
 
 Chercher une agence
 
 Se connecter
ACCUEIL
IMMOBILIER PROFESSIONNEL
EVALUER MON BIEN
CHERCHER UNE AGENCE
SE CONNECTER
Accueil
Appartement en location
Appartement Kairouan
Kairouan
Kairouan
S+4 en location
Video
visite 360°
Photos
Plan
Map
 +10
S+4 en...","
650",130,Appartement,1,Location,Agence,Kairouan : S+4 en location,https://cdn-media.medialabtc.it/tn/agencies/kair1/estates/60988/images/342948/detail.jpeg,"[""https://cdn-media.medialabtc.it/tn/agencies/kair1/estates/60988/images/342948/detail.jpeg"", ""https://cdn-media.medialabtc.it/tn/agencies/kair1/estates/60988/images/342954/gallery_media.jpeg"", ""https://cdn-media.medialabtc.it/tn/agencies/kair1/estates/60988/images/342953/gallery_media.jpeg"", ""https://cdn-media.medialabtc.it/tn/agencies/kair1/estates/60988/images/342950/gallery_media.jpeg"", ""https://cdn-media.medialabtc.it/tn/agencies/kair1/images/team_member/production/1083.jpeg""]",[],Tecnocasa,Tecnocasa,1,1,1,1,1,1,[],2026-02-15 21:24:08,2026-02-15 21:24:08,2026-02-15 21:24:08,,1,2026-02-15 21:24:08,N/A,N/A
62666,S+1 en location," Immobilier Professionnel
 
 Evaluer mon bien
 
 Chercher une agence
 
 Se connecter
ACCUEIL
IMMOBILIER PROFESSIONNEL
EVALUER MON BIEN
CHERCHER UNE AGENCE
SE CONNECTER
Accueil
Appartement en location
Appartement Kairouan
Kairouan
Kairouan
S+1 en location
Video
visite 360°
Photos
Plan
Map
 +2
S+1 en ...","
430",90,Appartement,1,Location,Agence,Kairouan : S+1 en location,https://cdn-media.medialabtc.it/tn/agencies/kair1/estates/62666/images/357588/detail.jpeg,"[""https://cdn-media.medialabtc.it/tn/agencies/kair1/estates/62666/images/357588/detail.jpeg"", ""https://cdn-media.medialabtc.it/tn/agencies/kair1/estates/62666/images/357589/gallery_media.jpeg"", ""https://cdn-media.medialabtc.it/tn/agencies/kair1/estates/62666/images/357587/gallery_media.jpeg"", ""https://cdn-media.medialabtc.it/tn/agencies/kair1/estates/62666/images/357586/gallery_media.jpeg"", ""https://cdn-media.medialabtc.it/tn/agencies/kair1/images/team_member/production/1083.jpeg""]",[],Tecnocasa,Tecnocasa,1,1,1,1,1,1,[],2026-02-15 21:24:08,2026-02-15 21:24:08,2026-02-15 21:24:08,,1,2026-02-15 21:24:08,N/A,N/A
58994,S+2 en location," Immobilier Professionnel
 
 Evaluer mon bien
 
 Chercher une agence
 
 Se connecter
ACCUEIL
IMMOBILIER PROFESSIONNEL
EVALUER MON BIEN
CHERCHER UNE AGENCE
SE CONNECTER
Accueil
Appartement en location
Appartement Kairouan
Kairouan
Kairouan
S+2 en location
Video
visite 360°
Photos
Plan
Map
 +11
S+2 en...","
775",120,Appartement,1,Location,Agence,Kairouan : S+2 en location,https://cdn-media.medialabtc.it/tn/agencies/kair1/estates/58994/images/324913/detail.jpeg,"[""https://cdn-media.medialabtc.it/tn/agencies/kair1/estates/58994/images/324913/detail.jpeg"", ""https://cdn-media.medialabtc.it/tn/agencies/kair1/estates/58994/images/324906/gallery_media.jpeg"", ""https://cdn-media.medialabtc.it/tn/agencies/kair1/estates/58994/images/324900/gallery_media.jpeg"", ""https://cdn-media.medialabtc.it/tn/agencies/kair1/estates/58994/images/324904/gallery_media.jpeg"", ""https://cdn-media.medialabtc.it/tn/agencies/kair1/images/team_member/production/1083.jpeg""]",[],Tecnocasa,Tecnocasa,1,1,1,1,1,1,[],2026-02-15 21:24:08,2026-02-15 21:24:08,2026-02-15 21:24:08,,1,2026-02-15 21:24:08,N/A,N/A
62664,S+2 en location," Immobilier Professionnel
 
 Evaluer mon bien
 
 Chercher une agence
 
 Se connecter
ACCUEIL
IMMOBILIER PROFESSIONNEL
EVALUER MON BIEN
CHERCHER UNE AGENCE
SE CONNECTER
Accueil
Appartement en location
Appartement Kairouan
Kairouan
Kairouan
S+2 en location
Video
visite 360°
Photos
Plan
Map
 +6
S+2 en ...","
450",100,Appartement,1,Location,Agence,Kairouan : S+2 en location,https://cdn-media.medialabtc.it/tn/agencies/kair1/estates/62664/images/357487/detail.jpeg,"[""https://cdn-media.medialabtc.it/tn/agencies/kair1/estates/62664/images/357487/detail.jpeg"", ""https://cdn-media.medialabtc.it/tn/agencies/kair1/estates/62664/images/357484/gallery_media.jpeg"", ""https://cdn-media.medialabtc.it/tn/agencies/kair1/estates/62664/images/357482/gallery_media.jpeg"", ""https://cdn-media.medialabtc.it/tn/agencies/kair1/estates/62664/images/357479/gallery_media.jpeg"", ""https://cdn-media.medialabtc.it/tn/agencies/kair1/images/team_member/production/1083.jpeg""]",[],Tecnocasa,Tecnocasa,1,1,1,1,1,1,[],2026-02-15 21:24:08,2026-02-15 21:24:08,2026-02-15 21:24:08,,1,2026-02-15 21:24:08,N/A,N/A
60967,S+2 en location," Immobilier Professionnel
 
 Evaluer mon bien
 
 Chercher une agence
 
 Se connecter
ACCUEIL
IMMOBILIER PROFESSIONNEL
EVALUER MON BIEN
CHERCHER UNE AGENCE
SE CONNECTER
Accueil
Appartement en location
Appartement Kairouan
Kairouan
Kairouan
S+2 en location
Video
visite 360°
Photos
Plan
Map
 +8
S+2 en ...","
450",120,Appartement,1,Location,Agence,Kairouan : S+2 en location,https://cdn-media.medialabtc.it/tn/agencies/kair1/estates/60967/images/352075/detail.jpeg,"[""https://cdn-media.medialabtc.it/tn/agencies/kair1/estates/60967/images/352075/detail.jpeg"", ""https://cdn-media.medialabtc.it/tn/agencies/kair1/estates/60967/images/352074/gallery_media.jpeg"", ""https://cdn-media.medialabtc.it/tn/agencies/kair1/estates/60967/images/352067/gallery_media.jpeg"", ""https://cdn-media.medialabtc.it/tn/agencies/kair1/estates/60967/images/352069/gallery_media.jpeg"", ""https://cdn-media.medialabtc.it/tn/agencies/kair1/images/team_member/production/1083.jpeg""]",[],Tecnocasa,Tecnocasa,1,1,1,1,1,1,[],2026-02-15 21:24:08,2026-02-15 21:24:08,2026-02-15 21:24:08,,1,2026-02-15 21:24:08,N/A,N/A
